candidate_material_id,candidate_formula,candidate_rank,candidate_overall_score,candidate_screening_status,battery_type,battery_formula,electrode_material_ids,framework,framework_formula,chemsys,formula_charge,formula_discharge,charged_material_id,discharged_material_id,average_voltage_V,capacity_grav_mAh_g,capacity_vol_mAh_cc,energy_grav_Wh_kg,energy_vol_Wh_L,li_fraction_charge,li_fraction_discharge,num_voltage_steps,max_voltage_step_V,max_volume_change_percent,stability_charge_eV_atom,stability_discharge_eV_atom
mp-5670,LiTi2O4,3,,PROMISING,insertion,Li0-0.5TiO2,mp-aaabrbfn;mp-aaabsees,"{'Ti': 1.0, 'O': 2.0}",TiO2,O-Ti,TiO2,LiTi2O4,mp-aaabrbfn,mp-aaabsees,2.098045070833334,160.8031622796062,604.9779366102864,337.37228199514044,1269.2709778681324,0.0,0.14285714285714202,1,0.0,0.059411943477676005,0.111541038749999,0.040692225714284005
mp-5670,LiTi2O4,3,,PROMISING,insertion,Li0-0.5TiO2,mp-aaabfnyk;mp-aaacshly;mp-aaacshbl;mp-aaacrogu;mp-aaackvhw,"{'Ti': 1.0, 'O': 2.0}",TiO2,O-Ti,TiO2,LiTi2O4,mp-aaabfnyk,mp-aaackvhw,1.359812448333327,160.8031622796062,584.3529109532856,218.6621417991726,794.6103625340938,0.0,0.14285714285714202,1,0.0,0.038278747758847,0.0,0.050547424285714
mp-5670,LiTi2O4,3,,PROMISING,insertion,Li0-1TiO2,mp-aaaaaapa;mp-aaaabzie;mp-aaacpxga;mp-aaabmloe;mp-aaacpwnl;mp-aaabrdjo;mp-aaaaceqi,"{'Ti': 1.0, 'O': 2.0}",TiO2,O-Ti,TiO2,LiTiO2,mp-aaaaaapa,mp-aaaaceqi,1.431707528333331,308.7486365741381,1255.594450369742,442.0377473458453,1797.644027127911,0.0,0.25,2,0.277641040000006,0.018046151721657,0.006397966666666001,0.0
mp-5670,LiTi2O4,3,,PROMISING,insertion,Li0-0.75TiO2,mp-aaaaanov;mp-aaabrgkj;mp-aaabrakh;mp-aaabrpcz;mp-aaabrqjq;mp-aaabrgvi;mp-aaabqzud,"{'Ti': 1.0, 'O': 2.0}",TiO2,O-Ti,TiO2,Li3Ti4O8,mp-aaaaanov,mp-aaabqzud,1.443941676666663,236.28476099263406,890.993322233112,341.1814139584858,1286.5423916040802,0.0,0.2,5,0.624078510000003,0.058205990130358,0.059260387500000004,0.06119808633333201
mp-5670,LiTi2O4,3,,PROMISING,insertion,Li0.5-1TiO2,mp-aaabrhmu;mp-aaabqywm,"{'Ti': 1.0, 'O': 2.0}",TiO2,O-Ti,LiTi2O4,LiTiO2,mp-aaabrhmu,mp-aaabqywm,1.3812677044444441,154.37431828706906,595.8116152911674,213.23226024555592,822.9753421345673,0.14285714285714202,0.25,1,0.0,0.072799573981115,0.100815830873015,0.054478243749999
mp-5670,LiTi2O4,3,,PROMISING,insertion,Li0-1TiO2,mp-aaaabljq;mp-aaabqvgc;mp-aaabegwg;mp-aaacromz;mp-aaabnanh;mp-aaabeegb;mp-aaabsbto;mp-aaaaaikc;mp-aaabrhdq;mp-aaabqvsx;mp-aaaaakhc,"{'Ti': 1.0, 'O': 2.0}",TiO2,O-Ti,TiO2,LiTiO2,mp-aaaabljq,mp-aaaaakhc,1.8364684058333312,308.7486365741381,1205.993896353914,567.0071164125219,2214.7696882817995,0.0,0.25,4,1.39915772499998,0.027856752673017002,0.178814235833332,0.028121982500000003
mp-766823,Li7Ti11O24,5,,PROMISING,insertion,Li4-7Ti11O24,mp-aaabrpyq;mp-aaabrpyl,"{'Ti': 11.0, 'O': 24.0}",Ti11O24,O-Ti,Li4Ti11O24,Li7Ti11O24,mp-aaabrpyq,mp-aaabrpyl,1.825967073333349,83.83238311460097,304.0549477339334,153.07517124632807,555.1943230462549,0.102564102564102,0.16666666666666602,1,0.0,0.009706673343337,0.039740416923072,0.031106062142871004
mp-766823,Li7Ti11O24,5,,PROMISING,insertion,Li4-7Ti11O24,mp-aaabrfzo;mp-aaabrqxm;mp-aaabrqjf,"{'Ti': 11.0, 'O': 24.0}",Ti11O24,O-Ti,Li4Ti11O24,Li7Ti11O24,mp-aaabrfzo,mp-aaabrqjf,2.524116049999998,83.83238311460097,296.80148466382747,211.60266372931315,749.1613911037953,0.102564102564102,0.16666666666666602,1,0.0,0.0050027508343580005,0.059945348205122005,0.0
mp-554324,LiCa9Mn(PO4)7,6,,PROMISING,insertion,Li0-1Ca9Mn(PO4)7,mp-aaabsktl;mp-aaabfoae,"{'Ca': 9.0, 'Mn': 1.0, 'P': 7.0, 'O': 28.0}",Ca9Mn(PO4)7,Ca-Mn-O-P,Ca9Mn(PO4)7,LiCa9Mn(PO4)7,mp-aaabsktl,mp-aaabfoae,4.469982438333322,24.647746762234465,75.2461229054611,110.17499517167506,336.3488479400819,0.0,0.021739130434782,1,0.0,0.0017456193198470001,0.019003265567122,0.0
mp-775865,Li2Ti3MnO8,9,,PROMISING,insertion,Li0-2Ti3MnO8,mp-aaabsnum;mp-aaabsgdc,"{'Ti': 3.0, 'Mn': 1.0, 'O': 8.0}",Ti3MnO8,Mn-O-Ti,Ti3MnO8,Li2Ti3MnO8,mp-aaabsnum,mp-aaabsgdc,3.496692439583332,157.46299736878825,580.7638096266688,550.599672413572,2030.7524223051864,0.0,0.14285714285714202,1,0.0,0.126470826917486,0.094078804374999,0.033434965535716
mp-867665,LiV3(OF3)2,13,,PROMISING,insertion,Li0-1V3(OF3)2,mp-aaabrfaj;mp-aaabqwpm,"{'V': 3.0, 'O': 2.0, 'F': 6.0}",V3(OF3)2,F-O-V,V3(OF3)2,LiV3(OF3)2,mp-aaabrfaj,mp-aaabqwpm,3.344410088333323,87.65680286305748,319.8973039696969,293.16029580625474,1069.8677706268859,0.0,0.08333333333333301,1,0.0,0.006329514969219001,0.080582118181868,0.07997194041666601
mp-867665,LiV3(OF3)2,13,,PROMISING,insertion,Li0-1V3(OF3)2,mp-aaadlgsv;mp-aaabrmrl;mp-aaadllzb;mp-aaabxjnt,"{'V': 3.0, 'O': 2.0, 'F': 6.0}",V3(OF3)2,F-O-V,V3(OF3)2,LiV3(OF3)2,mp-aaadlgsv,mp-aaabxjnt,3.8660343283333463,87.65680286305748,324.3805589808305,338.88420898052897,1254.0663764638502,0.0,0.08333333333333301,1,0.0,0.006222531792961001,0.040760386818233005,0.0
mp-759849,Li2Ti6Zn3O16,15,,PROMISING,insertion,Li2-3Ti6Zn3O16,mp-aaabrgaz;mp-aaabrzoh;mp-aaabrzpx,"{'Ti': 6.0, 'Zn': 3.0, 'O': 16.0}",Ti6Zn3O16,O-Ti-Zn,Li2Ti6Zn3O16,Li3Ti6Zn3O16,mp-aaabrgaz,mp-aaabrzpx,1.650572793333315,35.25386264349883,146.3744770019112,58.18906653926887,241.6017293777477,0.074074074074074,0.10714285714285701,1,0.0,0.0020181722592120003,0.0,0.013107922946419001
mp-18640,LiTi2(PO4)3,16,,PROMISING,insertion,Li1-3Ti2(PO4)3,mp-aaaabmfw;mp-aaabrfiv;mp-aaabrznl;mp-aaabsbtz;mp-aaabsatf;mp-aaabrfyv;mp-aaacqeas;mp-aaaabmfv;mp-aaacozxk;mp-aaaabmjn,"{'Ti': 2.0, 'P': 3.0, 'O': 12.0}",Ti2(PO4)3,O-P-Ti,LiTi2(PO4)3,Li3Ti2(PO4)3,mp-aaaabmfw,mp-aaaabmfv,1.6251199570833321,133.51637056803582,375.27394397401355,216.98011840744869,609.8651757255418,0.055555555555555004,0.15,2,1.035349407500035,0.050762329967418,0.000934168194431,0.055266460233328006
mp-18640,LiTi2(PO4)3,16,,PROMISING,insertion,Li1-3Ti2(PO4)3,mp-aaabsuoy;mp-aaabrcga,"{'Ti': 2.0, 'P': 3.0, 'O': 12.0}",Ti2(PO4)3,O-P-Ti,LiTi2(PO4)3,Li3Ti2(PO4)3,mp-aaabsuoy,mp-aaabrcga,33.06577115833334,133.51637056803582,421.34859508140227,4414.821755093905,13932.216222846904,0.055555555555555004,0.15,1,0.0,0.086320873258488,3.516171598888875,0.074915027733327
mp-18640,LiTi2(PO4)3,16,,PROMISING,insertion,Li0-3Ti2(PO4)3,mp-aaabsbtx;mp-aaaabboy;mp-aaabserm;mp-aaabryum;mp-aaaabnua;mp-aaabrjsc;mp-aaabsewf;mp-aaabrcvf;mp-aaabrdwz;mp-aaabrfbn;mp-aaabsmnj;mp-aaaabntz,"{'Ti': 2.0, 'P': 3.0, 'O': 12.0}",Ti2(PO4)3,O-P-Ti,Ti2(PO4)3,Li3Ti2(PO4)3,mp-aaabsbtx,mp-aaabsewf,2.642043108333339,200.27455585205377,555.9565618544746,529.1340100634391,1468.8612027803124,0.0,0.15,2,3.329099692500008,0.061486476899191005,0.013037193112749002,0.063703383483328
mp-18640,LiTi2(PO4)3,16,,PROMISING,insertion,Li1-3Ti2(PO4)3,mp-aaabsbvn;mp-aaabrdeo,"{'Ti': 2.0, 'P': 3.0, 'O': 12.0}",Ti2(PO4)3,O-P-Ti,LiTi2(PO4)3,Li3Ti2(PO4)3,mp-aaabsbvn,mp-aaabrdeo,1.285129602083335,133.51637056803582,420.1450182719826,171.58584017971097,539.9408001491685,0.055555555555555004,0.15,1,0.0,0.08321775411264301,0.012224218749986,0.099426541233328
mp-38280,LiTiO2,19,,PROMISING,insertion,Li0-0.5TiO2,mp-aaabrbfn;mp-aaabsees,"{'Ti': 1.0, 'O': 2.0}",TiO2,O-Ti,TiO2,LiTi2O4,mp-aaabrbfn,mp-aaabsees,2.098045070833334,160.8031622796062,604.9779366102864,337.37228199514044,1269.2709778681324,0.0,0.14285714285714202,1,0.0,0.059411943477676005,0.111541038749999,0.040692225714284005
mp-38280,LiTiO2,19,,PROMISING,insertion,Li0-0.33TiO2,mp-aaabrpva;mp-aaabrcpr;mp-aaabqyub,"{'Ti': 1.0, 'O': 2.0}",TiO2,O-Ti,TiO2,LiTi3O6,mp-aaabrpva,mp-aaabqyub,1.982179073333328,108.71118310723153,422.0291501440827,215.485032192462,836.53734975225,0.0,0.1,2,0.43061462000000605,0.035801605823067004,0.06464358777777801,0.031325763499999
mp-38280,LiTiO2,19,,PROMISING,insertion,Li0-1TiO2,mp-aaaablqf;mp-aaabrhbn;mp-aaaablpp,"{'Ti': 1.0, 'O': 2.0}",TiO2,O-Ti,TiO2,LiTiO2,mp-aaaablqf,mp-aaaablpp,1.782461443333333,308.7486365741381,1205.5376936012194,550.3325403751371,2148.8244573291677,0.0,0.25,2,0.338788350000014,0.026268883505719,0.152601063333333,0.021963843750000003
mp-38280,LiTiO2,19,,PROMISING,insertion,Li0-0.5TiO2,mp-aaabfnyk;mp-aaacshly;mp-aaacshbl;mp-aaacrogu;mp-aaackvhw,"{'Ti': 1.0, 'O': 2.0}",TiO2,O-Ti,TiO2,LiTi2O4,mp-aaabfnyk,mp-aaackvhw,1.359812448333327,160.8031622796062,584.3529109532856,218.6621417991726,794.6103625340938,0.0,0.14285714285714202,1,0.0,0.038278747758847,0.0,0.050547424285714
mp-38280,LiTiO2,19,,PROMISING,insertion,Li0-1TiO2,mp-aaaaaapa;mp-aaaabzie;mp-aaacpxga;mp-aaabmloe;mp-aaacpwnl;mp-aaabrdjo;mp-aaaaceqi,"{'Ti': 1.0, 'O': 2.0}",TiO2,O-Ti,TiO2,LiTiO2,mp-aaaaaapa,mp-aaaaceqi,1.431707528333331,308.7486365741381,1255.594450369742,442.0377473458453,1797.644027127911,0.0,0.25,2,0.277641040000006,0.018046151721657,0.006397966666666001,0.0
mp-38280,LiTiO2,19,,PROMISING,insertion,Li0-1TiO2,mp-aaaddere;mp-aaacsiif,"{'Ti': 1.0, 'O': 2.0}",TiO2,O-Ti,TiO2,LiTiO2,mp-aaaddere,mp-aaacsiif,1.524724563333334,308.7486365741381,1155.315480426982,470.756630080265,1761.5378914062712,0.0,0.25,1,0.0,0.40757198579094506,0.15180207,0.085798818749999
mp-38280,LiTiO2,19,,PROMISING,insertion,Li0.75-1TiO2,mp-aaabrjbn;mp-aaabqwcp;mp-aaabrybm,"{'Ti': 1.0, 'O': 2.0}",TiO2,O-Ti,Li3Ti4O8,LiTiO2,mp-aaabrjbn,mp-aaabrybm,1.699734523333338,77.18715914353453,308.2983447942265,131.19767915429017,524.0253401332717,0.2,0.25,1,0.0,0.011017810582760001,0.046683688333333,0.006993977499999001
mp-38280,LiTiO2,19,,PROMISING,insertion,Li0-0.75TiO2,mp-aaaaanov;mp-aaabrgkj;mp-aaabrakh;mp-aaabrpcz;mp-aaabrqjq;mp-aaabrgvi;mp-aaabqzud,"{'Ti': 1.0, 'O': 2.0}",TiO2,O-Ti,TiO2,Li3Ti4O8,mp-aaaaanov,mp-aaabqzud,1.443941676666663,236.28476099263406,890.993322233112,341.1814139584858,1286.5423916040802,0.0,0.2,5,0.624078510000003,0.058205990130358,0.059260387500000004,0.06119808633333201
mp-38280,LiTiO2,19,,PROMISING,insertion,Li0.5-1TiO2,mp-aaabrhmu;mp-aaabqywm,"{'Ti': 1.0, 'O': 2.0}",TiO2,O-Ti,LiTi2O4,LiTiO2,mp-aaabrhmu,mp-aaabqywm,1.3812677044444441,154.37431828706906,595.8116152911674,213.23226024555592,822.9753421345673,0.14285714285714202,0.25,1,0.0,0.072799573981115,0.100815830873015,0.054478243749999
mp-38280,LiTiO2,19,,PROMISING,insertion,Li0-1TiO2,mp-aaaabljq;mp-aaabqvgc;mp-aaabegwg;mp-aaacromz;mp-aaabnanh;mp-aaabeegb;mp-aaabsbto;mp-aaaaaikc;mp-aaabrhdq;mp-aaabqvsx;mp-aaaaakhc,"{'Ti': 1.0, 'O': 2.0}",TiO2,O-Ti,TiO2,LiTiO2,mp-aaaabljq,mp-aaaaakhc,1.8364684058333312,308.7486365741381,1205.993896353914,567.0071164125219,2214.7696882817995,0.0,0.25,4,1.39915772499998,0.027856752673017002,0.178814235833332,0.028121982500000003
mp-38280,LiTiO2,19,,PROMISING,insertion,Li0-0.75TiO2,mp-aaaaacsu;mp-aaacshkv;mp-aaacsdyv;mp-aaacroox,"{'Ti': 1.0, 'O': 2.0}",TiO2,O-Ti,TiO2,Li3Ti4O8,mp-aaaaacsu,mp-aaacroox,1.266085764999999,236.28476099263403,949.6903901867497,299.15677237920113,1202.3894841727392,0.0,0.2,2,0.036016833999997,0.061690256416365004,0.020207282499999,0.065526784666666
mp-765346,LiV(SiO3)2,20,,PROMISING,insertion,Li0-1V(SiO3)2,mp-aaabqxgl;mp-aaabrchf,"{'V': 1.0, 'Si': 2.0, 'O': 6.0}",V(SiO3)2,O-Si-V,V(SiO3)2,LiV(SiO3)2,mp-aaabqxgl,mp-aaabrchf,3.24831098333333,127.5957815041278,399.1660444759995,414.47077848685814,1296.61544644511,0.0,0.1,1,0.0,0.045627051202625,0.093366923888893,0.029251357375006
mp-765346,LiV(SiO3)2,20,,PROMISING,insertion,Li0-1V(SiO3)2,mp-aaacuatj;mp-aaaablit;mp-aaaabcel,"{'V': 1.0, 'Si': 2.0, 'O': 6.0}",V(SiO3)2,O-Si-V,V(SiO3)2,LiV(SiO3)2,mp-aaacuatj,mp-aaaabcel,3.232427735833345,127.5957815041278,407.6736477623321,412.444143109274,1317.7756061953157,0.0,0.1,1,0.0,0.026588807289217004,0.067616735277782,0.007664512375006
mp-765346,LiV(SiO3)2,20,,PROMISING,insertion,Li0-1V(SiO3)2,mp-aaabrqeb;mp-aaabroek,"{'V': 1.0, 'Si': 2.0, 'O': 6.0}",V(SiO3)2,O-Si-V,V(SiO3)2,LiV(SiO3)2,mp-aaabrqeb,mp-aaabroek,3.374197618333331,127.5957815041278,413.47866298780286,430.5333820606081,1395.1587198850943,0.0,0.1,1,0.0,0.018444969582438003,0.074852819583338,0.0
mp-775326,Li2Ti3NiO8,21,,PROMISING,insertion,Li2-2.75Ti3NiO8,mp-aaabscyg;mp-aaabrggv,"{'Ti': 3.0, 'Ni': 1.0, 'O': 8.0}",Ti3NiO8,Ni-O-Ti,Li2Ti3NiO8,Li11Ti12(NiO8)4,mp-aaabscyg,mp-aaabrggv,0.9278179566666571,57.53409847267695,223.25129321097577,53.38116968357741,207.13655869019647,0.14285714285714202,0.186440677966101,1,0.0,0.0012699443787660002,0.0,0.076657520105932
mp-756275,LiTiCrO4,22,,PROMISING,insertion,Li1-2TiCrO4,mp-aaabratn;mp-aaabqzzb,"{'Ti': 1.0, 'Cr': 1.0, 'O': 4.0}",TiCrO4,Cr-O-Ti,LiTiCrO4,Li2TiCrO4,mp-aaabratn,mp-aaabqzzb,1.0303544308333321,150.78808381645993,600.4475192096442,155.36517027715732,618.673761900539,0.14285714285714202,0.25,1,0.0,0.011957939953275001,0.0,0.07987681677083701
mp-25423,LiVPO4F,24,,PROMISING,insertion,Li1-2VPO4F,mp-aaaablpv;mp-aaabsexn;mp-aaabseaq,"{'V': 1.0, 'P': 1.0, 'O': 4.0, 'F': 1.0}",VPO4F,F-O-P-V,LiVPO4F,Li2VPO4F,mp-aaaablpv,mp-aaabseaq,2.00743891208332,149.90207329892138,455.29942672646064,300.9192549422209,913.9857858599256,0.125,0.22222222222222202,1,0.0,0.06328164372025301,0.0,0.017004511764407003
mp-18860,Li2VSiO5,26,,PROMISING,insertion,Li1-2VSiO5,mp-aaabqyet;mp-aaabrlbr;mp-aaaablix;mp-aaaabbxk,"{'V': 1.0, 'Si': 1.0, 'O': 5.0}",VSiO5,O-Si-V,LiVSiO5,Li2VSiO5,mp-aaabqyet,mp-aaaabbxk,3.389559458333342,155.0060792879593,474.90053941293877,525.4023221496705,1609.703615134733,0.125,0.22222222222222202,1,0.0,0.0008848357690150001,0.054174595312497006,0.0
mp-18860,Li2VSiO5,26,,PROMISING,insertion,Li1-2VSiO5,mp-aaabskak;mp-aaabsjhu;mp-aaabrpey,"{'V': 1.0, 'Si': 1.0, 'O': 5.0}",VSiO5,O-Si-V,LiVSiO5,Li2VSiO5,mp-aaabskak,mp-aaabrpey,3.39869590583334,155.0060792879593,468.34211192364836,526.8185270552653,1591.7524183242435,0.125,0.22222222222222202,2,0.235819124999977,0.009318104281826,0.088735903437497,0.029706001944443002
mp-25448,LiCrPO4F,27,,PROMISING,insertion,Li0-2CrPO4F,mp-aaabqyzj;mp-aaaablqu;mp-aaabrfgg;mp-aaaablop;mp-aaacotep;mp-aaabqvnb,"{'Cr': 1.0, 'P': 1.0, 'O': 4.0, 'F': 1.0}",CrPO4F,Cr-F-O-P,CrPO4F,Li2CrPO4F,mp-aaabqyzj,mp-aaaablop,3.376453978333335,298.0461415603602,881.2607797091555,1006.3390803983784,2975.536465598115,0.0,0.22222222222222202,3,2.810756439999991,0.18618818505081103,0.044247960119047004,0.040913482430544004
mp-25448,LiCrPO4F,27,,PROMISING,insertion,Li0-1CrPO4F,mp-aaabrwcf;mp-aaabrvxn,"{'Cr': 1.0, 'P': 1.0, 'O': 4.0, 'F': 1.0}",CrPO4F,Cr-F-O-P,CrPO4F,LiCrPO4F,mp-aaabrwcf,mp-aaabrvxn,4.377261550833329,155.00530366080505,420.7397227498103,678.4987558896867,1841.6878113010196,0.0,0.125,1,0.0,0.01766637007006,0.038838257440476004,0.05433014421875
mp-25448,LiCrPO4F,27,,PROMISING,insertion,Li1-2CrPO4F,mp-aaabsexq;mp-aaabrwju,"{'Cr': 1.0, 'P': 1.0, 'O': 4.0, 'F': 1.0}",CrPO4F,Cr-F-O-P,LiCrPO4F,Li2CrPO4F,mp-aaabsexq,mp-aaabrwju,2.75603156708333,149.0230707801801,460.96607554544704,410.71228729386985,1270.4370555577714,0.125,0.22222222222222202,1,0.0,0.049191811594483006,0.076315573437499,0.013983521736100001
mp-6396,Li3V2(PO4)3,29,,PROMISING,insertion,Li0-4.5V2(PO4)3,mp-aaaabmqa;mp-aaaabnxa;mp-aaackrph;mp-aaaabmpz;mp-aaackrlc;mp-aaackrld;mp-aaabnsen;mp-aaabwimi;mp-aaaabnnk;mp-aaabrprw;mp-aaabrpij;mp-aaabrebn;mp-aaacpajf;mp-aaabodir;mp-aaaabnnj;mp-aaabvhnk;mp-aaabsdvd;mp-aaabsbmo;mp-aaabrgvb;mp-aaacoyzd;mp-aaabsfrt;mp-aaabrhza;mp-aaabrvqx;mp-aaabrhsr,"{'V': 2.0, 'P': 3.0, 'O': 12.0}",V2(PO4)3,O-P-V,V2(PO4)3,Li9V4(PO4)6,mp-aaaabmqa,mp-aaabrhsr,2.973455428888887,288.5108905482025,809.3923758932136,857.8742737941202,2406.692154200951,0.0,0.20930232558139503,6,0.9419502900000791,0.11719548505540801,0.014576926617646,0.046659088488373
mp-6396,Li3V2(PO4)3,29,,PROMISING,insertion,Li0-4V2(PO4)3,mp-aaaabmqu;mp-aaabwjkp;mp-aaaabmqt;mp-aaabseho;mp-aaabwiob;mp-aaabreph;mp-aaabrqdu;mp-aaabpnkl;mp-aaabwikb;mp-aaaabnwv;mp-aaacqhcj;mp-aaabrfmv;mp-aaabwiog;mp-aaabrwyr;mp-aaabwimq;mp-aaaaajma;mp-aaabkpks;mp-aaabrewv;mp-aaabrcht;mp-aaacqlkb;mp-aaabrgpu,"{'V': 2.0, 'P': 3.0, 'O': 12.0}",V2(PO4)3,O-P-V,V2(PO4)3,Li4V2(PO4)3,mp-aaaabmqu,mp-aaabrgpu,3.163282101458333,258.60103179451716,728.3421648312648,818.0280152942536,2303.951733748155,0.0,0.19047619047619002,5,1.741734812499998,0.125278657756902,0.016242477352941,0.030578416904768
mp-6396,Li3V2(PO4)3,29,,PROMISING,insertion,Li1-3V2(PO4)3,mp-aaaabnuu;mp-aaabrpgv;mp-aaaabnut,"{'V': 2.0, 'P': 3.0, 'O': 12.0}",V2(PO4)3,O-P-V,LiV2(PO4)3,Li3V2(PO4)3,mp-aaaabnuu,mp-aaaabnut,3.707869343333333,131.50225941203442,412.24945613465485,487.59319625294967,1528.5671202075264,0.055555555555555004,0.15,2,0.7047548400000391,0.007428258579270001,0.08342906500003,0.042418174999999
mp-849522,Li8V3P8O29,30,,PROMISING,insertion,Li3-9V3P8O29,mp-aaacozzq;mp-aaabrgln;mp-aaabrnrk;mp-aaabxdet;mp-aaabwitx;mp-aaabreul;mp-aaabrfwn;mp-aaabxdep;mp-aaabrhrw;mp-aaabrhuu;mp-aaabrgkr;mp-aaabrcoh;mp-aaabrcti;mp-aaabsksh;mp-aaabrojw;mp-aaabxdfo;mp-aaabrnqt;mp-aaacozwl;mp-aaabskzl;mp-aaabrhud;mp-aaabrgeh;mp-aaabwirb;mp-aaabrnrm;mp-aaabxdfp;mp-aaabrhto;mp-aaabrhtn;mp-aaabrdof;mp-aaabrhtr;mp-aaabodjm;mp-aaabxdfd;mp-aaabrfjw;mp-aaabrhsb;mp-aaabvhrj;mp-aaabrhuj;mp-aaabrfkk;mp-aaacpabq;mp-aaabrhsn;mp-aaabwzvs;mp-aaabxdfg;mp-aaabroeb;mp-aaabrcqo;mp-aaabrhsf;mp-aaabrcpm;mp-aaacpaag;mp-aaabxdfm;mp-aaabxdee;mp-aaabrhrn;mp-aaacozxm;mp-aaabrevv;mp-aaacozwb;mp-aaabrgsj;mp-aaabxdef;mp-aaabrnrl;mp-aaabroeq;mp-aaabxdfl;mp-aaabrmhg;mp-aaabrflt;mp-aaabrgjv;mp-aaabwjkg;mp-aaabrhsg;mp-aaabxdfq;mp-aaacpadg;mp-aaabrhti;mp-aaabvhre;mp-aaabrogt;mp-aaabrnqv;mp-aaabrojr;mp-aaabrcib;mp-aaabrctt;mp-aaacozxs;mp-aaabrohb;mp-aaabrfqd;mp-aaabrels;mp-aaabrgjx;mp-aaabxdex;mp-aaabrogr;mp-aaabrhsa;mp-aaacozya;mp-aaabrhtg;mp-aaabrdee;mp-aaabrftc;mp-aaabxdek;mp-aaabrdja;mp-aaabrcsb;mp-aaabrhth;mp-aaabrnqw;mp-aaacozwu;mp-aaabvhri;mp-aaacozyk;mp-aaabrhkk;mp-aaabrohm;mp-aaacozkn;mp-aaacozlj;mp-aaacozsq;mp-aaabrnqq;mp-aaacozly;mp-aaabwlgn;mp-aaacozlg;mp-aaabrexi;mp-aaabrnqr;mp-aaabskvc;mp-aaabrogh;mp-aaabrogi;mp-aaabwinr;mp-aaabwlgq;mp-aaabroho;mp-aaabwljq;mp-aaabrnrr;mp-aaabwlgh;mp-aaabrnqs;mp-aaabrdxm;mp-aaacozrz;mp-aaacozkh;mp-aaacozkz;mp-aaabrohq;mp-aaacozki;mp-aaabrouk;mp-aaacozmb;mp-aaacozom;mp-aaabwlgp;mp-aaabrdnp;mp-aaabrgrm;mp-aaacozlm;mp-aaabrgld;mp-aaabrofj;mp-aaacozqu;mp-aaacozln;mp-aaabrnru;mp-aaabrfse;mp-aaabwlbe;mp-aaabrohn;mp-aaacozli;mp-aaacozqd;mp-aaabwlgo;mp-aaabsdal;mp-aaacozkp;mp-aaabrfni;mp-aaabrgde;mp-aaacozpd;mp-aaacozkv;mp-aaacozlu;mp-aaacozsj;mp-aaabrohd;mp-aaabrogu;mp-aaabscsj;mp-aaabrogy;mp-aaacozks;mp-aaacozkw;mp-aaabrgte;mp-aaacozkq;mp-aaacozla;mp-aaabrglb;mp-aaacozlo;mp-aaabrgno;mp-aaabrfwz;mp-aaacozlk;mp-aaabrgpk;mp-aaacozpo;mp-aaacozsd;mp-aaabxdey;mp-aaacozlc;mp-aaabrojn;mp-aaabwjkf;mp-aaabrnst;mp-aaabwlbd;mp-aaabsafp;mp-aaabrnrt;mp-aaacozko;mp-aaacozlq;mp-aaabwjle;mp-aaacozky;mp-aaabrnsb;mp-aaacozlb;mp-aaacozld;mp-aaabsjec;mp-aaacozck;mp-aaabwknw;mp-aaabsjbn;mp-aaabrzvs;mp-aaacozkk;mp-aaabrnsv;mp-aaacozfn;mp-aaacozic;mp-aaabsada;mp-aaabsajc;mp-aaacozgf;mp-aaabrnwc;mp-aaabwjkj;mp-aaabrfsk;mp-aaacozfh;mp-aaabrnzz;mp-aaacozfv;mp-aaacozjt;mp-aaacozke;mp-aaabrfyr;mp-aaacozgt;mp-aaabrgnv;mp-aaabrzok;mp-aaacozig;mp-aaabrfhf;mp-aaabrhkt;mp-aaabrnzn;mp-aaacozff;mp-aaacozfq;mp-aaabrfxq;mp-aaabrnuh;mp-aaacozfs;mp-aaacozlp;mp-aaacozkf;mp-aaabrnwu;mp-aaabrnuk;mp-aaacozgu;mp-aaabrnue;mp-aaacozfa;mp-aaabrzpz;mp-aaacozfk;mp-aaabrfbb;mp-aaabrgdd;mp-aaabrzqy;mp-aaabrepc;mp-aaacozjp;mp-aaabrnyq;mp-aaabrnyr;mp-aaabrggo;mp-aaabwjkh;mp-aaabsaih;mp-aaabrggp;mp-aaabrzql;mp-aaabrnxb;mp-aaacozju;mp-aaabrgjn;mp-aaabsait;mp-aaabwlae;mp-aaabrnyt;mp-aaacozgv;mp-aaacozgq;mp-aaabrgeq;mp-aaacozmw;mp-aaabrzcj;mp-aaabsaff;mp-aaabreen;mp-aaacozgo;mp-aaabrgjs;mp-aaabrnum;mp-aaacozmu;mp-aaabrnwj;mp-aaabrnxe;mp-aaabrnui;mp-aaabrfpk;mp-aaacozgi;mp-aaabrgak;mp-aaacozfm;mp-aaacozft;mp-aaacozmk;mp-aaabsdak;mp-aaabsafg;mp-aaabrffu;mp-aaacozfj;mp-aaacozgb;mp-aaabrgnu;mp-aaacozev;mp-aaabryfr;mp-aaacozde;mp-aaabrydi;mp-aaabrglo;mp-aaacoyzs;mp-aaacozep;mp-aaacozfz;mp-aaabrydw;mp-aaacozaw;mp-aaabrcdt;mp-aaabrcph;mp-aaabrfxj;mp-aaabrcdp;mp-aaabsbjt;mp-aaabrzlj;mp-aaacoyzz;mp-aaabryof;mp-aaabrzbp;mp-aaabryei;mp-aaabrxtz;mp-aaacoyzq;mp-aaacozaj;mp-aaabsanc;mp-aaabryeq;mp-aaacozaq;mp-aaacozao;mp-aaacoyzo;mp-aaabrcts;mp-aaabrctr;mp-aaacozbc;mp-aaacoyzg;mp-aaacozaa;mp-aaacoyzk;mp-aaabrydl;mp-aaabrgon;mp-aaabrddi;mp-aaabryhw;mp-aaacozbf;mp-aaabrgle;mp-aaacozaf;mp-aaabrcqa;mp-aaacoyzp;mp-aaabrxvm;mp-aaacozbg;mp-aaabryjb;mp-aaabryze;mp-aaacozag;mp-aaacoyzx;mp-aaabrzbz;mp-aaacozat;mp-aaacozhc;mp-aaabrybi;mp-aaacozhn;mp-aaacozfw;mp-aaacozal;mp-aaabcsct;mp-aaabrgjm;mp-aaacozan;mp-aaacoyzw;mp-aaabrgmy;mp-aaabryjn;mp-aaacozam;mp-aaabryza;mp-aaacozba;mp-aaacozab;mp-aaacozae;mp-aaabrzah;mp-aaabrcku;mp-aaabrzlh;mp-aaacozdp;mp-aaacoyzn;mp-aaabryvt;mp-aaacoyzy;mp-aaabrccm;mp-aaabrgqt;mp-aaabrydf;mp-aaacoyzt;mp-aaacozak;mp-aaacozhi;mp-aaacozad;mp-aaabrcsd;mp-aaabsanl;mp-aaacozac;mp-aaacozbb;mp-aaabrzmf;mp-aaabrypz;mp-aaacoyzm;mp-aaabrcoz;mp-aaacozah;mp-aaabrcma;mp-aaabrcqb;mp-aaabrcwq;mp-aaacoyxh;mp-aaabrgpj;mp-aaacozce;mp-aaabrhld;mp-aaacoyxm;mp-aaabrctx;mp-aaabrcvx;mp-aaacoyyo;mp-aaacoyyr;mp-aaabrcuo;mp-aaacoyzh;mp-aaacoyxx;mp-aaacoyyf;mp-aaabrcka;mp-aaacoyyg;mp-aaacoyxl;mp-aaabrhyd;mp-aaabwkjz;mp-aaabrcjt;mp-aaacoyyi;mp-aaabrcvn;mp-aaacoyxo;mp-aaacozaz;mp-aaacoyxz;mp-aaacoyyj;mp-aaacozes;mp-aaacoyxt;mp-aaabwklq;mp-aaabrcws;mp-aaacoyyc;mp-aaacoyyh;mp-aaacoyya;mp-aaacoyyb;mp-aaabrcfn;mp-aaabrcqu;mp-aaacpaxc;mp-aaabwiry;mp-aaabrczo;mp-aaabrcoo;mp-aaabyfhj;mp-aaabrcgh;mp-aaacoywo;mp-aaabrddr;mp-aaaabnyz,"{'V': 3.0, 'P': 8.0, 'O': 29.0}",V3P8O29,O-P-V,Li3V3P8O29,Li9V3P8O29,mp-aaacozzq,mp-aaaabnyz,4.142220825833329,173.45998329571643,457.1765310072272,718.5095552562179,1893.7261478203732,0.069767441860465,0.183673469387755,4,1.355679447499994,0.038529336063413,0.039024006976749,0.00016376824829500002
mp-26227,LiVP2O7,31,,PROMISING,insertion,Li0-1VP2O7,mp-aaaabmgg;mp-aaaabmgf,"{'V': 1.0, 'P': 2.0, 'O': 7.0}",VP2O7,O-P-V,VP2O7,LiVP2O7,mp-aaaabmgg,mp-aaaabmgf,4.387062008333335,115.61042114688607,367.2204340557465,507.19008638092066,1611.0188149296423,0.0,0.09090909090909001,1,0.0,0.025674619467231003,0.10561861200000001,0.027524946590922004
mp-26227,LiVP2O7,31,,PROMISING,insertion,Li0-1VP2O7,mp-aaaabmvs;mp-aaaabmvr,"{'V': 1.0, 'P': 2.0, 'O': 7.0}",VP2O7,O-P-V,VP2O7,LiVP2O7,mp-aaaabmvs,mp-aaaabmvr,3.883292353333336,115.61042114688607,367.12514862748367,448.9490644053493,1425.6542823814718,0.0,0.09090909090909001,1,0.0,0.045692611887022005,0.032697511000000005,0.007030277954559
mp-26227,LiVP2O7,31,,PROMISING,insertion,Li0-1VP2O7,mp-aaaabnge;mp-aaabodkm,"{'V': 1.0, 'P': 2.0, 'O': 7.0}",VP2O7,O-P-V,VP2O7,LiVP2O7,mp-aaaabnge,mp-aaabodkm,3.487044063333333,115.61042114688607,339.8551240479744,403.13863271971553,1185.0897927049027,0.0,0.09090909090909001,1,0.0,0.007456703458337001,0.004769900000001001,0.017664112500014
mp-26227,LiVP2O7,31,,PROMISING,insertion,Li0-1VP2O7,mp-aaabetjf;mp-aaaabnmf,"{'V': 1.0, 'P': 2.0, 'O': 7.0}",VP2O7,O-P-V,VP2O7,LiVP2O7,mp-aaabetjf,mp-aaaabnmf,4.476897383333328,115.61042114688607,346.00187754875907,517.5759919185583,1549.014900226458,0.0,0.09090909090909001,1,0.0,0.021390580357243002,0.09646886849999901,0.011040145681832
mp-26227,LiVP2O7,31,,PROMISING,insertion,Li0-2VP2O7,mp-aaaabnoa;mp-aaaabnnz;mp-aaaabnod,"{'V': 1.0, 'P': 2.0, 'O': 7.0}",VP2O7,O-P-V,VP2O7,Li2VP2O7,mp-aaaabnoa,mp-aaaabnod,2.780152095833334,224.49920551243662,654.687651148052,624.141936718319,1820.1312454554595,0.0,0.16666666666666602,2,1.08660129499998,0.02611482311411,0.0,0.036475685842006
mp-26227,LiVP2O7,31,,PROMISING,insertion,Li0-1VP2O7,mp-aaaabnue;mp-aaaabnud,"{'V': 1.0, 'P': 2.0, 'O': 7.0}",VP2O7,O-P-V,VP2O7,LiVP2O7,mp-aaaabnue,mp-aaaabnud,3.601397705833325,115.61042114688607,352.18379590668366,416.3591054888201,1268.3539146100027,0.0,0.09090909090909001,1,0.0,0.014455379602900002,0.0294152615,0.029673200909105003
mp-26227,LiVP2O7,31,,PROMISING,insertion,Li0-1VP2O7,mp-aaaabnrm;mp-aaaabnrl,"{'V': 1.0, 'P': 2.0, 'O': 7.0}",VP2O7,O-P-V,VP2O7,LiVP2O7,mp-aaaabnrm,mp-aaaabnrl,3.480475828333344,115.61042114688607,343.7751122464492,402.3792763051751,1196.5009685563489,0.0,0.09090909090909001,1,0.0,0.023195178775749,0.00261825225,0.016305181363649
mp-26227,LiVP2O7,31,,PROMISING,insertion,Li0-2VP2O7,mp-aaaablkw;mp-aaaabbzj;mp-aaabqyjt,"{'V': 1.0, 'P': 2.0, 'O': 7.0}",VP2O7,O-P-V,VP2O7,Li2VP2O7,mp-aaaablkw,mp-aaabqyjt,2.908027082083333,224.49920551243662,607.5881896179202,652.8497695363577,1766.8829101628958,0.0,0.16666666666666602,2,0.7718675825000071,0.11691986296965201,0.0018250570000010002,0.016684068967006003
mp-26227,LiVP2O7,31,,PROMISING,insertion,Li0-1VP2O7,mp-aaaabmuu;mp-aaaabmut,"{'V': 1.0, 'P': 2.0, 'O': 7.0}",VP2O7,O-P-V,VP2O7,LiVP2O7,mp-aaaabmuu,mp-aaaabmut,3.946934458333335,115.61042114688607,351.5479457675184,456.3067549670736,1387.536700906117,0.0,0.09090909090909001,1,0.0,0.038319056461010005,0.031328415750000005,0.0
mp-26227,LiVP2O7,31,,PROMISING,insertion,Li0-1VP2O7,mp-aaachqup;mp-aaabrdyc,"{'V': 1.0, 'P': 2.0, 'O': 7.0}",VP2O7,O-P-V,VP2O7,LiVP2O7,mp-aaachqup,mp-aaabrdyc,4.406634853333334,115.61042114688607,347.6072781530277,509.4529112344133,1531.7783471814669,0.0,0.09090909090909001,1,0.0,0.040362772976394005,0.13716350024999902,0.054422768181831005
mp-26227,LiVP2O7,31,,PROMISING,insertion,Li0-2VP2O7,mp-aaabocyi;mp-aaaczrkn;mp-aaaboczo;mp-aaabqvsn,"{'V': 1.0, 'P': 2.0, 'O': 7.0}",VP2O7,O-P-V,VP2O7,Li2VP2O7,mp-aaabocyi,mp-aaabqvsn,3.075299818333331,224.49920551243662,630.2197646399156,690.4023659283736,1938.1147277072075,0.0,0.16666666666666602,2,1.755447954999979,0.019959919660763003,0.06756979474999901,0.043592561050339006
mp-1539853,LiV(OF)2,32,,PROMISING,insertion,Li1-2V(OF)2,mp-aaadjpxd;mp-aaabrypn;mp-aaacozws;mp-aaabqvqt,"{'V': 1.0, 'O': 2.0, 'F': 2.0}",V(OF)2,F-O-V,LiV(OF)2,Li2V(OF)2,mp-aaadjpxd,mp-aaabqvqt,3.220165580833328,198.79586700304586,600.1327954942376,640.1556085351283,1932.526971979831,0.16666666666666602,0.28571428571428503,1,0.0,0.06075357635638601,0.0,0.082256502500003
mp-1539853,LiV(OF)2,32,,PROMISING,insertion,Li1-1.5V(OF)2,mp-aaabrope;mp-aaabserk;mp-aaabqyrg,"{'V': 1.0, 'O': 2.0, 'F': 2.0}",V(OF)2,F-O-V,LiV(OF)2,Li3V2(OF)4,mp-aaabrope,mp-aaabserk,3.024187388333335,102.0242310898393,319.8591134617956,308.5403929662978,967.3138969746436,0.16666666666666602,0.23076923076923,1,0.0,0.034272015720992005,0.004580910416667,0.073067495384615
mp-1539853,LiV(OF)2,32,,PROMISING,insertion,Li1-2V(OF)2,mp-aaabrokr;mp-aaabrhyb,"{'V': 1.0, 'O': 2.0, 'F': 2.0}",V(OF)2,F-O-V,LiV(OF)2,Li2V(OF)2,mp-aaabrokr,mp-aaabrhyb,3.743696788333336,198.79586700304586,589.9621742189586,744.2314488332438,2208.6394968616673,0.16666666666666602,0.28571428571428503,1,0.0,0.023688424994079003,0.074975034583334,0.071730645357146
mp-9172,Li4TiO4,33,,PROMISING,insertion,Li1.33-2TiVO4,mp-aaabqwcb;mp-aaabrfzp;mp-aaabrmej;mp-aaacviqp,"{'Ti': 1.0, 'V': 1.0, 'O': 4.0}",TiVO4,O-Ti-V,Li4Ti3V3O12,Li2TiVO4,mp-aaabqwcb,mp-aaabrfzp,1.930250697083331,101.12539609011169,392.58178879509643,195.19736629576607,757.7812714839561,0.18181818181818102,0.25,1,0.0,0.008726115983600001,0.06125209534094501,0.018808280156251002
mp-753866,Li2VCr(P2O7)2,34,,PROMISING,insertion,Li0-3VCr(P2O7)2,mp-aaabrrtz;mp-aaabrpdq;mp-aaabrpdo;mp-aaabrgov;mp-aaabrgrl;mp-aaabrgru;mp-aaabrgec;mp-aaabrgpy;mp-aaabqxew;mp-aaabqvdz,"{'V': 1.0, 'Cr': 1.0, 'P': 4.0, 'O': 14.0}",VCr(P2O7)2,Cr-O-P-V,VCr(P2O7)2,Li3VCr(P2O7)2,mp-aaabrrtz,mp-aaabqvdz,3.421769275000006,170.47580321319225,479.1902434618197,583.3288655658487,1639.6784519574276,0.0,0.130434782608695,3,1.991147940000018,0.057665171546183,0.021002746125001002,0.018632703269926002
mp-26975,Li9Cr3P8O29,35,,PROMISING,insertion,Li6-9Cr3P8O29,mp-aaaabnxo;mp-aaaabnxn,"{'Cr': 3.0, 'P': 8.0, 'O': 29.0}",Cr3P8O29,Cr-O-P,Li6Cr3P8O29,Li9Cr3P8O29,mp-aaaabnxo,mp-aaaabnxn,4.9263211299999865,86.4350147617597,232.1136755174492,425.8066395927175,1143.4665042635704,0.130434782608695,0.183673469387755,1,0.0,0.016789182420047,0.043501051721020007,0.0
mp-850951,Li3MnV(P2O7)2,37,,PROMISING,insertion,Li0-3MnV(P2O7)2,mp-aaabsbax;mp-aaabrfdg;mp-aaabrmwk;mp-aaabrmxd;mp-aaabrici;mp-aaabrmxk;mp-aaacoyol;mp-aaabrmxg;mp-aaacoypu;mp-aaabrnco;mp-aaabwkul;mp-aaabwkux,"{'Mn': 1.0, 'V': 1.0, 'P': 4.0, 'O': 14.0}",MnV(P2O7)2,Mn-O-P-V,MnV(P2O7)2,Li3MnV(P2O7)2,mp-aaabsbax,mp-aaabwkux,4.033616751666665,169.41903570925112,470.9736895784279,683.3714604880482,1899.7273638778029,0.0,0.130434782608695,3,0.657051365000029,0.07199738577496101,0.009545055541681,0.0
mp-559240,Li2MnSiO4,39,,PROMISING,insertion,Li1.5-2MnSiO4,mp-aaabqxla;mp-aaabvhqz,"{'Mn': 1.0, 'Si': 1.0, 'O': 4.0}",MnSiO4,Mn-O-Si,Li3Mn2(SiO4)2,Li2MnSiO4,mp-aaabqxla,mp-aaabvhqz,4.104373148333342,83.28451611484627,249.36946481834804,341.83073161371055,1023.5053354146837,0.2,0.25,1,0.0,0.0022579091435770003,0.090139473361104,0.005338674999999
mp-559240,Li2MnSiO4,39,,PROMISING,insertion,Li1.5-2MnSiO4,mp-aaabrujv;mp-aaabspqj,"{'Mn': 1.0, 'Si': 1.0, 'O': 4.0}",MnSiO4,Mn-O-Si,Li3Mn2(SiO4)2,Li2MnSiO4,mp-aaabrujv,mp-aaabspqj,3.961298523333316,83.28451611484627,246.9195662303846,329.9148307022703,978.1221130905255,0.2,0.25,1,0.0,0.004919555016954001,0.084394710361103,0.008895123749999
mp-559240,Li2MnSiO4,39,,PROMISING,insertion,Li1.5-2MnSiO4,mp-aaabqxir;mp-aaabfvhg,"{'Mn': 1.0, 'Si': 1.0, 'O': 4.0}",MnSiO4,Mn-O-Si,Li3Mn2(SiO4)2,Li2MnSiO4,mp-aaabqxir,mp-aaabfvhg,4.175312823333319,83.28451611484627,254.0335402451265,347.73890811942806,1060.6694981422374,0.2,0.25,1,0.0,0.004415864907834,0.089174198361104,0.0
mp-559240,Li2MnSiO4,39,,PROMISING,insertion,Li1.5-2MnSiO4,mp-aaacwrwr;mp-aaacpabw;mp-aaabracw,"{'Mn': 1.0, 'Si': 1.0, 'O': 4.0}",MnSiO4,Mn-O-Si,Li3Mn2(SiO4)2,Li2MnSiO4,mp-aaacwrwr,mp-aaabracw,3.9611435533333332,83.28451611484627,240.56375230641203,329.9019241008094,952.9075566142208,0.2,0.25,1,0.0,0.020855547158458002,0.089625137694437,0.013808334999998001
mp-559240,Li2MnSiO4,39,,PROMISING,insertion,Li1.5-2MnSiO4,mp-aaabsbmy;mp-aaabsbxv,"{'Mn': 1.0, 'Si': 1.0, 'O': 4.0}",MnSiO4,Mn-O-Si,Li3Mn2(SiO4)2,Li2MnSiO4,mp-aaabsbmy,mp-aaabsbxv,4.022318893333339,83.28451611484627,249.39556329085127,334.9968826908711,1003.1484861383017,0.2,0.25,1,0.0,0.006839579917761,0.091163601361104,0.011427185937499001
mp-559240,Li2MnSiO4,39,,PROMISING,insertion,Li1.5-2MnSiO4,mp-aaabrujq;mp-aaabrfwg,"{'Mn': 1.0, 'Si': 1.0, 'O': 4.0}",MnSiO4,Mn-O-Si,Li3Mn2(SiO4)2,Li2MnSiO4,mp-aaabrujq,mp-aaabrfwg,4.239418978333338,83.28451611484627,251.58248483157135,353.077958218588,1066.5635608112227,0.2,0.25,1,0.0,0.015297182135592,0.09364591069443601,0.000185595624998
mp-559240,Li2MnSiO4,39,,PROMISING,insertion,Li1.5-2MnSiO4,mp-aaabsbfv;mp-aaabskxh,"{'Mn': 1.0, 'Si': 1.0, 'O': 4.0}",MnSiO4,Mn-O-Si,Li3Mn2(SiO4)2,Li2MnSiO4,mp-aaabsbfv,mp-aaabskxh,3.998338128333334,83.28451611484627,246.87859372425132,332.9996562817819,987.1040943569888,0.2,0.25,1,0.0,0.0027787311279110004,0.08759872502777101,0.009583912187499
mp-559240,Li2MnSiO4,39,,PROMISING,insertion,Li1.5-2MnSiO4,mp-aaabshpx;mp-aaabrsdg,"{'Mn': 1.0, 'Si': 1.0, 'O': 4.0}",MnSiO4,Mn-O-Si,Li3Mn2(SiO4)2,Li2MnSiO4,mp-aaabshpx,mp-aaabrsdg,3.830646998333326,83.28451611484627,252.9260523408587,319.0335816629794,968.870423199808,0.2,0.25,1,0.0,0.020803052025519003,0.08713445236110301,0.019629352187498002
mp-559240,Li2MnSiO4,39,,PROMISING,insertion,Li1.5-2MnSiO4,mp-aaabskhb;mp-aaabskvq,"{'Mn': 1.0, 'Si': 1.0, 'O': 4.0}",MnSiO4,Mn-O-Si,Li3Mn2(SiO4)2,Li2MnSiO4,mp-aaabskhb,mp-aaabskvq,3.999739583333341,83.28451611484627,250.71591093283087,333.1163757833142,1002.7983531295201,0.2,0.25,1,0.0,0.016422322037834003,0.08896260636110401,0.010774959999999001
mp-25812,LiV2P5O16,40,,PROMISING,insertion,Li0-3V2P5O16,mp-aaaabnzi;mp-aaaabmeu;mp-aaaabmet,"{'V': 2.0, 'P': 5.0, 'O': 16.0}",V2P5O16,O-P-V,V2P5O16,Li3V2P5O16,mp-aaaabnzi,mp-aaaabmet,2.701183733333336,150.69281491589695,411.6617331374914,407.04898038103204,1111.9739771868008,0.0,0.115384615384615,2,1.604672535000006,0.029281678833604004,0.004774376231857,0.035266063094183
mp-19103,LiCrP2O7,41,,PROMISING,insertion,Li0-1CrP2O7,mp-aaabetfn;mp-aaaabnct,"{'Cr': 1.0, 'P': 2.0, 'O': 7.0}",CrP2O7,Cr-O-P,CrP2O7,LiCrP2O7,mp-aaabetfn,mp-aaaabnct,5.2703603833333315,115.08687885832727,356.6495544579352,606.5493269764103,1879.671682548585,0.0,0.09090909090909001,1,0.0,0.025945099195064002,0.09328791625000801,0.023987125454544
mp-19103,LiCrP2O7,41,,PROMISING,insertion,Li0-1CrP2O7,mp-aaaabndq;mp-aaackrme;mp-aaabodip,"{'Cr': 1.0, 'P': 2.0, 'O': 7.0}",CrP2O7,Cr-O-P,CrP2O7,LiCrP2O7,mp-aaaabndq,mp-aaackrme,4.725379695833316,115.08687885832727,337.4424760164823,543.8292006139682,1594.543824680006,0.0,0.09090909090909001,1,0.0,0.034961011737300006,0.026424071750008,0.012745511136364001
mp-19103,LiCrP2O7,41,,PROMISING,insertion,Li0-1CrP2O7,mp-aaabocvv;mp-aaabocxl,"{'Cr': 1.0, 'P': 2.0, 'O': 7.0}",CrP2O7,Cr-O-P,CrP2O7,LiCrP2O7,mp-aaabocvv,mp-aaabocxl,4.873876513333333,115.08687885832727,333.7998664012993,560.9192358604398,1626.899329007097,0.0,0.09090909090909001,1,0.0,0.033254990155345006,0.082192698500008,0.049944552045453006
mp-19103,LiCrP2O7,41,,PROMISING,insertion,Li0-1CrP2O7,mp-aaaabnfa;mp-aaaabnez,"{'Cr': 1.0, 'P': 2.0, 'O': 7.0}",CrP2O7,Cr-O-P,CrP2O7,LiCrP2O7,mp-aaaabnfa,mp-aaaabnez,4.636678618333325,115.08687885832727,355.7550831676373,533.6208704531236,1649.5219874867776,0.0,0.09090909090909001,1,0.0,0.063385903399548,0.033240590750009,0.027006080909091002
mp-19103,LiCrP2O7,41,,PROMISING,insertion,Li0-1CrP2O7,mp-aaaabnia;mp-aaaabnhz,"{'Cr': 1.0, 'P': 2.0, 'O': 7.0}",CrP2O7,Cr-O-P,CrP2O7,LiCrP2O7,mp-aaaabnia,mp-aaaabnhz,4.769492360833344,115.08687885832727,366.07041084539696,548.9059895469444,1745.9700280542445,0.0,0.09090909090909001,1,0.0,0.008538054029548001,0.054691654500009006,0.034433071363635
mp-19103,LiCrP2O7,41,,PROMISING,insertion,Li0-1CrP2O7,mp-aaaabnxm;mp-aaaabcgt,"{'Cr': 1.0, 'P': 2.0, 'O': 7.0}",CrP2O7,Cr-O-P,CrP2O7,LiCrP2O7,mp-aaaabnxm,mp-aaaabcgt,4.855683173333323,115.08687885832727,336.3449489425546,558.8254211438302,1633.184509016018,0.0,0.09090909090909001,1,0.0,0.026278471304838003,0.025434357250008,0.0
mp-19103,LiCrP2O7,41,,PROMISING,insertion,Li1-2CrP2O7,mp-aaaabuwx;mp-aaaabnpr;mp-aaackrpk,"{'Cr': 1.0, 'P': 2.0, 'O': 7.0}",CrP2O7,Cr-O-P,LiCrP2O7,Li2CrP2O7,mp-aaaabuwx,mp-aaaabnpr,4.397781578333341,111.75599201414086,311.4213151441853,491.47844294815667,1369.5629228414402,0.09090909090909001,0.16666666666666602,1,0.0,0.054549132608374004,0.204268931590909,0.028816361874999002
mp-19103,LiCrP2O7,41,,PROMISING,insertion,Li1-2CrP2O7,mp-aaabodlh;mp-aaaabnox,"{'Cr': 1.0, 'P': 2.0, 'O': 7.0}",CrP2O7,Cr-O-P,LiCrP2O7,Li2CrP2O7,mp-aaabodlh,mp-aaaabnox,3.376979578333338,111.75599201414086,319.96775706344386,377.3977027881373,1080.5245813283725,0.09090909090909001,0.16666666666666602,1,0.0,0.011914712433187001,0.12038984250000001,0.036994030208333
mp-19103,LiCrP2O7,41,,PROMISING,insertion,Li0-1CrP2O7,mp-aaaabnpy;mp-aaadlgbf;mp-aaaabnpx;mp-aaackrpd,"{'Cr': 1.0, 'P': 2.0, 'O': 7.0}",CrP2O7,Cr-O-P,CrP2O7,LiCrP2O7,mp-aaaabnpy,mp-aaadlgbf,5.508993368333339,115.08687885832727,360.9736298040879,634.0128524127073,1988.6013327339342,0.0,0.09090909090909001,1,0.0,0.011836631803863,0.133356000500008,0.038718748863635
mp-19103,LiCrP2O7,41,,PROMISING,insertion,Li0-1CrP2O7,mp-aaaabnsw;mp-aaaabnsv,"{'Cr': 1.0, 'P': 2.0, 'O': 7.0}",CrP2O7,Cr-O-P,CrP2O7,LiCrP2O7,mp-aaaabnsw,mp-aaaabnsv,5.29517127583333,115.08687885832727,378.7684753004316,609.4047351559248,2005.6439506020315,0.0,0.09090909090909001,1,0.0,0.00876612376231,0.11746129800000901,0.043707391363636
mp-19103,LiCrP2O7,41,,PROMISING,insertion,Li1-2CrP2O7,mp-aaabetnu;mp-aaabnsgb;mp-aaaabnxd;mp-aaabngpy,"{'Cr': 1.0, 'P': 2.0, 'O': 7.0}",CrP2O7,Cr-O-P,LiCrP2O7,Li2CrP2O7,mp-aaabetnu,mp-aaaabnxd,4.350243368333342,111.75599201414086,280.20902452935945,486.16576313103025,1218.9774507060008,0.09090909090909001,0.16666666666666602,1,0.0,0.01311852857386,0.168511245000001,0.0
mp-19103,LiCrP2O7,41,,PROMISING,insertion,Li0-1CrP2O7,mp-aaaabnzw;mp-aaaabnzv,"{'Cr': 1.0, 'P': 2.0, 'O': 7.0}",CrP2O7,Cr-O-P,CrP2O7,LiCrP2O7,mp-aaaabnzw,mp-aaaabnzv,5.046225483333335,115.08687885832727,381.66728596276477,580.7543408921874,1925.9791845799748,0.0,0.09090909090909001,1,0.0,0.005562180639452001,0.06632344525000901,0.019849869999998
mp-19103,LiCrP2O7,41,,PROMISING,insertion,Li0-1CrP2O7,mp-aaaabmrk;mp-aaaabmrj,"{'Cr': 1.0, 'P': 2.0, 'O': 7.0}",CrP2O7,Cr-O-P,CrP2O7,LiCrP2O7,mp-aaaabmrk,mp-aaaabmrj,5.025058953333318,115.08687885832727,365.11390540595727,578.3183510182245,1834.7188993466998,0.0,0.09090909090909001,1,0.0,0.029943903739477,0.056141707250009006,0.012517974545454
mp-19103,LiCrP2O7,41,,PROMISING,insertion,Li0-1CrP2O7,mp-aaachqwl;mp-aaabvhjr,"{'Cr': 1.0, 'P': 2.0, 'O': 7.0}",CrP2O7,Cr-O-P,CrP2O7,LiCrP2O7,mp-aaachqwl,mp-aaabvhjr,5.289534683333334,115.08687885832727,353.87779329483436,608.7560373177039,1871.8488612944907,0.0,0.09090909090909001,1,0.0,0.048887005500304004,0.15413673375001002,0.077561114090909
mp-26955,LiV(PO3)4,42,,PROMISING,insertion,Li0-1V(PO3)4,mp-aaaabmyk;mp-aaaabwcx,"{'V': 1.0, 'P': 4.0, 'O': 12.0}",V(PO3)4,O-P-V,V(PO3)4,LiV(PO3)4,mp-aaaabmyk,mp-aaaabwcx,4.784154748333326,71.70574468728024,173.41893709490756,343.05137892842896,829.6630313535204,0.0,0.055555555555555004,1,0.0,0.020898337183887002,0.02268152,0.020052745833333
mp-26955,LiV(PO3)4,42,,PROMISING,insertion,Li0-2V(PO3)4,mp-aaaabnqw;mp-aaackrln;mp-aaabnses,"{'V': 1.0, 'P': 4.0, 'O': 12.0}",V(PO3)4,O-P-V,V(PO3)4,Li2V(PO3)4,mp-aaaabnqw,mp-aaabnses,4.091716760833326,140.79685980552327,394.66473054409676,576.1008711389596,1614.856292877049,0.0,0.105263157894736,2,2.450356875000011,0.051486698992967005,0.07737487852941201,0.025719927543859003
mp-26955,LiV(PO3)4,42,,PROMISING,insertion,Li0-1V(PO3)4,mp-aaaabnsc;mp-aaaabwcc,"{'V': 1.0, 'P': 4.0, 'O': 12.0}",V(PO3)4,O-P-V,V(PO3)4,LiV(PO3)4,mp-aaaabnsc,mp-aaaabwcc,4.467424198333338,71.70574468728024,168.01197285586565,320.33997897546794,750.5807531460181,0.0,0.055555555555555004,1,0.0,0.029622610606567002,0.018019397352942,0.033245771666665
mp-26955,LiV(PO3)4,42,,PROMISING,insertion,Li0-1V(PO3)4,mp-aaaabwcj;mp-aaaabnnr,"{'V': 1.0, 'P': 4.0, 'O': 12.0}",V(PO3)4,O-P-V,V(PO3)4,LiV(PO3)4,mp-aaaabwcj,mp-aaaabnnr,4.284778378333304,71.70574468728024,170.70733268430925,307.2432244383466,731.4430881086785,0.0,0.055555555555555004,1,0.0,0.042536572425982,0.012485954411764,0.038166732222222
mp-26955,LiV(PO3)4,42,,PROMISING,insertion,Li0-1V(PO3)4,mp-aaabnsgj;mp-aaaabnth,"{'V': 1.0, 'P': 4.0, 'O': 12.0}",V(PO3)4,O-P-V,V(PO3)4,LiV(PO3)4,mp-aaabnsgj,mp-aaaabnth,4.568068373333323,71.70574468728024,189.94134639841704,327.5567444922788,867.6650572709581,0.0,0.055555555555555004,1,0.0,0.018919163497331002,0.037125691764706,0.045699262222222
mp-26955,LiV(PO3)4,42,,PROMISING,insertion,Li0-1V(PO3)4,mp-aaaabnvg;mp-aaaabnvf,"{'V': 1.0, 'P': 4.0, 'O': 12.0}",V(PO3)4,O-P-V,V(PO3)4,LiV(PO3)4,mp-aaaabnvg,mp-aaaabnvf,4.761070423333312,71.70574468728024,198.3526871834746,341.39610021369975,944.3711123379254,0.0,0.055555555555555004,1,0.0,0.03226536595336,0.03635385,0.034247964444444
mp-26955,LiV(PO3)4,42,,PROMISING,insertion,Li0-1V(PO3)4,mp-aaaabwdb;mp-aaaabmtr,"{'V': 1.0, 'P': 4.0, 'O': 12.0}",V(PO3)4,O-P-V,V(PO3)4,LiV(PO3)4,mp-aaaabwdb,mp-aaaabmtr,5.045728303333339,71.70574468728024,199.74744475511054,361.80770548020416,1007.8713355193738,0.0,0.055555555555555004,1,0.0,0.004425714370892,0.033063489705883,0.015326075277777
mp-26955,LiV(PO3)4,42,,PROMISING,insertion,Li0-1V(PO3)4,mp-aaaabnwu;mp-aaaabnwt,"{'V': 1.0, 'P': 4.0, 'O': 12.0}",V(PO3)4,O-P-V,V(PO3)4,LiV(PO3)4,mp-aaaabnwu,mp-aaaabnwt,4.835385495833326,71.70574468728024,175.09380694552522,346.72491782880246,846.6460545146331,0.0,0.055555555555555004,1,0.0,0.021814771698118,0.004462774264706,0.0
mp-26955,LiV(PO3)4,42,,PROMISING,insertion,Li0-1V(PO3)4,mp-aaabrpcm;mp-aaacoymz,"{'V': 1.0, 'P': 4.0, 'O': 12.0}",V(PO3)4,O-P-V,V(PO3)4,LiV(PO3)4,mp-aaabrpcm,mp-aaacoymz,4.797773008333313,71.70574468728024,204.82445668148262,344.027886403073,982.7012497129532,0.0,0.055555555555555004,1,0.0,0.0034626737894920003,0.022176050588235,0.018818788055555
mp-1203394,Li2MnP2O7,43,,PROMISING,insertion,Li1-2.5MnPCO7,mp-aaabrtdh;mp-aaabrtcy;mp-aaabrtmd;mp-aaabrtjj,"{'Mn': 1.0, 'P': 1.0, 'C': 1.0, 'O': 7.0}",MnPCO7,C-Mn-O-P,LiMnPCO7,Li5Mn2P2(CO7)2,mp-aaabrtdh,mp-aaabrtjj,3.742693225000005,176.89127014912145,477.45042565617507,662.0497583487626,1786.950473376735,0.09090909090909001,0.2,2,0.5373754524999721,0.054217846988892,0.024451854545458,0.045205950499997004
mp-1203394,Li2MnP2O7,43,,PROMISING,insertion,Li1-2MnPCO7,mp-aaabrvkn;mp-aaabrtdj;mp-aaabrtfk;mp-aaabrtfi;mp-aaabrtmy,"{'Mn': 1.0, 'P': 1.0, 'C': 1.0, 'O': 7.0}",MnPCO7,C-Mn-O-P,LiMnPCO7,Li2MnPCO7,mp-aaabrvkn,mp-aaabrtmy,3.869353735833333,119.75623047453588,325.6504526540383,463.37921777596307,1260.056795552719,0.09090909090909001,0.16666666666666602,2,0.043147135000026,0.026720925986597,0.024638690454549,0.033295579374998004
mp-1203394,Li2MnP2O7,43,,PROMISING,insertion,Li1-2MnP2O7,mp-aaabetcr;mp-aaaabmvx,"{'Mn': 1.0, 'P': 2.0, 'O': 7.0}",MnP2O7,Mn-O-P,LiMnP2O7,Li2MnP2O7,mp-aaabetcr,mp-aaaabmvx,4.052284408333326,110.40166914706101,276.9059348960709,447.3789625386097,1122.101602554311,0.09090909090909001,0.16666666666666602,1,0.0,0.018109006390311003,0.04577544159092101,0.023967148749973
mp-1203394,Li2MnP2O7,43,,PROMISING,insertion,Li0-2MnP2O7,mp-aaabnseg;mp-aaaabnap;mp-aaabetll,"{'Mn': 1.0, 'P': 2.0, 'O': 7.0}",MnP2O7,Mn-O-P,MnP2O7,Li2MnP2O7,mp-aaabnseg,mp-aaabetll,4.000639058333339,220.80333829412203,638.1054781365391,883.354459389854,2552.829699169509,0.0,0.16666666666666602,2,1.057432430000005,0.112571277801983,0.026244321249999,0.040063251249971
mp-1203394,Li2MnP2O7,43,,PROMISING,insertion,Li0-2MnP2O7,mp-aaabetlg;mp-aaabetlf;mp-aaabeswn;mp-aaabetdv,"{'Mn': 1.0, 'P': 2.0, 'O': 7.0}",MnP2O7,Mn-O-P,MnP2O7,Li2MnP2O7,mp-aaabetlg,mp-aaabetdv,4.026647520833333,220.80333829412203,624.6711396691062,889.0972147337503,2515.3304958847393,0.0,0.16666666666666602,2,0.31312226000001403,0.12151968783545301,0.009338634249999,0.021640434999972
mp-1203394,Li2MnP2O7,43,,PROMISING,insertion,Li1-2MnP2O7,mp-aaabnsei;mp-aaaabnbx,"{'Mn': 1.0, 'P': 2.0, 'O': 7.0}",MnP2O7,Mn-O-P,LiMnP2O7,Li2MnP2O7,mp-aaabnsei,mp-aaaabnbx,4.051171003333342,110.40166914706101,311.411611049208,447.2560407681748,1261.5816887838723,0.09090909090909001,0.16666666666666602,1,0.0,0.008020185627112,0.046860550909104,0.025054616041638
mp-1203394,Li2MnP2O7,43,,PROMISING,insertion,Li0-2MnP2O7,mp-aaabhhug;mp-aaacbgbk;mp-aaaabnhj;mp-aaaabvgz,"{'Mn': 1.0, 'P': 2.0, 'O': 7.0}",MnP2O7,Mn-O-P,MnP2O7,Li2MnP2O7,mp-aaabhhug,mp-aaaabvgz,4.247790099583331,220.80333829412203,622.5868606337289,937.9262343607205,2644.6183027306206,0.0,0.16666666666666602,2,1.267157042500002,0.038870831107834,0.072622637499999,0.037520007916639
mp-1203394,Li2MnP2O7,43,,PROMISING,insertion,Li1-2MnP2O7,mp-aaaabvhg;mp-aaackrmt,"{'Mn': 1.0, 'P': 2.0, 'O': 7.0}",MnP2O7,Mn-O-P,LiMnP2O7,Li2MnP2O7,mp-aaaabvhg,mp-aaackrmt,3.943506073333329,110.40166914706101,305.83610823952915,435.3696527875719,1206.0665502872125,0.09090909090909001,0.16666666666666602,1,0.0,0.057256430655618,0.017101070681831,0.006747169999972001
mp-1203394,Li2MnP2O7,43,,PROMISING,insertion,Li0-2MnP2O7,mp-aaaabnog;mp-aaabnpgu,"{'Mn': 1.0, 'P': 2.0, 'O': 7.0}",MnP2O7,Mn-O-P,MnP2O7,Li2MnP2O7,mp-aaaabnog,mp-aaabnpgu,4.027959809583334,220.80333829412203,637.0904521253351,889.3869724705562,2566.174736230125,0.0,0.16666666666666602,1,0.0,0.117710345454079,0.008051348249999,0.020348981874972003
mp-1203394,Li2MnP2O7,43,,PROMISING,insertion,Li0-2MnP2O7,mp-aaaabnxu;mp-aaaabnxt;mp-aaabsmlm;mp-aaabrwmp,"{'Mn': 1.0, 'P': 2.0, 'O': 7.0}",MnP2O7,Mn-O-P,MnP2O7,Li2MnP2O7,mp-aaaabnxu,mp-aaabrwmp,4.109094549583337,220.80333829412203,598.0610500173659,907.3017939141826,2457.4894009444456,0.0,0.16666666666666602,2,0.43923266833331803,0.20381202701914602,0.007739515249999,0.006566664374972
mp-1203394,Li2MnP2O7,43,,PROMISING,insertion,Li0-2MnP2O7,mp-aaabrvvv;mp-aaabsenj;mp-aaabsenk,"{'Mn': 1.0, 'P': 2.0, 'O': 7.0}",MnP2O7,Mn-O-P,MnP2O7,Li2MnP2O7,mp-aaabrvvv,mp-aaabsenk,3.8615735220833303,220.80333829412203,612.9698996280746,852.64832474419,2367.02833423785,0.0,0.16666666666666602,2,0.690652457500007,0.20002509065638102,0.001116591999998,0.04230106624997201
mp-1203394,Li2MnP2O7,43,,PROMISING,insertion,Li0-2MnP2O7,mp-aaabrxcu;mp-aaabseoa;mp-aaabsdun,"{'Mn': 1.0, 'P': 2.0, 'O': 7.0}",MnP2O7,Mn-O-P,MnP2O7,Li2MnP2O7,mp-aaabrxcu,mp-aaabsdun,3.965911017083333,220.80333829412203,615.4845506863709,875.6863919494368,2440.9569604116637,0.0,0.16666666666666602,2,0.447934507500008,0.16557066258650402,0.006473888999999001,0.029375897916639002
mp-1203394,Li2MnP2O7,43,,PROMISING,insertion,Li0-2MnP2O7,mp-aaabrxng;mp-aaabskxe;mp-aaabsdul,"{'Mn': 1.0, 'P': 2.0, 'O': 7.0}",MnP2O7,Mn-O-P,MnP2O7,Li2MnP2O7,mp-aaabrxng,mp-aaabsdul,4.001296423333334,220.80333829412203,602.0344273337458,883.4996077763305,2408.918200814049,0.0,0.16666666666666602,2,0.6323975650000191,0.19442994956894302,0.0,0.018083422708306002
mp-1203394,Li2MnP2O7,43,,PROMISING,insertion,Li0-2MnP2O7,mp-aaabrbxr;mp-aaacsjna;mp-aaacsheh;mp-aaacpaly,"{'Mn': 1.0, 'P': 2.0, 'O': 7.0}",MnP2O7,Mn-O-P,MnP2O7,Li2MnP2O7,mp-aaabrbxr,mp-aaacpaly,5.059318233333333,220.80333829412203,625.6697877890851,1117.1143554123198,3165.462565407116,0.0,0.16666666666666602,2,3.468608320000005,0.06026030522649101,0.22971092924999903,0.033172228749972
mp-1203394,Li2MnP2O7,43,,PROMISING,insertion,Li0-2MnP2O7,mp-aaabqzsb;mp-aaacpamb,"{'Mn': 1.0, 'P': 2.0, 'O': 7.0}",MnP2O7,Mn-O-P,MnP2O7,Li2MnP2O7,mp-aaabqzsb,mp-aaacpamb,3.660773034583333,220.80333829412203,564.9944697687914,808.3109067731033,2068.3165196183,0.0,0.16666666666666602,1,0.0,0.221623497696321,0.0058030367499980005,0.07967318479163901
mp-1203394,Li2MnP2O7,43,,PROMISING,insertion,Li0-2MnP2O7,mp-aaabrvww;mp-aaabsdvp;mp-aaabsenh,"{'Mn': 1.0, 'P': 2.0, 'O': 7.0}",MnP2O7,Mn-O-P,MnP2O7,Li2MnP2O7,mp-aaabrvww,mp-aaabsenh,3.8804224720833362,220.80333829412203,637.1192098986406,856.8102358275302,2472.291699486665,0.0,0.16666666666666602,2,0.891099907499992,0.152894159567176,0.006082279999999001,0.043297647916638
mp-780606,Li3Cr2(PO4)3,44,,PROMISING,insertion,Li1-3Cr2(PO4)3,mp-aaackrpi;mp-aaaabmft,"{'Cr': 2.0, 'P': 3.0, 'O': 12.0}",Cr2(PO4)3,Cr-O-P,LiCr2(PO4)3,Li3Cr2(PO4)3,mp-aaackrpi,mp-aaaabmft,4.124801530833328,130.82531349913754,397.73905665364913,539.6284533929926,1640.5946697571758,0.055555555555555004,0.15,1,0.0,0.014170491329030001,0.034257522777786,0.0361631665
mp-780606,Li3Cr2(PO4)3,44,,PROMISING,insertion,Li1-3Cr2(PO4)3,mp-aaaabuwj;mp-aaaabnev,"{'Cr': 2.0, 'P': 3.0, 'O': 12.0}",Cr2(PO4)3,Cr-O-P,LiCr2(PO4)3,Li3Cr2(PO4)3,mp-aaaabuwj,mp-aaaabnev,4.419891930833335,130.82531349913754,439.9303672108524,578.2337474835794,1944.4446801637923,0.055555555555555004,0.15,1,0.0,0.0121701698822,0.075279623055564,0.04357401675000001
mp-780606,Li3Cr2(PO4)3,44,,PROMISING,insertion,Li0-3Cr2(PO4)3,mp-aaaabnjm;mp-aaaabmye;mp-aaaabnhc;mp-aaackrmq;mp-aaaabnjl;mp-aaaabmfu;mp-aaabnsev;mp-aaaabuvx;mp-aaacsztv;mp-aaabxjze;mp-aaabrpsx;mp-aaabsgtp;mp-aaabwkte;mp-aaabskti;mp-aaabnser;mp-aaaabnxj;mp-aaaabnnd;mp-aaaabuyj;mp-aaabsbrb,"{'Cr': 2.0, 'P': 3.0, 'O': 12.0}",Cr2(PO4)3,Cr-O-P,Cr2(PO4)3,Li3Cr2(PO4)3,mp-aaaabnjm,mp-aaabskti,4.668038734999995,196.23797024870632,579.3262972415286,916.0464463987378,2704.317595727576,0.0,0.15,2,0.5823009425000121,0.046967077392461004,0.061561507205885005,0.0
mp-780606,Li3Cr2(PO4)3,44,,PROMISING,insertion,Li1-3Cr2(PO4)3,mp-aaabnsgz;mp-aaacpaes;mp-aaaabnjh;mp-aaabsiwm,"{'Cr': 2.0, 'P': 3.0, 'O': 12.0}",Cr2(PO4)3,Cr-O-P,LiCr2(PO4)3,Li3Cr2(PO4)3,mp-aaabnsgz,mp-aaaabnjh,4.868894020833328,130.82531349913754,390.7602776288491,636.9745866695964,1902.5703793262746,0.055555555555555004,0.15,2,0.22605936999991602,0.018021932167650002,0.11369472597223002,0.033247400375
mp-780606,Li3Cr2(PO4)3,44,,PROMISING,insertion,Li1-3Cr2(PO4)3,mp-aaaabnom;mp-aaabrpsy;mp-aaaabnol,"{'Cr': 2.0, 'P': 3.0, 'O': 12.0}",Cr2(PO4)3,Cr-O-P,LiCr2(PO4)3,Li3Cr2(PO4)3,mp-aaaabnom,mp-aaaabnol,4.745998995833338,130.82531349913754,441.0128546333961,620.8968064964884,2093.0465652396915,0.055555555555555004,0.15,2,0.503327996666674,0.036947269162228,0.101774119027787,0.034808356624999
mp-780606,Li3Cr2(PO4)3,44,,PROMISING,insertion,Li1-3Cr2(PO4)3,mp-aaaabntm;mp-aaabrpsh;mp-aaabrpsw;mp-aaaabntl,"{'Cr': 2.0, 'P': 3.0, 'O': 12.0}",Cr2(PO4)3,Cr-O-P,LiCr2(PO4)3,Li3Cr2(PO4)3,mp-aaaabntm,mp-aaaabntl,4.779084660833338,130.82531349913754,425.7591431057006,625.2252489924409,2034.738990026,0.055555555555555004,0.15,2,1.301718336666624,0.03493353739341,0.108670820277787,0.037706821249999
mp-780606,Li3Cr2(PO4)3,44,,PROMISING,insertion,Li0-4Cr2(PO4)3,mp-aaabcrzv;mp-aaaabnfg;mp-aaaabmnu;mp-aaaabmpc;mp-aaabrpzn;mp-aaaabmnt;mp-aaaabmpb;mp-aaabsdir;mp-aaabrgkq,"{'Cr': 2.0, 'P': 3.0, 'O': 12.0}",Cr2(PO4)3,Cr-O-P,Cr2(PO4)3,Li4Cr2(PO4)3,mp-aaabcrzv,mp-aaabrgkq,3.889024805208333,257.29198405440303,733.9707831085583,1000.6149081688403,2854.430581807369,0.0,0.19047619047619002,3,2.925081641249974,0.14238879433899101,0.062883002352944,0.042042688690488
mp-26963,LiVPO5,45,,PROMISING,insertion,Li0-2VPHO5,mp-aaackqzt;mp-aaabqwtc;mp-aaacuoyl;mp-aaabsgfr,"{'V': 1.0, 'P': 1.0, 'H': 1.0, 'O': 5.0}",VPHO5,H-O-P-V,VPHO5,Li2VPHO5,mp-aaackqzt,mp-aaacuoyl,2.479366997083336,303.18039981610514,881.8527509971066,751.6954774665819,2186.4366071093755,0.0,0.2,2,2.018696022499995,0.14061397065585401,0.0,0.06384671421808001
mp-26963,LiVPO5,45,,PROMISING,insertion,Li0-1RbVPO5,mp-aaabfykj;mp-aaabrera,"{'Rb': 1.0, 'V': 1.0, 'P': 1.0, 'O': 5.0}",RbVPO5,O-P-Rb-V,RbVPO5,RbLiVPO5,mp-aaabfykj,mp-aaabrera,1.423565363333343,105.38443389074827,325.27547290732514,150.02162992136175,463.05089677274134,0.0,0.11111111111111101,1,0.0,0.033048055900515,0.0,0.128191443407406
mp-26963,LiVPO5,45,,PROMISING,insertion,Li0-1VPO5,mp-aaaabnco;mp-aaaabncn,"{'V': 1.0, 'P': 1.0, 'O': 5.0}",VPO5,O-P-V,VPO5,LiVPO5,mp-aaaabnco,mp-aaaabncn,4.012412478333329,158.72646360461718,509.8883936402671,636.8760432088869,2045.8825531995442,0.0,0.125,1,0.0,0.038215073375587,0.056569030714285005,0.026959480625027003
mp-26963,LiVPO5,45,,PROMISING,insertion,Li0-1VPO5,mp-aaaabljt;mp-aaaabnxb,"{'V': 1.0, 'P': 1.0, 'O': 5.0}",VPO5,O-P-V,VPO5,LiVPO5,mp-aaaabljt,mp-aaaabnxb,3.832105108333334,158.72646360461718,507.34456688317783,608.2564920069386,1944.197706438189,0.0,0.125,1,0.0,0.005146724943774,0.0,0.0
mp-26963,LiVPO5,45,,PROMISING,insertion,Li0-2VPO5,mp-aaabrlks;mp-aaabfvjn;mp-aaaabccu;mp-aaaabndx;mp-aaaaboap;mp-aaabskxx,"{'V': 1.0, 'P': 1.0, 'O': 5.0}",VPO5,O-P-V,VPO5,Li2VPO5,mp-aaabrlks,mp-aaabskxx,3.106591852083338,304.91872533773477,976.0249030892222,947.258027681844,3032.111011367407,0.0,0.22222222222222202,2,1.078702237499996,0.104498227348343,0.009875720357143,0.076318011898151
mp-26963,LiVPO5,45,,PROMISING,insertion,Li0-1VPO5,mp-aaaabndu;mp-aaaabndt,"{'V': 1.0, 'P': 1.0, 'O': 5.0}",VPO5,O-P-V,VPO5,LiVPO5,mp-aaaabndu,mp-aaaabndt,4.032565223333333,158.72646360461718,503.0148533598126,640.0748171546633,2028.4402044788965,0.0,0.125,1,0.0,0.006517343096773,0.060073951071428,0.027507192812527004
mp-26963,LiVPO5,45,,PROMISING,insertion,Li0-1VPO5,mp-aaackqoo;mp-aaackvzj;mp-aaabqwhc,"{'V': 1.0, 'P': 1.0, 'O': 5.0}",VPO5,O-P-V,VPO5,LiVPO5,mp-aaackqoo,mp-aaabqwhc,3.161477798333334,158.72646360461718,459.248259273027,501.8101906939612,1451.9031756149056,0.0,0.125,1,0.0,0.06731146591819101,0.007286513214285001,0.09020411281252701
mp-26963,LiVPO5,45,,PROMISING,insertion,Li0-1VPO5,mp-aaaablhj;mp-aaaabmpn,"{'V': 1.0, 'P': 1.0, 'O': 5.0}",VPO5,O-P-V,VPO5,LiVPO5,mp-aaaablhj,mp-aaaabmpn,3.815353475833331,158.72646360461718,504.6783210803555,605.5975646206089,1925.526186511664,0.0,0.125,1,0.0,0.011342276019174001,0.0056868725000000005,0.007069967500027001
mp-26963,LiVPO5,45,,PROMISING,insertion,Li0-1VPO5,mp-aaabrpil;mp-aaabsemv,"{'V': 1.0, 'P': 1.0, 'O': 5.0}",VPO5,O-P-V,VPO5,LiVPO5,mp-aaabrpil,mp-aaabsemv,3.273639053333331,158.72646360461718,426.15563910956826,519.6131500535664,1395.0797429873076,0.0,0.125,1,0.0,0.020139625325568,0.0037694719642840002,0.073106544843777
mp-26963,LiVPO5,45,,PROMISING,insertion,Li0-1VPO5,mp-aaabrwjs;mp-aaabryke;mp-aaabrcmn,"{'V': 1.0, 'P': 1.0, 'O': 5.0}",VPO5,O-P-V,VPO5,LiVPO5,mp-aaabrwjs,mp-aaabryke,3.648990778333339,158.72646360461718,416.27170264212396,579.1914019707106,1518.9716042222283,0.0,0.125,1,0.0,0.027278108704285,0.028809727500000003,0.04809780281252601
mp-850939,Li2MnV(P2O7)2,46,,PROMISING,insertion,Li0-3MnV(P2O7)2,mp-aaabsbax;mp-aaabrfdg;mp-aaabrmwk;mp-aaabrmxd;mp-aaabrici;mp-aaabrmxk;mp-aaacoyol;mp-aaabrmxg;mp-aaacoypu;mp-aaabrnco;mp-aaabwkul;mp-aaabwkux,"{'Mn': 1.0, 'V': 1.0, 'P': 4.0, 'O': 14.0}",MnV(P2O7)2,Mn-O-P-V,MnV(P2O7)2,Li3MnV(P2O7)2,mp-aaabsbax,mp-aaabwkux,4.033616751666665,169.41903570925112,470.9736895784279,683.3714604880482,1899.7273638778029,0.0,0.130434782608695,3,0.657051365000029,0.07199738577496101,0.009545055541681,0.0
mp-867580,Li2Cr5(Si2O7)2,47,,PROMISING,insertion,Li0-2Cr5(Si2O7)2,mp-aaabrcev;mp-aaabxjkm,"{'Cr': 5.0, 'Si': 4.0, 'O': 14.0}",Cr5(Si2O7)2,Cr-O-Si,Cr5(Si2O7)2,Li2Cr5(Si2O7)2,mp-aaabrcev,mp-aaabxjkm,2.976786365833338,87.84546851533102,296.9647797487892,261.4971929766791,884.000707488896,0.0,0.08,1,0.0,0.009612343901525001,0.100957979999998,0.0
mp-867580,Li2Cr5(Si2O7)2,47,,PROMISING,insertion,Li0-2Cr5(Si2O7)2,mp-aaabtqxj;mp-aaabwzle,"{'Cr': 5.0, 'Si': 4.0, 'O': 14.0}",Cr5(Si2O7)2,Cr-O-Si,Cr5(Si2O7)2,Li2Cr5(Si2O7)2,mp-aaabtqxj,mp-aaabwzle,-0.220478096666677,87.84546851533102,295.7625633127033,-19.368001699052687,-65.2091670244424,0.0,0.08,1,0.0,0.031805120343663,2.03434297043478,2.034495348199986
mp-26965,Li2CrP2O7,48,,PROMISING,insertion,Li1.5-2.5CrPCO7,mp-aaabrlbl;mp-aaabsejd;mp-aaaablrb;mp-aaacozjr,"{'Cr': 1.0, 'P': 1.0, 'C': 1.0, 'O': 7.0}",CrPCO7,C-Cr-O-P,Li3Cr2P2(CO7)2,Li5Cr2P2(CO7)2,mp-aaabrlbl,mp-aaacozjr,3.262815258333352,119.47406546984529,318.82952975820774,389.821803790129,1040.2818545023276,0.130434782608695,0.2,2,3.175004080000064,0.039191745605243,0.048102542028983,0.054431542162502004
mp-26965,Li2CrP2O7,48,,PROMISING,insertion,Li1-2CrP2O7,mp-aaaabuwx;mp-aaaabnpr;mp-aaackrpk,"{'Cr': 1.0, 'P': 2.0, 'O': 7.0}",CrP2O7,Cr-O-P,LiCrP2O7,Li2CrP2O7,mp-aaaabuwx,mp-aaaabnpr,4.397781578333341,111.75599201414086,311.4213151441853,491.47844294815667,1369.5629228414402,0.09090909090909001,0.16666666666666602,1,0.0,0.054549132608374004,0.204268931590909,0.028816361874999002
mp-26965,Li2CrP2O7,48,,PROMISING,insertion,Li1-2CrP2O7,mp-aaabodlh;mp-aaaabnox,"{'Cr': 1.0, 'P': 2.0, 'O': 7.0}",CrP2O7,Cr-O-P,LiCrP2O7,Li2CrP2O7,mp-aaabodlh,mp-aaaabnox,3.376979578333338,111.75599201414086,319.96775706344386,377.3977027881373,1080.5245813283725,0.09090909090909001,0.16666666666666602,1,0.0,0.011914712433187001,0.12038984250000001,0.036994030208333
mp-26965,Li2CrP2O7,48,,PROMISING,insertion,Li1-2CrP2O7,mp-aaabetnu;mp-aaabnsgb;mp-aaaabnxd;mp-aaabngpy,"{'Cr': 1.0, 'P': 2.0, 'O': 7.0}",CrP2O7,Cr-O-P,LiCrP2O7,Li2CrP2O7,mp-aaabetnu,mp-aaaabnxd,4.350243368333342,111.75599201414086,280.20902452935945,486.16576313103025,1218.9774507060008,0.09090909090909001,0.16666666666666602,1,0.0,0.01311852857386,0.168511245000001,0.0
mp-1101601,LiV2(PO4)3,50,,PROMISING,insertion,Li0-4.5V2(PO4)3,mp-aaaabmqa;mp-aaaabnxa;mp-aaackrph;mp-aaaabmpz;mp-aaackrlc;mp-aaackrld;mp-aaabnsen;mp-aaabwimi;mp-aaaabnnk;mp-aaabrprw;mp-aaabrpij;mp-aaabrebn;mp-aaacpajf;mp-aaabodir;mp-aaaabnnj;mp-aaabvhnk;mp-aaabsdvd;mp-aaabsbmo;mp-aaabrgvb;mp-aaacoyzd;mp-aaabsfrt;mp-aaabrhza;mp-aaabrvqx;mp-aaabrhsr,"{'V': 2.0, 'P': 3.0, 'O': 12.0}",V2(PO4)3,O-P-V,V2(PO4)3,Li9V4(PO4)6,mp-aaaabmqa,mp-aaabrhsr,2.973455428888887,288.5108905482025,809.3923758932136,857.8742737941202,2406.692154200951,0.0,0.20930232558139503,6,0.9419502900000791,0.11719548505540801,0.014576926617646,0.046659088488373
mp-1101601,LiV2(PO4)3,50,,PROMISING,insertion,Li0-4V2(PO4)3,mp-aaaabmqu;mp-aaabwjkp;mp-aaaabmqt;mp-aaabseho;mp-aaabwiob;mp-aaabreph;mp-aaabrqdu;mp-aaabpnkl;mp-aaabwikb;mp-aaaabnwv;mp-aaacqhcj;mp-aaabrfmv;mp-aaabwiog;mp-aaabrwyr;mp-aaabwimq;mp-aaaaajma;mp-aaabkpks;mp-aaabrewv;mp-aaabrcht;mp-aaacqlkb;mp-aaabrgpu,"{'V': 2.0, 'P': 3.0, 'O': 12.0}",V2(PO4)3,O-P-V,V2(PO4)3,Li4V2(PO4)3,mp-aaaabmqu,mp-aaabrgpu,3.163282101458333,258.60103179451716,728.3421648312648,818.0280152942536,2303.951733748155,0.0,0.19047619047619002,5,1.741734812499998,0.125278657756902,0.016242477352941,0.030578416904768
mp-1101601,LiV2(PO4)3,50,,PROMISING,insertion,Li1-3V2(PO4)3,mp-aaaabnuu;mp-aaabrpgv;mp-aaaabnut,"{'V': 2.0, 'P': 3.0, 'O': 12.0}",V2(PO4)3,O-P-V,LiV2(PO4)3,Li3V2(PO4)3,mp-aaaabnuu,mp-aaaabnut,3.707869343333333,131.50225941203442,412.24945613465485,487.59319625294967,1528.5671202075264,0.055555555555555004,0.15,2,0.7047548400000391,0.007428258579270001,0.08342906500003,0.042418174999999
mp-1101601,LiV2(PO4)3,50,,PROMISING,insertion,Li0-1V2(PO4)3,mp-aaacbehp;mp-aaabwwnw,"{'V': 2.0, 'P': 3.0, 'O': 12.0}",V2(PO4)3,O-P-V,V2(PO4)3,LiV2(PO4)3,mp-aaacbehp,mp-aaabwwnw,-7.754751246666666,68.06931332866765,197.10565628994175,-527.8605923952293,-1528.5053338394773,0.0,0.055555555555555004,1,0.0,0.004344006020078,4.579859001911764,4.979756124444474
mp-26127,LiVPO4,53,,PROMISING,insertion,Li1-2VPO4F,mp-aaaablpv;mp-aaabsexn;mp-aaabseaq,"{'V': 1.0, 'P': 1.0, 'O': 4.0, 'F': 1.0}",VPO4F,F-O-P-V,LiVPO4F,Li2VPO4F,mp-aaaablpv,mp-aaabseaq,2.00743891208332,149.90207329892138,455.29942672646064,300.9192549422209,913.9857858599256,0.125,0.22222222222222202,1,0.0,0.06328164372025301,0.0,0.017004511764407003
mp-26127,LiVPO4,53,,PROMISING,insertion,Li0-1VPO4,mp-aaaabbwl;mp-aaaabmqx;mp-aaabrchr;mp-aaabrnry,"{'V': 1.0, 'P': 1.0, 'O': 4.0}",VPO4,O-P-V,VPO4,LiVPO4,mp-aaaabbwl,mp-aaaabmqx,2.292511645833326,175.3405559707997,602.0933944943126,401.9702665499485,1380.306118757531,0.0,0.14285714285714202,1,0.0,0.09080188261763801,0.0,0.0
mp-26127,LiVPO4,53,,PROMISING,insertion,Li0-1VPO4,mp-aaaabmqg;mp-aaabqxez;mp-aaaablpu,"{'V': 1.0, 'P': 1.0, 'O': 4.0}",VPO4,O-P-V,VPO4,LiVPO4,mp-aaaabmqg,mp-aaaablpu,2.408275798333332,175.3405559707997,580.1286881650043,422.268417410788,1397.1098796266447,0.0,0.14285714285714202,2,0.079429090000004,0.042051367497579005,0.026620015416668003,0.006279420000014001
mp-26127,LiVPO4,53,,PROMISING,insertion,Li0-1VPO4,mp-aaabrroi;mp-aaabqxfb;mp-aaabqvbr,"{'V': 1.0, 'P': 1.0, 'O': 4.0}",VPO4,O-P-V,VPO4,LiVPO4,mp-aaabrroi,mp-aaabqvbr,2.176045970833333,175.3405559707997,599.948505949813,381.5491103439352,1305.5155290795685,0.0,0.14285714285714202,1,0.0,0.07057506693787201,0.004669389166668,0.020640287142871
mp-26019,LiMn(PO3)3,54,,PROMISING,insertion,Li0-1Mn(PO3)3,mp-aaaablir;mp-aaaabcvs,"{'Mn': 1.0, 'P': 3.0, 'O': 9.0}",Mn(PO3)3,Mn-O-P,Mn(PO3)3,LiMn(PO3)3,mp-aaaablir,mp-aaaabcvs,4.327931088333334,89.69858041321287,266.25108809209524,388.2092747497114,1152.3163614563562,0.0,0.07142857142857101,1,0.0,0.045617351359590004,0.010715820064102,0.000503006785713
mp-26019,LiMn(PO3)3,54,,PROMISING,insertion,Li0-1Mn(PO3)3,mp-aaabobua;mp-aaaabmmt,"{'Mn': 1.0, 'P': 3.0, 'O': 9.0}",Mn(PO3)3,Mn-O-P,Mn(PO3)3,LiMn(PO3)3,mp-aaabobua,mp-aaaabmmt,4.965640293333328,89.69858041321287,241.14040916635165,445.41088515464946,1197.416532107321,0.0,0.07142857142857101,1,0.0,0.054812021443186004,0.059228674679487,0.0
mp-26019,LiMn(PO3)3,54,,PROMISING,insertion,Li0-1Mn(PO3)3,mp-aaabfsgk;mp-aaabsdux,"{'Mn': 1.0, 'P': 3.0, 'O': 9.0}",Mn(PO3)3,Mn-O-P,Mn(PO3)3,LiMn(PO3)3,mp-aaabfsgk,mp-aaabsdux,4.989347755833326,89.69858041321287,228.91989175738559,447.53741088609877,1142.1609482053198,0.0,0.07142857142857101,1,0.0,0.11505173864286901,0.117870976794871,0.052760176071428
mp-26019,LiMn(PO3)3,54,,PROMISING,insertion,Li0-1Mn(PO3)3,mp-aaabcscd;mp-aaaabnwb,"{'Mn': 1.0, 'P': 3.0, 'O': 9.0}",Mn(PO3)3,Mn-O-P,Mn(PO3)3,LiMn(PO3)3,mp-aaabcscd,mp-aaaabnwb,3.676581288333342,89.69858041321287,248.42116032287367,329.7841223372821,913.3405896691347,0.0,0.07142857142857101,1,0.0,0.049307479525249005,0.008724037564102,0.045178480178570006
mp-26019,LiMn(PO3)3,54,,PROMISING,insertion,Li0-1Mn(PO3)3,mp-aaabrlwo;mp-aaadqqks,"{'Mn': 1.0, 'P': 3.0, 'O': 9.0}",Mn(PO3)3,Mn-O-P,Mn(PO3)3,LiMn(PO3)3,mp-aaabrlwo,mp-aaadqqks,4.50240873333333,89.69858041321287,263.5186491173987,403.8596718200516,1186.4686671823772,0.0,0.07142857142857101,1,0.0,0.043758128590280006,0.045580562179488006,0.020414721249999
mp-26019,LiMn(PO3)3,54,,PROMISING,insertion,Li0-1Mn(PO3)3,mp-aaabrxwr;mp-aaacoyuc;mp-aaabslcn,"{'Mn': 1.0, 'P': 3.0, 'O': 9.0}",Mn(PO3)3,Mn-O-P,Mn(PO3)3,LiMn(PO3)3,mp-aaabrxwr,mp-aaacoyuc,3.492629453333326,89.69858041321287,244.06391450627808,313.2839038733751,852.4248163004537,0.0,0.07142857142857101,1,0.0,0.10553341313872301,0.0,0.050217004940476005
mp-18997,LiMnPO4,55,,PROMISING,insertion,Li0-1MnPO4,mp-aaaabmky;mp-aaaexdsn;mp-aaaabmkx,"{'Mn': 1.0, 'P': 1.0, 'O': 4.0}",MnPO4,Mn-O-P,MnPO4,LiMnPO4,mp-aaaabmky,mp-aaaabmkx,3.7464543333333222,170.8728823723351,576.3703073719633,640.1674506129899,2159.3450356583508,0.0,0.14285714285714202,1,0.0,0.06739393304492401,0.05252174750000001,0.050066248928565
mp-18997,LiMnPO4,55,,PROMISING,insertion,Li0-1MnPO4,mp-aaabocdw;mp-aaabcrvm,"{'Mn': 1.0, 'P': 1.0, 'O': 4.0}",MnPO4,Mn-O-P,MnPO4,LiMnPO4,mp-aaabocdw,mp-aaabcrvm,-0.7737872972916571,170.8728823723351,478.17507786935766,-132.21926583132446,-370.005801136758,0.0,0.14285714285714202,1,0.0,0.031878490311127,0.10115170322916801,0.7374978724999931
mp-18997,LiMnPO4,55,,PROMISING,insertion,Li0-1MnPO4,mp-aaaabmum;mp-aaaabmul;mp-aaadqrlw,"{'Mn': 1.0, 'P': 1.0, 'O': 4.0}",MnPO4,Mn-O-P,MnPO4,LiMnPO4,mp-aaaabmum,mp-aaaabmul,3.707587988333334,170.8728823723351,588.1442995741866,633.5262462155645,2180.5967405079764,0.0,0.14285714285714202,1,0.0,0.108165025892167,0.011608090000001,0.020549734642851
mp-18997,LiMnPO4,55,,PROMISING,insertion,Li0-1MnPO4,mp-aaaabnxs;mp-aaabqxbn;mp-aaaeipnf;mp-aaaabccr,"{'Mn': 1.0, 'P': 1.0, 'O': 4.0}",MnPO4,Mn-O-P,MnPO4,LiMnPO4,mp-aaaabnxs,mp-aaaabccr,3.797607483333341,170.8728823723351,567.533481490145,648.9081367959177,2155.2693963491993,0.0,0.14285714285714202,1,0.0,0.06567156792956101,0.0026366487500020003,0.0
mp-18997,LiMnPO4,55,,PROMISING,insertion,Li0-1MnPO4,mp-aaaabmwy;mp-aaacoyqk;mp-aaaabvgm,"{'Mn': 1.0, 'P': 1.0, 'O': 4.0}",MnPO4,Mn-O-P,MnPO4,LiMnPO4,mp-aaaabmwy,mp-aaaabvgm,4.546071956666669,170.8728823723351,551.951625347792,776.800418707675,2509.2118054301845,0.0,0.14285714285714202,2,0.097920826666666,0.057215736139496,0.155618313055557,0.024203644642851
mp-18997,LiMnPO4,55,,PROMISING,insertion,Li0-1MnPO4,mp-aaaaboba;mp-aaacoyrc;mp-aaacotce;mp-aaabnhzw,"{'Mn': 1.0, 'P': 1.0, 'O': 4.0}",MnPO4,Mn-O-P,MnPO4,LiMnPO4,mp-aaaaboba,mp-aaacotce,3.900206260833333,170.8728823723351,548.4568642244999,666.4394856352192,2139.094895645412,0.0,0.14285714285714202,1,0.0,0.094731169356238,0.06988509888889101,0.042984560476185006
mp-18997,LiMnPO4,55,,PROMISING,insertion,Li0-1MnPO4,mp-aaabeszu;mp-aaaabmof,"{'Mn': 1.0, 'P': 1.0, 'O': 4.0}",MnPO4,Mn-O-P,MnPO4,LiMnPO4,mp-aaabeszu,mp-aaaabmof,4.234417403333329,170.8728823723351,489.7176014599198,723.5471068751447,2073.6687343405397,0.0,0.14285714285714202,1,0.0,0.09892517822484101,0.089081475833335,0.011694148928566002
mp-18997,LiMnPO4,55,,PROMISING,insertion,Li0-0.5MnPO4,mp-aaabetaw;mp-aaacoyqy,"{'Mn': 1.0, 'P': 1.0, 'O': 4.0}",MnPO4,Mn-O-P,MnPO4,LiMn2(PO4)2,mp-aaabetaw,mp-aaacoyqy,4.06187906833333,87.36959641448958,250.11358564139144,354.884734884746,1015.9311382225637,0.0,0.07692307692307601,1,0.0,0.036602961974525006,0.08208414041666601,0.054224477499993005
mp-18997,LiMnPO4,55,,PROMISING,insertion,Li0-1MnPO4,mp-aaabnnlj;mp-aaaabmot,"{'Mn': 1.0, 'P': 1.0, 'O': 4.0}",MnPO4,Mn-O-P,MnPO4,LiMnPO4,mp-aaabnnlj,mp-aaaabmot,4.206166843333325,170.8728823723351,493.8097310073079,718.7198522593114,2077.0461174782868,0.0,0.14285714285714202,1,0.0,0.027676897105091,0.084943009722223,0.012182686547613002
mp-18997,LiMnPO4,55,,PROMISING,insertion,Li0.5-1MnPO4,mp-aaabqwnv;mp-aaabwuhf,"{'Mn': 1.0, 'P': 1.0, 'O': 4.0}",MnPO4,Mn-O-P,LiMn2(PO4)2,LiMnPO4,mp-aaabqwnv,mp-aaabwuhf,4.163795528333343,85.43644118616756,244.8010372571217,355.7398717676791,1019.3014642625674,0.07692307692307601,0.14285714285714202,1,0.0,0.0035755394288580003,0.08264630288461,0.049456714285708005
mp-18997,LiMnPO4,55,,PROMISING,insertion,Li0-1MnPO4,mp-aaabnsez;mp-aaabqzlr;mp-aaaabnjj;mp-aaabwwvu;mp-aaabwuhj,"{'Mn': 1.0, 'P': 1.0, 'O': 4.0}",MnPO4,Mn-O-P,MnPO4,LiMnPO4,mp-aaabnsez,mp-aaaabnjj,4.307593643333338,170.8728823723351,566.7424618380106,736.050941925116,2441.2962260205018,0.0,0.14285714285714202,2,0.25733594999999804,0.06991716255080101,0.130776221666668,0.036978753928564
mp-18997,LiMnPO4,55,,PROMISING,insertion,Li0.5-1MnPO4,mp-aaabqwpw;mp-aaaabmfn,"{'Mn': 1.0, 'P': 1.0, 'O': 4.0}",MnPO4,Mn-O-P,LiMn2(PO4)2,LiMnPO4,mp-aaabqwpw,mp-aaaabmfn,3.9772598383333433,85.43644118616756,254.03486331458583,339.80292625987295,1010.3626593976026,0.07692307692307601,0.14285714285714202,1,0.0,0.021160381994088002,0.070129749423071,0.051158178214278004
mp-18997,LiMnPO4,55,,PROMISING,insertion,Li0-1MnPO4,mp-aaabodpj;mp-aaabhhut,"{'Mn': 1.0, 'P': 1.0, 'O': 4.0}",MnPO4,Mn-O-P,MnPO4,LiMnPO4,mp-aaabodpj,mp-aaabhhut,3.197402790833341,170.8728823723351,478.16005570485595,546.3494309750415,1528.8702965757325,0.0,0.14285714285714202,1,0.0,0.034677408347819,0.119482589583334,0.18589719107142202
mp-18997,LiMnPO4,55,,PROMISING,insertion,Li0-1MnPO4,mp-aaaabnro;mp-aaabqxfc;mp-aaabwzto;mp-aaaabnrn,"{'Mn': 1.0, 'P': 1.0, 'O': 4.0}",MnPO4,Mn-O-P,MnPO4,LiMnPO4,mp-aaaabnro,mp-aaabwzto,4.318775325833333,170.8728823723351,478.48127459661765,737.9615882436624,2066.453122601156,0.0,0.14285714285714202,1,0.0,0.036658776006949,0.10325816666666801,0.011794466428566
mp-18997,LiMnPO4,55,,PROMISING,insertion,Li0.5-1MnPO4,mp-aaabqwns;mp-aaadqrgr;mp-aaabnhzu,"{'Mn': 1.0, 'P': 1.0, 'O': 4.0}",MnPO4,Mn-O-P,LiMn2(PO4)2,LiMnPO4,mp-aaabqwns,mp-aaadqrgr,4.124118988333355,85.43644118616756,268.9325666646782,352.3500493914995,1109.109904763025,0.07692307692307601,0.14285714285714202,1,0.0,0.011551068996411002,0.062162258653842006,0.033269854642850004
mp-18997,LiMnPO4,55,,PROMISING,insertion,Li0-1MnPO4,mp-aaabngrt;mp-aaaabnwf,"{'Mn': 1.0, 'P': 1.0, 'O': 4.0}",MnPO4,Mn-O-P,MnPO4,LiMnPO4,mp-aaabngrt,mp-aaaabnwf,4.020357123333345,170.8728823723351,563.3127435724381,686.9700098301182,2264.7184012859016,0.0,0.14285714285714202,1,0.0,0.026339893909823,0.09288726500000101,0.045536293928564
mp-18997,LiMnPO4,55,,PROMISING,insertion,Li0-1MnPO4,mp-aaabravp;mp-aaabwzpb,"{'Mn': 1.0, 'P': 1.0, 'O': 4.0}",MnPO4,Mn-O-P,MnPO4,LiMnPO4,mp-aaabravp,mp-aaabwzpb,3.840762836666667,170.8728823723351,406.4209335750918,656.2822164097796,1560.9664177185848,0.0,0.14285714285714202,1,0.0,0.21528727809807002,0.087783571666667,0.06681802630951801
mp-18997,LiMnPO4,55,,PROMISING,insertion,Li0-1MnPO4,mp-aaabsgci;mp-aaabsejo,"{'Mn': 1.0, 'P': 1.0, 'O': 4.0}",MnPO4,Mn-O-P,MnPO4,LiMnPO4,mp-aaabsgci,mp-aaabsejo,3.517563238333328,170.8728823723351,583.2220917907008,601.056169460981,2051.520589866835,0.0,0.14285714285714202,1,0.0,0.106409370142946,0.0,0.037746336071422006
mp-18997,LiMnPO4,55,,PROMISING,insertion,Li0-1MnPO4,mp-aaabwjgb;mp-aaabrpsm;mp-aaabwwwj,"{'Mn': 1.0, 'P': 1.0, 'O': 4.0}",MnPO4,Mn-O-P,MnPO4,LiMnPO4,mp-aaabwjgb,mp-aaabwwwj,3.8882881633333333,170.8728823723351,556.9857234281109,664.4030059629996,2165.720995551177,0.0,0.14285714285714202,2,0.28890842000001205,0.085186918442008,0.069808133888889,0.044621175833327004
mp-18997,LiMnPO4,55,,PROMISING,insertion,Li0.5-1MnPO4,mp-aaabrpvb;mp-aaabwuhg,"{'Mn': 1.0, 'P': 1.0, 'O': 4.0}",MnPO4,Mn-O-P,LiMn2(PO4)2,LiMnPO4,mp-aaabrpvb,mp-aaabwuhg,4.608270325833335,85.43644118616756,241.58057581582472,393.714216663021,1113.2685988297953,0.07692307692307601,0.14285714285714202,1,0.0,0.011741268102966001,0.07549791288461001,0.011070723749994
mp-18997,LiMnPO4,55,,PROMISING,insertion,Li0-0.67MnPO4,mp-aaabrsto;mp-aaabrstq;mp-aaabrstr;mp-aaabrsuo;mp-aaabrsue;mp-aaabsiei,"{'Mn': 1.0, 'P': 1.0, 'O': 4.0}",MnPO4,Mn-O-P,MnPO4,Li2Mn3(PO4)3,mp-aaabrsto,mp-aaabsiei,3.613919270833325,115.62075179254467,393.45817539066326,417.84406301131395,1421.9260823112365,0.0,0.1,2,0.7623927450000131,0.036515700375798,0.024829921666668003,0.039133761499996006
mp-18997,LiMnPO4,55,,PROMISING,insertion,Li0-2MnPO4F,mp-aaabxacc;mp-aaabrfvz;mp-aaabrfvs;mp-aaabrfgb;mp-aaabrfwm;mp-aaabrxxe,"{'Mn': 1.0, 'P': 1.0, 'O': 4.0, 'F': 1.0}",MnPO4F,F-Mn-O-P,MnPO4F,Li2MnPO4F,mp-aaabxacc,mp-aaabrxxe,4.12730612708333,293.2491818448629,916.449799263318,1210.3291449904764,3782.4688716637806,0.0,0.22222222222222202,3,0.686064728749997,0.109954364159522,0.035307653035705,0.029435256527779
mp-18997,LiMnPO4,55,,PROMISING,insertion,Li0-1MnPO4F,mp-aaadbscn;mp-aaadefin,"{'Mn': 1.0, 'P': 1.0, 'O': 4.0, 'F': 1.0}",MnPO4F,F-Mn-O-P,MnPO4F,LiMnPO4F,mp-aaadbscn,mp-aaadefin,4.0724446983333324,152.41206986206774,487.6836893620299,620.6897258717872,1986.0648552060384,0.0,0.125,1,0.0,0.0767848530354,2.87100025964285,2.56546596375
mp-18997,LiMnPO4,55,,PROMISING,insertion,Li0-2MnPO4F,mp-aaaablpy;mp-aaaablpi;mp-aaaablot;mp-aaacotee,"{'Mn': 1.0, 'P': 1.0, 'O': 4.0, 'F': 1.0}",MnPO4F,F-Mn-O-P,MnPO4F,Li2MnPO4F,mp-aaaablpy,mp-aaaablot,4.036170075833337,293.2491818448629,892.9382746688424,1183.6035725248444,3604.050743784631,0.0,0.22222222222222202,2,1.387800134999992,0.176185380708578,0.032985650357135,0.047881710277779
mp-18997,LiMnPO4,55,,PROMISING,insertion,Li1-2MnPO4F,mp-aaacoypt;mp-aaabseap,"{'Mn': 1.0, 'P': 1.0, 'O': 4.0, 'F': 1.0}",MnPO4F,F-Mn-O-P,LiMnPO4F,Li2MnPO4F,mp-aaacoypt,mp-aaabseap,3.960994844583344,146.62459092243145,449.9119574395734,580.7792487328927,1782.0989439345512,0.125,0.22222222222222202,1,0.0,0.046274477246196,0.05402730203125,0.027158774722223004
mp-26035,Li9Mn3P8O29,56,,PROMISING,insertion,Li3-9Mn3P8O29,mp-aaacpacl;mp-aaabseiv;mp-aaabobvw;mp-aaaabmnj,"{'Mn': 3.0, 'P': 8.0, 'O': 29.0}",Mn3P8O29,Mn-O-P,Li3Mn3P8O29,Li9Mn3P8O29,mp-aaacpacl,mp-aaaabmnj,4.897374787499998,171.2452886863373,458.86357359382436,838.6523592906268,2247.2268962205453,0.069767441860465,0.183673469387755,2,0.827983958333352,0.018969462466735,0.079383918275197,0.0
mp-1177781,Li2VFe(P2O7)2,57,,PROMISING,insertion,Li0-3VFe(P2O7)2,mp-aaabrrru;mp-aaabqvdy;mp-aaabrfzw;mp-aaacsiep;mp-aaabrgdb;mp-aaacshgs;mp-aaabrpcv;mp-aaabrfxp;mp-aaacoylv;mp-aaacshjj;mp-aaacpahh;mp-aaacozwy,"{'V': 1.0, 'Fe': 1.0, 'P': 4.0, 'O': 14.0}",VFe(P2O7)2,Fe-O-P-V,VFe(P2O7)2,Li3VFe(P2O7)2,mp-aaabrrru,mp-aaacozwy,3.761030858333332,169.09588810400138,476.4939383316091,635.9748531764294,1792.1084058739618,0.0,0.130434782608695,3,0.94992400000001,0.054003401912552006,0.010630669541582,0.000288295833343
mp-25410,LiMnPO4F,58,,PROMISING,insertion,Li0-2MnPO4F,mp-aaabxacc;mp-aaabrfvz;mp-aaabrfvs;mp-aaabrfgb;mp-aaabrfwm;mp-aaabrxxe,"{'Mn': 1.0, 'P': 1.0, 'O': 4.0, 'F': 1.0}",MnPO4F,F-Mn-O-P,MnPO4F,Li2MnPO4F,mp-aaabxacc,mp-aaabrxxe,4.12730612708333,293.2491818448629,916.449799263318,1210.3291449904764,3782.4688716637806,0.0,0.22222222222222202,3,0.686064728749997,0.109954364159522,0.035307653035705,0.029435256527779
mp-25410,LiMnPO4F,58,,PROMISING,insertion,Li0-1MnPO4F,mp-aaadbscn;mp-aaadefin,"{'Mn': 1.0, 'P': 1.0, 'O': 4.0, 'F': 1.0}",MnPO4F,F-Mn-O-P,MnPO4F,LiMnPO4F,mp-aaadbscn,mp-aaadefin,4.0724446983333324,152.41206986206774,487.6836893620299,620.6897258717872,1986.0648552060384,0.0,0.125,1,0.0,0.0767848530354,2.87100025964285,2.56546596375
mp-25410,LiMnPO4F,58,,PROMISING,insertion,Li0-2MnPO4F,mp-aaaablpy;mp-aaaablpi;mp-aaaablot;mp-aaacotee,"{'Mn': 1.0, 'P': 1.0, 'O': 4.0, 'F': 1.0}",MnPO4F,F-Mn-O-P,MnPO4F,Li2MnPO4F,mp-aaaablpy,mp-aaaablot,4.036170075833337,293.2491818448629,892.9382746688424,1183.6035725248444,3604.050743784631,0.0,0.22222222222222202,2,1.387800134999992,0.176185380708578,0.032985650357135,0.047881710277779
mp-25410,LiMnPO4F,58,,PROMISING,insertion,Li1-2MnPO4F,mp-aaacoypt;mp-aaabseap,"{'Mn': 1.0, 'P': 1.0, 'O': 4.0, 'F': 1.0}",MnPO4F,F-Mn-O-P,LiMnPO4F,Li2MnPO4F,mp-aaacoypt,mp-aaabseap,3.960994844583344,146.62459092243145,449.9119574395734,580.7792487328927,1782.0989439345512,0.125,0.22222222222222202,1,0.0,0.046274477246196,0.05402730203125,0.027158774722223004
mp-26977,LiMn2P3O10,59,,PROMISING,insertion,Li0-1Mn2P3O10,mp-aaabnsgg;mp-aaaabnvr,"{'Mn': 2.0, 'P': 3.0, 'O': 10.0}",Mn2P3O10,Mn-O-P,Mn2P3O10,LiMn2P3O10,mp-aaabnsgg,mp-aaaabnvr,4.432370943333329,72.48886731348593,189.7073276892744,321.2975491954402,840.8532469873542,0.0,0.0625,1,0.0,0.0419208124055,0.080089244333334,0.0439713596875
mp-26977,LiMn2P3O10,59,,PROMISING,insertion,Li0-1Mn2P3O10,mp-aaaabnxq;mp-aaaabnxp,"{'Mn': 2.0, 'P': 3.0, 'O': 10.0}",Mn2P3O10,Mn-O-P,Mn2P3O10,LiMn2P3O10,mp-aaaabnxq,mp-aaaabnxp,4.38721299333334,72.48886731348593,235.93750722908004,318.0241005497419,1035.1080973300989,0.0,0.0625,1,0.0,0.017699153640052,0.030175930666668002,0.0
mp-26005,LiMn6P7O24,62,,PROMISING,insertion,Li0-1Mn6P7O24,mp-aaabcrvc;mp-aaaabmmf,"{'Mn': 6.0, 'P': 7.0, 'O': 24.0}",Mn6P7O24,Mn-O-P,Mn6P7O24,LiMn6P7O24,mp-aaabcrvc,mp-aaaabmmf,3.967335698333333,28.592174616624867,94.82146168251433,113.43475504951603,376.1885699011854,0.0,0.026315789473684,1,0.0,0.026426335313874002,0.003451735405356,0.0
mp-775982,Li3V2P4(HO8)2,63,,PROMISING,insertion,Li0.5-2VP2HO8,mp-aaabseqo;mp-aaacoypo;mp-aaabsjrn;mp-aaabwksm;mp-aaabwkne;mp-aaabskod;mp-aaabwjtd;mp-aaabsjcf;mp-aaabshwy;mp-aaabslja;mp-aaabskoo;mp-aaabskag;mp-aaabsdwe;mp-aaabsjat;mp-aaabskor;mp-aaabsjav;mp-aaadlsez;mp-aaabsdvm;mp-aaabsikj;mp-aaabsdxm;mp-aaabskic;mp-aaabsjsg;mp-aaabsliz;mp-aaacozwk;mp-aaabqywc,"{'V': 1.0, 'P': 2.0, 'H': 1.0, 'O': 8.0}",VP2HO8,H-O-P-V,LiV2P4(HO8)2,Li2VP2HO8,mp-aaabseqo,mp-aaabqywc,4.109640574999999,157.17858711502168,454.8319308150945,645.9474991290652,1869.195757683305,0.04,0.14285714285714202,2,2.79604151499997,0.05967594619068801,0.052371174780947,0.0009663069817040001
mp-775982,Li3V2P4(HO8)2,63,,PROMISING,insertion,Li0.5-1.5VP2HO8,mp-aaabsijq;mp-aaabslgf;mp-aaabwjuf,"{'V': 1.0, 'P': 2.0, 'H': 1.0, 'O': 8.0}",VP2HO8,H-O-P-V,LiV2P4(HO8)2,Li3V2P4(HO8)2,mp-aaabsijq,mp-aaabwjuf,4.149480028333333,106.2270785943239,309.3873912732597,440.7871410953424,1283.7968011065418,0.04,0.11111111111111101,1,0.0,0.042330099015676005,0.052112730780947004,0.065847691481521
mp-775982,Li3V2P4(HO8)2,63,,PROMISING,insertion,Li0.5-1.5VP2HO8,mp-aaabtzaf;mp-aaabtywo;mp-aaabwtxc,"{'V': 1.0, 'P': 2.0, 'H': 1.0, 'O': 8.0}",VP2HO8,H-O-P-V,LiV2P4(HO8)2,Li3V2P4(HO8)2,mp-aaabtzaf,mp-aaabwtxc,15.549063130833334,106.2270785943239,309.38734612751347,1651.7315512671366,4810.683376817691,0.04,0.11111111111111101,1,0.0,0.043397733561408004,6.485674323580948,5.178435603148188
mp-775982,Li3V2P4(HO8)2,63,,PROMISING,insertion,Li0.5-1.5VP2HO8,mp-aaabsiro;mp-aaacozwt;mp-aaabsgdn;mp-aaacozwe,"{'V': 1.0, 'P': 2.0, 'H': 1.0, 'O': 8.0}",VP2HO8,H-O-P-V,LiV2P4(HO8)2,Li3V2P4(HO8)2,mp-aaabsiro,mp-aaacozwt,4.201950488333328,106.2270785943239,309.4787191714037,446.3609247736422,1300.4142551510529,0.04,0.11111111111111101,1,0.0,0.046270872018535004,0.05462088331428001,0.06428335419757
mp-775982,Li3V2P4(HO8)2,63,,PROMISING,insertion,Li0.5-1.5VP2HO8,mp-aaabskol;mp-aaabqwrk,"{'V': 1.0, 'P': 2.0, 'H': 1.0, 'O': 8.0}",VP2HO8,H-O-P-V,LiV2P4(HO8)2,Li3V2P4(HO8)2,mp-aaabskol,mp-aaabqwrk,4.110077793333336,106.2270785943239,313.52437354777766,436.60155678120566,1288.6095653874665,0.04,0.11111111111111101,1,0.0,0.036171039506987,0.054288194914280004,0.07078069419757001
mp-775982,Li3V2P4(HO8)2,63,,PROMISING,insertion,Li1-1.5VP2HO8,mp-aaabskug;mp-aaabsllm,"{'V': 1.0, 'P': 2.0, 'H': 1.0, 'O': 8.0}",VP2HO8,H-O-P-V,LiVP2HO8,Li3V2P4(HO8)2,mp-aaabskug,mp-aaabsllm,3.921301188333335,53.11353929716195,154.61502545793712,208.27418476255045,606.2920830623978,0.07692307692307601,0.11111111111111101,1,0.0,0.025995672211029,0.048152974990839,0.063618181111151
mp-759232,LiMnV(P2O7)2,64,,PROMISING,insertion,Li0-3MnV(P2O7)2,mp-aaabsbax;mp-aaabrfdg;mp-aaabrmwk;mp-aaabrmxd;mp-aaabrici;mp-aaabrmxk;mp-aaacoyol;mp-aaabrmxg;mp-aaacoypu;mp-aaabrnco;mp-aaabwkul;mp-aaabwkux,"{'Mn': 1.0, 'V': 1.0, 'P': 4.0, 'O': 14.0}",MnV(P2O7)2,Mn-O-P-V,MnV(P2O7)2,Li3MnV(P2O7)2,mp-aaabsbax,mp-aaabwkux,4.033616751666665,169.41903570925112,470.9736895784279,683.3714604880482,1899.7273638778029,0.0,0.130434782608695,3,0.657051365000029,0.07199738577496101,0.009545055541681,0.0
mp-26983,LiMn(PO3)4,65,,PROMISING,insertion,Li0-1Mn(PO3)4,mp-aaaabmwo;mp-aaaabvgw,"{'Mn': 1.0, 'P': 4.0, 'O': 12.0}",Mn(PO3)4,Mn-O-P,Mn(PO3)4,LiMn(PO3)4,mp-aaaabmwo,mp-aaaabvgw,5.438288473333335,70.94714132443546,181.6714380990518,385.8310208806285,987.981687747964,0.0,0.055555555555555004,1,0.0,0.010081398919854,0.042207412254903,0.023214436249987
mp-26983,LiMn(PO3)4,65,,PROMISING,insertion,Li1-2Mn(PO3)4,mp-aaabngrf;mp-aaabetnp,"{'Mn': 1.0, 'P': 4.0, 'O': 12.0}",Mn(PO3)4,Mn-O-P,LiMn(PO3)4,Li2Mn(PO3)4,mp-aaabngrf,mp-aaabetnp,4.764521593333318,69.66709452297067,190.84118259870576,331.93037619948706,909.2669353888002,0.055555555555555004,0.105263157894736,1,0.0,0.024296112657451,0.09154601541665201,0.048428925087752005
mp-26983,LiMn(PO3)4,65,,PROMISING,insertion,Li0-1Mn(PO3)4,mp-aaaabvjm;mp-aaabethz,"{'Mn': 1.0, 'P': 4.0, 'O': 12.0}",Mn(PO3)4,Mn-O-P,Mn(PO3)4,LiMn(PO3)4,mp-aaaabvjm,mp-aaabethz,5.404884023333329,70.94714132443546,170.52365932023494,383.46107064561306,921.6606018602733,0.0,0.055555555555555004,1,0.0,0.00303940476999,0.051616149313725004,0.033956268472208
mp-26983,LiMn(PO3)4,65,,PROMISING,insertion,Li1-2Mn(PO3)4,mp-aaabnnlt;mp-aaaabmpr,"{'Mn': 1.0, 'P': 4.0, 'O': 12.0}",Mn(PO3)4,Mn-O-P,LiMn(PO3)4,Li2Mn(PO3)4,mp-aaabnnlt,mp-aaaabmpr,4.9129216308333294,69.66709452297067,191.4136044911759,342.2689756392127,940.4000379404737,0.055555555555555004,0.105263157894736,1,0.0,0.04212165630412,0.055229903472208006,0.006213659166699001
mp-26983,LiMn(PO3)4,65,,PROMISING,insertion,Li0-1Mn(PO3)4,mp-aaaabvjw;mp-aaaabnqd,"{'Mn': 1.0, 'P': 4.0, 'O': 12.0}",Mn(PO3)4,Mn-O-P,Mn(PO3)4,LiMn(PO3)4,mp-aaaabvjw,mp-aaaabnqd,5.113220223333319,70.94714132443546,171.37624551083218,362.76835780779044,876.284484344923,0.0,0.055555555555555004,1,0.0,0.062606719380007,0.034900171666667,0.034372500694431006
mp-26983,LiMn(PO3)4,65,,PROMISING,insertion,Li1-2Mn(PO3)4,mp-aaabobsa;mp-aaaabmhr,"{'Mn': 1.0, 'P': 4.0, 'O': 12.0}",Mn(PO3)4,Mn-O-P,LiMn(PO3)4,Li2Mn(PO3)4,mp-aaabobsa,mp-aaaabmhr,5.41454916583334,69.66709452297067,213.9237372247568,377.2159085353833,1158.3005929422575,0.055555555555555004,0.105263157894736,1,0.0,0.027693545526825004,0.11933298527776401,0.040541445350910005
mp-26983,LiMn(PO3)4,65,,PROMISING,insertion,Li0-2Mn(PO3)4,mp-aaabrfpl;mp-aaaabvia;mp-aaaabvhz,"{'Mn': 1.0, 'P': 4.0, 'O': 12.0}",Mn(PO3)4,Mn-O-P,Mn(PO3)4,Li2Mn(PO3)4,mp-aaabrfpl,mp-aaaabvhz,4.704670653333328,139.33418904594134,335.36851295963925,655.5214702104383,1577.7984009732527,0.0,0.105263157894736,2,0.8157308899999971,0.19205195534056502,0.061004457549019,0.042273667456173
mp-26983,LiMn(PO3)4,65,,PROMISING,insertion,Li0-2Mn(PO3)4,mp-aaaabnxw;mp-aaaabnxv;mp-aaabskws,"{'Mn': 1.0, 'P': 4.0, 'O': 12.0}",Mn(PO3)4,Mn-O-P,Mn(PO3)4,Li2Mn(PO3)4,mp-aaaabnxw,mp-aaabskws,4.569194618333346,139.33418904594134,345.96651492576586,636.6450267385562,1580.7883381223526,0.0,0.105263157894736,2,1.7819887100000071,0.068716055460513,0.018915685637256003,0.018875927850909
mp-31924,LiMnP2O7,67,,PROMISING,insertion,Li0-0.5BaMnP2O7,mp-aaaabckg;mp-aaacsikr,"{'Ba': 1.0, 'Mn': 1.0, 'P': 2.0, 'O': 7.0}",BaMnP2O7,Ba-Mn-O-P,BaMnP2O7,Ba2LiMn2(P2O7)2,mp-aaaabckg,mp-aaacsikr,-1.156447816666679,36.24967964474579,135.51067558409815,-41.92086288003286,-156.71102491425708,0.0,0.043478260869565,1,0.0,0.080127237349723,0.008754823181817,0.154315436878898
mp-31924,LiMnP2O7,67,,PROMISING,insertion,Li1-2.5MnPCO7,mp-aaabrtdh;mp-aaabrtcy;mp-aaabrtmd;mp-aaabrtjj,"{'Mn': 1.0, 'P': 1.0, 'C': 1.0, 'O': 7.0}",MnPCO7,C-Mn-O-P,LiMnPCO7,Li5Mn2P2(CO7)2,mp-aaabrtdh,mp-aaabrtjj,3.742693225000005,176.89127014912145,477.45042565617507,662.0497583487626,1786.950473376735,0.09090909090909001,0.2,2,0.5373754524999721,0.054217846988892,0.024451854545458,0.045205950499997004
mp-31924,LiMnP2O7,67,,PROMISING,insertion,Li1-2MnPCO7,mp-aaabrvkn;mp-aaabrtdj;mp-aaabrtfk;mp-aaabrtfi;mp-aaabrtmy,"{'Mn': 1.0, 'P': 1.0, 'C': 1.0, 'O': 7.0}",MnPCO7,C-Mn-O-P,LiMnPCO7,Li2MnPCO7,mp-aaabrvkn,mp-aaabrtmy,3.869353735833333,119.75623047453588,325.6504526540383,463.37921777596307,1260.056795552719,0.09090909090909001,0.16666666666666602,2,0.043147135000026,0.026720925986597,0.024638690454549,0.033295579374998004
mp-31924,LiMnP2O7,67,,PROMISING,insertion,Li0-1MnP2HO7,mp-aaabpuzt;mp-aaabspqh,"{'Mn': 1.0, 'P': 2.0, 'H': 1.0, 'O': 7.0}",MnP2HO7,H-Mn-O-P,MnP2HO7,LiMnP2HO7,mp-aaabpuzt,mp-aaabspqh,3.443145730833326,113.16744574852491,324.911376717959,389.65200769834564,1118.7172196456193,0.0,0.08333333333333301,1,0.0,0.063433947834164,0.0,0.036730870624988005
mp-31924,LiMnP2O7,67,,PROMISING,insertion,Li0-1NaMnP2O7,mp-aaacpvra;mp-aaabsdtk,"{'Na': 1.0, 'Mn': 1.0, 'P': 2.0, 'O': 7.0}",NaMnP2O7,Mn-Na-O-P,NaMnP2O7,NaLiMnP2O7,mp-aaacpvra,mp-aaabsdtk,3.35283063333333,103.55573476375473,310.9015248290533,347.2048397732582,1042.400156396893,0.0,0.08333333333333301,1,0.0,0.08890957289593,0.004112530227276001,0.040037251979161005
mp-31924,LiMnP2O7,67,,PROMISING,insertion,Li1-2MnP2O7,mp-aaabetcr;mp-aaaabmvx,"{'Mn': 1.0, 'P': 2.0, 'O': 7.0}",MnP2O7,Mn-O-P,LiMnP2O7,Li2MnP2O7,mp-aaabetcr,mp-aaaabmvx,4.052284408333326,110.40166914706101,276.9059348960709,447.3789625386097,1122.101602554311,0.09090909090909001,0.16666666666666602,1,0.0,0.018109006390311003,0.04577544159092101,0.023967148749973
mp-31924,LiMnP2O7,67,,PROMISING,insertion,Li0-1MnP2O7,mp-aaaabmzc;mp-aaaabmzb,"{'Mn': 1.0, 'P': 2.0, 'O': 7.0}",MnP2O7,Mn-O-P,MnP2O7,LiMnP2O7,mp-aaaabmzc,mp-aaaabmzb,4.536827918333333,113.65114030113017,354.3799116181087,515.6156662685861,1607.760676725535,0.0,0.09090909090909001,1,0.0,0.051294483460389007,0.030568915249999003,0.013826801590922
mp-31924,LiMnP2O7,67,,PROMISING,insertion,Li0-2MnP2O7,mp-aaabnseg;mp-aaaabnap;mp-aaabetll,"{'Mn': 1.0, 'P': 2.0, 'O': 7.0}",MnP2O7,Mn-O-P,MnP2O7,Li2MnP2O7,mp-aaabnseg,mp-aaabetll,4.000639058333339,220.80333829412203,638.1054781365391,883.354459389854,2552.829699169509,0.0,0.16666666666666602,2,1.057432430000005,0.112571277801983,0.026244321249999,0.040063251249971
mp-31924,LiMnP2O7,67,,PROMISING,insertion,Li0-1MnP2O7,mp-aaabnsga;mp-aaaabnbh,"{'Mn': 1.0, 'P': 2.0, 'O': 7.0}",MnP2O7,Mn-O-P,MnP2O7,LiMnP2O7,mp-aaabnsga,mp-aaaabnbh,5.407387925833338,113.65114030113017,356.6456193249843,614.555803821522,1928.521215739273,0.0,0.09090909090909001,1,0.0,0.07184628438110201,0.12127267649999901,0.017142947500013002
mp-31924,LiMnP2O7,67,,PROMISING,insertion,Li0-2MnP2O7,mp-aaabetlg;mp-aaabetlf;mp-aaabeswn;mp-aaabetdv,"{'Mn': 1.0, 'P': 2.0, 'O': 7.0}",MnP2O7,Mn-O-P,MnP2O7,Li2MnP2O7,mp-aaabetlg,mp-aaabetdv,4.026647520833333,220.80333829412203,624.6711396691062,889.0972147337503,2515.3304958847393,0.0,0.16666666666666602,2,0.31312226000001403,0.12151968783545301,0.009338634249999,0.021640434999972
mp-31924,LiMnP2O7,67,,PROMISING,insertion,Li1-2MnP2O7,mp-aaabnsei;mp-aaaabnbx,"{'Mn': 1.0, 'P': 2.0, 'O': 7.0}",MnP2O7,Mn-O-P,LiMnP2O7,Li2MnP2O7,mp-aaabnsei,mp-aaaabnbx,4.051171003333342,110.40166914706101,311.411611049208,447.2560407681748,1261.5816887838723,0.09090909090909001,0.16666666666666602,1,0.0,0.008020185627112,0.046860550909104,0.025054616041638
mp-31924,LiMnP2O7,67,,PROMISING,insertion,Li0-1MnP2O7,mp-aaaabnzs;mp-aaaabnzr,"{'Mn': 1.0, 'P': 2.0, 'O': 7.0}",MnP2O7,Mn-O-P,MnP2O7,LiMnP2O7,mp-aaaabnzs,mp-aaaabnzr,4.879427273333339,113.65114030113017,366.6681558750384,554.5524736307683,1789.1306000395023,0.0,0.09090909090909001,1,0.0,0.108728839162103,0.052996513249999,0.003070131136376
mp-31924,LiMnP2O7,67,,PROMISING,insertion,Li0-2MnP2O7,mp-aaabhhug;mp-aaacbgbk;mp-aaaabnhj;mp-aaaabvgz,"{'Mn': 1.0, 'P': 2.0, 'O': 7.0}",MnP2O7,Mn-O-P,MnP2O7,Li2MnP2O7,mp-aaabhhug,mp-aaaabvgz,4.247790099583331,220.80333829412203,622.5868606337289,937.9262343607205,2644.6183027306206,0.0,0.16666666666666602,2,1.267157042500002,0.038870831107834,0.072622637499999,0.037520007916639
mp-31924,LiMnP2O7,67,,PROMISING,insertion,Li1-2MnP2O7,mp-aaaabvhg;mp-aaackrmt,"{'Mn': 1.0, 'P': 2.0, 'O': 7.0}",MnP2O7,Mn-O-P,LiMnP2O7,Li2MnP2O7,mp-aaaabvhg,mp-aaackrmt,3.943506073333329,110.40166914706101,305.83610823952915,435.3696527875719,1206.0665502872125,0.09090909090909001,0.16666666666666602,1,0.0,0.057256430655618,0.017101070681831,0.006747169999972001
mp-31924,LiMnP2O7,67,,PROMISING,insertion,Li0.5-1.75MnP2O7,mp-aaabwiwf;mp-aaacpalk;mp-aaabwivy;mp-aaabwivt;mp-aaabwjay;mp-aaacpagq;mp-aaabwizl;mp-aaacpahl;mp-aaabsgom;mp-aaacoyqh;mp-aaabwixu;mp-aaacoywk;mp-aaacoysf;mp-aaacoyrd;mp-aaabwiym;mp-aaabseqf;mp-aaabwizp;mp-aaabwizr;mp-aaabwivd;mp-aaacoysc;mp-aaacozsi;mp-aaacozjh;mp-aaacoziz;mp-aaabwizu;mp-aaabwixf;mp-aaabwivf;mp-aaacozie;mp-aaacoztg;mp-aaacozjx;mp-aaacpaec;mp-aaabwjke;mp-aaabqwzl;mp-aaabwjan;mp-aaabwiwq;mp-aaabwixb;mp-aaacpacu;mp-aaabwiww;mp-aaacozay;mp-aaacozgc;mp-aaacoyzu;mp-aaabwixz;mp-aaacoyzv;mp-aaacozid;mp-aaabwjcw;mp-aaacozbp;mp-aaacoyzr;mp-aaacozei;mp-aaacozex;mp-aaabfosq,"{'Mn': 1.0, 'P': 2.0, 'O': 7.0}",MnP2O7,Mn-O-P,LiMn2(P2O7)2,Li7Mn4(P2O7)4,mp-aaabwiwf,mp-aaacozay,4.7548467473333345,138.9956141661001,410.80977570280385,660.9028439112802,1953.3375257732137,0.047619047619047006,0.148936170212765,3,0.9481654750000241,0.045968971930546006,0.097221177380959,0.012438380585105002
mp-31924,LiMnP2O7,67,,PROMISING,insertion,Li0-1MnP2O7,mp-aaaabnki;mp-aaackrmo;mp-aaabsnty;mp-aaabodld,"{'Mn': 1.0, 'P': 2.0, 'O': 7.0}",MnP2O7,Mn-O-P,MnP2O7,LiMnP2O7,mp-aaaabnki,mp-aaackrmo,4.439181300833344,113.65114030113017,328.8767078164694,504.518016843164,1459.9433316185023,0.0,0.09090909090909001,1,0.0,0.08883224182070701,0.011721759749999,0.005569989090922001
mp-31924,LiMnP2O7,67,,PROMISING,insertion,Li0-1MnP2O7,mp-aaaabmri;mp-aaaabvfw,"{'Mn': 1.0, 'P': 2.0, 'O': 7.0}",MnP2O7,Mn-O-P,MnP2O7,LiMnP2O7,mp-aaaabmri,mp-aaaabvfw,4.689458235833332,113.65114030113017,357.3231152206759,532.9622758969845,1675.6518255252215,0.0,0.09090909090909001,1,0.0,0.06040188654892101,0.030622465249998003,0.0
mp-31924,LiMnP2O7,67,,PROMISING,insertion,Li0-2MnP2O7,mp-aaabrvvv;mp-aaabsenj;mp-aaabsenk,"{'Mn': 1.0, 'P': 2.0, 'O': 7.0}",MnP2O7,Mn-O-P,MnP2O7,Li2MnP2O7,mp-aaabrvvv,mp-aaabsenk,3.8615735220833303,220.80333829412203,612.9698996280746,852.64832474419,2367.02833423785,0.0,0.16666666666666602,2,0.690652457500007,0.20002509065638102,0.001116591999998,0.04230106624997201
mp-31924,LiMnP2O7,67,,PROMISING,insertion,Li0-2MnP2O7,mp-aaabrxcu;mp-aaabseoa;mp-aaabsdun,"{'Mn': 1.0, 'P': 2.0, 'O': 7.0}",MnP2O7,Mn-O-P,MnP2O7,Li2MnP2O7,mp-aaabrxcu,mp-aaabsdun,3.965911017083333,220.80333829412203,615.4845506863709,875.6863919494368,2440.9569604116637,0.0,0.16666666666666602,2,0.447934507500008,0.16557066258650402,0.006473888999999001,0.029375897916639002
mp-31924,LiMnP2O7,67,,PROMISING,insertion,Li0-2MnP2O7,mp-aaabrxng;mp-aaabskxe;mp-aaabsdul,"{'Mn': 1.0, 'P': 2.0, 'O': 7.0}",MnP2O7,Mn-O-P,MnP2O7,Li2MnP2O7,mp-aaabrxng,mp-aaabsdul,4.001296423333334,220.80333829412203,602.0344273337458,883.4996077763305,2408.918200814049,0.0,0.16666666666666602,2,0.6323975650000191,0.19442994956894302,0.0,0.018083422708306002
mp-31924,LiMnP2O7,67,,PROMISING,insertion,Li0-2MnP2O7,mp-aaabrbxr;mp-aaacsjna;mp-aaacsheh;mp-aaacpaly,"{'Mn': 1.0, 'P': 2.0, 'O': 7.0}",MnP2O7,Mn-O-P,MnP2O7,Li2MnP2O7,mp-aaabrbxr,mp-aaacpaly,5.059318233333333,220.80333829412203,625.6697877890851,1117.1143554123198,3165.462565407116,0.0,0.16666666666666602,2,3.468608320000005,0.06026030522649101,0.22971092924999903,0.033172228749972
mp-31924,LiMnP2O7,67,,PROMISING,insertion,Li0-2MnP2O7,mp-aaabrvww;mp-aaabsdvp;mp-aaabsenh,"{'Mn': 1.0, 'P': 2.0, 'O': 7.0}",MnP2O7,Mn-O-P,MnP2O7,Li2MnP2O7,mp-aaabrvww,mp-aaabsenh,3.8804224720833362,220.80333829412203,637.1192098986406,856.8102358275302,2472.291699486665,0.0,0.16666666666666602,2,0.891099907499992,0.152894159567176,0.006082279999999001,0.043297647916638
mp-18968,Li2FeSiO4,68,,PROMISING,insertion,Li1-2FeSiO4,mp-aaabrewj;mp-aaabredt;mp-aaabrfql,"{'Fe': 1.0, 'Si': 1.0, 'O': 4.0}",FeSiO4,Fe-O-Si,LiFeSiO4,Li2FeSiO4,mp-aaabrewj,mp-aaabrfql,3.146241033333337,165.63540313839425,517.9156598287985,521.1289019267253,1629.4875007592761,0.14285714285714202,0.25,1,0.0,0.006527534567018001,0.068681311428573,0.00016572
mp-18968,Li2FeSiO4,68,,PROMISING,insertion,Li1-2FeSiO4,mp-aaabrebb;mp-aaacpadj;mp-aaabrenn,"{'Fe': 1.0, 'Si': 1.0, 'O': 4.0}",FeSiO4,Fe-O-Si,LiFeSiO4,Li2FeSiO4,mp-aaabrebb,mp-aaabrenn,2.792892350833338,165.63540313839425,498.5657432442349,462.60185045241764,1392.440450694362,0.14285714285714202,0.25,1,0.0,0.006380567967458,0.027755231071431002,0.008523985000000001
mp-18968,Li2FeSiO4,68,,PROMISING,insertion,Li1-2FeSiO4,mp-aaabrpyk;mp-aaabrmrs,"{'Fe': 1.0, 'Si': 1.0, 'O': 4.0}",FeSiO4,Fe-O-Si,LiFeSiO4,Li2FeSiO4,mp-aaabrpyk,mp-aaabrmrs,2.8739477458333322,165.63540313839425,494.51280252730527,476.02749347978335,1421.2039541090726,0.14285714285714202,0.25,1,0.0,0.019800043141179002,0.05189738285714401,0.019516443437500003
mp-18968,Li2FeSiO4,68,,PROMISING,insertion,Li1-2FeSiO4,mp-aaabrexr;mp-aaabredw;mp-aaabrdyb,"{'Fe': 1.0, 'Si': 1.0, 'O': 4.0}",FeSiO4,Fe-O-Si,LiFeSiO4,Li2FeSiO4,mp-aaabrexr,mp-aaabrdyb,2.457523452083334,165.63540313839425,476.26728102187747,407.0528877078813,1170.4380125712275,0.14285714285714202,0.25,1,0.0,0.049340543840538,0.032605648750002006,0.054689212812500006
mp-18968,Li2FeSiO4,68,,PROMISING,insertion,Li1-2FeSiO4,mp-aaabredy;mp-aaabrhsd;mp-aaabrmio;mp-aaabrmry,"{'Fe': 1.0, 'Si': 1.0, 'O': 4.0}",FeSiO4,Fe-O-Si,LiFeSiO4,Li2FeSiO4,mp-aaabredy,mp-aaabrmry,2.867956095833333,165.63540313839425,507.7496444737663,475.0350641165694,1456.2036880257458,0.14285714285714202,0.25,1,0.0,0.020383396814277,0.034980864285715,0.0054634459375
mp-18968,Li2FeSiO4,68,,PROMISING,insertion,Li0-2FeSiO4,mp-aaacpuyu;mp-aaabrefm;mp-aaabrpve;mp-aaabwiht;mp-aaabreth;mp-aaabrdpx;mp-aaacpapq,"{'Fe': 1.0, 'Si': 1.0, 'O': 4.0}",FeSiO4,Fe-O-Si,FeSiO4,Li2FeSiO4,mp-aaacpuyu,mp-aaabrdpx,3.9825005970833343,331.2708062767885,1014.8922311780381,1319.286183793588,4041.8089166417744,0.0,0.25,2,1.8083683025000001,0.086894026615611,0.261619403333335,0.005195829062500001
mp-18968,Li2FeSiO4,68,,PROMISING,insertion,Li1-2FeSiO4,mp-aaabrpxx;mp-aaabsbdi;mp-aaabrdbl,"{'Fe': 1.0, 'Si': 1.0, 'O': 4.0}",FeSiO4,Fe-O-Si,LiFeSiO4,Li2FeSiO4,mp-aaabrpxx,mp-aaabrdbl,2.993815778333332,165.63540313839425,508.46649409444507,495.8818833663271,1522.2550127737818,0.14285714285714202,0.25,1,0.0,0.024067041788506,0.06226841607143001,0.013607593437500001
mp-18968,Li2FeSiO4,68,,PROMISING,insertion,Li1-2FeSiO4,mp-aaabrmsa;mp-aaabrdon;mp-aaabrgeo,"{'Fe': 1.0, 'Si': 1.0, 'O': 4.0}",FeSiO4,Fe-O-Si,LiFeSiO4,Li2FeSiO4,mp-aaabrmsa,mp-aaabrgeo,2.821536255833334,165.63540313839425,504.3712199209308,467.3462952045498,1423.1016834057941,0.14285714285714202,0.25,1,0.0,0.010668626559101,0.030461309642859,0.007311315625
mp-18968,Li2FeSiO4,68,,PROMISING,insertion,Li1.5-2FeSiO4,mp-aaabshva;mp-aaabrdzt,"{'Fe': 1.0, 'Si': 1.0, 'O': 4.0}",FeSiO4,Fe-O-Si,Li3Fe2(SiO4)2,Li2FeSiO4,mp-aaabshva,mp-aaabrdzt,3.404060043333335,82.81770156919713,253.9019449167772,281.9164287924084,864.2974656158228,0.2,0.25,1,0.0,0.037690805482461,0.073390524333341,0.0227247146875
mp-18968,Li2FeSiO4,68,,PROMISING,insertion,Li0-2FeSiO4,mp-aaackssp;mp-aaabrbuu;mp-aaabwzsx;mp-aaabqvjw;mp-aaaabcbo,"{'Fe': 1.0, 'Si': 1.0, 'O': 4.0}",FeSiO4,Fe-O-Si,FeSiO4,Li2FeSiO4,mp-aaackssp,mp-aaaabcbo,4.048538149583334,331.2708062767885,1036.6366798436009,1341.1624970548085,4196.863145604223,0.0,0.25,2,1.760161957499988,0.177338363099093,0.27670414875000104,0.0
mp-18968,Li2FeSiO4,68,,PROMISING,insertion,Li1.5-2FeSiO4,mp-aaabwktu;mp-aaabrmrw;mp-aaabqvpv,"{'Fe': 1.0, 'Si': 1.0, 'O': 4.0}",FeSiO4,Fe-O-Si,Li3Fe2(SiO4)2,Li2FeSiO4,mp-aaabwktu,mp-aaabrmrw,3.42389415833333,82.81770156919713,253.86653983163808,283.5590446093671,869.2121627258413,0.2,0.25,1,0.0,0.025612551482282003,0.07351706966667401,0.021603718749999
mp-18968,Li2FeSiO4,68,,PROMISING,insertion,Li1-2FeSiO4,mp-aaabqwlm;mp-aaacpadi;mp-aaacwdsh;mp-aaacwion;mp-aaabqvts,"{'Fe': 1.0, 'Si': 1.0, 'O': 4.0}",FeSiO4,Fe-O-Si,LiFeSiO4,Li2FeSiO4,mp-aaabqwlm,mp-aaabqvts,2.8148486308333363,165.63540313839425,489.9565910876968,466.23858774163676,1379.153639590972,0.14285714285714202,0.25,1,0.0,0.012776925520738001,0.033588317142859,0.010883400312500001
mp-18968,Li2FeSiO4,68,,PROMISING,insertion,Li1-2FeSiO4,mp-aaabqyqk;mp-aaabrmsh;mp-aaabqxnj;mp-aaabqvuf,"{'Fe': 1.0, 'Si': 1.0, 'O': 4.0}",FeSiO4,Fe-O-Si,LiFeSiO4,Li2FeSiO4,mp-aaabqyqk,mp-aaabqvuf,2.86456514833333,165.63540313839425,509.92795122794644,474.4734031603854,1460.7218372485938,0.14285714285714202,0.25,1,0.0,0.022224319253918,0.033040580357145,0.0041895659375000005
mp-6113,LiTiAsO5,69,,PROMISING,insertion,Li0-0.5KTiAsO5,mp-aaaaajpo;mp-aaabrzgc,"{'K': 1.0, 'Ti': 1.0, 'As': 1.0, 'O': 5.0}",KTiAsO5,As-K-O-Ti,KTiAsO5,K2LiTi2(AsO5)2,mp-aaaaajpo,mp-aaabrzgc,0.8555944883333281,54.6178938412433,180.0567764751375,46.730768934942624,154.0555855391938,0.0,0.058823529411764004,1,0.0,0.014557715197403,0.0,0.107425611443347
mp-26003,LiFe(PO3)3,70,,PROMISING,insertion,Li0-1Fe(PO3)3,mp-aaabpfmr;mp-aaaabmmd,"{'Fe': 1.0, 'P': 3.0, 'O': 9.0}",Fe(PO3)3,Fe-O-P,Fe(PO3)3,LiFe(PO3)3,mp-aaabpfmr,mp-aaaabmmd,4.379253335833316,89.42713542137633,249.04391547937863,391.62408110808,1090.6263976320593,0.0,0.07142857142857101,1,0.0,0.010717643810729,0.06527086660256301,0.0
mp-26003,LiFe(PO3)3,70,,PROMISING,insertion,Li0-1Fe(PO3)3,mp-aaaabllm;mp-aaaewrmf;mp-aaabcrvn,"{'Fe': 1.0, 'P': 3.0, 'O': 9.0}",Fe(PO3)3,Fe-O-P,Fe(PO3)3,LiFe(PO3)3,mp-aaaabllm,mp-aaabcrvn,3.6850577958333353,89.42713542137633,272.6316249101591,329.54416254358625,1004.6632947658915,0.0,0.07142857142857101,1,0.0,0.024122449456892,0.015117229102563001,0.003014160892856
mp-26003,LiFe(PO3)3,70,,PROMISING,insertion,Li0-1Fe(PO3)3,mp-aaabrlwe;mp-aaabrkez,"{'Fe': 1.0, 'P': 3.0, 'O': 9.0}",Fe(PO3)3,Fe-O-P,Fe(PO3)3,LiFe(PO3)3,mp-aaabrlwe,mp-aaabrkez,3.774391343333325,89.42713542137633,258.0514006447103,337.5330057935398,973.9869727284342,0.0,0.07142857142857101,1,0.0,0.025989487357177002,0.072972866025641,0.050356284642857005
mp-25977,LiFe(PO3)4,71,,PROMISING,insertion,Li0-1Fe(PO3)4,mp-aaabesya;mp-aaaabmkn,"{'Fe': 1.0, 'P': 4.0, 'O': 12.0}",Fe(PO3)4,Fe-O-P,Fe(PO3)4,LiFe(PO3)4,mp-aaabesya,mp-aaaabmkn,5.693091208333333,70.77721708778762,189.87911576549217,402.94115235278343,1080.9991246106306,0.0,0.055555555555555004,1,0.0,0.01654927636471,0.08014378225490301,0.044715388888874004
mp-25977,LiFe(PO3)4,71,,PROMISING,insertion,Li0-1Fe(PO3)4,mp-aaabesyf;mp-aaaabmld,"{'Fe': 1.0, 'P': 4.0, 'O': 12.0}",Fe(PO3)4,Fe-O-P,Fe(PO3)4,LiFe(PO3)4,mp-aaabesyf,mp-aaaabmld,6.042174743333309,70.77721708778762,176.51616815295276,427.64831349124904,1066.5415330037465,0.0,0.055555555555555004,1,0.0,0.023403849383562002,0.053332401960785,0.0
mp-25977,LiFe(PO3)4,71,,PROMISING,insertion,Li0-1Fe(PO3)4,mp-aaaabmkq;mp-aaaabmkp,"{'Fe': 1.0, 'P': 4.0, 'O': 12.0}",Fe(PO3)4,Fe-O-P,Fe(PO3)4,LiFe(PO3)4,mp-aaaabmkq,mp-aaaabmkp,5.745952458333339,70.77721708778762,199.93993777791658,406.6825245195657,1148.8453769940347,0.0,0.055555555555555004,1,0.0,0.012708568810704,0.07509834725490301,0.037013519722207004
mp-25977,LiFe(PO3)4,71,,PROMISING,insertion,Li0-1Fe(PO3)4,mp-aaaabvdy;mp-aaabetiy,"{'Fe': 1.0, 'P': 4.0, 'O': 12.0}",Fe(PO3)4,Fe-O-P,Fe(PO3)4,LiFe(PO3)4,mp-aaaabvdy,mp-aaabetiy,5.315603548333347,70.77721708778762,166.6986668913244,376.22362629300346,886.1040252299625,0.0,0.055555555555555004,1,0.0,0.000811399822931,0.047395412254903006,0.034757909444429004
mp-25977,LiFe(PO3)4,71,,PROMISING,insertion,Li0-2Fe(PO3)4,mp-aaabcruc;mp-aaaabmqw;mp-aaaabmqv,"{'Fe': 1.0, 'P': 4.0, 'O': 12.0}",Fe(PO3)4,Fe-O-P,Fe(PO3)4,Li2Fe(PO3)4,mp-aaabcruc,mp-aaaabmqv,4.703430993333332,139.00647905219608,393.87717528319183,653.8073818482396,1852.57411379355,0.0,0.105263157894736,2,1.556261139999975,0.006287689106541001,0.06315817813725601,0.009334568377226
mp-25977,LiFe(PO3)4,71,,PROMISING,insertion,Li0-1Fe(PO3)4,mp-aaaabmwk;mp-aaaabmwj,"{'Fe': 1.0, 'P': 4.0, 'O': 12.0}",Fe(PO3)4,Fe-O-P,Fe(PO3)4,LiFe(PO3)4,mp-aaaabmwk,mp-aaaabmwj,5.964160693333331,70.77721708778762,200.23830316944063,422.12669613850306,1194.2534170629408,0.0,0.055555555555555004,1,0.0,0.036306995668488,0.07040533196078601,0.020458547777763
mp-25977,LiFe(PO3)4,71,,PROMISING,insertion,Li0-1Fe(PO3)4,mp-aaabhiac;mp-aaaabnrf,"{'Fe': 1.0, 'P': 4.0, 'O': 12.0}",Fe(PO3)4,Fe-O-P,Fe(PO3)4,LiFe(PO3)4,mp-aaabhiac,mp-aaaabnrf,5.371385828333307,70.77721708778762,170.0262906600116,380.17174083421236,913.276808095266,0.0,0.055555555555555004,1,0.0,0.012100569864138001,0.054539892254902,0.038406458333319
mp-19294,LiFeP2O7,75,,PROMISING,insertion,Li1-2.5FePCO7,mp-aaabrtar;mp-aaabrtas;mp-aaabrszh;mp-aaabrtbo;mp-aaabrtjq;mp-aaabrvgs,"{'Fe': 1.0, 'P': 1.0, 'C': 1.0, 'O': 7.0}",FePCO7,C-Fe-O-P,LiFePCO7,Li5Fe2P2(CO7)2,mp-aaabrtar,mp-aaabrtjq,4.105291463333329,176.18816735544038,482.40126746921595,723.3037793846333,1980.3978052425502,0.09090909090909001,0.2,2,0.846646177500005,0.017592622831898,0.067305157386361,0.032041826149998
mp-19294,LiFeP2O7,75,,PROMISING,insertion,Li1-2.5FePCO7,mp-aaacoysg;mp-aaabrtbp;mp-aaacpafq;mp-aaabrteg;mp-aaabrtee,"{'Fe': 1.0, 'P': 1.0, 'C': 1.0, 'O': 7.0}",FePCO7,C-Fe-O-P,LiFePCO7,Li5Fe2P2(CO7)2,mp-aaacoysg,mp-aaabrteg,4.136623180000001,176.18816735544038,483.3821514452455,728.8240571242342,1999.5698124666733,0.09090909090909001,0.2,2,0.846288199999989,0.008531020756535,0.069611095113634,0.030311245349998003
mp-19294,LiFeP2O7,75,,PROMISING,insertion,Li0-1FeP2O7,mp-aaabetme;mp-aaaabvcn,"{'Fe': 1.0, 'P': 2.0, 'O': 7.0}",FeP2O7,Fe-O-P,FeP2O7,LiFeP2O7,mp-aaabetme,mp-aaaabvcn,5.367907433333333,113.21572119795302,369.9339976462468,607.7315113886863,1985.771455808004,0.0,0.09090909090909001,1,0.0,0.06849629874269,0.11816075516667401,0.043832779090909005
mp-19294,LiFeP2O7,75,,PROMISING,insertion,Li1-2FeP2O7,mp-aaabnnkw;mp-aaabngrr;mp-aaaabmmz;mp-aaabqyws;mp-aaaabnqj,"{'Fe': 1.0, 'P': 2.0, 'O': 7.0}",FeP2O7,Fe-O-P,LiFeP2O7,Li2FeP2O7,mp-aaabnnkw,mp-aaaabmmz,4.569880425833337,109.99074776690446,280.41332756190866,502.6445652427485,1281.4553767679581,0.09090909090909001,0.16666666666666602,1,0.0,0.002867496383111,0.138289007272728,0.005539757013885
mp-19294,LiFeP2O7,75,,PROMISING,insertion,Li0-2FeP2O7,mp-aaaablja;mp-aaaabcoc;mp-aaabsils,"{'Fe': 1.0, 'P': 2.0, 'O': 7.0}",FeP2O7,Fe-O-P,FeP2O7,Li2FeP2O7,mp-aaaablja,mp-aaabsils,4.729566960833329,219.98149553380892,617.4368582318783,1040.417213271407,2920.2089650942235,0.0,0.16666666666666602,2,3.333469365000013,0.072689089130525,0.17278411916667302,0.004362179305553
mp-19294,LiFeP2O7,75,,PROMISING,insertion,Li0-1FeP2O7,mp-aaaabmta;mp-aaaabmsz,"{'Fe': 1.0, 'P': 2.0, 'O': 7.0}",FeP2O7,Fe-O-P,FeP2O7,LiFeP2O7,mp-aaaabmta,mp-aaaabmsz,5.2778281133333325,113.21572119795302,369.4264204788247,597.5331162098649,1949.7691478112417,0.0,0.09090909090909001,1,0.0,0.005065497415952001,0.079850432666674,0.017194242272728002
mp-19294,LiFeP2O7,75,,PROMISING,insertion,Li1-2FeP2O7,mp-aaabocxv;mp-aaackrpc,"{'Fe': 1.0, 'P': 2.0, 'O': 7.0}",FeP2O7,Fe-O-P,LiFeP2O7,Li2FeP2O7,mp-aaabocxv,mp-aaackrpc,4.57292265833333,109.99074776690446,311.1139797628757,502.97918267030354,1422.7001673819116,0.09090909090909001,0.16666666666666602,1,0.0,0.020220950657472002,0.176860493863636,0.040643433680552
mp-19294,LiFeP2O7,75,,PROMISING,insertion,Li0-1FeP2O7,mp-aaaabmug;mp-aaackrma;mp-aaabnsfc,"{'Fe': 1.0, 'P': 2.0, 'O': 7.0}",FeP2O7,Fe-O-P,FeP2O7,LiFeP2O7,mp-aaaabmug,mp-aaackrma,5.186244598333336,113.21572119795302,361.5558145344529,587.1644225092969,1875.1168901253159,0.0,0.09090909090909001,1,0.0,0.048410090432895,0.072361598916674,0.018711985681818002
mp-19294,LiFeP2O7,75,,PROMISING,insertion,Li0-2FeP2O7,mp-aaaabnkc;mp-aaaabmyo;mp-aaabnpht,"{'Fe': 1.0, 'P': 2.0, 'O': 7.0}",FeP2O7,Fe-O-P,FeP2O7,Li2FeP2O7,mp-aaaabnkc,mp-aaabnpht,4.685062900833334,219.98149553380892,649.320453890125,1030.627143595282,3042.1071692728865,0.0,0.16666666666666602,2,2.8286339050000042,0.028261706549256003,0.181404816166675,0.018963436805552
mp-19294,LiFeP2O7,75,,PROMISING,insertion,Li1-2FeP2O7,mp-aaabnpie;mp-aaaabmvv,"{'Fe': 1.0, 'P': 2.0, 'O': 7.0}",FeP2O7,Fe-O-P,LiFeP2O7,Li2FeP2O7,mp-aaabnpie,mp-aaaabmvv,3.75695153333334,109.99074776690446,318.702195056357,413.2299084753524,1197.3487003936818,0.09090909090909001,0.16666666666666602,1,0.0,0.025337950974353003,0.07954253045454601,0.019432894305552003
mp-19294,LiFeP2O7,75,,PROMISING,insertion,Li0-2FeP2O7,mp-aaabnsdx;mp-aaadaodo;mp-aaaabnha;mp-aaabnsgx,"{'Fe': 1.0, 'P': 2.0, 'O': 7.0}",FeP2O7,Fe-O-P,FeP2O7,Li2FeP2O7,mp-aaabnsdx,mp-aaabnsgx,4.150864134583334,219.98149553380892,637.8347978098318,913.1133000832914,2647.565586018043,0.0,0.16666666666666602,2,1.966500367499975,0.037405513232359,0.087777896666674,0.029974131597218002
mp-19294,LiFeP2O7,75,,PROMISING,insertion,Li0-2FeP2O7,mp-aaaabnku;mp-aaaabnkt;mp-aaaabmzu;mp-aaabeted,"{'Fe': 1.0, 'P': 2.0, 'O': 7.0}",FeP2O7,Fe-O-P,FeP2O7,Li2FeP2O7,mp-aaaabnku,mp-aaabeted,4.021490484583336,219.98149553380892,645.7767224376597,884.6534910736242,2596.9849444484626,0.0,0.16666666666666602,2,1.766321517500003,0.082201524694838,0.054226381416675004,0.023576810555551
mp-19294,LiFeP2O7,75,,PROMISING,insertion,Li0-1FeP2O7,mp-aaaabnhu;mp-aaackrlw;mp-aaabnsew,"{'Fe': 1.0, 'P': 2.0, 'O': 7.0}",FeP2O7,Fe-O-P,FeP2O7,LiFeP2O7,mp-aaaabnhu,mp-aaackrlw,5.05266877583333,113.21572119795302,331.53287640931893,572.0415394303488,1675.1258127955762,0.0,0.09090909090909001,1,0.0,0.014660789909829,0.053583120666674006,0.013783898409091002
mp-19294,LiFeP2O7,75,,PROMISING,insertion,Li0-1FeP2O7,mp-aaaabnhs;mp-aaaabnhr,"{'Fe': 1.0, 'P': 2.0, 'O': 7.0}",FeP2O7,Fe-O-P,FeP2O7,LiFeP2O7,mp-aaaabnhs,mp-aaaabnhr,6.073482713333324,113.21572119795302,343.14578188844115,687.6137255733329,2084.0899744526946,0.0,0.09090909090909001,1,0.0,0.025456426674925002,0.164114947666674,0.021466110454546
mp-19294,LiFeP2O7,75,,PROMISING,insertion,Li0-1FeP2O7,mp-aaaabnjq;mp-aaaabnjp,"{'Fe': 1.0, 'P': 2.0, 'O': 7.0}",FeP2O7,Fe-O-P,FeP2O7,LiFeP2O7,mp-aaaabnjq,mp-aaaabnjp,5.228175245833346,113.21572119795302,354.4539097739886,591.9116310063075,1853.1471568692134,0.0,0.09090909090909001,1,0.0,0.032996177726613,0.09602713016667501,0.036414227954545006
mp-19294,LiFeP2O7,75,,PROMISING,insertion,Li1-2FeP2O7,mp-aaackrmg;mp-aaaabmgb;mp-aaabcrti,"{'Fe': 1.0, 'P': 2.0, 'O': 7.0}",FeP2O7,Fe-O-P,LiFeP2O7,Li2FeP2O7,mp-aaackrmg,mp-aaaabmgb,4.5530003633333305,109.99074776690446,307.34896475961887,500.7879145460206,1399.3599482206673,0.09090909090909001,0.16666666666666602,1,0.0,0.031491469327076,0.170060335909091,0.036070146805553004
mp-19294,LiFeP2O7,75,,PROMISING,insertion,Li0-1FeP2O7,mp-aaaabnow;mp-aaaabnov,"{'Fe': 1.0, 'P': 2.0, 'O': 7.0}",FeP2O7,Fe-O-P,FeP2O7,LiFeP2O7,mp-aaaabnow,mp-aaaabnov,4.980471823333336,113.21572119795302,353.9417453266419,563.8677093847677,1762.7968897007636,0.0,0.09090909090909001,1,0.0,0.035264312957085,0.07085205941667401,0.036046292954545006
mp-19294,LiFeP2O7,75,,PROMISING,insertion,Li0-1FeP2O7,mp-aaabngus;mp-aaaabnnp,"{'Fe': 1.0, 'P': 2.0, 'O': 7.0}",FeP2O7,Fe-O-P,FeP2O7,LiFeP2O7,mp-aaabngus,mp-aaaabnnp,5.343613760833326,113.21572119795302,367.4267672300905,604.981085736051,1963.3867294692147,0.0,0.09090909090909001,1,0.0,0.052205318435475004,0.10924581641667401,0.037936805000001
mp-19294,LiFeP2O7,75,,PROMISING,insertion,Li0-1FeP2O7,mp-aaachqwy;mp-aaabrdei,"{'Fe': 1.0, 'P': 2.0, 'O': 7.0}",FeP2O7,Fe-O-P,FeP2O7,LiFeP2O7,mp-aaachqwy,mp-aaabrdei,5.292931158333336,113.21572119795302,349.84154995627813,599.2430183418255,1851.687240243213,0.0,0.09090909090909001,1,0.0,0.099325903956339,0.11041740691667401,0.043609396590909004
mp-19294,LiFeP2O7,75,,PROMISING,insertion,Li0-2FeP2O7,mp-aaabrpea;mp-aaabrpiu;mp-aaabrcnx,"{'Fe': 1.0, 'P': 2.0, 'O': 7.0}",FeP2O7,Fe-O-P,FeP2O7,Li2FeP2O7,mp-aaabrpea,mp-aaabrcnx,3.932408963333327,219.98149553380892,645.1336382152299,865.0572048046206,2536.92930146541,0.0,0.16666666666666602,2,1.46751672500001,0.04507410092909701,0.049472965916673,0.034462551180553004
mp-19294,LiFeP2O7,75,,PROMISING,insertion,Li0.75-2FeP2O7,mp-aaabwiof;mp-aaabwiui;mp-aaacpads;mp-aaabwipg;mp-aaabwiqs;mp-aaabwinv;mp-aaabsnww;mp-aaabwitf;mp-aaabwith;mp-aaacoyum;mp-aaabvhru;mp-aaabwiqu;mp-aaacozsg;mp-aaabwitn;mp-aaacozje;mp-aaabwitk;mp-aaacozjj;mp-aaabwito;mp-aaacpafn;mp-aaabwiri;mp-aaacpami;mp-aaacozel;mp-aaacozar;mp-aaabwivv,"{'Fe': 1.0, 'P': 2.0, 'O': 7.0}",FeP2O7,Fe-O-P,Li3Fe4(P2O7)4,Li2FeP2O7,mp-aaabwiof,mp-aaabwivv,4.055408742333343,137.48843470863056,412.58360059062693,557.5718000871075,1673.1951407785966,0.069767441860465,0.16666666666666602,4,1.005242935000069,0.033374470746635,0.08721443550387001,0.012548983055552
mp-753732,Li2CoSiO4,76,,PROMISING,insertion,Li1-2CoSiO4,mp-aaabrlbk;mp-aaabrlef;mp-aaabrfny;mp-aaabrmwa;mp-aaabqvtm;mp-aaabrdwe,"{'Co': 1.0, 'Si': 1.0, 'O': 4.0}",CoSiO4,Co-O-Si,LiCoSiO4,Li2CoSiO4,mp-aaabrlbk,mp-aaabrdwe,3.70397912333333,162.53340366778136,502.2163140188892,602.0203340297711,1860.198742523382,0.14285714285714202,0.25,1,0.0,0.0053499340174770005,0.068052199285711,0.009668001875
mp-753732,Li2CoSiO4,76,,PROMISING,insertion,Li1-2CoSiO4,mp-aaabrlbx;mp-aaabredr;mp-aaabqxdk,"{'Co': 1.0, 'Si': 1.0, 'O': 4.0}",CoSiO4,Co-O-Si,LiCoSiO4,Li2CoSiO4,mp-aaabrlbx,mp-aaabqxdk,3.914207908333336,162.53340366778136,527.7109777901534,636.1895340047643,2065.5704825805356,0.14285714285714202,0.25,1,0.0,0.004445770357172,0.09207035285714,0.004405288124999
mp-753732,Li2CoSiO4,76,,PROMISING,insertion,Li1-2CoSiO4,mp-aaabsgzl;mp-aaabsbmx;mp-aaabrnpl,"{'Co': 1.0, 'Si': 1.0, 'O': 4.0}",CoSiO4,Co-O-Si,LiCoSiO4,Li2CoSiO4,mp-aaabsgzl,mp-aaabrnpl,3.713920558333332,162.53340366778136,524.3454971641232,603.6361492976635,1947.3775215873493,0.14285714285714202,0.25,1,0.0,0.020362096862296,0.076110670357139,0.015476484687499
mp-753732,Li2CoSiO4,76,,PROMISING,insertion,Li1-2CoSiO4,mp-aaabrlbz;mp-aaabrlbq;mp-aaabrlca;mp-aaabqwbj;mp-aaabqwzs,"{'Co': 1.0, 'Si': 1.0, 'O': 4.0}",CoSiO4,Co-O-Si,LiCoSiO4,Li2CoSiO4,mp-aaabrlbz,mp-aaabqwzs,3.798029073333329,162.53340366778136,520.4310351577506,617.3065925180556,1976.6122021940967,0.14285714285714202,0.25,1,0.0,0.034675140287127,0.070438761428568,0.0
mp-753732,Li2CoSiO4,76,,PROMISING,insertion,Li1-2CoSiO4,mp-aaabrdba;mp-aaactbbx,"{'Co': 1.0, 'Si': 1.0, 'O': 4.0}",CoSiO4,Co-O-Si,LiCoSiO4,Li2CoSiO4,mp-aaabrdba,mp-aaactbbx,3.445609338333338,162.53340366778136,494.9215214542684,560.0266134688095,1705.3062160649708,0.14285714285714202,0.25,1,0.0,0.038507397519748,0.073399131249997,0.046642790468749
mp-753732,Li2CoSiO4,76,,PROMISING,insertion,Li1.5-2CoSiO4,mp-aaacpafk;mp-aaabregj,"{'Co': 1.0, 'Si': 1.0, 'O': 4.0}",CoSiO4,Co-O-Si,Li3Co2(SiO4)2,Li2CoSiO4,mp-aaacpafk,mp-aaabregj,4.32322742333334,81.26670183389068,259.62936166433485,351.33443397213,1122.4367762497823,0.2,0.25,1,0.0,0.021971583698797002,0.083127418000002,0.014290099374999001
mp-753732,Li2CoSiO4,76,,PROMISING,insertion,Li1-2CoSiO4,mp-aaabrkno;mp-aaabrdlu;mp-aaabrfud,"{'Co': 1.0, 'Si': 1.0, 'O': 4.0}",CoSiO4,Co-O-Si,LiCoSiO4,Li2CoSiO4,mp-aaabrkno,mp-aaabrfud,3.726868828333335,162.53340366778136,514.2710270285038,605.7406756923733,1916.6206599475008,0.14285714285714202,0.25,1,0.0,0.0006146800785910001,0.066904433928568,0.005802494062499001
mp-753732,Li2CoSiO4,76,,PROMISING,insertion,Li1-2CoSiO4,mp-aaabrfej;mp-aaabrezc;mp-aaabrict,"{'Co': 1.0, 'Si': 1.0, 'O': 4.0}",CoSiO4,Co-O-Si,LiCoSiO4,Li2CoSiO4,mp-aaabrfej,mp-aaabrict,3.882312670833333,162.53340366778136,518.7116435520616,631.0054924930965,2013.8007862709521,0.14285714285714202,0.25,1,0.0,0.041668056417701,0.089613370714283,0.006242333437500001
mp-753732,Li2CoSiO4,76,,PROMISING,insertion,Li1.5-2CoSiO4,mp-aaabshpy;mp-aaabreab,"{'Co': 1.0, 'Si': 1.0, 'O': 4.0}",CoSiO4,Co-O-Si,Li3Co2(SiO4)2,Li2CoSiO4,mp-aaabshpy,mp-aaabreab,4.586395388333334,81.26670183389068,257.9997313388431,372.7212265160163,1183.2887780037092,0.2,0.25,1,0.0,0.035009837487028,0.108240205666668,0.021385340000000003
mp-753732,Li2CoSiO4,76,,PROMISING,insertion,Li1-2CoSiO4,mp-aaabsgjx;mp-aaabsgjr;mp-aaabrhaq,"{'Co': 1.0, 'Si': 1.0, 'O': 4.0}",CoSiO4,Co-O-Si,LiCoSiO4,Li2CoSiO4,mp-aaabsgjx,mp-aaabrhaq,3.817750715833331,162.53340366778136,516.641363247852,620.5120181995001,1972.4079343685953,0.14285714285714202,0.25,1,0.0,0.015065164648375002,0.089977163214283,0.014630896249999002
mp-753732,Li2CoSiO4,76,,PROMISING,insertion,Li1-2CoSiO4,mp-aaabreix;mp-aaabrevb;mp-aaabregk,"{'Co': 1.0, 'Si': 1.0, 'O': 4.0}",CoSiO4,Co-O-Si,LiCoSiO4,Li2CoSiO4,mp-aaabreix,mp-aaabregk,3.8705464158333363,162.53340366778136,526.9927337439266,629.0930830195239,2039.7498367627666,0.14285714285714202,0.25,1,0.0,0.002090351648725,0.088263056785711,0.006531590624999001
mp-19219,Li3VO4,77,,PROMISING,insertion,Li1-1.5V(OF)2,mp-aaabrope;mp-aaabserk;mp-aaabqyrg,"{'V': 1.0, 'O': 2.0, 'F': 2.0}",V(OF)2,F-O-V,LiV(OF)2,Li3V2(OF)4,mp-aaabrope,mp-aaabserk,3.024187388333335,102.0242310898393,319.8591134617956,308.5403929662978,967.3138969746436,0.16666666666666602,0.23076923076923,1,0.0,0.034272015720992005,0.004580910416667,0.073067495384615
mp-19219,Li3VO4,77,,PROMISING,insertion,Li1.5-2VO2F,mp-aaabreyg;mp-aaabrgfb;mp-aaabrdoz;mp-aaabrgfz;mp-aaabrgph;mp-aaabrget;mp-aaabqwcm,"{'V': 1.0, 'O': 2.0, 'F': 1.0}",VO2F,F-O-V,Li3V2(O2F)2,Li2VO2F,mp-aaabreyg,mp-aaabqwcm,3.21946023833333,115.7024625341935,399.65628635507545,372.49947760608785,1286.677522920125,0.27272727272727204,0.33333333333333304,1,0.0,0.039739249893949,0.091860201704547,0.009730130833332
mp-19219,Li3VO4,77,,PROMISING,insertion,Li1.5-2VO2F,mp-aaabrfqk;mp-aaabrfdr;mp-aaabrkud,"{'V': 1.0, 'O': 2.0, 'F': 1.0}",VO2F,F-O-V,Li3V2(O2F)2,Li2VO2F,mp-aaabrfqk,mp-aaabrkud,2.915378378333334,115.7024625341935,402.1635052181047,337.3164575921104,1172.4587876676073,0.27272727272727204,0.33333333333333304,1,0.0,0.038593792978766,0.058522523977275004,0.004510747916666001
mp-19219,Li3VO4,77,,PROMISING,insertion,Li1.5-2VNiO4,mp-aaacozxa;mp-aaabqwkn;mp-aaacwhum,"{'V': 1.0, 'Ni': 1.0, 'O': 4.0}",VNiO4,Ni-O-V,Li3V2(NiO4)2,Li2VNiO4,mp-aaacozxa,mp-aaabqwkn,3.298424103333308,71.46508975402939,304.3353775272402,235.72217459156877,1003.827144732891,0.2,0.25,1,0.0,0.000865029924903,0.087502775000001,0.041216689921874
mp-26015,LiCo(PO3)3,78,,PROMISING,insertion,Li0-1Co(PO3)3,mp-aaaabnye;mp-aaaabnyd,"{'Co': 1.0, 'P': 3.0, 'O': 9.0}",Co(PO3)3,Co-O-P,Co(PO3)3,LiCo(PO3)3,mp-aaaabnye,mp-aaaabnyd,5.357530630833328,88.51505655947788,277.74698366129337,474.2221268073473,1488.0379725869432,0.0,0.07142857142857101,1,0.0,0.102276754197113,0.035433254807691,0.000464312499986
mp-26015,LiCo(PO3)3,78,,PROMISING,insertion,Li0-1Co(PO3)3,mp-aaackros;mp-aaaabmmp,"{'Co': 1.0, 'P': 3.0, 'O': 9.0}",Co(PO3)3,Co-O-P,Co(PO3)3,LiCo(PO3)3,mp-aaackros,mp-aaaabmmp,5.529354370833322,88.51505655947788,252.1494000112274,489.43111487170773,1394.22338705508,0.0,0.07142857142857101,1,0.0,0.012015882619405002,0.048150436730768006,0.0
mp-26015,LiCo(PO3)3,78,,PROMISING,insertion,Li0-1Co(PO3)3,mp-aaaabnds;mp-aaabcrys,"{'Co': 1.0, 'P': 3.0, 'O': 9.0}",Co(PO3)3,Co-O-P,Co(PO3)3,LiCo(PO3)3,mp-aaaabnds,mp-aaabcrys,5.370706193333338,88.51505655947788,276.0193590871824,475.38836246723855,1482.418881329429,0.0,0.07142857142857101,1,0.0,0.006636725064083001,0.06296418269230701,0.025087633928557004
mp-26015,LiCo(PO3)3,78,,PROMISING,insertion,Li0-1Co(PO3)3,mp-aaabhgob;mp-aaabhgxm,"{'Co': 1.0, 'P': 3.0, 'O': 9.0}",Co(PO3)3,Co-O-P,Co(PO3)3,LiCo(PO3)3,mp-aaabhgob,mp-aaabhgxm,4.571968950833342,88.51505655947788,216.1693857994988,404.68809027119,988.3197199960224,0.0,0.07142857142857101,1,0.0,0.041724363629694006,0.0,0.023673553035700002
mp-26967,LiCr4(PO4)3,79,,PROMISING,insertion,Li1-3Cr2(PO4)3,mp-aaabnsgz;mp-aaacpaes;mp-aaaabnjh;mp-aaabsiwm,"{'Cr': 2.0, 'P': 3.0, 'O': 12.0}",Cr2(PO4)3,Cr-O-P,LiCr2(PO4)3,Li3Cr2(PO4)3,mp-aaabnsgz,mp-aaaabnjh,4.868894020833328,130.82531349913754,390.7602776288491,636.9745866695964,1902.5703793262746,0.055555555555555004,0.15,2,0.22605936999991602,0.018021932167650002,0.11369472597223002,0.033247400375
mp-26967,LiCr4(PO4)3,79,,PROMISING,insertion,Li1-3Cr2(PO4)3,mp-aaaabnom;mp-aaabrpsy;mp-aaaabnol,"{'Cr': 2.0, 'P': 3.0, 'O': 12.0}",Cr2(PO4)3,Cr-O-P,LiCr2(PO4)3,Li3Cr2(PO4)3,mp-aaaabnom,mp-aaaabnol,4.745998995833338,130.82531349913754,441.0128546333961,620.8968064964884,2093.0465652396915,0.055555555555555004,0.15,2,0.503327996666674,0.036947269162228,0.101774119027787,0.034808356624999
mp-26967,LiCr4(PO4)3,79,,PROMISING,insertion,Li0-1Cr4(PO4)3,mp-aaaabnsi;mp-aaabnsbg,"{'Cr': 4.0, 'P': 3.0, 'O': 12.0}",Cr4(PO4)3,Cr-O-P,Cr4(PO4)3,LiCr4(PO4)3,mp-aaaabnsi,mp-aaabnsbg,2.233531908333337,53.62017586854651,178.85723276332007,119.76237373284387,399.48333641307823,0.0,0.05,1,0.0,0.045918309190742,0.033639047368421,0.041265836124999004
mp-26967,LiCr4(PO4)3,79,,PROMISING,insertion,Li1-3Cr2(PO4)3,mp-aaaabntm;mp-aaabrpsh;mp-aaabrpsw;mp-aaaabntl,"{'Cr': 2.0, 'P': 3.0, 'O': 12.0}",Cr2(PO4)3,Cr-O-P,LiCr2(PO4)3,Li3Cr2(PO4)3,mp-aaaabntm,mp-aaaabntl,4.779084660833338,130.82531349913754,425.7591431057006,625.2252489924409,2034.738990026,0.055555555555555004,0.15,2,1.301718336666624,0.03493353739341,0.108670820277787,0.037706821249999
mp-26967,LiCr4(PO4)3,79,,PROMISING,insertion,Li0-1Cr4(PO4)3,mp-aaabcscj;mp-aaaabnxf,"{'Cr': 4.0, 'P': 3.0, 'O': 12.0}",Cr4(PO4)3,Cr-O-P,Cr4(PO4)3,LiCr4(PO4)3,mp-aaabcscj,mp-aaaabnxf,3.740704845833339,53.62017586854651,186.45116023663522,200.57725170590783,697.4587586084298,0.0,0.05,1,0.0,0.011391693363519001,0.069526216578948,0.0
mp-26967,LiCr4(PO4)3,79,,PROMISING,insertion,Li0-1Cr4(PO4)3,mp-aaaabnve;mp-aaaabnvd,"{'Cr': 4.0, 'P': 3.0, 'O': 12.0}",Cr4(PO4)3,Cr-O-P,Cr4(PO4)3,LiCr4(PO4)3,mp-aaaabnve,mp-aaaabnvd,2.6409069533333183,53.62017586854651,171.192266325996,141.60589529019987,452.1028464972121,0.0,0.05,1,0.0,0.009439817808517001,0.041168973947367,0.028050514125000002
mp-26001,LiNi(PO3)3,80,,PROMISING,insertion,Li0-1Ni(PO3)3,mp-aaaabnsk;mp-aaaabnsj,"{'Ni': 1.0, 'P': 3.0, 'O': 9.0}",Ni(PO3)3,Ni-O-P,Ni(PO3)3,LiNi(PO3)3,mp-aaaabnsk,mp-aaaabnsj,5.066259283333328,88.58521173357572,219.26584389941945,448.79565131127646,1110.8576171733503,0.0,0.07142857142857101,1,0.0,0.010084422283953001,0.047593460480782,0.028720952500012
mp-26001,LiNi(PO3)3,80,,PROMISING,insertion,Li0-1Ni(PO3)3,mp-aaabqxbw;mp-aaabrfxz,"{'Ni': 1.0, 'P': 3.0, 'O': 9.0}",Ni(PO3)3,Ni-O-P,Ni(PO3)3,LiNi(PO3)3,mp-aaabqxbw,mp-aaabrfxz,5.18405965333334,88.58521173357572,262.95559102138134,459.23102203002105,1363.1774700323656,0.0,0.07142857142857101,1,0.0,0.025340407095836,0.07880073894232101,0.04928482750001201
mp-26001,LiNi(PO3)3,80,,PROMISING,insertion,Li0-1Ni(PO3)3,mp-aaabcruk;mp-aaaabmjf,"{'Ni': 1.0, 'P': 3.0, 'O': 9.0}",Ni(PO3)3,Ni-O-P,Ni(PO3)3,LiNi(PO3)3,mp-aaabcruk,mp-aaaabmjf,5.069943593333339,88.58521173357572,224.22346135218015,449.12202669271954,1136.8003013575114,0.0,0.07142857142857101,1,0.0,0.023817935433424003,0.047539342019244,0.028407534642870002
mp-26001,LiNi(PO3)3,80,,PROMISING,insertion,Li0-1Ni(PO3)3,mp-aaaabmmc;mp-aaaabmmb,"{'Ni': 1.0, 'P': 3.0, 'O': 9.0}",Ni(PO3)3,Ni-O-P,Ni(PO3)3,LiNi(PO3)3,mp-aaaabmmc,mp-aaaabmmb,5.831597953333334,88.58521173357572,284.21747358050516,516.5933394411203,1657.442037233645,0.0,0.07142857142857101,1,0.0,0.00850796533594,0.075535409326936,0.0
mp-26001,LiNi(PO3)3,80,,PROMISING,insertion,Li0-1Ni(PO3)3,mp-aaabrpxs;mp-aaacoyog,"{'Ni': 1.0, 'P': 3.0, 'O': 9.0}",Ni(PO3)3,Ni-O-P,Ni(PO3)3,LiNi(PO3)3,mp-aaabrpxs,mp-aaacoyog,5.751060565833332,88.58521173357572,279.16067894589526,509.4589179169635,1605.4699722169976,0.0,0.07142857142857101,1,0.0,0.0038175702474570004,0.07022690605770601,0.0008233460714420001
mp-26001,LiNi(PO3)3,80,,PROMISING,insertion,Li0-1Ni(PO3)3,mp-aaackrlg;mp-aaaabmnb,"{'Ni': 1.0, 'P': 3.0, 'O': 9.0}",Ni(PO3)3,Ni-O-P,Ni(PO3)3,LiNi(PO3)3,mp-aaackrlg,mp-aaaabmnb,5.815260435833342,88.58521173357572,258.4561672603668,515.1460769941824,1502.9899238663356,0.0,0.07142857142857101,1,0.0,0.032603950915085,0.075447044519244,0.001084912500012
mp-756415,LiNbFeO4,81,,PROMISING,insertion,Li0-1NbFeO4,mp-aaabqxso;mp-aaabrayx,"{'Nb': 1.0, 'Fe': 1.0, 'O': 4.0}",NbFeO4,Fe-Nb-O,NbFeO4,LiNbFeO4,mp-aaabqxso,mp-aaabrayx,3.176276870833338,121.99683001183708,535.5622515479131,387.4957094815846,1701.0939924830627,0.0,0.14285714285714202,1,0.0,0.013395259562806001,0.11157374708332601,0.0
mp-19340,LiVO2,82,,PROMISING,insertion,Li0-0.12VO2,mp-aaadehdd;mp-aaaewait;mp-aaadbgsm;mp-aaacshki,"{'V': 1.0, 'O': 2.0}",VO2,O-V,VO2,LiV8O16,mp-aaadehdd,mp-aaacshki,2.783306743333331,39.97456258665856,137.27750062940967,111.26146960924706,382.0853932097816,0.0,0.04,1,0.0,0.022063351947752,0.13710737791666702,0.130873531933328
mp-19340,LiVO2,82,,PROMISING,insertion,Li0.5-2VO2,mp-aaabqvge;mp-aaabsbpb,"{'V': 1.0, 'O': 2.0}",VO2,O-V,LiV2O4,Li2VO2,mp-aaabqvge,mp-aaabsbpb,1.119152501666668,415.21655360434363,1422.6242238160614,464.6906446997136,1592.1334590153479,0.14285714285714202,0.4,1,0.0,0.14238545862899102,0.06621072267858301,0.10280860199999901
mp-19340,LiVO2,82,,PROMISING,insertion,Li0-1VO2,mp-aaaborpw;mp-aaaablhf;mp-aaacromh;mp-aaabqytm;mp-aaacujxf;mp-aaacuqvp;mp-aaaabcpw;mp-aaacuppy,"{'V': 1.0, 'O': 2.0}",VO2,O-V,VO2,LiVO2,mp-aaaborpw,mp-aaaabcpw,2.948688788333332,298.1875111437406,1176.4889388450251,879.2621709305685,3469.099743570505,0.0,0.25,2,0.11348939249999701,0.027620072541691004,0.138130571666666,0.0
mp-19340,LiVO2,82,,PROMISING,insertion,Li0-0.25VO2,mp-aaabsgcr;mp-aaacsiyc;mp-aaacsdza;mp-aaacshtv,"{'V': 1.0, 'O': 2.0}",VO2,O-V,VO2,LiV4O8,mp-aaabsgcr,mp-aaacsiyc,2.190126183333338,79.12992931656154,286.3863316134602,173.30453008151775,627.2222034154232,0.0,0.07692307692307601,1,0.0,0.023879826359689,0.038333638333334,0.079572726794868
mp-19340,LiVO2,82,,PROMISING,insertion,Li0.2-1VO2,mp-aaabrjus;mp-aaabrjqt;mp-aaacuozg;mp-aaabrjpx;mp-aaabrjqy;mp-aaabreqn,"{'V': 1.0, 'O': 2.0}",VO2,O-V,LiV5O10,LiVO2,mp-aaabrjus,mp-aaabreqn,2.55168825833334,238.55000891499253,936.6093595196585,608.7052567737001,2389.9351053314226,0.0625,0.25,4,0.44205997000002606,0.014284078489071001,0.07886611145833901,0.048101107249999005
mp-19340,LiVO2,82,,PROMISING,insertion,Li0-0.25VO2,mp-aaabeuxg;mp-aaacqxgz,"{'V': 1.0, 'O': 2.0}",VO2,O-V,VO2,LiV4O8,mp-aaabeuxg,mp-aaacqxgz,2.231662093333331,79.12992931656154,298.6687393991809,176.59126370391627,666.5277041808032,0.0,0.07692307692307601,1,0.0,0.033582129783420005,0.020010723333333,0.059464196794868
mp-19340,LiVO2,82,,PROMISING,insertion,Li0-0.2VO2,mp-aaabwirn;mp-aaacroti,"{'V': 1.0, 'O': 2.0}",VO2,O-V,VO2,LiV5O10,mp-aaabwirn,mp-aaacroti,2.490982693333312,63.56446787352769,251.25636593604136,158.33798938389882,625.8752591365006,0.0,0.0625,1,0.0,0.005192609905242,0.051628716999999005,0.065501002083339
mp-19340,LiVO2,82,,PROMISING,insertion,Li0-1.25VO2,mp-aaaborqm;mp-aaabkcne;mp-aaaablkl;mp-aaadxhww;mp-aaacvhrf;mp-aaaabcry;mp-aaacwcnu;mp-aaacvcpl;mp-aaaacayu;mp-aaacoykx;mp-aaabrbri;mp-aaabrirl;mp-aaabrxlj;mp-aaabrbnm,"{'V': 1.0, 'O': 2.0}",VO2,O-V,VO2,Li5V4O8,mp-aaaborqm,mp-aaabrxlj,2.391421021333333,365.6746672048321,1414.310988093278,874.4820861227064,3382.213027628983,0.0,0.29411764705882304,3,2.221661789999991,0.06834331521063701,0.161385609999999,0.053815585000002004
mp-19340,LiVO2,82,,PROMISING,insertion,Li1-2V(OF)2,mp-aaadjpxd;mp-aaabrypn;mp-aaacozws;mp-aaabqvqt,"{'V': 1.0, 'O': 2.0, 'F': 2.0}",V(OF)2,F-O-V,LiV(OF)2,Li2V(OF)2,mp-aaadjpxd,mp-aaabqvqt,3.220165580833328,198.79586700304586,600.1327954942376,640.1556085351283,1932.526971979831,0.16666666666666602,0.28571428571428503,1,0.0,0.06075357635638601,0.0,0.082256502500003
mp-19340,LiVO2,82,,PROMISING,insertion,Li1-1.5V(OF)2,mp-aaabrope;mp-aaabserk;mp-aaabqyrg,"{'V': 1.0, 'O': 2.0, 'F': 2.0}",V(OF)2,F-O-V,LiV(OF)2,Li3V2(OF)4,mp-aaabrope,mp-aaabserk,3.024187388333335,102.0242310898393,319.8591134617956,308.5403929662978,967.3138969746436,0.16666666666666602,0.23076923076923,1,0.0,0.034272015720992005,0.004580910416667,0.073067495384615
mp-19340,LiVO2,82,,PROMISING,insertion,Li0-1VO2F,mp-aaabqvyc;mp-aaabqvje,"{'V': 1.0, 'O': 2.0, 'F': 1.0}",VO2F,F-O-V,VO2F,LiVO2F,mp-aaabqvyc,mp-aaabqvje,3.682245778333336,246.15681672214453,740.0753518144937,906.4098991830895,2725.139339867478,0.0,0.2,1,0.0,0.0027668662251310004,0.005366479791664,0.049484848999993
mp-19340,LiVO2,82,,PROMISING,insertion,Li1-2V(OF)2,mp-aaabrokr;mp-aaabrhyb,"{'V': 1.0, 'O': 2.0, 'F': 2.0}",V(OF)2,F-O-V,LiV(OF)2,Li2V(OF)2,mp-aaabrokr,mp-aaabrhyb,3.743696788333336,198.79586700304586,589.9621742189586,744.2314488332438,2208.6394968616673,0.16666666666666602,0.28571428571428503,1,0.0,0.023688424994079003,0.074975034583334,0.071730645357146
mp-753560,LiVPHO5,83,,PROMISING,insertion,Li0-2VPHO5,mp-aaackqzt;mp-aaabqwtc;mp-aaacuoyl;mp-aaabsgfr,"{'V': 1.0, 'P': 1.0, 'H': 1.0, 'O': 5.0}",VPHO5,H-O-P-V,VPHO5,Li2VPHO5,mp-aaackqzt,mp-aaacuoyl,2.479366997083336,303.18039981610514,881.8527509971066,751.6954774665819,2186.4366071093755,0.0,0.2,2,2.018696022499995,0.14061397065585401,0.0,0.06384671421808001
mp-19017,LiFePO4,85,,PROMISING,insertion,Li0-1FePO4F,mp-aaabryuv;mp-aaabrxwu,"{'Fe': 1.0, 'P': 1.0, 'O': 4.0, 'F': 1.0}",FePO4F,F-Fe-O-P,FePO4F,LiFePO4F,mp-aaabryuv,mp-aaabrxwu,6.838748730833328,151.6300252783149,408.11864253097343,1036.9596429283013,2791.0208486381152,0.0,0.125,1,0.0,0.008345027820948,0.37882650279761904,0.03307569546875
mp-19017,LiFePO4,85,,PROMISING,insertion,Li0-2FePO4F,mp-aaaablog;mp-aaaablpf;mp-aaacpacv;mp-aaaablor;mp-aaacotef,"{'Fe': 1.0, 'P': 1.0, 'O': 4.0, 'F': 1.0}",FePO4F,F-Fe-O-P,FePO4F,Li2FePO4F,mp-aaaablog,mp-aaaablor,4.009289222083333,291.80134028145517,912.5111150407031,1169.9159685799093,3658.5209785639354,0.0,0.22222222222222202,2,2.162296912500004,0.075428882083566,0.091266986190477,0.040400714722228004
mp-19017,LiFePO4,85,,PROMISING,insertion,Li0-1FePO4,mp-aaaabcgz;mp-aaaexgid;mp-aaaabdfs;mp-aaaexdbl;mp-aaabrcyk,"{'Fe': 1.0, 'P': 1.0, 'O': 4.0}",FePO4,Fe-O-P,FePO4,LiFePO4,mp-aaaabcgz,mp-aaabrcyk,2.9296060616666733,169.89052558677983,420.231890892196,497.7123135787672,1231.1138948634252,0.0,0.14285714285714202,1,0.0,0.174730924712203,0.007108202777777001,0.06679785761904701
mp-19017,LiFePO4,85,,PROMISING,insertion,Li0-1FePO4,mp-aaaabllf;mp-aaacroie;mp-aaacoytp;mp-aaabrqyo;mp-aaabqxti;mp-aaaabcax;mp-aaabodjk,"{'Fe': 1.0, 'P': 1.0, 'O': 4.0}",FePO4,Fe-O-P,FePO4,LiFePO4,mp-aaaabllf,mp-aaaabcax,3.404879943333331,169.89052558677983,606.1965648645082,578.4568431327848,2064.026525424727,0.0,0.14285714285714202,1,0.0,0.088941432959381,0.026914668333333003,0.015878559285713002
mp-19017,LiFePO4,85,,PROMISING,insertion,Li0-1FePO4,mp-aaabcruj;mp-aaabrqii;mp-aaabobup,"{'Fe': 1.0, 'P': 1.0, 'O': 4.0}",FePO4,Fe-O-P,FePO4,LiFePO4,mp-aaabcruj,mp-aaabobup,3.047521681666656,169.89052558677983,496.8617962358981,517.7450602354553,1514.1970968207397,0.0,0.14285714285714202,1,0.0,0.14211247369260802,0.010717817361109001,0.053046724404761006
mp-19017,LiFePO4,85,,PROMISING,insertion,Li0-1FePO4,mp-aaabnnld;mp-aaabqwnn;mp-aaabcrvs,"{'Fe': 1.0, 'P': 1.0, 'O': 4.0}",FePO4,Fe-O-P,FePO4,LiFePO4,mp-aaabnnld,mp-aaabcrvs,3.491658535833328,169.89052558677983,492.38394876665814,593.1997038222902,1719.236617618422,0.0,0.14285714285714202,1,0.0,0.029230097350827003,0.036537748749999,0.011729972142857
mp-19017,LiFePO4,85,,PROMISING,insertion,Li0-1FePO4,mp-aaabeszn;mp-aaaewddr;mp-aaaabmnp,"{'Fe': 1.0, 'P': 1.0, 'O': 4.0}",FePO4,Fe-O-P,FePO4,LiFePO4,mp-aaabeszn,mp-aaaabmnp,3.3107124108333292,169.89052558677983,495.0336652799651,562.4586715431493,1638.9140994226927,0.0,0.14285714285714202,1,0.0,0.117748443515073,0.004974469583332,0.010525179285714
mp-19017,LiFePO4,85,,PROMISING,insertion,Li0-1FePO4,mp-aaaabedd;mp-aaaexdrd;mp-aaabjzyi;mp-aaaabcdl,"{'Fe': 1.0, 'P': 1.0, 'O': 4.0}",FePO4,Fe-O-P,FePO4,LiFePO4,mp-aaaabedd,mp-aaaabcdl,3.499170160833334,169.89052558677983,589.6723353614005,594.4758577415521,2063.3638405655197,0.0,0.14285714285714202,1,0.0,0.06444511702724401,0.024104718749999,0.0
mp-19017,LiFePO4,85,,PROMISING,insertion,Li0-1FePO4,mp-aaabobwl;mp-aaabhhwh,"{'Fe': 1.0, 'P': 1.0, 'O': 4.0}",FePO4,Fe-O-P,FePO4,LiFePO4,mp-aaabobwl,mp-aaabhhwh,-2.145915517916665,169.89052558677983,489.823195357421,-364.5707152036892,-1051.119195953016,0.0,0.14285714285714202,1,0.0,0.08364776837519901,0.010253061354166001,0.79456796205357
mp-19017,LiFePO4,85,,PROMISING,insertion,Li0-1FePO4,mp-aaabobtk;mp-aaabhhzk,"{'Fe': 1.0, 'P': 1.0, 'O': 4.0}",FePO4,Fe-O-P,FePO4,LiFePO4,mp-aaabobtk,mp-aaabhhzk,3.446270226666667,169.89052558677983,505.7609483698787,585.488660122471,1742.9888981778104,0.0,0.14285714285714202,1,0.0,0.015509598518297002,0.027765482777777004,0.010694931190474
mp-19017,LiFePO4,85,,PROMISING,insertion,Li0-1FePO4,mp-aaabodfd;mp-aaabnnnz,"{'Fe': 1.0, 'P': 1.0, 'O': 4.0}",FePO4,Fe-O-P,FePO4,LiFePO4,mp-aaabodfd,mp-aaabnnnz,-0.449608642916667,169.89052558677983,491.7366472760301,-76.38424865347149,-221.089046654168,0.0,0.14285714285714202,1,0.0,0.058860078343819004,0.014383927395833001,0.5557791508035711
mp-19017,LiFePO4,85,,PROMISING,insertion,Li0-1FePO4,mp-aaabcrzg;mp-aaabqxfh;mp-aaabrcjf;mp-aaabrbtu;mp-aaaabnhn,"{'Fe': 1.0, 'P': 1.0, 'O': 4.0}",FePO4,Fe-O-P,FePO4,LiFePO4,mp-aaabcrzg,mp-aaabrbtu,3.33833296833333,169.89052558677983,482.13429141027206,567.1511425738244,1609.5248001789403,0.0,0.14285714285714202,1,0.0,0.061233715544775004,0.006887935833333,0.008219499285714001
mp-19017,LiFePO4,85,,PROMISING,insertion,Li0-1FePO4,mp-aaabqwwa;mp-aaabqwrr;mp-aaabropf,"{'Fe': 1.0, 'P': 1.0, 'O': 4.0}",FePO4,Fe-O-P,FePO4,LiFePO4,mp-aaabqwwa,mp-aaabropf,3.552719033333336,169.89052558677983,499.3776317644837,603.5733038351569,1774.1484171906075,0.0,0.14285714285714202,2,0.086942529999987,0.026701392711024,0.093067095833333,0.051460769999999004
mp-19017,LiFePO4,85,,PROMISING,insertion,Li0-1FePO4,mp-aaabqxaq;mp-aaabqxfa;mp-aaabrcla,"{'Fe': 1.0, 'P': 1.0, 'O': 4.0}",FePO4,Fe-O-P,FePO4,LiFePO4,mp-aaabqxaq,mp-aaabrcla,3.173812358333333,169.89052558677983,494.065667906899,539.2006496710671,1568.0717226311285,0.0,0.14285714285714202,1,0.0,0.16351444197376802,0.022946063333333003,0.045486552857142
mp-19017,LiFePO4,85,,PROMISING,insertion,Li0-1FePO4,mp-aaaabnjo;mp-aaabrpwf;mp-aaaabnjn,"{'Fe': 1.0, 'P': 1.0, 'O': 4.0}",FePO4,Fe-O-P,FePO4,LiFePO4,mp-aaaabnjo,mp-aaaabnjn,3.847418561666669,169.89052558677983,579.7048113283173,653.6399615938828,2230.3670513920424,0.0,0.14285714285714202,2,0.21370323000000702,0.022463639130684002,0.147130554166666,0.055700944523809005
mp-19017,LiFePO4,85,,PROMISING,insertion,Li0.5-1FePO4,mp-aaabqxbx;mp-aaabsbix,"{'Fe': 1.0, 'P': 1.0, 'O': 4.0}",FePO4,Fe-O-P,LiFe2(PO4)2,LiFePO4,mp-aaabqxbx,mp-aaabsbix,3.817032748333336,84.94526279338992,258.56981775059336,324.2388498981506,986.9694620845972,0.07692307692307601,0.14285714285714202,1,0.0,0.0029948646819200004,0.08460165192307001,0.045523612499999005
mp-19017,LiFePO4,85,,PROMISING,insertion,Li0-1FePO4,mp-aaaabnqm;mp-aaabqwwm;mp-aaabrbwl;mp-aaaabnql,"{'Fe': 1.0, 'P': 1.0, 'O': 4.0}",FePO4,Fe-O-P,FePO4,LiFePO4,mp-aaaabnqm,mp-aaabrbwl,3.400948843333336,169.89052558677983,489.743938559996,577.7889864876514,1665.5940813751308,0.0,0.14285714285714202,1,0.0,0.113781402880349,0.026315635,0.015926687857142
mp-19017,LiFePO4,85,,PROMISING,insertion,Li0-1FePO4,mp-aaabrpuo;mp-aaabrpvc;mp-aaabrbzd,"{'Fe': 1.0, 'P': 1.0, 'O': 4.0}",FePO4,Fe-O-P,FePO4,LiFePO4,mp-aaabrpuo,mp-aaabrbzd,3.313778293333333,169.89052558677983,495.9894117980262,562.9795359324622,1643.598946539467,0.0,0.14285714285714202,1,0.0,0.097290927749932,0.009450009166666001,0.013923372857142001
mp-19017,LiFePO4,85,,PROMISING,insertion,Li0-1FePO4,mp-aaabsejg;mp-aaabvhns,"{'Fe': 1.0, 'P': 1.0, 'O': 4.0}",FePO4,Fe-O-P,FePO4,LiFePO4,mp-aaabsejg,mp-aaabvhns,3.321968453333338,169.89052558677983,603.2624458626904,564.3709665195029,2004.018814236568,0.0,0.14285714285714202,1,0.0,0.069763680911937,0.029870462083334003,0.030256595357142
mp-19017,LiFePO4,85,,PROMISING,insertion,Li0-1FePO4,mp-aaabrgtz;mp-aaabrily,"{'Fe': 1.0, 'P': 1.0, 'O': 4.0}",FePO4,Fe-O-P,FePO4,LiFePO4,mp-aaabrgtz,mp-aaabrily,3.188486138333329,169.89052558677983,497.1980202214779,541.6935858676112,1585.3089954829566,0.0,0.14285714285714202,1,0.0,0.17576679950832402,0.0,0.023722244285714
mp-19017,LiFePO4,85,,PROMISING,insertion,Li0-1FePO4,mp-aaabrpvg;mp-aaabrpvk;mp-aaabrony,"{'Fe': 1.0, 'P': 1.0, 'O': 4.0}",FePO4,Fe-O-P,FePO4,LiFePO4,mp-aaabrpvg,mp-aaabrony,3.33574072583333,169.89052558677983,498.01662306947463,566.7107451330509,1661.2543317148331,0.0,0.14285714285714202,1,0.0,0.09330046560053401,0.010196528125000002,0.011425755892857001
mp-27007,LiFe2P3O10,86,,PROMISING,insertion,Li0-1Fe2P3O10,mp-aaaabnyu;mp-aaaabnyt,"{'Fe': 2.0, 'P': 3.0, 'O': 10.0}",Fe2P3O10,Fe-O-P,Fe2P3O10,LiFe2P3O10,mp-aaaabnyu,mp-aaaabnyt,3.886222098333339,72.13497255995688,240.55947755554268,280.33252442517346,934.8675576398729,0.0,0.0625,1,0.0,0.029773622974997003,0.040714580333293005,0.0
mp-753051,LiCrPHO5,89,,PROMISING,insertion,Li0-1CrPHO5,mp-aaabqyor;mp-aaabqvzn,"{'Cr': 1.0, 'P': 1.0, 'H': 1.0, 'O': 5.0}",CrPHO5,Cr-H-O-P,CrPHO5,LiCrPHO5,mp-aaabqyor,mp-aaabqvzn,4.66829378333333,156.8110194127275,497.08832919830024,732.0399070825979,2320.5543569639767,0.0,0.11111111111111101,1,0.0,0.041712804753837006,0.027666349218749,0.0
mp-26997,LiCo(PO3)4,92,,PROMISING,insertion,Li1-2Co(PO3)4,mp-aaabngsq;mp-aaabetpq,"{'Co': 1.0, 'P': 4.0, 'O': 12.0}",Co(PO3)4,Co-O-P,LiCo(PO3)4,Li2Co(PO3)4,mp-aaabngsq,mp-aaabetpq,5.31174754333333,68.95104534945432,193.3154958226373,366.250545745229,1026.8431100241582,0.055555555555555004,0.105263157894736,1,0.0,0.024026233972106,0.07581931847222201,0.046302531008763005
mp-26997,LiCo(PO3)4,92,,PROMISING,insertion,Li0-1Co(PO3)4,mp-aaaabnnw;mp-aaaabutk,"{'Co': 1.0, 'P': 4.0, 'O': 12.0}",Co(PO3)4,Co-O-P,Co(PO3)4,LiCo(PO3)4,mp-aaaabnnw,mp-aaaabutk,5.28965848333333,70.20467759117658,169.60053423593357,371.35876838984854,897.1289046989708,0.0,0.055555555555555004,1,0.0,0.014797740664667,0.06843931397059101,0.040274643472222
mp-26997,LiCo(PO3)4,92,,PROMISING,insertion,Li0-1Co(PO3)4,mp-aaaabusi;mp-aaaabntd,"{'Co': 1.0, 'P': 4.0, 'O': 12.0}",Co(PO3)4,Co-O-P,Co(PO3)4,LiCo(PO3)4,mp-aaaabusi,mp-aaaabntd,5.59688006833331,70.20467759117658,177.37535204300366,392.9271607138224,992.7485724630913,0.0,0.055555555555555004,1,0.0,0.007771353992575,0.091571498676473,0.045053840972223
mp-26997,LiCo(PO3)4,92,,PROMISING,insertion,Li0-1Co(PO3)4,mp-aaabcsby;mp-aaaabnvp,"{'Co': 1.0, 'P': 4.0, 'O': 12.0}",Co(PO3)4,Co-O-P,Co(PO3)4,LiCo(PO3)4,mp-aaabcsby,mp-aaaabnvp,5.514096693333333,70.20467759117658,199.49512453162157,387.11538056203955,1100.035406515936,0.0,0.055555555555555004,1,0.0,0.000535426307904,0.110342430147062,0.067381019305555
mp-26997,LiCo(PO3)4,92,,PROMISING,insertion,Li0-2Co(PO3)4,mp-aaaabncq;mp-aaaabutn;mp-aaaabmzv,"{'Co': 1.0, 'P': 4.0, 'O': 12.0}",Co(PO3)4,Co-O-P,Co(PO3)4,Li2Co(PO3)4,mp-aaaabncq,mp-aaaabmzv,5.298443423333329,137.90209069890864,357.8748669470441,730.6664255275488,1896.179735151856,0.0,0.105263157894736,2,0.25862975999999,0.005346175779781,0.068600825441179,0.013010990219290001
mp-26997,LiCo(PO3)4,92,,PROMISING,insertion,Li0-1Co(PO3)4,mp-aaaabnyk;mp-aaaabnyj,"{'Co': 1.0, 'P': 4.0, 'O': 12.0}",Co(PO3)4,Co-O-P,Co(PO3)4,LiCo(PO3)4,mp-aaaabnyk,mp-aaaabnyj,6.078896553333341,70.20467759117658,179.33837406956567,426.76697263688175,1090.1794240118882,0.0,0.055555555555555004,1,0.0,0.0056180021265310005,0.07222134264706201,0.0
mp-26997,LiCo(PO3)4,92,,PROMISING,insertion,Li0-1Co(PO3)4,mp-aaabhgzn;mp-aaaabmzx,"{'Co': 1.0, 'P': 4.0, 'O': 12.0}",Co(PO3)4,Co-O-P,Co(PO3)4,LiCo(PO3)4,mp-aaabhgzn,mp-aaaabmzx,5.725157078333315,70.20467759117658,205.4883988860662,401.93280684323287,1176.4533613979415,0.0,0.055555555555555004,1,0.0,0.04404752855019,0.084223830735297,0.030987876250001004
mp-26997,LiCo(PO3)4,92,,PROMISING,insertion,Li1-2Co(PO3)4,mp-aaabpmpr;mp-aaabodib,"{'Co': 1.0, 'P': 4.0, 'O': 12.0}",Co(PO3)4,Co-O-P,LiCo(PO3)4,Li2Co(PO3)4,mp-aaabpmpr,mp-aaabodib,5.140374305833323,68.95104534945432,199.0543539384076,354.43418187468325,1023.2138864492426,0.055555555555555004,0.105263157894736,1,0.0,0.017798469778363,0.035053455833333004,0.016701884166659003
mp-26997,LiCo(PO3)4,92,,PROMISING,insertion,Li1-2Co(PO3)4,mp-aaabesxs;mp-aaaaburw,"{'Co': 1.0, 'P': 4.0, 'O': 12.0}",Co(PO3)4,Co-O-P,LiCo(PO3)4,Li2Co(PO3)4,mp-aaabesxs,mp-aaaaburw,5.153203818333343,68.95104534945432,174.82849362549274,355.3187901728835,900.9268609043556,0.055555555555555004,0.105263157894736,1,0.0,0.061769455551830006,0.069179412916668,0.048356500745606004
mp-19373,LiVO3,93,,PROMISING,insertion,Li0-0.25SmVO3,mp-aaacppsz;mp-aaacsiue,"{'Sm': 1.0, 'V': 1.0, 'O': 3.0}",SmVO3,O-Sm-V,SmVO3,LiSm4V4O12,mp-aaacppsz,mp-aaacsiue,-0.727102896666674,26.690985802339366,177.1446555802874,-19.407093091770033,-128.80239220144733,0.0,0.047619047619047006,1,0.0,0.038479399982029004,0.0,0.090977518690479
mp-19373,LiVO3,93,,PROMISING,insertion,Li1-2VO3,mp-aaabqxnu;mp-aaabxanp,"{'V': 1.0, 'O': 3.0}",VO3,O-V,LiVO3,Li2VO3,mp-aaabqxnu,mp-aaabxanp,3.272292910833333,237.5560831414869,823.505312106515,777.3530867892216,2694.7505948397406,0.2,0.33333333333333304,1,0.0,0.012904759146779,0.110586672500007,0.023868585833340002
mp-19373,LiVO3,93,,PROMISING,insertion,Li1-2VO3,mp-aaabrkzw;mp-aaabrjqa;mp-aaabqvih;mp-aaabsbgq,"{'V': 1.0, 'O': 3.0}",VO3,O-V,LiVO3,Li2VO3,mp-aaabrkzw,mp-aaabsbgq,3.150589805833331,237.5560831414869,822.110683547462,748.4417738592639,2590.1335388513057,0.2,0.33333333333333304,1,0.0,0.0031624216562680003,0.08454501550000601,0.022451055833339003
mp-1291671,Li2V3CoO8,94,,PROMISING,insertion,Li0-2V3CoO8,mp-aaabqyxd;mp-aaabranp,"{'V': 3.0, 'Co': 1.0, 'O': 8.0}",V3CoO8,Co-O-V,V3CoO8,Li2V3CoO8,mp-aaabqyxd,mp-aaabranp,2.425232038333338,151.57712954409598,585.5554114063451,367.6097108489444,1420.107743962127,0.0,0.14285714285714202,1,0.0,0.05137067672364801,0.044511997916666005,0.22117149071428602
mp-1291671,Li2V3CoO8,94,,PROMISING,insertion,Li2-2.75V3CoO8,mp-aaabscju;mp-aaabrzzd;mp-aaabrhyr,"{'V': 3.0, 'Co': 1.0, 'O': 8.0}",V3CoO8,Co-O-V,Li2V3CoO8,Li11V12(CoO8)4,mp-aaabscju,mp-aaabrhyr,1.729457803333317,56.016817322973324,228.57124192964875,96.87872183711318,395.30431797281864,0.14285714285714202,0.186440677966101,1,0.0,0.011593951857911,0.145012860357143,0.15129432330508202
mp-1291671,Li2V3CoO8,94,,PROMISING,insertion,Li0-2V3CoO8,mp-aaabxakk;mp-aaacpakr;mp-aaabrcgu,"{'V': 3.0, 'Co': 1.0, 'O': 8.0}",V3CoO8,Co-O-V,V3CoO8,Li2V3CoO8,mp-aaabxakk,mp-aaacpakr,3.512317765833335,151.57712954409598,598.608091123979,532.3870449917491,2102.501833226331,0.0,0.14285714285714202,1,0.0,0.024854804967626,0.08013018770833201,0.09640340660714301
mp-766101,Li2FeP2HO8,95,,PROMISING,insertion,Li1-2FeP2HO8,mp-aaabrelc;mp-aaabrphl,"{'Fe': 1.0, 'P': 2.0, 'H': 1.0, 'O': 8.0}",FeP2HO8,Fe-H-O-P,LiFeP2HO8,Li2FeP2HO8,mp-aaabrelc,mp-aaabrphl,5.147194610833329,102.81464370251489,306.2232485738803,529.2069799803335,1576.1906547713515,0.07692307692307601,0.14285714285714202,1,0.0,0.0021517648529720003,0.07261908913461601,0.0
mp-18793,LiCrO2,98,,PROMISING,insertion,Li0-1CrO2,mp-aaacfllb;mp-aaacsjak,"{'Cr': 1.0, 'O': 2.0}",CrO2,Cr-O,CrO2,LiCrO2,mp-aaacfllb,mp-aaacsjak,-0.34881119666666505,294.72937690575327,1423.4292269793689,-102.80490665131644,-496.5080520329801,0.0,0.25,1,0.0,0.15513928434877802,0.192758304999983,1.104617734999999
mp-18793,LiCrO2,98,,PROMISING,insertion,Li0-1CrO2,mp-aaadbsgj;mp-aaabsbam;mp-aaabrzkn;mp-aaachmqy;mp-aaabraww,"{'Cr': 1.0, 'O': 2.0}",CrO2,Cr-O,CrO2,LiCrO2,mp-aaadbsgj,mp-aaabraww,4.059322523333336,294.72937690575327,1211.8065127313596,1196.4015979615244,4919.113471052434,0.0,0.25,2,1.222512299999998,0.002416179295348,0.191386785833318,0.0015556656249990002
mp-18793,LiCrO2,98,,PROMISING,insertion,Li0-0.5CrO2,mp-aaaabcjp;mp-aaacuxmb;mp-aaaabfqx;mp-aaacshsg,"{'Cr': 1.0, 'O': 2.0}",CrO2,Cr-O,CrO2,LiCr2O4,mp-aaaabcjp,mp-aaacshsg,2.359274233333335,153.21190519544808,664.1984527692747,361.46890016753036,1567.026295438418,0.0,0.14285714285714202,1,0.0,0.11212447085603001,0.0,0.189611718888884
mp-18793,LiCrO2,98,,PROMISING,insertion,Li0.67-1CrO2,mp-aaabqxht;mp-aaabqwgh,"{'Cr': 1.0, 'O': 2.0}",CrO2,Cr-O,Li2Cr3O6,LiCrO2,mp-aaabqxht,mp-aaabqwgh,3.961170205833333,98.24312563525112,397.99109356947616,389.1577421942977,1576.5104620344355,0.18181818181818102,0.25,1,0.0,0.031031858222083004,0.097588626565657,0.034043173125
mp-18793,LiCrO2,98,,PROMISING,insertion,Li0-1CrO2,mp-aaaborph;mp-aaaablle;mp-aaacoyuo;mp-aaabrtaw;mp-aaaabbuv,"{'Cr': 1.0, 'O': 2.0}",CrO2,Cr-O,CrO2,LiCrO2,mp-aaaborph,mp-aaaabbuv,4.045066633333332,294.72937690575327,1208.6884220905908,1192.199968384586,4889.225206294964,0.0,0.25,3,0.31226359000000703,0.063528921598051,0.18456060166665,0.0
mp-18793,LiCrO2,98,,PROMISING,insertion,Li0-0.5CrO2,mp-aaachozx;mp-aaabrwbs,"{'Cr': 1.0, 'O': 2.0}",CrO2,Cr-O,CrO2,LiCr2O4,mp-aaachozx,mp-aaabrwbs,7.82456383833333,153.21190519544808,649.9286738542323,1198.8163329944575,5085.408398935763,0.0,0.14285714285714202,1,0.0,0.01142216166251,0.7513489637499831,0.052869458531741007
mp-18793,LiCrO2,98,,PROMISING,insertion,Li0-0.5CrO2,mp-aaadbayy;mp-aaachmqc,"{'Cr': 1.0, 'O': 2.0}",CrO2,Cr-O,CrO2,LiCr2O4,mp-aaadbayy,mp-aaachmqc,3.8808024583333323,153.21190519544808,624.2236979180005,594.5851383284283,2422.4888614301,0.0,0.14285714285714202,1,0.0,0.025467479299231002,0.16556981666665002,0.114167529603172
mp-758022,LiCoPO4,99,,PROMISING,insertion,Li1-2CoPO4F,mp-aaabsenz;mp-aaabrwif,"{'Co': 1.0, 'P': 1.0, 'O': 4.0, 'F': 1.0}",CoPO4F,Co-F-O-P,LiCoPO4F,Li2CoPO4F,mp-aaabsenz,mp-aaabrwif,4.51474495083333,143.48843245551572,477.45054457678117,647.8136759315289,2155.5674354006464,0.125,0.22222222222222202,1,0.0,0.009501574648329,0.06911564109375,0.035994524583333
mp-758022,LiCoPO4,99,,PROMISING,insertion,Li1-2CoPO4F,mp-aaabrequ;mp-aaabrfuo;mp-aaabrvzk,"{'Co': 1.0, 'P': 1.0, 'O': 4.0, 'F': 1.0}",CoPO4F,Co-F-O-P,LiCoPO4F,Li2CoPO4F,mp-aaabrequ,mp-aaabrvzk,4.519475752083328,143.48843245551572,470.6146483517161,648.4924911871498,2126.931491800803,0.125,0.22222222222222202,2,0.169408382499995,0.016413500578070003,0.0853621765625,0.049910244861111
mp-758022,LiCoPO4,99,,PROMISING,insertion,Li0-2CoPO4F,mp-aaaablqq;mp-aaaablrl;mp-aaaabloo,"{'Co': 1.0, 'P': 1.0, 'O': 4.0, 'F': 1.0}",CoPO4F,Co-F-O-P,CoPO4F,Li2CoPO4F,mp-aaaablqq,mp-aaaabloo,4.558548453333331,286.97686491103144,940.698673741835,1308.1979436826307,4288.220484238558,0.0,0.22222222222222202,2,1.316976630000006,0.068919557482607,0.09929610387755101,0.053209096666667004
mp-758022,LiCoPO4,99,,PROMISING,insertion,Li0-1CoPO4,mp-aaabetkh;mp-aaabqxhc;mp-aaabrdis;mp-aaaabnpd,"{'Co': 1.0, 'P': 1.0, 'O': 4.0}",CoPO4,Co-O-P,CoPO4,LiCoPO4,mp-aaabetkh,mp-aaabrdis,4.3336184258333335,166.6286694220835,497.4464353241357,722.1050720796325,2155.7430379857838,0.0,0.14285714285714202,1,0.0,0.04117583012176,0.007974647083333,0.0
mp-758022,LiCoPO4,99,,PROMISING,insertion,Li0-1CoPO4,mp-aaabngqh;mp-aaabqwte;mp-aaabrdai;mp-aaaabnvj,"{'Co': 1.0, 'P': 1.0, 'O': 4.0}",CoPO4,Co-O-P,CoPO4,LiCoPO4,mp-aaabngqh,mp-aaabrdai,4.403851713333336,166.6286694220835,504.0510265637623,733.8079513248965,2219.7659769402517,0.0,0.14285714285714202,1,0.0,0.0033724515387730004,0.026072119583333,0.005478792499999
mp-758022,LiCoPO4,99,,PROMISING,insertion,Li0-1CoPO4,mp-aaabcrsk;mp-aaabscye;mp-aaadqowz;mp-aaadqnqg;mp-aaaabbzn,"{'Co': 1.0, 'P': 1.0, 'O': 4.0}",CoPO4,Co-O-P,CoPO4,LiCoPO4,mp-aaabcrsk,mp-aaadqowz,4.612435505833337,166.6286694220835,511.10372414847456,768.5639911321836,2357.4329644260715,0.0,0.14285714285714202,1,0.0,0.260124551668905,0.086211365416667,0.027229032857142003
mp-758022,LiCoPO4,99,,PROMISING,insertion,Li0-1CoPO4,mp-aaaabmkg;mp-aaaabmkf,"{'Co': 1.0, 'P': 1.0, 'O': 4.0}",CoPO4,Co-O-P,CoPO4,LiCoPO4,mp-aaaabmkg,mp-aaaabmkf,4.654103609999997,166.62866942208353,581.3239631568147,775.5070918868151,2705.5419555076364,0.0,0.14285714285714202,1,0.0,0.02195632444735,0.126644744444445,0.05593362857143001
mp-758022,LiCoPO4,99,,PROMISING,insertion,Li0-1CoPO4,mp-aaabobsf;mp-aaabrqlk;mp-aaaabmht;mp-aaabrdgr,"{'Co': 1.0, 'P': 1.0, 'O': 4.0}",CoPO4,Co-O-P,CoPO4,LiCoPO4,mp-aaabobsf,mp-aaaabmht,4.028777480833331,166.62866942208353,510.43893419278663,671.3098310289116,2056.4448834164655,0.0,0.14285714285714202,1,0.0,0.09387907659187701,0.007445568333333001,0.043095210357144004
mp-758022,LiCoPO4,99,,PROMISING,insertion,Li0-1CoPO4,mp-aaabngqe;mp-aaaabnyb,"{'Co': 1.0, 'P': 1.0, 'O': 4.0}",CoPO4,Co-O-P,CoPO4,LiCoPO4,mp-aaabngqe,mp-aaaabnyb,4.30184314833333,166.6286694220835,509.86380488486316,716.8103998692894,2193.354115627111,0.0,0.14285714285714202,1,0.0,0.027169235487028,0.005624451666666,0.002524872142857
mp-758022,LiCoPO4,99,,PROMISING,insertion,Li0-1CoPO4,mp-aaabobue;mp-aaaabmmv,"{'Co': 1.0, 'P': 1.0, 'O': 4.0}",CoPO4,Co-O-P,CoPO4,LiCoPO4,mp-aaabobue,mp-aaaabmmv,4.343385253333335,166.62866942208353,518.4125559748545,723.7325055504328,2251.6654507640255,0.0,0.14285714285714202,1,0.0,0.014365266318255,0.017523017777778,0.006789056666667
mp-758022,LiCoPO4,99,,PROMISING,insertion,Li0-1CoPO4,mp-aaabqxdv;mp-aaabqwtt;mp-aaabrdrk,"{'Co': 1.0, 'P': 1.0, 'O': 4.0}",CoPO4,Co-O-P,CoPO4,LiCoPO4,mp-aaabqxdv,mp-aaabrdrk,4.362226118333329,166.6286694220835,511.73085319269137,726.8719338161429,2232.285693354157,0.0,0.14285714285714202,2,0.136793030000006,0.018437062961212003,0.06815639083333301,0.04749753857142901
mp-758022,LiCoPO4,99,,PROMISING,insertion,Li0-1CoPO4,mp-aaabrpfe;mp-aaabqxbu;mp-aaabrcvg,"{'Co': 1.0, 'P': 1.0, 'O': 4.0}",CoPO4,Co-O-P,CoPO4,LiCoPO4,mp-aaabrpfe,mp-aaabrcvg,4.051540948333337,166.6286694220835,506.8560928174813,675.1028773298704,2053.548214962268,0.0,0.14285714285714202,1,0.0,0.025179041654388,0.014034095416667001,0.045490595357143004
mp-758022,LiCoPO4,99,,PROMISING,insertion,Li0-1CoPO4,mp-aaaaboag;mp-aaaaboaf,"{'Co': 1.0, 'P': 1.0, 'O': 4.0}",CoPO4,Co-O-P,CoPO4,LiCoPO4,mp-aaaaboag,mp-aaaaboaf,4.069050723333331,166.6286694220835,628.2442538531936,678.0205078399994,2556.3577355713464,0.0,0.14285714285714202,1,0.0,0.07404992610788601,0.005828878333333,0.035956155714286
mp-758022,LiCoPO4,99,,PROMISING,insertion,Li0.5-1CoPO4,mp-aaabqxox;mp-aaabrdec,"{'Co': 1.0, 'P': 1.0, 'O': 4.0}",CoPO4,Co-O-P,LiCo2(PO4)2,LiCoPO4,mp-aaabqxox,mp-aaabrdec,4.381445333333336,83.31433471104175,254.7343665623,365.0372030194655,1116.1047016140128,0.07692307692307601,0.14285714285714202,1,0.0,0.028301339972620004,0.051212777692301,0.040720808571428006
mp-758022,LiCoPO4,99,,PROMISING,insertion,Li0-1CoPO4,mp-aaabesyv;mp-aaaabmmr,"{'Co': 1.0, 'P': 1.0, 'O': 4.0}",CoPO4,Co-O-P,CoPO4,LiCoPO4,mp-aaabesyv,mp-aaaabmmr,4.334888140833333,166.6286694220835,506.4673974308676,722.3166430006276,2195.47951484179,0.0,0.14285714285714202,1,0.0,0.115358703352867,0.012940566666667002,0.004075114642858001
mp-758022,LiCoPO4,99,,PROMISING,insertion,Li0-1CoPO4,mp-aaabxasc;mp-aaabrpvf;mp-aaabrdfk,"{'Co': 1.0, 'P': 1.0, 'O': 4.0}",CoPO4,Co-O-P,CoPO4,LiCoPO4,mp-aaabxasc,mp-aaabrdfk,4.257700939583334,166.6286694220835,513.1947057286051,709.4550423599258,2185.029580769875,0.0,0.14285714285714202,1,0.0,0.07038666376667001,0.000564491041666,0.0044937928571420005
mp-758022,LiCoPO4,99,,PROMISING,insertion,Li0-1CoPO4,mp-aaabrpgm;mp-aaabrctq,"{'Co': 1.0, 'P': 1.0, 'O': 4.0}",CoPO4,Co-O-P,CoPO4,LiCoPO4,mp-aaabrpgm,mp-aaabrctq,3.994422962499993,166.62866942208353,515.4176861872894,665.585383350391,2058.7962409851248,0.0,0.14285714285714202,1,0.0,0.10485716916296901,0.003605725972223,0.044711705238096006
mp-758022,LiCoPO4,99,,PROMISING,insertion,Li0-1CoPO4,mp-aaabwjlh;mp-aaabrcrb,"{'Co': 1.0, 'P': 1.0, 'O': 4.0}",CoPO4,Co-O-P,CoPO4,LiCoPO4,mp-aaabwjlh,mp-aaabrcrb,3.5149613908333333,166.62866942208353,543.6642870439138,585.6933396245544,1910.9589785342873,0.0,0.14285714285714202,1,0.0,0.17489656394716302,0.024707508194445,0.13129345738095302
mp-758022,LiCoPO4,99,,PROMISING,insertion,Li0-1CoPO4,mp-aaabsftx;mp-aaabryre,"{'Co': 1.0, 'P': 1.0, 'O': 4.0}",CoPO4,Co-O-P,CoPO4,LiCoPO4,mp-aaabsftx,mp-aaabryre,4.408243143333334,166.6286694220835,588.5530847444047,734.5396894626564,2594.485100312205,0.0,0.14285714285714202,1,0.0,0.04851427858667701,0.101575182916667,0.069568356785715
mp-758022,LiCoPO4,99,,PROMISING,insertion,Li0-1CoPO4,mp-aaacpbgw;mp-aaacoyux;mp-aaabrdwf,"{'Co': 1.0, 'P': 1.0, 'O': 4.0}",CoPO4,Co-O-P,CoPO4,LiCoPO4,mp-aaacpbgw,mp-aaabrdwf,4.247482669583332,166.6286694220835,511.58181639723813,707.7523856260298,2172.934899221231,0.0,0.14285714285714202,1,0.0,0.059272070583294006,3.690833333358512e-05,0.005501331964286001
mp-758022,LiCoPO4,99,,PROMISING,insertion,Li0-1CoPO4,mp-aaabwjbm;mp-aaacoyus,"{'Co': 1.0, 'P': 1.0, 'O': 4.0}",CoPO4,Co-O-P,CoPO4,LiCoPO4,mp-aaabwjbm,mp-aaacoyus,4.225425048333332,166.6286694220835,507.95898938904065,704.076953546526,2146.342637290538,0.0,0.14285714285714202,1,0.0,0.108268440108019,0.0,0.008620784999999001
mp-758022,LiCoPO4,99,,PROMISING,insertion,Li0-1CoPO4,mp-aaabseio;mp-aaabsejn,"{'Co': 1.0, 'P': 1.0, 'O': 4.0}",CoPO4,Co-O-P,CoPO4,LiCoPO4,mp-aaabseio,mp-aaabsejn,4.769965208333329,166.6286694220835,619.1033255711332,794.812955854214,2953.101323337767,0.0,0.14285714285714202,1,0.0,0.05533162317413601,0.134925155416667,0.046479466785714005
mp-17664,LiNi2P3O10,103,,PROMISING,insertion,Li0-1Ni2P3O10,mp-aaaabljx;mp-aaaabadk,"{'Ni': 2.0, 'P': 3.0, 'O': 10.0}",Ni2P3O10,Ni-O-P,Ni2P3O10,LiNi2P3O10,mp-aaaabljx,mp-aaaabadk,5.268361598333333,71.0456523658167,254.4933688126999,374.29418665260835,1340.7630912833101,0.0,0.0625,1,0.0,0.019234595388082,0.054455641500001005,0.0
mp-25991,Li2Ni3(P2O7)2,104,,PROMISING,insertion,Li0-2Ni3(P2O7)2,mp-aaackrnf;mp-aaaabvxz,"{'Ni': 3.0, 'P': 4.0, 'O': 14.0}",Ni3(P2O7)2,Ni-O-P,Ni3(P2O7)2,Li2Ni3(P2O7)2,mp-aaackrnf,mp-aaaabvxz,4.930101610833336,99.6617590426219,355.3876694888308,491.34259879451406,1752.09732181719,0.0,0.08695652173913,1,0.0,0.013343425260645001,0.078364111309525,0.027782668913044
mp-25991,Li2Ni3(P2O7)2,104,,PROMISING,insertion,Li0-2Ni3(P2O7)2,mp-aaaabmls;mp-aaaabmlr,"{'Ni': 3.0, 'P': 4.0, 'O': 14.0}",Ni3(P2O7)2,Ni-O-P,Ni3(P2O7)2,Li2Ni3(P2O7)2,mp-aaaabmls,mp-aaaabmlr,5.060933100833329,99.6617590426219,350.00625011068144,504.38149522608046,1771.3582166836966,0.0,0.08695652173913,1,0.0,0.002121583111222,0.06039561583333201,0.0
mp-19107,LiMnVO4,106,,PROMISING,insertion,Li0-1MnVO4,mp-aaaabllx;mp-aaaabcgx,"{'Mn': 1.0, 'V': 1.0, 'O': 4.0}",MnVO4,Mn-O-V,MnVO4,LiMnVO4,mp-aaaabllx,mp-aaaabcgx,3.546131023333334,151.57653161310955,534.6744139691325,537.5102411625137,1896.025526758511,0.0,0.14285714285714202,1,0.0,0.094101328142424,0.025497356458334,0.0
mp-19107,LiMnVO4,106,,PROMISING,insertion,Li1-2MnVO4,mp-aaabqxib;mp-aaabqxau,"{'Mn': 1.0, 'V': 1.0, 'O': 4.0}",MnVO4,Mn-O-V,LiMnVO4,Li2MnVO4,mp-aaabqxib,mp-aaabqxau,2.506070413333337,145.8511419682753,582.787544408132,365.51323163757496,1460.5066223004083,0.14285714285714202,0.25,1,0.0,0.021416850462561,0.08769726857142501,0.05771457343749901
mp-19107,LiMnVO4,106,,PROMISING,insertion,Li0-1MnVO4,mp-aaabrbdu;mp-aaabxaak,"{'Mn': 1.0, 'V': 1.0, 'O': 4.0}",MnVO4,Mn-O-V,MnVO4,LiMnVO4,mp-aaabrbdu,mp-aaabxaak,3.699111768333336,151.57653161310955,573.0230300044982,560.6985318932035,2119.6762338156655,0.0,0.14285714285714202,1,0.0,0.057176871497692,0.07868121312500101,0.023731770714283004
mp-22417,LiNiPO4,109,,PROMISING,insertion,Li1-2NiPO4F,mp-aaacoypd;mp-aaabrelg;mp-aaabfoew,"{'Ni': 1.0, 'P': 1.0, 'O': 4.0, 'F': 1.0}",NiPO4F,F-Ni-O-P,LiNiPO4F,Li2NiPO4F,mp-aaacoypd,mp-aaabfoew,4.692829077083336,143.67288005898902,485.1772213005504,674.2322691291303,2276.8537716577193,0.125,0.22222222222222202,2,0.8804905174999931,0.046346393092790004,0.085390049062501,0.029674211249993
mp-22417,LiNiPO4,109,,PROMISING,insertion,Li0-2NiPO4F,mp-aaaablro;mp-aaaablpl;mp-aaaablov;mp-aaacotea,"{'Ni': 1.0, 'P': 1.0, 'O': 4.0, 'F': 1.0}",NiPO4F,F-Ni-O-P,NiPO4F,Li2NiPO4F,mp-aaaablro,mp-aaaablov,5.057702658333331,287.34576011797805,957.3308396608114,1453.3094148095092,4841.894732656966,0.0,0.22222222222222202,2,0.582143369999997,0.065408319557056,0.241769376607144,0.030360165833326003
mp-22417,LiNiPO4,109,,PROMISING,insertion,Li0-1NiPO4,mp-aaaabllg;mp-aaaabmpp;mp-aaabxapb,"{'Ni': 1.0, 'P': 1.0, 'O': 4.0}",NiPO4,Ni-O-P,NiPO4,LiNiPO4,mp-aaaabllg,mp-aaaabmpp,4.971688053333335,166.87745702027735,642.9255176793889,829.66265943836,3196.425115429768,0.0,0.14285714285714202,1,0.0,0.122488752764701,0.120949799166675,0.009307963214272
mp-22417,LiNiPO4,109,,PROMISING,insertion,Li0-1NiPO4,mp-aaabcruz;mp-aaabqxdz;mp-aaaabhef;mp-aaabrlan;mp-aaadqtns;mp-aaabrdgs,"{'Ni': 1.0, 'P': 1.0, 'O': 4.0}",NiPO4,Ni-O-P,NiPO4,LiNiPO4,mp-aaabcruz,mp-aaaabhef,4.954485295833335,166.87745702027735,625.7455222288278,826.7919070130234,3100.246988816278,0.0,0.14285714285714202,2,0.108680054999993,0.035713322692224006,0.10722338250000801,0.0
mp-22417,LiNiPO4,109,,PROMISING,insertion,Li0-1NiPO4,mp-aaabcrzl;mp-aaaabnif,"{'Ni': 1.0, 'P': 1.0, 'O': 4.0}",NiPO4,Ni-O-P,NiPO4,LiNiPO4,mp-aaabcrzl,mp-aaaabnif,4.954802378333331,166.87745702027735,533.1069770401236,826.8448209342884,2641.439717744497,0.0,0.14285714285714202,1,0.0,0.037727094058203,0.156979355277786,0.042602679166654
mp-22417,LiNiPO4,109,,PROMISING,insertion,Li0-1NiPO4,mp-aaaabmku;mp-aaaabmkt,"{'Ni': 1.0, 'P': 1.0, 'O': 4.0}",NiPO4,Ni-O-P,NiPO4,LiNiPO4,mp-aaaabmku,mp-aaaabmkt,5.069874553333325,166.87745702027735,596.2072178940645,846.0477728720798,3022.6958025147746,0.0,0.14285714285714202,1,0.0,0.022122932198708003,0.18648308500000801,0.051452708214274
mp-22417,LiNiPO4,109,,PROMISING,insertion,Li0-1NiPO4,mp-aaabodvx;mp-aaabodoq,"{'Ni': 1.0, 'P': 1.0, 'O': 4.0}",NiPO4,Ni-O-P,NiPO4,LiNiPO4,mp-aaabodvx,mp-aaabodoq,7.05553710895833,166.87745702027735,510.6190659091476,1177.4100906551657,3602.6917680636307,0.0,0.14285714285714202,1,0.0,0.011351891626985001,0.538852590729175,0.06981763374998701
mp-22417,LiNiPO4,109,,PROMISING,insertion,Li0-1NiPO4,mp-aaaabnay;mp-aaaabnax,"{'Ni': 1.0, 'P': 1.0, 'O': 4.0}",NiPO4,Ni-O-P,NiPO4,LiNiPO4,mp-aaaabnay,mp-aaaabnax,4.925171425833331,166.87745702027735,518.4020063607243,821.9000829319998,2553.2187488225077,0.0,0.14285714285714202,1,0.0,9.827000834694569e-05,0.140307311250007,0.032545348928558
mp-22417,LiNiPO4,109,,PROMISING,insertion,Li0-1NiPO4,mp-aaabetfc;mp-aaaabnbn,"{'Ni': 1.0, 'P': 1.0, 'O': 4.0}",NiPO4,Ni-O-P,NiPO4,LiNiPO4,mp-aaabetfc,mp-aaaabnbn,5.007095733333334,166.87745702027735,519.5923889272659,835.5714030357476,2601.6488336701873,0.0,0.14285714285714202,1,0.0,0.058039694773562,0.15258001250000802,0.031361334642843006
mp-22417,LiNiPO4,109,,PROMISING,insertion,Li0.5-1NiPO4,mp-aaabrphh;mp-aaabrdno,"{'Ni': 1.0, 'P': 1.0, 'O': 4.0}",NiPO4,Ni-O-P,LiNi2(PO4)2,LiNiPO4,mp-aaabrphh,mp-aaabrdno,4.924767253333333,83.43872851013867,261.07616982712915,410.9163178265013,1285.7393717903376,0.07692307692307601,0.14285714285714202,1,0.0,0.026178421110218,0.090102995192315,0.037600359285701004
mp-777049,LiFeBO3,111,,PROMISING,insertion,Li0.25-1FeBO3,mp-aaabsbnx;mp-aaabrngi;mp-aaabqwai;mp-aaabrgqi;mp-aaabrgrn;mp-aaacozhu;mp-aaabqxwn;mp-aaabsfmn,"{'Fe': 1.0, 'B': 1.0, 'O': 3.0}",FeBO3,B-Fe-O,LiFe4(BO3)4,LiFeBO3,mp-aaabsbnx,mp-aaabsfmn,3.020091366666666,165.3117134477588,546.5865753343039,499.2564785924502,1650.741397303031,0.047619047619047006,0.16666666666666602,2,0.28858965999998504,0.005331217088064001,0.074066825476197,0.0
mp-777049,LiFeBO3,111,,PROMISING,insertion,Li0.67-1FeBO3,mp-aaabrffo;mp-aaabrpxg;mp-aaacvmgt;mp-aaabrbim,"{'Fe': 1.0, 'B': 1.0, 'O': 3.0}",FeBO3,B-Fe-O,Li2Fe3(BO3)3,LiFeBO3,mp-aaabrffo,mp-aaacvmgt,7.960389798333321,73.47187264344836,242.64386390043546,584.8647454553513,1931.5397388212054,0.11764705882352901,0.16666666666666602,2,7.140351969999963,0.030094472717398003,0.33422500514706605,0.005646302222229001
mp-775393,Li2Cr3SbO8,113,,PROMISING,insertion,Li0-2Cr3SbO8,mp-aaabrzti;mp-aaabrxoy,"{'Cr': 3.0, 'Sb': 1.0, 'O': 8.0}",Cr3SbO8,Cr-O-Sb,Cr3SbO8,Li2Cr3SbO8,mp-aaabrzti,mp-aaabrxoy,4.344371253333333,127.74000219416547,598.5023927355531,554.9499934330693,2600.1165900515534,0.0,0.14285714285714202,1,0.0,0.045884925949939,0.10281465354165101,0.007521525714285
mp-1280709,LiV3Zn2O8,114,,PROMISING,insertion,Li0-1V3Zn2O8,mp-aaabragw;mp-aaacuwob;mp-aaacvltl;mp-aaabqxnc;mp-aaacwcti,"{'V': 3.0, 'Zn': 2.0, 'O': 8.0}",V3Zn2O8,O-V-Zn,V3Zn2O8,LiV3Zn2O8,mp-aaabragw,mp-aaacuwob,3.594559968333333,64.02973000146422,295.0545377092644,230.15870424645507,1060.5912297248196,0.0,0.07142857142857101,1,0.0,0.013979280650615001,0.046206723846148004,0.0
mp-755721,Li4Cr3FeO8,115,,PROMISING,insertion,Li2-4Cr3FeO8,mp-aaabrval;mp-aaabrbam;mp-aaabrtdg;mp-aaabrtdo,"{'Cr': 3.0, 'Fe': 1.0, 'O': 8.0}",Cr3FeO8,Cr-Fe-O,Li2Cr3FeO8,Li4Cr3FeO8,mp-aaabrval,mp-aaabrtdo,3.743414175833327,145.82169737066937,614.6295096052435,545.8710090814411,2300.8128191417545,0.14285714285714202,0.25,1,0.0,0.033109524103080004,0.10032545031746001,0.0195271971875
mp-755721,Li4Cr3FeO8,115,,PROMISING,insertion,Li2-4Cr3FeO8,mp-aaabrale;mp-aaabragd;mp-aaabqzoc;mp-aaabxdda;mp-aaabrfbz,"{'Cr': 3.0, 'Fe': 1.0, 'O': 8.0}",Cr3FeO8,Cr-Fe-O,Li2Cr3FeO8,Li4Cr3FeO8,mp-aaabrale,mp-aaabrfbz,3.7402917283333292,145.82169737066937,616.686236726767,545.4156884870407,2306.5864302061364,0.14285714285714202,0.25,2,0.34650451000000204,0.035740053198412,0.097881700317461,0.017779221875
mp-756507,LiFePHO5,121,,PROMISING,insertion,Li0-2FePHO5,mp-aaabrbxz;mp-aaabrbcl;mp-aaaboefk;mp-aaadpgko;mp-aaabrbmu,"{'Fe': 1.0, 'P': 1.0, 'H': 1.0, 'O': 5.0}",FePHO5,Fe-H-O-P,FePHO5,Li2FePHO5,mp-aaabrbxz,mp-aaadpgko,3.740409138333335,294.99879035566966,893.9214648036278,1103.4161712436264,3343.6320159038105,0.0,0.2,2,2.541756670000005,0.10562799721148301,0.10060864250000001,0.046805965124999
mp-1176640,LiMnCrO4,123,,PROMISING,insertion,Li0.5-2MnCrO4,mp-aaabslcr;mp-aaabskls;mp-aaabrwii,"{'Mn': 1.0, 'Cr': 1.0, 'O': 4.0}",MnCrO4,Cr-Mn-O,LiMn2Cr2O8,Li2MnCrO4,mp-aaabslcr,mp-aaabrwii,3.3535030858333332,217.52831055961684,885.7875849826869,729.4818607177867,2970.491399632296,0.07692307692307601,0.25,2,0.25267743000000503,0.044983324178502,0.11874499456731501,0.049130136854161004
mp-1176640,LiMnCrO4,123,,PROMISING,insertion,Li0.5-2MnCrO4,mp-aaabslas;mp-aaacoypk;mp-aaabrbqy;mp-aaabqznn,"{'Mn': 1.0, 'Cr': 1.0, 'O': 4.0}",MnCrO4,Cr-Mn-O,LiMn2Cr2O8,Li2MnCrO4,mp-aaabslas,mp-aaabqznn,3.497715996666665,217.52831055961684,889.2884794014842,760.852251572246,3110.4785400539454,0.07692307692307601,0.25,2,2.727386769999995,0.048076948049716,0.137547542067315,0.037367285916661004
mp-1193172,Li2Mn(SO4)2,126,,PROMISING,insertion,Li1-2Mn(SO4)2,mp-aaabskqa;mp-aaabretd,"{'Mn': 1.0, 'S': 2.0, 'O': 8.0}",Mn(SO4)2,Mn-O-S,LiMn(SO4)2,Li2Mn(SO4)2,mp-aaabskqa,mp-aaabretd,4.422175728333333,102.70921451496037,283.6797492891446,454.19819550423944,1254.4817019261404,0.08333333333333301,0.15384615384615302,1,0.0,0.084590563045043,0.0128496734375,0.013533118653851001
mp-770632,Li3CrO4,128,,PROMISING,insertion,Li0.5-2MnCrO4,mp-aaabslcr;mp-aaabskls;mp-aaabrwii,"{'Mn': 1.0, 'Cr': 1.0, 'O': 4.0}",MnCrO4,Cr-Mn-O,LiMn2Cr2O8,Li2MnCrO4,mp-aaabslcr,mp-aaabrwii,3.3535030858333332,217.52831055961684,885.7875849826869,729.4818607177867,2970.491399632296,0.07692307692307601,0.25,2,0.25267743000000503,0.044983324178502,0.11874499456731501,0.049130136854161004
mp-770632,Li3CrO4,128,,PROMISING,insertion,Li2-4CrO4,mp-aaabrehl;mp-aaabrbqn;mp-aaabqwcz;mp-aaabqwhm;mp-aaabrdgt;mp-aaabrbkh,"{'Cr': 1.0, 'O': 4.0}",CrO4,Cr-O,Li2CrO4,Li4CrO4,mp-aaabrehl,mp-aaabrbkh,2.645894980833334,372.8701995839373,960.7697564912212,986.5753895814631,2542.0958764365864,0.28571428571428503,0.44444444444444403,2,0.11560049500000201,0.011957364444607,0.049585200238095005,0.017784895833337002
mp-770632,Li3CrO4,128,,PROMISING,insertion,Li0-1CrO2,mp-aaaborph;mp-aaaablle;mp-aaacoyuo;mp-aaabrtaw;mp-aaaabbuv,"{'Cr': 1.0, 'O': 2.0}",CrO2,Cr-O,CrO2,LiCrO2,mp-aaaborph,mp-aaaabbuv,4.045066633333332,294.72937690575327,1208.6884220905908,1192.199968384586,4889.225206294964,0.0,0.25,3,0.31226359000000703,0.063528921598051,0.18456060166665,0.0
mp-770632,Li3CrO4,128,,PROMISING,insertion,Li2-3CrO4,mp-aaabrbud;mp-aaabrvzs,"{'Cr': 1.0, 'O': 4.0}",CrO4,Cr-O,Li2CrO4,Li3CrO4,mp-aaabrbud,mp-aaabrvzs,2.965592918333333,195.8933459538484,506.3721584949287,580.9399195093545,1501.6936872737247,0.28571428571428503,0.375,1,0.0,0.029444052003422,0.020319052380952003,0.0
mp-770632,Li3CrO4,128,,PROMISING,insertion,Li0-0.75K2CrO4,mp-aaabscwg;mp-aaabsnto,"{'K': 2.0, 'Cr': 1.0, 'O': 4.0}",K2CrO4,Cr-K-O,K2CrO4,K8Li3Cr4O16,mp-aaabscwg,mp-aaabsnto,1.727267886666666,100.80997521777849,256.2849590831213,174.12583284933126,442.672779659956,0.0,0.09677419354838701,1,0.0,0.009557165774929,0.01568735892857,0.037446361903231
mp-770632,Li3CrO4,128,,PROMISING,insertion,Li2.25-3K2CrO4,mp-aaabwktw;mp-aaacpavp;mp-aaabrptl,"{'K': 2.0, 'Cr': 1.0, 'O': 4.0}",K2CrO4,Cr-K-O,K8Li9Cr4O16,K2Li3CrO4,mp-aaabwktw,mp-aaabrptl,1.272919906666671,93.48775568312715,255.88062682857802,119.00242523864283,325.71554362044304,0.243243243243243,0.30000000000000004,2,0.10288202499998501,0.015231240144678,0.06867008748648601,0.069880484830001
mp-18988,Li2MnO3,129,,PROMISING,insertion,Li0-1MnBO3,mp-aaaablky;mp-aaabwisq;mp-aaabwinu;mp-aaabwivx;mp-aaabsgwt;mp-aaabsgwn;mp-aaabwira;mp-aaabvhrp;mp-aaaabchv,"{'Mn': 1.0, 'B': 1.0, 'O': 3.0}",MnBO3,B-Mn-O,MnBO3,LiMnBO3,mp-aaaablky,mp-aaaabchv,4.069228861666677,222.07200995725717,705.5302425822467,903.6618322864007,2870.9640258943705,0.0,0.16666666666666602,3,0.018730019999995,0.007151468219929001,0.22327976513542103,0.0
mp-18988,Li2MnO3,129,,PROMISING,insertion,Li1.62-2MnO3,mp-aaabreis;mp-aaabreek;mp-aaabrnhz;mp-aaaabcci,"{'Mn': 1.0, 'O': 3.0}",MnO3,Mn-O,Li13Mn8O24,Li2MnO3,mp-aaabreis,mp-aaaabcci,4.666702540000003,86.03583652118262,320.59574457238915,401.50365682442794,1496.1249755091605,0.28888888888888803,0.33333333333333304,1,0.0,0.007939111916712,0.06424167093333201,0.0
mp-756242,Li2CrFeO4,130,,PROMISING,insertion,Li1.33-2CrFeO4,mp-aaabqzwp;mp-aaabqyyi,"{'Cr': 1.0, 'Fe': 1.0, 'O': 4.0}",CrFeO4,Cr-Fe-O,Li4Cr3(FeO4)3,Li2CrFeO4,mp-aaabqzwp,mp-aaabqyyi,3.89825952333333,96.20712229121075,397.3821056630019,375.04033068420665,1549.0985778030488,0.18181818181818102,0.25,1,0.0,0.0051370968320210006,0.087256687626241,0.007208966666666001
mp-756242,Li2CrFeO4,130,,PROMISING,insertion,Li1-2CrFeO4,mp-aaabqyhc;mp-aaabqywx;mp-aaabqvio,"{'Cr': 1.0, 'Fe': 1.0, 'O': 4.0}",CrFeO4,Cr-Fe-O,LiCrFeO4,Li2CrFeO4,mp-aaabqyhc,mp-aaabqvio,3.477482518333337,144.3106834368161,598.1868026228365,501.83787886026425,2080.1841488186283,0.14285714285714202,0.25,1,0.0,0.005114392658461001,0.06431826674603401,0.008267917916666001
mp-754656,LiMnO2,134,,PROMISING,insertion,Li0.5-1KMnO2,mp-aaacvlno;mp-aaacwhhj;mp-aaabrkec;mp-aaabrwch,"{'K': 1.0, 'Mn': 1.0, 'O': 2.0}",KMnO2,K-Mn-O,K2LiMn2O4,KLiMnO2,mp-aaacvlno,mp-aaabrwch,2.019857713333327,100.775523103651,311.56745319541517,203.55221765611043,629.3219235603798,0.11111111111111101,0.2,1,0.0,0.036749181222864004,0.091190587407434,0.0270146955
mp-754656,LiMnO2,134,,PROMISING,insertion,Li0-1KMnO2,mp-aaaablum;mp-aaabfhdf,"{'K': 1.0, 'Mn': 1.0, 'O': 2.0}",KMnO2,K-Mn-O,KMnO2,KLiMnO2,mp-aaaablum,mp-aaabfhdf,2.435533045833332,201.551046207302,627.4004123293942,490.8842334601649,1528.0544371976978,0.0,0.2,1,0.0,0.019611449569086,0.24156091604166702,0.0
mp-754656,LiMnO2,134,,PROMISING,insertion,Li0-2MnO2,mp-aaaablid;mp-aaaabluk;mp-aaaablic;mp-aaaabcnn,"{'Mn': 1.0, 'O': 2.0}",MnO2,Mn-O,MnO2,Li2MnO2,mp-aaaablid,mp-aaaabcnn,2.376154228333332,531.6760203980493,1851.4666558343183,1263.3442239722638,4399.370322878889,0.0,0.4,2,1.634491140000001,0.375377211173876,0.019746214166666002,0.009601621666668001
mp-754656,LiMnO2,134,,PROMISING,insertion,Li0.75-1MnO2,mp-aaacpaaz;mp-aaabrhmj;mp-aaabroit;mp-aaacpade;mp-aaabrbcu,"{'Mn': 1.0, 'O': 2.0}",MnO2,Mn-O,Li3Mn4O8,LiMnO2,mp-aaacpaaz,mp-aaabrbcu,2.747755983333339,71.37328606489606,299.14408334948644,196.11637383498018,821.9749449023184,0.2,0.25,1,0.0,0.012232567531829,0.056897864000006,0.051785727499999004
mp-754656,LiMnO2,134,,PROMISING,insertion,Li0-1MnO2,mp-aaaablpw;mp-aaabthqj;mp-aaabrekv;mp-aaabrupy;mp-aaabqxpa;mp-aaabrdso;mp-aaachmrx;mp-aaabqyjg;mp-aaaablnx,"{'Mn': 1.0, 'O': 2.0}",MnO2,Mn-O,MnO2,LiMnO2,mp-aaaablpw,mp-aaabqyjg,3.263265778333331,285.49314425958426,1153.082326352794,931.6400076110823,3762.8140951880596,0.0,0.25,2,0.263632860000001,0.24995787172536302,0.013758580833332002,0.0
mp-754656,LiMnO2,134,,PROMISING,insertion,Li0.2-1MnO2,mp-aaabrezo;mp-aaabqwbw;mp-aaabqwbp;mp-aaabqwau;mp-aaabqvku;mp-aaabskde;mp-aaabrbbf,"{'Mn': 1.0, 'O': 2.0}",MnO2,Mn-O,LiMn5O10,LiMnO2,mp-aaabrezo,mp-aaabrbbf,3.215432392083333,228.39451540766734,935.9565943770937,734.3871230159895,3009.5051511441084,0.0625,0.25,4,1.456351515000002,0.06964281259614401,0.08962969648437101,0.049811869249999
mp-754656,LiMnO2,134,,PROMISING,insertion,Li0-1.25MnO2,mp-aaabqzph;mp-aaacfeis;mp-aaabrwza;mp-aaabqxzg,"{'Mn': 1.0, 'O': 2.0}",MnO2,Mn-O,MnO2,Li5Mn4O8,mp-aaabqzph,mp-aaabqxzg,2.7667234423333342,350.38978114561473,1350.7511034452941,969.4316214496187,3737.154742659713,0.0,0.29411764705882304,2,1.43393028916666,0.278857144483599,0.029468967083333002,0.054532848431371
mp-754656,LiMnO2,134,,PROMISING,insertion,Li0-1MnO2,mp-aaabdbbc;mp-aaaabwvp;mp-aaaggujk;mp-aaacfbcm,"{'Mn': 1.0, 'O': 2.0}",MnO2,Mn-O,MnO2,LiMnO2,mp-aaabdbbc,mp-aaaggujk,3.15127609333333,285.49314425958426,1171.1760268000392,899.6677203157916,3690.6990143400794,0.0,0.25,1,0.0,0.299661296814479,0.029745060833333004,0.039987281250000006
mp-754656,LiMnO2,134,,PROMISING,insertion,Li0.67-1MnO2,mp-aaabrdsj;mp-aaabrblr,"{'Mn': 1.0, 'O': 2.0}",MnO2,Mn-O,Li2Mn3O6,LiMnO2,mp-aaabrdsj,mp-aaabrblr,3.324037740833329,95.16438141986141,395.5349586049128,316.3299954226774,1314.7731302216787,0.18181818181818102,0.25,1,0.0,0.032710266757776,0.08604782022726501,0.032085480833333
mp-754656,LiMnO2,134,,PROMISING,insertion,Li0-1MnO2,mp-aaabdbno;mp-aaaabbtv,"{'Mn': 1.0, 'O': 2.0}",MnO2,Mn-O,MnO2,LiMnO2,mp-aaabdbno,mp-aaaabbtv,3.665036873333335,285.49314425958426,1147.8495890185245,1046.3429007952495,4206.911068793407,0.0,0.25,1,0.0,0.126617653203243,0.168055925833334,0.015280234999999
mp-754656,LiMnO2,134,,PROMISING,insertion,Li0-0.25MnO2,mp-aaaabcrz;mp-aaacfcob;mp-aaacfvfh;mp-aaacfcfb;mp-aaabrvfk,"{'Mn': 1.0, 'O': 2.0}",MnO2,Mn-O,MnO2,LiMn4O8,mp-aaaabcrz,mp-aaacfcfb,3.331042120833335,75.56345980481201,303.4416210065501,251.7050674057255,1010.7768207867639,0.0,0.07692307692307601,1,0.0,0.019039557832448,0.0,0.027308942211537002
mp-754656,LiMnO2,134,,PROMISING,insertion,Li0-0.5MnO2,mp-aaadccfz;mp-aaabraxf,"{'Mn': 1.0, 'O': 2.0}",MnO2,Mn-O,MnO2,LiMn2O4,mp-aaadccfz,mp-aaabraxf,4.577147888333333,148.22623728948068,607.8692971115072,678.453409005142,2782.3076696566027,0.0,0.14285714285714202,1,0.0,0.004425766496548,0.209875000000001,0.046266695714286
mp-754656,LiMnO2,134,,PROMISING,insertion,Li0-0.5MnO2,mp-aaabkrla;mp-aaacfcrl;mp-aaacfvcp,"{'Mn': 1.0, 'O': 2.0}",MnO2,Mn-O,MnO2,LiMn2O4,mp-aaabkrla,mp-aaacfvcp,3.327431433333328,148.22623728948068,640.3629271912564,493.2126412017427,2130.763732677528,0.0,0.14285714285714202,2,0.76205250000001,0.127241188282644,0.016567264166667,0.059105272857143
mp-754656,LiMnO2,134,,PROMISING,insertion,Li0-1MnO2,mp-aaacujli;mp-aaafmqhp;mp-aaabqzsc,"{'Mn': 1.0, 'O': 2.0}",MnO2,Mn-O,MnO2,LiMnO2,mp-aaacujli,mp-aaafmqhp,3.150337450833334,285.49314425958426,1125.5019773955767,899.3997443171321,3545.7110303762583,0.0,0.25,1,0.0,0.009808180218552,0.015143706666666002,0.029270926249999003
mp-754656,LiMnO2,134,,PROMISING,insertion,Li0-1.5MnO2,mp-aaaablkd;mp-aaabsdod;mp-aaabnnys;mp-aaacrokq;mp-aaaacbpw;mp-aaacsdym;mp-aaabqvun;mp-aaacuxit;mp-aaacqakp;mp-aaaacaoo;mp-aaabrdyg;mp-aaacronq;mp-aaabegmc;mp-aaacukwa;mp-aaabrdgx;mp-aaaabhkq;mp-aaabqysk;mp-aaacvjfw;mp-aaabqvyq;mp-aaabfrcp;mp-aaaacbdx;mp-aaacuoat;mp-aaabrbar;mp-aaabnilg;mp-aaaabxhi;mp-aaabmiop,"{'Mn': 1.0, 'O': 2.0}",MnO2,Mn-O,MnO2,Li3Mn2O4,mp-aaaablkd,mp-aaabnilg,2.167213594999999,412.9728319268892,1570.2993431001657,895.0003357176042,3403.1740845862482,0.0,0.33333333333333304,4,2.3103124950000122,0.21555849331787402,0.03293045,0.184334430370369
mp-762019,LiV(CO3)2,137,,PROMISING,insertion,Li0.5-2V(CO3)2,mp-aaabqvon;mp-aaabqwwf;mp-aaadlkay;mp-aaadlkhx;mp-aaabrpun,"{'V': 1.0, 'C': 2.0, 'O': 6.0}",V(CO3)2,C-O-V,LiV2(CO3)4,Li2V(CO3)2,mp-aaabqvon,mp-aaadlkay,2.72730550333333,217.49588278185578,509.61745093910963,593.1777180632962,1389.8824785409372,0.052631578947368,0.18181818181818102,2,0.47950066500001703,0.040936354424970005,0.078646820789474,0.08291730144886701
mp-762019,LiV(CO3)2,137,,PROMISING,insertion,Li0-1.5V(CO3)2,mp-aaabrlls;mp-aaacwtyf;mp-aaabrlnq;mp-aaabqxgn;mp-aaabqvtx,"{'V': 1.0, 'C': 2.0, 'O': 6.0}",V(CO3)2,C-O-V,V(CO3)2,Li3V2(CO3)4,mp-aaabrlls,mp-aaabqvtx,2.954002850000008,221.6576302141571,568.5566800729766,654.7772713768682,1679.518053322116,0.0,0.14285714285714202,2,1.783397267499992,0.165959330915251,0.061617770000005005,0.07329555647321301
mp-762019,LiV(CO3)2,137,,PROMISING,insertion,Li0-2V(CO3)2,mp-aaabreft;mp-aaabredu;mp-aaabrcxc;mp-aaabrfoh;mp-aaabrgcn,"{'V': 1.0, 'C': 2.0, 'O': 6.0}",V(CO3)2,C-O-V,V(CO3)2,Li2V(CO3)2,mp-aaabreft,mp-aaabrfoh,2.8716647508333373,289.9945103758077,635.105204560084,832.7670133813793,1823.809229005989,0.0,0.18181818181818102,2,1.471619444999987,0.20374960071506001,0.062563613333338,0.068579756903412
mp-762019,LiV(CO3)2,137,,PROMISING,insertion,Li0-1V(CO3)2,mp-aaabqvfx;mp-aaabrjgl,"{'V': 1.0, 'C': 2.0, 'O': 6.0}",V(CO3)2,C-O-V,V(CO3)2,LiV(CO3)2,mp-aaabqvfx,mp-aaabrjgl,4.034132813333334,150.65450224290737,458.3070108810422,607.7602709745129,1848.8713511759295,0.0,0.1,1,0.0,0.180048486453278,0.075185749444449,0.0
mp-762019,LiV(CO3)2,137,,PROMISING,insertion,Li0.5-2V(CO3)2,mp-aaabrdop;mp-aaabrgpi,"{'V': 1.0, 'C': 2.0, 'O': 6.0}",V(CO3)2,C-O-V,LiV2(CO3)4,Li2V(CO3)2,mp-aaabrdop,mp-aaabrgpi,2.503060608333331,217.49588278185578,556.3754143730242,544.4053766659472,1392.6413831622522,0.052631578947368,0.18181818181818102,1,0.0,0.164000924700643,0.051400911052631004,0.08996559235795801
mp-762019,LiV(CO3)2,137,,PROMISING,insertion,Li0.5-1V(CO3)2,mp-aaabrehp;mp-aaabrdky,"{'V': 1.0, 'C': 2.0, 'O': 6.0}",V(CO3)2,C-O-V,LiV2(CO3)4,LiV(CO3)2,mp-aaabrehp,mp-aaabrdky,3.016375198333326,75.32725112145368,187.49528585351953,227.2152520413791,565.5561300529736,0.052631578947368,0.1,1,0.0,0.014909254025669002,0.086010660789474,0.09876442125000601
mp-775158,Li8Mn13Cr3O32,140,,PROMISING,insertion,Li0-8Mn13Cr3O32,mp-aaabsdth;mp-aaabscru,"{'Mn': 13.0, 'Cr': 3.0, 'O': 32.0}",Mn13Cr3O32,Cr-Mn-O,Mn13Cr3O32,Li8Mn13Cr3O32,mp-aaabsdth,mp-aaabscru,4.2334136645833365,149.13618225656714,603.3029963437774,631.3551518487421,2554.0311486058176,0.0,0.14285714285714202,1,0.0,0.042027081069449,0.07438875682290201,0.045723094107144
mp-21650,Li2NiGe3O8,144,,PROMISING,insertion,Li0-2NiGe3O8,mp-aaabexkp;mp-aaaabgas,"{'Ni': 1.0, 'Ge': 3.0, 'O': 8.0}",NiGe3O8,Ge-Ni-O,NiGe3O8,Li2NiGe3O8,mp-aaabexkp,mp-aaaabgas,5.022759379583332,128.08641888426592,621.4802865319476,643.3472618481863,3121.545938404477,0.0,0.14285714285714202,1,0.0,0.06988073416937901,0.153214810347218,0.0
mp-763186,Li2Mn3SbO8,145,,PROMISING,insertion,Li0-4Mn3SbO8,mp-aaabqxqa;mp-aaaewaco;mp-aaabqvpn;mp-aaabrbkz;mp-aaacwmuq;mp-aaabrzqc;mp-aaacvyfk,"{'Mn': 3.0, 'Sb': 1.0, 'O': 8.0}",Mn3SbO8,Mn-O-Sb,Mn3SbO8,Li4Mn3SbO8,mp-aaabqxqa,mp-aaacwmuq,3.094801727083333,242.36456106446408,1073.5067139076752,750.0702621660975,3322.2904322370273,0.0,0.25,3,0.779577084999985,0.067797599118042,0.1001162203125,0.039910924999999
mp-763186,Li2Mn3SbO8,145,,PROMISING,insertion,Li0-2Mn3SbO8,mp-aaabsbyk;mp-aaabrkzi,"{'Mn': 3.0, 'Sb': 1.0, 'O': 8.0}",Mn3SbO8,Mn-O-Sb,Mn3SbO8,Li2Mn3SbO8,mp-aaabsbyk,mp-aaabrkzi,3.9036405158333283,125.10863641194578,576.7628873481144,488.37914197833237,2251.4749750811134,0.0,0.14285714285714202,1,0.0,0.096963423894957,0.057167004062500006,0.0
mp-763186,Li2Mn3SbO8,145,,PROMISING,insertion,Li0-2Mn3SbO8,mp-aaabsbog;mp-aaabsfar,"{'Mn': 3.0, 'Sb': 1.0, 'O': 8.0}",Mn3SbO8,Mn-O-Sb,Mn3SbO8,Li2Mn3SbO8,mp-aaabsbog,mp-aaabsfar,3.900845125833339,125.10863641194578,550.8889879568412,488.02941454719416,2148.9326235467056,0.0,0.14285714285714202,1,0.0,0.048805154589053004,0.09665161822916701,0.034243296428570005
mp-756582,Li2CoGeO4,149,,PROMISING,insertion,Li1-2CoGeO4,mp-aaabrllr;mp-aaabqwge;mp-aaabrbfi,"{'Co': 1.0, 'Ge': 1.0, 'O': 4.0}",CoGeO4,Co-Ge-O,LiCoGeO4,Li2CoGeO4,mp-aaabrllr,mp-aaabrbfi,3.840042648333328,127.95952971343203,490.0161556978901,491.3700513602547,1881.6829362522421,0.14285714285714202,0.25,1,0.0,0.014938665399243002,0.06539529720237401,0.0
mp-756582,Li2CoGeO4,149,,PROMISING,insertion,Li1-2CoGeO4,mp-aaabraqx;mp-aaabrasa;mp-aaabqzxf,"{'Co': 1.0, 'Ge': 1.0, 'O': 4.0}",CoGeO4,Co-Ge-O,LiCoGeO4,Li2CoGeO4,mp-aaabraqx,mp-aaabqzxf,3.8504769558333343,127.95952971343203,494.51699978274326,492.7052204408408,1904.1263119312907,0.14285714285714202,0.25,1,0.0,0.012020219203088002,0.070328720059517,0.003012456562497
mp-17159,Li2CrO4,150,,PROMISING,insertion,Li0.5-2MnCrO4,mp-aaabslcr;mp-aaabskls;mp-aaabrwii,"{'Mn': 1.0, 'Cr': 1.0, 'O': 4.0}",MnCrO4,Cr-Mn-O,LiMn2Cr2O8,Li2MnCrO4,mp-aaabslcr,mp-aaabrwii,3.3535030858333332,217.52831055961684,885.7875849826869,729.4818607177867,2970.491399632296,0.07692307692307601,0.25,2,0.25267743000000503,0.044983324178502,0.11874499456731501,0.049130136854161004
mp-17159,Li2CrO4,150,,PROMISING,insertion,Li0.5-2MnCrO4,mp-aaabslas;mp-aaacoypk;mp-aaabrbqy;mp-aaabqznn,"{'Mn': 1.0, 'Cr': 1.0, 'O': 4.0}",MnCrO4,Cr-Mn-O,LiMn2Cr2O8,Li2MnCrO4,mp-aaabslas,mp-aaabqznn,3.497715996666665,217.52831055961684,889.2884794014842,760.852251572246,3110.4785400539454,0.07692307692307601,0.25,2,2.727386769999995,0.048076948049716,0.137547542067315,0.037367285916661004
mp-17159,Li2CrO4,150,,PROMISING,insertion,Li0.67-2MnCrO4,mp-aaabwkvc;mp-aaackqya,"{'Mn': 1.0, 'Cr': 1.0, 'O': 4.0}",MnCrO4,Cr-Mn-O,Li2Mn3Cr3O12,Li2MnCrO4,mp-aaabwkvc,mp-aaackqya,3.252980979583334,193.358498275215,789.5955042615673,628.9915171300713,2568.53915692739,0.1,0.25,1,0.0,0.007302823890890001,0.12496193381250001,0.049065039041661006
mp-17159,Li2CrO4,150,,PROMISING,insertion,Li1-2CrNiO4,mp-aaabrtds;mp-aaabrbum;mp-aaabrjzf,"{'Cr': 1.0, 'Ni': 1.0, 'O': 4.0}",CrNiO4,Cr-Ni-O,LiCrNiO4,Li2CrNiO4,mp-aaabrtds,mp-aaabrjzf,3.533949948333334,142.13082178025928,630.3844152783632,502.28321028692164,2227.746971803111,0.14285714285714202,0.25,1,0.0,0.000977012060943,0.10263302202381501,0.038422969687499
mp-17159,Li2CrO4,150,,PROMISING,insertion,Li2-4CrO4,mp-aaabrehl;mp-aaabrbqn;mp-aaabqwcz;mp-aaabqwhm;mp-aaabrdgt;mp-aaabrbkh,"{'Cr': 1.0, 'O': 4.0}",CrO4,Cr-O,Li2CrO4,Li4CrO4,mp-aaabrehl,mp-aaabrbkh,2.645894980833334,372.8701995839373,960.7697564912212,986.5753895814631,2542.0958764365864,0.28571428571428503,0.44444444444444403,2,0.11560049500000201,0.011957364444607,0.049585200238095005,0.017784895833337002
mp-17159,Li2CrO4,150,,PROMISING,insertion,Li2-3CrO4,mp-aaabrbud;mp-aaabrvzs,"{'Cr': 1.0, 'O': 4.0}",CrO4,Cr-O,Li2CrO4,Li3CrO4,mp-aaabrbud,mp-aaabrvzs,2.965592918333333,195.8933459538484,506.3721584949287,580.9399195093545,1501.6936872737247,0.28571428571428503,0.375,1,0.0,0.029444052003422,0.020319052380952003,0.0
mp-17159,Li2CrO4,150,,PROMISING,insertion,Li0-2TiCrO4,mp-aaabqztk;mp-aaacwybs;mp-aaacuqoa;mp-aaacpakq;mp-aaacvbuj;mp-aaaculcg,"{'Ti': 1.0, 'Cr': 1.0, 'O': 4.0}",TiCrO4,Cr-O-Ti,TiCrO4,Li2TiCrO4,mp-aaabqztk,mp-aaacuqoa,2.507495562083332,301.57616763291986,1192.623858222624,756.2009019696457,2990.499031727931,0.0,0.25,1,0.0,0.08772187453365801,0.07143147583333201,0.079983328333336
mp-17159,Li2CrO4,150,,PROMISING,insertion,Li1-2TiCrO4,mp-aaabratn;mp-aaabqzzb,"{'Ti': 1.0, 'Cr': 1.0, 'O': 4.0}",TiCrO4,Cr-O-Ti,LiTiCrO4,Li2TiCrO4,mp-aaabratn,mp-aaabqzzb,1.0303544308333321,150.78808381645993,600.4475192096442,155.36517027715732,618.673761900539,0.14285714285714202,0.25,1,0.0,0.011957939953275001,0.0,0.07987681677083701
mp-17159,Li2CrO4,150,,PROMISING,insertion,Li1.33-2VCrO4,mp-aaabwiky;mp-aaabqxmc,"{'V': 1.0, 'Cr': 1.0, 'O': 4.0}",VCrO4,Cr-O-V,Li4V3Cr3O12,Li2VCrO4,mp-aaabwiky,mp-aaabqxmc,2.818198328333331,98.81611979894205,398.19288793473777,278.4834236297647,1122.1865311318993,0.18181818181818102,0.25,1,0.0,0.011127925281915,0.054813729602271,0.009842226874999001
mp-17159,Li2CrO4,150,,PROMISING,insertion,Li1-2.5VCrO4,mp-aaabrari;mp-aaabwiid;mp-aaabwiiq;mp-aaabwjpn;mp-aaabrfiy;mp-aaabqvgy,"{'V': 1.0, 'Cr': 1.0, 'O': 4.0}",VCrO4,Cr-O-V,LiVCrO4,Li5V2Cr2O8,mp-aaabrari,mp-aaabqvgy,1.441186686666663,218.14924011773894,856.0138347159425,314.3937805641346,1233.6757421950942,0.14285714285714202,0.29411764705882304,2,2.300647309999995,0.047036330690058005,0.0,0.080267499411765
mp-17159,Li2CrO4,150,,PROMISING,insertion,Li1-2VCrO4,mp-aaabseau;mp-aaabrumr,"{'V': 1.0, 'Cr': 1.0, 'O': 4.0}",VCrO4,Cr-O-V,LiVCrO4,Li2VCrO4,mp-aaabseau,mp-aaabrumr,2.6650029466666583,148.22417969841305,591.3905199302088,395.0178756635191,1576.0574782447336,0.14285714285714202,0.25,1,0.0,0.002394559701686,0.06257721928571401,0.020155168958333
mp-17159,Li2CrO4,150,,PROMISING,insertion,Li1-2CrCoO4,mp-aaabrjgd;mp-aaacwscz;mp-aaacwlsw;mp-aaacwiqm;mp-aaacwmdf;mp-aaabrkwo;mp-aaacupae;mp-aaabrbyr;mp-aaabtqes,"{'Cr': 1.0, 'Co': 1.0, 'O': 4.0}",CrCoO4,Co-Cr-O,LiCrCoO4,Li2CrCoO4,mp-aaabrjgd,mp-aaacupae,3.051329638333333,141.95030983770064,607.5978053876768,433.13718757837563,1853.9811917657064,0.14285714285714202,0.25,1,0.0,0.051883929178187,0.026803994543652003,0.048755468749999004
mp-17159,Li2CrO4,150,,PROMISING,insertion,Li1.33-2CrFeO4,mp-aaabqzwp;mp-aaabqyyi,"{'Cr': 1.0, 'Fe': 1.0, 'O': 4.0}",CrFeO4,Cr-Fe-O,Li4Cr3(FeO4)3,Li2CrFeO4,mp-aaabqzwp,mp-aaabqyyi,3.89825952333333,96.20712229121075,397.3821056630019,375.04033068420665,1549.0985778030488,0.18181818181818102,0.25,1,0.0,0.0051370968320210006,0.087256687626241,0.007208966666666001
mp-17159,Li2CrO4,150,,PROMISING,insertion,Li1-2CrFeO4,mp-aaabqyhc;mp-aaabqywx;mp-aaabqvio,"{'Cr': 1.0, 'Fe': 1.0, 'O': 4.0}",CrFeO4,Cr-Fe-O,LiCrFeO4,Li2CrFeO4,mp-aaabqyhc,mp-aaabqvio,3.477482518333337,144.3106834368161,598.1868026228365,501.83787886026425,2080.1841488186283,0.14285714285714202,0.25,1,0.0,0.005114392658461001,0.06431826674603401,0.008267917916666001
mp-20052,LiMnAsO4,152,,PROMISING,insertion,Li0-1MnAsO4,mp-aaabdbol;mp-aaaabdrg,"{'Mn': 1.0, 'As': 1.0, 'O': 4.0}",MnAsO4,As-Mn-O,MnAsO4,LiMnAsO4,mp-aaabdbol,mp-aaaabdrg,3.76744912833333,133.4746782541047,522.240590807198,502.8590602429984,1967.5148586168614,0.0,0.14285714285714202,1,0.0,0.062570318125929,0.031322605,0.0
mp-1272804,LiMn2O4,153,,PROMISING,insertion,Li0.5-2MnCrO4,mp-aaabslcr;mp-aaabskls;mp-aaabrwii,"{'Mn': 1.0, 'Cr': 1.0, 'O': 4.0}",MnCrO4,Cr-Mn-O,LiMn2Cr2O8,Li2MnCrO4,mp-aaabslcr,mp-aaabrwii,3.3535030858333332,217.52831055961684,885.7875849826869,729.4818607177867,2970.491399632296,0.07692307692307601,0.25,2,0.25267743000000503,0.044983324178502,0.11874499456731501,0.049130136854161004
mp-1272804,LiMn2O4,153,,PROMISING,insertion,Li0.5-2MnCrO4,mp-aaabslas;mp-aaacoypk;mp-aaabrbqy;mp-aaabqznn,"{'Mn': 1.0, 'Cr': 1.0, 'O': 4.0}",MnCrO4,Cr-Mn-O,LiMn2Cr2O8,Li2MnCrO4,mp-aaabslas,mp-aaabqznn,3.497715996666665,217.52831055961684,889.2884794014842,760.852251572246,3110.4785400539454,0.07692307692307601,0.25,2,2.727386769999995,0.048076948049716,0.137547542067315,0.037367285916661004
mp-1272804,LiMn2O4,153,,PROMISING,insertion,Li0-0.5DyMn2O4,mp-aaackkss;mp-aaackksf;mp-aaacshwl;mp-aaacshlx,"{'Dy': 1.0, 'Mn': 2.0, 'O': 4.0}",DyMn2O4,Dy-Mn-O,DyMn2O4,LiDy2Mn4O8,mp-aaackkss,mp-aaacshwl,0.9469528733333351,39.43201316074271,224.30741524038177,37.3402581638832,212.40855137185306,0.0,0.066666666666666,1,0.0,0.064004166558063,0.123999263333342,0.18917835933332902
mp-1272804,LiMn2O4,153,,PROMISING,insertion,Li0.5-1KMnO2,mp-aaacvlno;mp-aaacwhhj;mp-aaabrkec;mp-aaabrwch,"{'K': 1.0, 'Mn': 1.0, 'O': 2.0}",KMnO2,K-Mn-O,K2LiMn2O4,KLiMnO2,mp-aaacvlno,mp-aaabrwch,2.019857713333327,100.775523103651,311.56745319541517,203.55221765611043,629.3219235603798,0.11111111111111101,0.2,1,0.0,0.036749181222864004,0.091190587407434,0.0270146955
mp-1272804,LiMn2O4,153,,PROMISING,insertion,Li0-1.25MnO2,mp-aaabqzph;mp-aaacfeis;mp-aaabrwza;mp-aaabqxzg,"{'Mn': 1.0, 'O': 2.0}",MnO2,Mn-O,MnO2,Li5Mn4O8,mp-aaabqzph,mp-aaabqxzg,2.7667234423333342,350.38978114561473,1350.7511034452941,969.4316214496187,3737.154742659713,0.0,0.29411764705882304,2,1.43393028916666,0.278857144483599,0.029468967083333002,0.054532848431371
mp-1272804,LiMn2O4,153,,PROMISING,insertion,Li0-0.5MnO2,mp-aaadccfz;mp-aaabraxf,"{'Mn': 1.0, 'O': 2.0}",MnO2,Mn-O,MnO2,LiMn2O4,mp-aaadccfz,mp-aaabraxf,4.577147888333333,148.22623728948068,607.8692971115072,678.453409005142,2782.3076696566027,0.0,0.14285714285714202,1,0.0,0.004425766496548,0.209875000000001,0.046266695714286
mp-1272804,LiMn2O4,153,,PROMISING,insertion,Li0-0.5MnO2,mp-aaabkrla;mp-aaacfcrl;mp-aaacfvcp,"{'Mn': 1.0, 'O': 2.0}",MnO2,Mn-O,MnO2,LiMn2O4,mp-aaabkrla,mp-aaacfvcp,3.327431433333328,148.22623728948068,640.3629271912564,493.2126412017427,2130.763732677528,0.0,0.14285714285714202,2,0.76205250000001,0.127241188282644,0.016567264166667,0.059105272857143
mp-1272804,LiMn2O4,153,,PROMISING,insertion,Li0-1.5MnO2,mp-aaaablkd;mp-aaabsdod;mp-aaabnnys;mp-aaacrokq;mp-aaaacbpw;mp-aaacsdym;mp-aaabqvun;mp-aaacuxit;mp-aaacqakp;mp-aaaacaoo;mp-aaabrdyg;mp-aaacronq;mp-aaabegmc;mp-aaacukwa;mp-aaabrdgx;mp-aaaabhkq;mp-aaabqysk;mp-aaacvjfw;mp-aaabqvyq;mp-aaabfrcp;mp-aaaacbdx;mp-aaacuoat;mp-aaabrbar;mp-aaabnilg;mp-aaaabxhi;mp-aaabmiop,"{'Mn': 1.0, 'O': 2.0}",MnO2,Mn-O,MnO2,Li3Mn2O4,mp-aaaablkd,mp-aaabnilg,2.167213594999999,412.9728319268892,1570.2993431001657,895.0003357176042,3403.1740845862482,0.0,0.33333333333333304,4,2.3103124950000122,0.21555849331787402,0.03293045,0.184334430370369
mp-1272804,LiMn2O4,153,,PROMISING,insertion,Li0-1MnPO4,mp-aaaabmwy;mp-aaacoyqk;mp-aaaabvgm,"{'Mn': 1.0, 'P': 1.0, 'O': 4.0}",MnPO4,Mn-O-P,MnPO4,LiMnPO4,mp-aaaabmwy,mp-aaaabvgm,4.546071956666669,170.8728823723351,551.951625347792,776.800418707675,2509.2118054301845,0.0,0.14285714285714202,2,0.097920826666666,0.057215736139496,0.155618313055557,0.024203644642851
mp-1272804,LiMn2O4,153,,PROMISING,insertion,Li0-0.5MnPO4,mp-aaabetaw;mp-aaacoyqy,"{'Mn': 1.0, 'P': 1.0, 'O': 4.0}",MnPO4,Mn-O-P,MnPO4,LiMn2(PO4)2,mp-aaabetaw,mp-aaacoyqy,4.06187906833333,87.36959641448958,250.11358564139144,354.884734884746,1015.9311382225637,0.0,0.07692307692307601,1,0.0,0.036602961974525006,0.08208414041666601,0.054224477499993005
mp-1272804,LiMn2O4,153,,PROMISING,insertion,Li0.5-1MnPO4,mp-aaabqwnv;mp-aaabwuhf,"{'Mn': 1.0, 'P': 1.0, 'O': 4.0}",MnPO4,Mn-O-P,LiMn2(PO4)2,LiMnPO4,mp-aaabqwnv,mp-aaabwuhf,4.163795528333343,85.43644118616756,244.8010372571217,355.7398717676791,1019.3014642625674,0.07692307692307601,0.14285714285714202,1,0.0,0.0035755394288580003,0.08264630288461,0.049456714285708005
mp-1272804,LiMn2O4,153,,PROMISING,insertion,Li0-1MnPO4,mp-aaabnsez;mp-aaabqzlr;mp-aaaabnjj;mp-aaabwwvu;mp-aaabwuhj,"{'Mn': 1.0, 'P': 1.0, 'O': 4.0}",MnPO4,Mn-O-P,MnPO4,LiMnPO4,mp-aaabnsez,mp-aaaabnjj,4.307593643333338,170.8728823723351,566.7424618380106,736.050941925116,2441.2962260205018,0.0,0.14285714285714202,2,0.25733594999999804,0.06991716255080101,0.130776221666668,0.036978753928564
mp-1272804,LiMn2O4,153,,PROMISING,insertion,Li0.5-1MnPO4,mp-aaabqwpw;mp-aaaabmfn,"{'Mn': 1.0, 'P': 1.0, 'O': 4.0}",MnPO4,Mn-O-P,LiMn2(PO4)2,LiMnPO4,mp-aaabqwpw,mp-aaaabmfn,3.9772598383333433,85.43644118616756,254.03486331458583,339.80292625987295,1010.3626593976026,0.07692307692307601,0.14285714285714202,1,0.0,0.021160381994088002,0.070129749423071,0.051158178214278004
mp-1272804,LiMn2O4,153,,PROMISING,insertion,Li0.5-1MnPO4,mp-aaabqwns;mp-aaadqrgr;mp-aaabnhzu,"{'Mn': 1.0, 'P': 1.0, 'O': 4.0}",MnPO4,Mn-O-P,LiMn2(PO4)2,LiMnPO4,mp-aaabqwns,mp-aaadqrgr,4.124118988333355,85.43644118616756,268.9325666646782,352.3500493914995,1109.109904763025,0.07692307692307601,0.14285714285714202,1,0.0,0.011551068996411002,0.062162258653842006,0.033269854642850004
mp-1272804,LiMn2O4,153,,PROMISING,insertion,Li0-1MnPO4,mp-aaabwjgb;mp-aaabrpsm;mp-aaabwwwj,"{'Mn': 1.0, 'P': 1.0, 'O': 4.0}",MnPO4,Mn-O-P,MnPO4,LiMnPO4,mp-aaabwjgb,mp-aaabwwwj,3.8882881633333333,170.8728823723351,556.9857234281109,664.4030059629996,2165.720995551177,0.0,0.14285714285714202,2,0.28890842000001205,0.085186918442008,0.069808133888889,0.044621175833327004
mp-1272804,LiMn2O4,153,,PROMISING,insertion,Li0.5-1MnPO4,mp-aaabrpvb;mp-aaabwuhg,"{'Mn': 1.0, 'P': 1.0, 'O': 4.0}",MnPO4,Mn-O-P,LiMn2(PO4)2,LiMnPO4,mp-aaabrpvb,mp-aaabwuhg,4.608270325833335,85.43644118616756,241.58057581582472,393.714216663021,1113.2685988297953,0.07692307692307601,0.14285714285714202,1,0.0,0.011741268102966001,0.07549791288461001,0.011070723749994
mp-1272804,LiMn2O4,153,,PROMISING,insertion,Li0-0.5MnV2O4,mp-aaaacaml;mp-aaacshrx;mp-aaacsiay,"{'Mn': 1.0, 'V': 2.0, 'O': 4.0}",MnV2O4,Mn-O-V,MnV2O4,LiMn2V4O8,mp-aaaacaml,mp-aaacshrx,1.227560993333317,59.74761093624012,262.82868071177114,73.34383663018352,322.6382363710272,0.0,0.066666666666666,1,0.0,0.028000416860176004,0.052564652321427006,0.080118504516669
mp-1272804,LiMn2O4,153,,PROMISING,insertion,Li0-2MnCoO4,mp-aaabqwuw;mp-aaabshto;mp-aaacoyqz;mp-aaabqxjk;mp-aaacoypq;mp-aaacoyqb;mp-aaabsipl;mp-aaabshtn;mp-aaabromi,"{'Mn': 1.0, 'Co': 1.0, 'O': 4.0}",MnCoO4,Co-Mn-O,MnCoO4,Li2MnCoO4,mp-aaabqwuw,mp-aaabromi,3.416357878333333,279.544862962414,1186.8393617864208,955.0252949292552,4054.6680039551443,0.0,0.25,3,1.5706647200000101,0.128945492921404,0.056536829583333004,0.062007011562500006
mp-691115,Li4Mn5O12,157,,PROMISING,insertion,Li0-4Mn5CuO12,mp-aaabraqh;mp-aaabqxeh;mp-aaacozqo,"{'Mn': 5.0, 'Cu': 1.0, 'O': 12.0}",Mn5CuO12,Cu-Mn-O,Mn5CuO12,Li4Mn5CuO12,mp-aaabraqh,mp-aaabqxeh,3.39711629333333,192.12771446642287,760.0279764169111,652.680189214779,2581.903422075049,0.0,0.18181818181818102,1,0.0,0.085426977567312,0.062996609618057,0.10431623818181901
mp-691115,Li4Mn5O12,157,,PROMISING,insertion,Li0-4Mn5NiO12,mp-aaabqzwt;mp-aaabqxiq,"{'Mn': 5.0, 'Ni': 1.0, 'O': 12.0}",Mn5NiO12,Mn-Ni-O,Mn5NiO12,Li4Mn5NiO12,mp-aaabqzwt,mp-aaabqxiq,3.462582658333336,193.81321584199085,762.4382444961625,671.0942801302933,2640.005443442524,0.0,0.18181818181818102,1,0.0,0.098208516988773,0.055795656388888004,0.09117503318181701
mp-691115,Li4Mn5O12,157,,PROMISING,insertion,Li4-5Mn5(NiO6)2,mp-aaabreoc;mp-aaabsbir,"{'Mn': 5.0, 'Ni': 2.0, 'O': 12.0}",Mn5(NiO6)2,Mn-Ni-O,Li4Mn5(NiO6)2,Li5Mn5(NiO6)2,mp-aaabreoc,mp-aaabsbir,2.97703724833335,43.31378728176909,197.71023941903798,128.94675810421393,588.5907471273807,0.17391304347826,0.208333333333333,1,0.0,0.0069046110514530004,0.041865209347822,0.027876850208331003
mp-691115,Li4Mn5O12,157,,PROMISING,insertion,Li2-4Mn5O12,mp-aaabreho;mp-aaabmlic;mp-aaabnijj,"{'Mn': 5.0, 'O': 12.0}",Mn5O12,Mn-O,Li2Mn5O12,Li4Mn5O12,mp-aaabreho,mp-aaabnijj,4.81353371083333,108.40991972947512,422.3211039985964,521.8348032065638,2032.8568708935927,0.105263157894736,0.19047619047619002,1,0.0,0.002108138079071,0.08445713217105201,0.0
mp-691115,Li4Mn5O12,157,,PROMISING,insertion,Li4-6Mn5SbO12,mp-aaacozqv;mp-aaadpgpg;mp-aaabrghu,"{'Mn': 5.0, 'Sb': 1.0, 'O': 12.0}",Mn5SbO12,Mn-O-Sb,Li4Mn5SbO12,Li6Mn5SbO12,mp-aaacozqv,mp-aaadpgpg,2.690329913333333,85.07204563788075,340.22997122637946,228.8718691680491,915.3308690028681,0.18181818181818102,0.25,1,0.0,0.003520205517296,0.06870557409090501,0.034415536874993005
mp-691115,Li4Mn5O12,157,,PROMISING,insertion,Li0-4Mn5SnO12,mp-aaabrcnj;mp-aaabrbfv,"{'Mn': 5.0, 'Sn': 1.0, 'O': 12.0}",Mn5SnO12,Mn-O-Sn,Mn5SnO12,Li4Mn5SnO12,mp-aaabrcnj,mp-aaabrbfv,3.180586703333337,174.8425284395226,715.6875310599019,556.1018211319264,2276.3062450305883,0.0,0.18181818181818102,1,0.0,0.020185445985650002,0.06985202180555801,0.08917081454544401
mp-691115,Li4Mn5O12,157,,PROMISING,insertion,Li0-4TiMn5O12,mp-aaabrbxw;mp-aaabqyhw,"{'Ti': 1.0, 'Mn': 5.0, 'O': 12.0}",TiMn5O12,Mn-O-Ti,TiMn5O12,Li4TiMn5O12,mp-aaabrbxw,mp-aaabqyhw,3.1113901558333312,197.6823752279974,743.8909986697382,615.0669962661419,2314.535130274049,0.0,0.18181818181818102,1,0.0,0.10185248258994001,0.054719622361110005,0.09408561431819001
mp-691115,Li4Mn5O12,157,,PROMISING,insertion,Li4-5Ti2Mn5O12,mp-aaabrfqz;mp-aaabrwxy,"{'Ti': 2.0, 'Mn': 5.0, 'O': 12.0}",Ti2Mn5O12,Mn-O-Ti,Li4Ti2Mn5O12,Li5Ti2Mn5O12,mp-aaabrfqz,mp-aaabrwxy,2.714783668333329,44.88442901660492,184.69924970338187,121.85151485674565,501.4185066481607,0.17391304347826,0.208333333333333,1,0.0,0.009212028875501,0.066403622826085,0.042329985208336
mp-691115,Li4Mn5O12,157,,PROMISING,insertion,Li0-4Mn5CoO12,mp-aaabqzrv;mp-aaabrxiv;mp-aaabykjz,"{'Mn': 5.0, 'Co': 1.0, 'O': 12.0}",Mn5CoO12,Co-Mn-O,Mn5CoO12,Li4Mn5CoO12,mp-aaabqzrv,mp-aaabrxiv,3.240190038333335,193.7292311992206,756.7967395619531,627.7195250656903,2452.1652565717886,0.0,0.18181818181818102,1,0.0,0.11260567118045,0.021106767361114002,0.08592824939393301
mp-691115,Li4Mn5O12,157,,PROMISING,insertion,Li0-6Mn5FeO12,mp-aaabqzhc;mp-aaabrays;mp-aaabromr,"{'Mn': 5.0, 'Fe': 1.0, 'O': 12.0}",Mn5FeO12,Fe-Mn-O,Mn5FeO12,Li6Mn5FeO12,mp-aaabqzhc,mp-aaabromr,3.133320163333332,285.0341911295603,1095.3281367739355,893.1033783056583,3432.0137364201023,0.0,0.25,2,0.41971665749999604,0.10470916006473001,0.064062876944445,0.082299149687501
mp-691115,Li4Mn5O12,157,,PROMISING,insertion,Li2-4Mn5(FeO6)2,mp-aaabrdtp;mp-aaabrezf,"{'Mn': 5.0, 'Fe': 2.0, 'O': 12.0}",Mn5(FeO6)2,Fe-Mn-O,Li2Mn5(FeO6)2,Li4Mn5(FeO6)2,mp-aaabrdtp,mp-aaabrezf,3.234838450833341,88.43373705925286,382.4478784583597,286.0688529901566,1237.1571026767383,0.09523809523809501,0.17391304347826,1,0.0,0.034379397203528006,0.10605718190474,0.059215415000003005
mp-19511,Li5FeO4,163,,PROMISING,insertion,Li1.5-2.5FeBO4,mp-aaabrfsj;mp-aaabrwom;mp-aaabrgrd,"{'Fe': 1.0, 'B': 1.0, 'O': 4.0}",FeBO4,B-Fe-O,Li3Fe2(BO4)2,Li5Fe2(BO4)2,mp-aaabrfsj,mp-aaabrgrd,3.118528430833334,181.08362523817524,481.92911208901154,564.7144336636181,1502.909637695847,0.2,0.29411764705882304,2,2.97140355499998,0.045135133698451006,0.10403315093333201,0.059448183676458
mp-19511,Li5FeO4,163,,PROMISING,insertion,Li3.75-5FeO4,mp-aaabrqjl;mp-aaabwjss;mp-aaaabcwl,"{'Fe': 1.0, 'O': 4.0}",FeO4,Fe-O,Li15(FeO4)4,Li5FeO4,mp-aaabrqjl,mp-aaaabcwl,3.743562981333336,216.77367640587667,555.1444100363923,811.5059103205716,2078.218062706373,0.42857142857142805,0.5,2,0.19901280399999402,0.007486662302005001,0.11678318757143201,0.0
mp-19511,Li5FeO4,163,,PROMISING,insertion,Li4.5-5FeO4,mp-aaabskdv;mp-aaabrezw;mp-aaabrwhm;mp-aaabskdz;mp-aaabskdk,"{'Fe': 1.0, 'O': 4.0}",FeO4,Fe-O,Li9(FeO4)2,Li5FeO4,mp-aaabskdv,mp-aaabrwhm,3.397737743333327,86.70947056235067,218.61509937810527,294.616040834149,742.7967744195546,0.47368421052631504,0.5,1,0.0,0.018907646671689003,0.073143809210528,0.045903765000001005
mp-21778,Li2Fe2(MoO4)3,165,,PROMISING,insertion,Li0-2Fe2(MoO4)3,mp-aaaabglh;mp-aaaabgfq,"{'Fe': 2.0, 'Mo': 3.0, 'O': 12.0}",Fe2(MoO4)3,Fe-Mo-O,Fe2(MoO4)3,Li2Fe2(MoO4)3,mp-aaaabglh,mp-aaaabgfq,3.12444551708332,88.5436210006062,293.99685255341603,276.6497197016686,918.5771479971266,0.0,0.105263157894736,1,0.0,0.016690475530926,0.0,0.0
mp-1295192,LiMn(CO3)2,173,,PROMISING,insertion,Li0-1Mn(CO3)2,mp-aaabqxkm;mp-aaacvrzc;mp-aaabrukk,"{'Mn': 1.0, 'C': 2.0, 'O': 6.0}",Mn(CO3)2,C-Mn-O,Mn(CO3)2,LiMn(CO3)2,mp-aaabqxkm,mp-aaacvrzc,4.428726200833343,147.34439811401836,452.7264733060239,652.5479964735721,2005.001594141265,0.0,0.1,1,0.0,0.05139695253248901,0.06846949694444601,0.0
mp-1295192,LiMn(CO3)2,173,,PROMISING,insertion,Li0.5-2Mn(CO3)2,mp-aaabrlns;mp-aaabrlnh;mp-aaabqvpx;mp-aaabrpcn,"{'Mn': 1.0, 'C': 2.0, 'O': 6.0}",Mn(CO3)2,C-Mn-O,LiMn2(CO3)4,Li2Mn(CO3)2,mp-aaabrlns,mp-aaabrpcn,4.055691703333332,212.892821976685,500.2211639733941,863.4276517900615,2028.7428245586368,0.052631578947368,0.18181818181818102,2,0.48920442000003506,0.045566094111588004,0.09306983578949701,0.037816197272727003
mp-1295192,LiMn(CO3)2,173,,PROMISING,insertion,Li0.5-1.5Mn(CO3)2,mp-aaabreiy;mp-aaabrdru;mp-aaabreld,"{'Mn': 1.0, 'C': 2.0, 'O': 6.0}",Mn(CO3)2,C-Mn-O,LiMn2(CO3)4,Li3Mn2(CO3)4,mp-aaabreiy,mp-aaabreld,3.7441871833333282,144.5857745082549,309.4113032001192,541.3562038061306,1158.4938358203487,0.052631578947368,0.14285714285714202,2,1.259119959999992,0.029486368044829004,0.093476159736864,0.086155967499998
mp-1295192,LiMn(CO3)2,173,,PROMISING,insertion,Li0-2Mn(CO3)2,mp-aaabrjox;mp-aaabqvjk;mp-aaabrpdd;mp-aaabrpeg,"{'Mn': 1.0, 'C': 2.0, 'O': 6.0}",Mn(CO3)2,C-Mn-O,Mn(CO3)2,Li2Mn(CO3)2,mp-aaabrjox,mp-aaabrpdd,3.902936863333335,283.8570959689133,639.7000089281352,1107.87632377582,2496.7087463202824,0.0,0.18181818181818102,2,0.343271866666678,0.142999833083565,0.09588492305555701,0.052608475454545
mp-1287701,Li2Mn3CoO8,176,,PROMISING,insertion,Li0-3Mn3CoO8,mp-aaabrztf;mp-aaabqyoe;mp-aaacpabp;mp-aaacpafu,"{'Mn': 3.0, 'Co': 1.0, 'O': 8.0}",Mn3CoO8,Co-Mn-O,Mn3CoO8,Li3Mn3CoO8,mp-aaabrztf,mp-aaacpabp,3.7676087550000013,215.8128891744002,940.4998036750235,813.0985306953152,3543.435294401801,0.0,0.2,2,2.62670729500001,0.143551763380659,0.164169671875,0.099003747818175
mp-1287701,Li2Mn3CoO8,176,,PROMISING,insertion,Li0-2Mn3CoO8,mp-aaabrdii;mp-aaacpanf,"{'Mn': 3.0, 'Co': 1.0, 'O': 8.0}",Mn3CoO8,Co-Mn-O,Mn3CoO8,Li2Mn3CoO8,mp-aaabrdii,mp-aaacpanf,4.053808303333331,146.60658104839894,611.0860923041147,594.3149755773105,2477.2258750339383,0.0,0.14285714285714202,1,0.0,0.040253688981039,0.109575752083332,0.075154297678571
mp-1287701,Li2Mn3CoO8,176,,PROMISING,insertion,Li0-2Mn3CoO8,mp-aaabrbbm;mp-aaacvgwz;mp-aaabscew,"{'Mn': 3.0, 'Co': 1.0, 'O': 8.0}",Mn3CoO8,Co-Mn-O,Mn3CoO8,Li2Mn3CoO8,mp-aaabrbbm,mp-aaacvgwz,4.3857285333333325,146.60658104839894,622.1292525880498,642.976665678409,2728.49001449675,0.0,0.14285714285714202,1,0.0,0.050173442754544,0.07721577645833301,0.0
mp-771112,Li2Mn3NiO8,177,,PROMISING,insertion,Li0-4Mn3NiO8,mp-aaacoymq;mp-aaabrcls;mp-aaabqwgj;mp-aaabrdhj;mp-aaabxddc;mp-aaabrgos,"{'Mn': 3.0, 'Ni': 1.0, 'O': 8.0}",Mn3NiO8,Mn-Ni-O,Mn3NiO8,Li4Mn3NiO8,mp-aaacoymq,mp-aaabrgos,3.603389043333334,282.66629969922235,1208.1350504901764,1018.5566472557543,4353.380603803266,0.0,0.25,3,0.883729339999995,0.09404992132107401,0.080616325000002,0.026144067187495002
mp-771112,Li2Mn3NiO8,177,,PROMISING,insertion,Li2-3Mn3NiO8,mp-aaabrxzf;mp-aaabrhsv;mp-aaabrmgh,"{'Mn': 3.0, 'Ni': 1.0, 'O': 8.0}",Mn3NiO8,Mn-Ni-O,Li2Mn3NiO8,Li3Mn3NiO8,mp-aaabrxzf,mp-aaabrhsv,1.404447148333323,71.98396088673239,331.9775510221715,101.09766859310876,466.24492484376896,0.14285714285714202,0.2,1,0.0,0.040300037949505006,0.047156302142856,0.134273872166667
mp-771112,Li2Mn3NiO8,177,,PROMISING,insertion,Li0-2Mn3NiO8,mp-aaabsdqw;mp-aaabrwse,"{'Mn': 3.0, 'Ni': 1.0, 'O': 8.0}",Mn3NiO8,Mn-Ni-O,Mn3NiO8,Li2Mn3NiO8,mp-aaabsdqw,mp-aaabrwse,4.714856519583333,146.70279613823433,626.3280042085374,691.6826348134588,2953.04667404024,0.0,0.14285714285714202,1,0.0,0.05319201135600501,0.08765896895833501,0.0
mp-771112,Li2Mn3NiO8,177,,PROMISING,insertion,Li0-2Mn3NiO8,mp-aaabrbxc;mp-aaabrunf,"{'Mn': 3.0, 'Ni': 1.0, 'O': 8.0}",Mn3NiO8,Mn-Ni-O,Mn3NiO8,Li2Mn3NiO8,mp-aaabrbxc,mp-aaabrunf,4.6047918833333314,146.70279613823433,622.6299070243946,675.5358449196459,2867.081142186519,0.0,0.14285714285714202,1,0.0,0.061286354189055,0.08969966250000101,0.017472685357143
mp-757614,LiFeO2,183,,PROMISING,insertion,Li0-0.5FeClO,mp-aaabeubc;mp-aaabqzgg,"{'Fe': 1.0, 'Cl': 1.0, 'O': 1.0}",FeClO,Cl-Fe-O,FeClO,LiFe2(ClO)2,mp-aaabeubc,mp-aaabqzgg,2.241965373333333,120.98036139244263,383.591987079181,271.2337810952093,859.9999525196514,0.0,0.14285714285714202,1,0.0,0.07833042646561701,0.0,0.07372196642857301
mp-757614,LiFeO2,183,,PROMISING,insertion,Li0.4-1FeO2,mp-aaabrkab;mp-aaabqvdk;mp-aaabqvvq;mp-aaabrbcb,"{'Fe': 1.0, 'O': 2.0}",FeO2,Fe-O,Li2(FeO2)5,LiFeO2,mp-aaabrkab,mp-aaabrbcb,4.070285803333331,169.65682986320948,702.9993958747743,690.5517860307598,2861.408460781002,0.11764705882352901,0.25,2,0.37554011999997705,0.021405413077958003,0.134625908794117,0.027375911374999003
mp-757614,LiFeO2,183,,PROMISING,insertion,Li0-1.25FeO2,mp-aaaabliq;mp-aaabrebr;mp-aaabrbbk;mp-aaaabcsx;mp-aaabqyow,"{'Fe': 1.0, 'O': 2.0}",FeO2,Fe-O,FeO2,Li5(FeO2)4,mp-aaaabliq,mp-aaabqyow,3.526588973333334,347.0973277749531,1407.591932403663,1224.0696088046157,4963.998187767717,0.0,0.29411764705882304,3,1.699457129999998,0.150733664532332,0.273916410833334,0.07778711676470301
mp-757614,LiFeO2,183,,PROMISING,insertion,Li0-0.5FeO2,mp-aaadecxv;mp-aaabqyox,"{'Fe': 1.0, 'O': 2.0}",FeO2,Fe-O,FeO2,Li(FeO2)2,mp-aaadecxv,mp-aaabqyox,4.805567533333336,146.75401960790307,599.1414421847503,705.2363520139028,2879.2146624375478,0.0,0.14285714285714202,1,0.0,0.031822459314658005,0.309131710833333,0.08333545985714401
mp-757614,LiFeO2,183,,PROMISING,insertion,Li0-0.12FeO2,mp-aaacqper;mp-aaacshik,"{'Fe': 1.0, 'O': 2.0}",FeO2,Fe-O,FeO2,Li(FeO2)8,mp-aaacqper,mp-aaacshik,3.108079183333335,37.76497946200826,138.99214874389662,117.37654652487882,431.9986041576757,0.0,0.04,1,0.0,0.047893792648366004,0.18618339833333303,0.201083565519995
mp-757614,LiFeO2,183,,PROMISING,insertion,Li0-1FeO2,mp-aaadbkav;mp-aaabesvj;mp-aaaboroi;mp-aaaablok;mp-aaabqzxt,"{'Fe': 1.0, 'O': 2.0}",FeO2,Fe-O,FeO2,LiFeO2,mp-aaadbkav,mp-aaabqzxt,4.281442048333333,282.76138310534907,1180.6785067248745,1210.626475272132,5055.006604255288,0.0,0.25,2,1.150228930000004,0.022473206979525002,0.258179855833334,0.001279031874999
mp-757614,LiFeO2,183,,PROMISING,insertion,Li0-1FeO2,mp-aaaablmi;mp-aaaabbuk,"{'Fe': 1.0, 'O': 2.0}",FeO2,Fe-O,FeO2,LiFeO2,mp-aaaablmi,mp-aaaabbuk,3.9325907833333322,282.76138310534907,1196.5628711012123,1111.9848090826813,4705.592118571498,0.0,0.25,1,0.0,0.077727118065087,0.167153275833333,0.020221913124999002
mp-757614,LiFeO2,183,,PROMISING,insertion,Li0-0.12FeO2,mp-aaabthzw;mp-aaacpgeo;mp-aaacsill,"{'Fe': 1.0, 'O': 2.0}",FeO2,Fe-O,FeO2,Li(FeO2)8,mp-aaabthzw,mp-aaacsill,3.81678242333334,37.76497946200826,144.48347945022246,144.14070982813774,551.462004827653,0.0,0.04,1,0.0,0.00020289193885500003,0.179825405833333,0.166631763119996
mp-757614,LiFeO2,183,,PROMISING,insertion,Li0.67-1FeO2,mp-aaacpasa;mp-aaabqwex;mp-aaabqyvp,"{'Fe': 1.0, 'O': 2.0}",FeO2,Fe-O,Li2(FeO2)3,LiFeO2,mp-aaacpasa,mp-aaabqyvp,4.053925838333324,94.2537943684497,383.8450040230068,382.0978923512142,1556.079179724026,0.18181818181818102,0.25,1,0.0,0.030775845469782,0.093565498772731,0.038767198124999
mp-757614,LiFeO2,183,,PROMISING,insertion,Li0.75-1FeO2,mp-aaabrdzx;mp-aaabrbdf,"{'Fe': 1.0, 'O': 2.0}",FeO2,Fe-O,Li3(FeO2)4,LiFeO2,mp-aaabrdzx,mp-aaabrbdf,3.713874333333327,70.69034577633727,301.1023171710279,262.5350607931969,1118.2561674486712,0.2,0.25,1,0.0,0.026047993552285,0.09765242559999801,0.07755148624999901
mp-18925,Li6CoO4,188,,PROMISING,insertion,Li4-6CoO4,mp-aaabsdyi;mp-aaabqvxy;mp-aaabragp;mp-aaabqxuu;mp-aaabruhn;mp-aaaabbzx,"{'Co': 1.0, 'O': 4.0}",CoO4,Co-O,Li4CoO4,Li6CoO4,mp-aaabsdyi,mp-aaaabbzx,2.671426739583335,325.7018238247244,871.5098426094517,870.0885612964295,2328.1746973569534,0.44444444444444403,0.5454545454545451,2,1.054548157499994,0.040195945663066,0.09594529277777301,0.0
mp-753899,LiFe(CO3)2,210,,PROMISING,insertion,Li0-1Fe(CO3)2,mp-aaabqvuv;mp-aaacvahc;mp-aaabqxgd,"{'Fe': 1.0, 'C': 2.0, 'O': 6.0}",Fe(CO3)2,C-Fe-O,Fe(CO3)2,LiFe(CO3)2,mp-aaabqvuv,mp-aaabqxgd,4.887855148333334,146.61336988270426,456.40901381922225,716.6249147956754,2230.861147942025,0.0,0.1,1,0.0,0.142076925170483,0.069297034722221,0.0
mp-753899,LiFe(CO3)2,210,,PROMISING,insertion,Li0.5-2Fe(CO3)2,mp-aaabrlgl;mp-aaabqwgk;mp-aaabqwkm;mp-aaadlfsx;mp-aaabrcaj,"{'Fe': 1.0, 'C': 2.0, 'O': 6.0}",Fe(CO3)2,C-Fe-O,LiFe2(CO3)4,Li2Fe(CO3)2,mp-aaabrlgl,mp-aaadlfsx,3.866276533333323,211.87522249909267,519.6937576755768,819.1682007430187,2009.2797798208974,0.052631578947368,0.18181818181818102,2,0.689530484999991,0.08871376696862701,0.08661134460526901,0.040404929090908
mp-753899,LiFe(CO3)2,210,,PROMISING,insertion,Li0.5-2Fe(CO3)2,mp-aaabrdjj;mp-aaabrebk;mp-aaabredp;mp-aaabrfzr;mp-aaabrdfo,"{'Fe': 1.0, 'C': 2.0, 'O': 6.0}",Fe(CO3)2,C-Fe-O,LiFe2(CO3)4,Li2Fe(CO3)2,mp-aaabrdjj,mp-aaabrfzr,3.640839159999998,211.87522249909267,460.02189278365097,771.4036071084092,1674.8657217040368,0.052631578947368,0.18181818181818102,2,0.900988932499984,0.032447123042941,0.08113834407895301,0.06641970681818
mp-753899,LiFe(CO3)2,210,,PROMISING,insertion,Li0.5-2Fe(CO3)2,mp-aaabrlmi;mp-aaabrlou;mp-aaabrfrp,"{'Fe': 1.0, 'C': 2.0, 'O': 6.0}",Fe(CO3)2,C-Fe-O,LiFe2(CO3)4,Li2Fe(CO3)2,mp-aaabrlmi,mp-aaabrfrp,3.996685070000007,211.87522249909267,474.86431965073695,846.7985384650533,1897.8831366238112,0.052631578947368,0.18181818181818102,2,0.64391599999999,0.17901083887316302,0.09676724513158601,0.031392951818181004
mp-674219,LiCr3O8,213,,PROMISING,insertion,Li0-1Cr3O8,mp-aaabfbke;mp-aaabfoxw,"{'Cr': 3.0, 'O': 8.0}",Cr3O8,Cr-O,Cr3O8,LiCr3O8,mp-aaabfbke,mp-aaabfoxw,4.716005218333341,92.12521167988221,293.960815336028,434.46297902238814,1386.3207391102317,0.0,0.08333333333333301,1,0.0,0.11367816031389501,0.049332349454545,0.003005624583333
mp-674219,LiCr3O8,213,,PROMISING,insertion,Li0-1Cr3O8,mp-aaaewivk;mp-aaabqyrq;mp-aaabmjjn,"{'Cr': 3.0, 'O': 8.0}",Cr3O8,Cr-O,Cr3O8,LiCr3O8,mp-aaaewivk,mp-aaabmjjn,4.722374733333344,92.12521167988221,296.6257967610144,435.0497719400616,1400.778167879086,0.0,0.08333333333333301,1,0.0,0.090352278229007,0.046632533090909006,0.0
mp-674219,LiCr3O8,213,,PROMISING,insertion,Li0-1Cr3(FeO4)2,mp-aaabrbkg;mp-aaabqzjb,"{'Cr': 3.0, 'Fe': 2.0, 'O': 8.0}",Cr3(FeO4)2,Cr-Fe-O,Cr3(FeO4)2,LiCr3(FeO4)2,mp-aaabrbkg,mp-aaabqzjb,4.719650003333332,66.56859389158585,291.31386387806737,314.1804643823184,1374.8994786231665,0.0,0.07142857142857101,1,0.0,0.020924152166043,0.114886948076918,0.018947510714282002
mp-540965,Na2Li3FeO4,220,,PROMISING,insertion,Li0-3Na2FeO4,mp-aaabqyex;mp-aaabdbny;mp-aaabrssl;mp-aaaabllz;mp-aaabrstn;mp-aaabeugj,"{'Na': 2.0, 'Fe': 1.0, 'O': 4.0}",Na2FeO4,Fe-Na-O,Na2FeO4,Na2Li3FeO4,mp-aaabqyex,mp-aaabeugj,3.364612883333331,430.787772220729,1191.7557862987892,1449.4340883963291,4009.79687236795,0.0,0.30000000000000004,1,0.0,0.08157111105598101,0.149678545357141,0.0
mp-18722,Cs2LiMnO4,224,,PROMISING,insertion,Li0-1Cs2MnO4,mp-aaabqzas;mp-aaaabbsc,"{'Cs': 2.0, 'Mn': 1.0, 'O': 4.0}",Cs2MnO4,Cs-Mn-O,Cs2MnO4,Cs2LiMnO4,mp-aaabqzas,mp-aaaabbsc,3.164047273333342,68.42566537403268,284.2972506361538,216.5020399527278,899.5299406914884,0.0,0.125,1,0.0,0.026893950796789003,0.029938723214286003,0.0
mp-774155,Li2FeO3,226,,PROMISING,insertion,Li0.67-1FeBO3,mp-aaabrffo;mp-aaabrpxg;mp-aaacvmgt;mp-aaabrbim,"{'Fe': 1.0, 'B': 1.0, 'O': 3.0}",FeBO3,B-Fe-O,Li2Fe3(BO3)3,LiFeBO3,mp-aaabrffo,mp-aaacvmgt,7.960389798333321,73.47187264344836,242.64386390043546,584.8647454553513,1931.5397388212054,0.11764705882352901,0.16666666666666602,2,7.140351969999963,0.030094472717398003,0.33422500514706605,0.005646302222229001
mp-774155,Li2FeO3,226,,PROMISING,insertion,Li1-2FeO3,mp-aaabrhmv;mp-aaabqvfd;mp-aaacpagf;mp-aaabqvkg;mp-aaacuqxy;mp-aaacwgqd;mp-aaacvena;mp-aaacukam;mp-aaabrhlx;mp-aaabsbff;mp-aaabynfg;mp-aaacwdsq,"{'Fe': 1.0, 'O': 3.0}",FeO3,Fe-O,LiFeO3,Li2FeO3,mp-aaabrhmv,mp-aaabsbff,4.099811615000005,227.66137704895715,826.1396845852344,933.36875791221,3387.017074474984,0.2,0.33333333333333304,1,0.0,0.02008006187993,0.131203345433336,0.0
mp-774155,Li2FeO3,226,,PROMISING,insertion,Li1-2FeO3,mp-aaabrbtd;mp-aaabqzfu;mp-aaabrfjm,"{'Fe': 1.0, 'O': 3.0}",FeO3,Fe-O,LiFeO3,Li2FeO3,mp-aaabrbtd,mp-aaabrfjm,3.784825368333334,227.66137704895715,831.3967376373029,861.6585552445933,3146.691463759237,0.2,0.33333333333333304,2,0.20123861000001803,0.082214591108193,0.148444228600001,0.066865110416666
mp-774155,Li2FeO3,226,,PROMISING,insertion,Li1-2FeO3,mp-aaabqvpm;mp-aaabqwcr;mp-aaabwiyp,"{'Fe': 1.0, 'O': 3.0}",FeO3,Fe-O,LiFeO3,Li2FeO3,mp-aaabqvpm,mp-aaabwiyp,3.958543983333325,227.66137704895715,868.9874069059229,901.2075743545289,3439.924871199869,0.2,0.33333333333333304,2,0.709182720000015,0.061864512651689005,0.1723008051,0.057792488333333
mp-16955,K2Li3FeO4,227,,PROMISING,insertion,Li0.75-3.25K2FeO4,mp-aaabrecv;mp-aaabreem;mp-aaaablhz;mp-aaabrfhw;mp-aaabreuk;mp-aaaaazcd;mp-aaabrfri,"{'K': 2.0, 'Fe': 1.0, 'O': 4.0}",K2FeO4,Fe-K-O,K8Li3(FeO4)4,K8Li13(FeO4)4,mp-aaabrecv,mp-aaabrfri,2.579035872333331,303.7374315224846,817.3346235799161,783.3497316668767,2107.935313912664,0.09677419354838701,0.31707317073170704,2,4.883925632222239,0.066523636850572,0.057980940322576,0.07522149843494601
mp-549671,KLiMnO2,232,,PROMISING,insertion,Li0.5-1KMnO2,mp-aaacvlno;mp-aaacwhhj;mp-aaabrkec;mp-aaabrwch,"{'K': 1.0, 'Mn': 1.0, 'O': 2.0}",KMnO2,K-Mn-O,K2LiMn2O4,KLiMnO2,mp-aaacvlno,mp-aaabrwch,2.019857713333327,100.775523103651,311.56745319541517,203.55221765611043,629.3219235603798,0.11111111111111101,0.2,1,0.0,0.036749181222864004,0.091190587407434,0.0270146955
mp-549671,KLiMnO2,232,,PROMISING,insertion,Li0-1KMnO2,mp-aaaablum;mp-aaabfhdf,"{'K': 1.0, 'Mn': 1.0, 'O': 2.0}",KMnO2,K-Mn-O,KMnO2,KLiMnO2,mp-aaaablum,mp-aaabfhdf,2.435533045833332,201.551046207302,627.4004123293942,490.8842334601649,1528.0544371976978,0.0,0.2,1,0.0,0.019611449569086,0.24156091604166702,0.0
mp-560465,K11LiMn4O16,243,,PROMISING,insertion,Li0-1K11Mn4O16,mp-aaabsdgl;mp-aaabfxcj,"{'K': 11.0, 'Mn': 4.0, 'O': 16.0}",K11Mn4O16,K-Mn-O,K11Mn4O16,K11LiMn4O16,mp-aaabsdgl,mp-aaabfxcj,3.477184883333341,29.36296272197051,78.85431261977921,102.10045010671627,274.19102382713777,0.0,0.03125,1,0.0,0.004020882976253,0.0,0.0
mp-504854,Na2Li3CoO4,251,,PROMISING,insertion,Li2-3Na2CoO4,mp-aaabxalx;mp-aaabrfqw;mp-aaabcsvm,"{'Na': 2.0, 'Co': 1.0, 'O': 4.0}",Na2CoO4,Co-Na-O,Na2Li2CoO4,Na2Li3CoO4,mp-aaabxalx,mp-aaabcsvm,3.18593919333333,141.25868471545286,406.4456317841556,450.04158003367706,1294.9110682602684,0.22222222222222202,0.30000000000000004,1,0.0,0.00035425116192,0.055879007222224004,0.0
mp-1173879,Li2CoO3,256,,PROMISING,insertion,Li2-3.5CoO3,mp-aaabsago;mp-aaabqvoi;mp-aaabqvko;mp-aaabxjno;mp-aaabwipq,"{'Co': 1.0, 'O': 3.0}",CoO3,Co-O,Li2CoO3,Li7(CoO3)2,mp-aaabsago,mp-aaabwipq,2.307199141666662,306.36124127244176,932.7275493449803,706.8363929037108,2151.9882012575877,0.33333333333333304,0.46666666666666606,1,0.0,0.09365066616532601,0.148098819166671,0.12267127650000101
mp-757868,K2Li3CoO4,260,,PROMISING,insertion,Li2-3K2CoO4,mp-aaabricr;mp-aaabrbxn;mp-aaabrdcu,"{'K': 2.0, 'Co': 1.0, 'O': 4.0}",K2CoO4,Co-K-O,K2Li2CoO4,K2Li3CoO4,mp-aaabricr,mp-aaabrdcu,2.559162840833335,120.75437462214876,351.52257397556485,309.030108401071,899.6035090323527,0.22222222222222202,0.30000000000000004,1,0.0,0.029163260974814004,0.019667674537035003,0.0
mp-757613,Li2Co3SbO8,264,,PROMISING,insertion,Li0-2Co3SbO8,mp-aaabrcpu;mp-aaabrioa;mp-aaadpils;mp-aaabrdfe,"{'Co': 3.0, 'Sb': 1.0, 'O': 8.0}",Co3SbO8,Co-O-Sb,Co3SbO8,Li2Co3SbO8,mp-aaabrcpu,mp-aaabrdfe,4.445311720833328,121.70409946736802,658.968501230379,541.0126598357563,2929.3204021793754,0.0,0.14285714285714202,1,0.0,0.049824848412316006,0.083053358124999,0.028098295357118
mp-22526,LiCoO2,266,,PROMISING,insertion,Li0-1CoO2,mp-aaaablio;mp-aaacutfj;mp-aaabmjqa;mp-aaacuztp;mp-aaacvkqx;mp-aaabskik;mp-aaachmvf;mp-aaabqvjn;mp-aaacveib;mp-aaacsdyy;mp-aaacvdci;mp-aaacumjq;mp-aaabfkps;mp-aaacsiar;mp-aaabrecp;mp-aaacweno;mp-aaacvxce;mp-aaacwrfv;mp-aaacwdyx;mp-aaachmvc;mp-aaacwehp;mp-aaacwcvx;mp-aaabwkpk;mp-aaaabhik,"{'Co': 1.0, 'O': 2.0}",CoO2,Co-O,CoO2,LiCoO2,mp-aaaablio,mp-aaaabhik,3.789750783333332,273.8393889485439,1348.509465672717,1037.7830387752654,5110.5148038655925,0.0,0.25,2,0.456347490000005,0.036374980271649,0.008136560000000001,0.0
mp-22526,LiCoO2,266,,PROMISING,insertion,Li0-0.5CoO2,mp-aaacupmn;mp-aaabqzli,"{'Co': 1.0, 'O': 2.0}",CoO2,Co-O,CoO2,Li(CoO2)2,mp-aaacupmn,mp-aaabqzli,3.955532375833333,141.9532457556545,644.614396375647,561.5006594411171,2549.7931147921327,0.0,0.14285714285714202,1,0.0,0.036139250517736005,0.007578856666667,0.028670507321427
mp-22526,LiCoO2,266,,PROMISING,insertion,Li0-1CoO2,mp-aaabqymu;mp-aaacpbkm;mp-aaabwsnh;mp-aaabrffx;mp-aaabrdmo;mp-aaabrobq;mp-aaabrejt;mp-aaacpase;mp-aaabqwpt,"{'Co': 1.0, 'O': 2.0}",CoO2,Co-O,CoO2,LiCoO2,mp-aaabqymu,mp-aaabqwpt,3.409718970833332,273.8393889485439,1207.1673135562075,933.7153594592577,4116.101290002511,0.0,0.25,3,1.123244515,0.10591467410602001,0.0057985275,0.09325442874999901
mp-22526,LiCoO2,266,,PROMISING,insertion,Li0-0.5CoO2,mp-aaabrbbs;mp-aaabrbmr,"{'Co': 1.0, 'O': 2.0}",CoO2,Co-O,CoO2,Li(CoO2)2,mp-aaabrbbs,mp-aaabrbmr,4.5314597383333375,141.9532457556545,663.6600248338335,643.255417867486,3007.348682475819,0.0,0.14285714285714202,1,0.0,0.03217879059395,0.11995936583333401,0.042721320535713
mp-22526,LiCoO2,266,,PROMISING,insertion,Li0-1.25CoO2,mp-aaabqzqa;mp-aaacpaul;mp-aaabrwok;mp-aaabskbk;mp-aaabsjms,"{'Co': 1.0, 'O': 2.0}",CoO2,Co-O,CoO2,Li5(CoO2)4,mp-aaabqzqa,mp-aaabskbk,3.198778157333331,336.33612791496193,1613.5723205249853,1075.8646594964496,5161.459894172981,0.0,0.29411764705882304,2,1.336348343333334,0.18332890524120102,0.067827024999999,0.100906648933823
mp-22526,LiCoO2,266,,PROMISING,insertion,Li0-1CoO2,mp-aaacutxx;mp-aaabcrsj;mp-aaabretg;mp-aaacwgrt;mp-aaacwjgw;mp-aaabsbck;mp-aaaabloh;mp-aaabrzps;mp-aaabqvqd;mp-aaadajjo;mp-aaacpbcm;mp-aaabrfbr;mp-aaabwiij;mp-aaadbxzj;mp-aaackmcj;mp-aaabwoey,"{'Co': 1.0, 'O': 2.0}",CoO2,Co-O,CoO2,LiCoO2,mp-aaacutxx,mp-aaabwiij,3.808281968333333,273.8393889485439,1284.0952569528802,1042.857607152158,4890.196812676011,0.0,0.25,2,1.292882497499995,0.091747108909477,0.05732840499999901,0.032261087499999
mp-22526,LiCoO2,266,,PROMISING,insertion,Li0-2CoO2,mp-aaaabwje;mp-aaacukrg;mp-aaabqvug;mp-aaabqzhx;mp-aaacuroc,"{'Co': 1.0, 'O': 2.0}",CoO2,Co-O,CoO2,Li2CoO2,mp-aaaabwje,mp-aaabqzhx,2.747919590833333,511.41035403457124,2017.5446246069957,1405.314530806609,5544.050399338046,0.0,0.4,2,1.309357856666667,0.312019815176792,0.008334681666666,0.025704214374997002
mp-1222696,Li5Mn5(SeO3)8,269,,PROMISING,insertion,Li0-5Mn5(SeO3)8,mp-aaabsfbf;mp-aaabscal,"{'Mn': 5.0, 'Se': 8.0, 'O': 24.0}",Mn5(SeO3)8,Mn-O-Se,Mn5(SeO3)8,Li5Mn5(SeO3)8,mp-aaabsfbf,mp-aaabscal,4.140255915333329,101.13302212131994,374.3942967475439,418.7165930733313,1550.0882017760803,0.0,0.11904761904761901,1,0.0,0.041452447048593,0.080342192252257,9.546416665973116e-05
mp-773051,Li2Mn3(SeO3)4,271,,PROMISING,insertion,Li0-2Mn3(SeO3)4,mp-aaabrzpn;mp-aaabrzot,"{'Mn': 3.0, 'Se': 4.0, 'O': 12.0}",Mn3(SeO3)4,Mn-O-Se,Mn3(SeO3)4,Li2Mn3(SeO3)4,mp-aaabrzpn,mp-aaabrzot,3.8308002083333332,78.07822738123598,291.07834517152867,299.1020897183362,1115.062985324414,0.0,0.09523809523809501,1,0.0,0.026766008198522002,0.043571368596485006,0.0
mp-1177382,Li4MnCo5O12,279,,PROMISING,insertion,Li0-4MnCo5O12,mp-aaabqzui;mp-aaacozry,"{'Mn': 1.0, 'Co': 5.0, 'O': 12.0}",MnCo5O12,Co-Mn-O,MnCo5O12,Li4MnCo5O12,mp-aaabqzui,mp-aaacozry,4.214901258333339,188.29171382297707,827.8166685368113,793.630981526207,3489.165517885119,0.0,0.18181818181818102,1,0.0,0.07944834538294,0.020779569583334,0.0
mp-756366,LiMnNiO4,282,,PROMISING,insertion,Li1-2MnNiO4,mp-aaabraxa;mp-aaabrlvc;mp-aaabqwkx,"{'Mn': 1.0, 'Ni': 1.0, 'O': 4.0}",MnNiO4,Mn-Ni-O,LiMnNiO4,Li2MnNiO4,mp-aaabraxa,mp-aaabqwkx,3.324719718333331,139.9474434770271,620.2105645374892,465.2860248584113,2062.0262934364373,0.14285714285714202,0.25,1,0.0,0.026347491048887003,0.0,0.030842478124999004
mp-761940,Li2MnCo3O8,292,,PROMISING,insertion,Li2-3MnCo3O8,mp-aaacwjav;mp-aaacwinl,"{'Mn': 1.0, 'Co': 3.0, 'O': 8.0}",MnCo3O8,Co-Mn-O,Li2MnCo3O8,Li3MnCo3O8,mp-aaacwjav,mp-aaacwinl,3.193511393333342,70.42719893520983,313.09557022881546,224.91006220014646,999.874270727922,0.14285714285714202,0.2,1,0.0,0.015791933481577,0.089547827321428,0.098320912428562
mp-761940,Li2MnCo3O8,292,,PROMISING,insertion,Li2-3MnCo3O8,mp-aaacwifx;mp-aaacwaud,"{'Mn': 1.0, 'Co': 3.0, 'O': 8.0}",MnCo3O8,Co-Mn-O,Li2MnCo3O8,Li3MnCo3O8,mp-aaacwifx,mp-aaacwaud,3.323602568333332,70.42719893520983,308.4213218795614,234.07201926158592,1025.0698975276716,0.14285714285714202,0.2,1,0.0,0.015189300454339002,0.116602801964285,0.114899477095229
mp-761940,Li2MnCo3O8,292,,PROMISING,insertion,Li0-4MnCo3O8,mp-aaabsajy;mp-aaabrakj;mp-aaacvgra;mp-aaacwtzs;mp-aaabradq;mp-aaacwszm;mp-aaacweam;mp-aaacvtul;mp-aaabqzgr;mp-aaacwfct;mp-aaabqxoe;mp-aaacusbs;mp-aaabsbhr;mp-aaacuzqn;mp-aaacupeh;mp-aaacuwhi;mp-aaacvmwu;mp-aaabrdod;mp-aaabxaml;mp-aaacouty,"{'Mn': 1.0, 'Co': 3.0, 'O': 8.0}",MnCo3O8,Co-Mn-O,MnCo3O8,Li4MnCo3O8,mp-aaabsajy,mp-aaabxaml,3.390423123333336,276.6627138122796,1202.4831748463264,938.003662273306,4076.926761418268,0.0,0.25,4,1.617984719999995,0.10887642927568301,0.021501470208333002,0.076034889218749
mp-761940,Li2MnCo3O8,292,,PROMISING,insertion,Li0-2MnCo3O8,mp-aaabqwst;mp-aaabqwej,"{'Mn': 1.0, 'Co': 3.0, 'O': 8.0}",MnCo3O8,Co-Mn-O,MnCo3O8,Li2MnCo3O8,mp-aaabqwst,mp-aaabqwej,4.355584248333334,143.47118472446016,641.1012892098604,624.9008322755807,2792.370676868661,0.0,0.14285714285714202,1,0.0,0.07460536725420501,0.06990851604166601,0.034855716249999
mp-761940,Li2MnCo3O8,292,,PROMISING,insertion,Li0-2MnCo3O8,mp-aaabrbwn;mp-aaabrbwk,"{'Mn': 1.0, 'Co': 3.0, 'O': 8.0}",MnCo3O8,Co-Mn-O,MnCo3O8,Li2MnCo3O8,mp-aaabrbwn,mp-aaabrbwk,4.032006620833333,143.47118472446016,696.8296216437783,578.4767667078255,2809.621648060501,0.0,0.14285714285714202,1,0.0,0.06999205015653401,0.041211309374999006,0.056483485892857004
mp-761940,Li2MnCo3O8,292,,PROMISING,insertion,Li0-2MnCo3O8,mp-aaabxkai;mp-aaabrjdk;mp-aaabrcrk,"{'Mn': 1.0, 'Co': 3.0, 'O': 8.0}",MnCo3O8,Co-Mn-O,MnCo3O8,Li2MnCo3O8,mp-aaabxkai,mp-aaabrjdk,4.518617037083335,143.47118472446016,665.1935225198949,648.2913396264761,3005.754783815875,0.0,0.14285714285714202,1,0.0,0.028279096102732004,0.056415645208333004,0.0
mp-774432,K2Li3NiO4,296,,PROMISING,insertion,Li2-3K2NiO4,mp-aaabrzmy;mp-aaabrmuo;mp-aaabsbpw,"{'K': 2.0, 'Ni': 1.0, 'O': 4.0}",K2NiO4,K-Ni-O,K2Li2NiO4,K2Li3NiO4,mp-aaabrzmy,mp-aaabsbpw,3.421978100833333,120.88497864046144,357.67298344907294,413.6657496273643,1223.9491166224507,0.22222222222222202,0.30000000000000004,1,0.0,0.026262209883304,0.074648506296294,0.0
mp-558555,LiFe(SeO3)2,335,,PROMISING,insertion,Li0-1Fe(SeO3)2,mp-aaaabljp;mp-aaabfugx,"{'Fe': 1.0, 'Se': 2.0, 'O': 6.0}",Fe(SeO3)2,Fe-O-Se,Fe(SeO3)2,LiFe(SeO3)2,mp-aaaabljp,mp-aaabfugx,5.054418733333333,84.62670679276157,297.84474227869714,427.7388121536413,1505.4320449982854,0.0,0.1,1,0.0,0.01786371086121,0.10682534861111301,0.0
mp-556550,Li2NiO3,336,,PROMISING,insertion,Li0.67-1NiBO3,mp-aaacpalo;mp-aaabrfry;mp-aaabqzgx,"{'Ni': 1.0, 'B': 1.0, 'O': 3.0}",NiBO3,B-Ni-O,Li2Ni3(BO3)3,LiNiBO3,mp-aaacpalo,mp-aaabqzgx,4.763462073333347,71.79016878694149,257.31364617115645,341.96974625479527,1225.70379448742,0.11764705882352901,0.16666666666666602,1,0.0,0.0013791488085470001,0.09412455058822701,0.015267630694448002
mp-1280510,Li2Ni3TeO8,369,,PROMISING,insertion,Li2-4Ni3TeO8,mp-aaabrdhu;mp-aaacozxw;mp-aaabrbql,"{'Ni': 3.0, 'Te': 1.0, 'O': 8.0}",Ni3TeO8,Ni-O-Te,Li2Ni3TeO8,Li4Ni3TeO8,mp-aaabrdhu,mp-aaabrbql,3.680825623333331,116.67036455891196,581.0055838730192,429.4432673520841,2138.580240419552,0.14285714285714202,0.25,2,1.263033499999991,0.030350762414901002,0.080161317142856,0.043624319062499
mp-562404,Li2Co3(SeO3)4,393,,PROMISING,insertion,Li0-2Co3(SeO3)4,mp-aaabscwi;mp-aaabfzyy,"{'Co': 3.0, 'Se': 4.0, 'O': 12.0}",Co3(SeO3)4,Co-O-Se,Co3(SeO3)4,Li2Co3(SeO3)4,mp-aaabscwi,mp-aaabfzyy,5.04306379083332,76.73852313109884,323.80549555929736,386.99726736446974,1632.9717699279317,0.0,0.09523809523809501,1,0.0,0.086777674608777,0.143224230953947,0.0
mp-2348641,LiNiO2,395,,PROMISING,insertion,Li0-0.5BaNiO2,mp-aaaabcap;mp-aaacshcf,"{'Ba': 1.0, 'Ni': 1.0, 'O': 2.0}",BaNiO2,Ba-Ni-O,BaNiO2,Ba2Li(NiO2)2,mp-aaaabcap,mp-aaacshcf,-0.360897756666669,57.88914397781822,321.92997884890787,-20.892062196948416,-116.18380717031908,0.0,0.11111111111111101,1,0.0,0.06528945523867001,0.11702138124999902,0.352375597499999
mp-2348641,LiNiO2,395,,PROMISING,insertion,Li0.6-1NiO2,mp-aaabrkpm;mp-aaabrden;mp-aaabrbac,"{'Ni': 1.0, 'O': 2.0}",NiO2,Ni-O,Li3(NiO2)5,LiNiO2,mp-aaabrkpm,mp-aaabrbac,3.7902155583333332,109.80478421423818,516.6601771869653,416.18380150824,1958.2534419452927,0.16666666666666602,0.25,1,0.0,0.027857544867174,0.069538141157407,0.030480618333333
mp-2348641,LiNiO2,395,,PROMISING,insertion,Li0-2NiO2,mp-aaabdboj;mp-aaaablwd;mp-aaaabcoq,"{'Ni': 1.0, 'O': 2.0}",NiO2,Ni-O,NiO2,Li2NiO2,mp-aaabdboj,mp-aaaabcoq,3.283090283333332,512.583049076424,2065.677478924464,1682.8564278241804,6781.805659557403,0.0,0.4,2,1.025985600000002,0.37539376759112303,0.133447169444444,0.002541691000002
mp-2348641,LiNiO2,395,,PROMISING,insertion,Li0.75-1NiO2,mp-aaabretm;mp-aaabrnli;mp-aaacvgpb;mp-aaabqzee,"{'Ni': 1.0, 'O': 2.0}",NiO2,Ni-O,Li3(NiO2)4,LiNiO2,mp-aaabretm,mp-aaacvgpb,3.70597174333334,68.62799013389885,326.94566976952785,254.33339223798842,1211.6514137710637,0.2,0.25,1,0.0,0.011840580751956,0.052766551694451005,0.034669062708333004
mp-2348641,LiNiO2,395,,PROMISING,insertion,Li0-1.25NiO2,mp-aaaablqa;mp-aaacwuco;mp-aaaablom;mp-aaabqvfn;mp-aaabcrso;mp-aaacoted;mp-aaabqysm;mp-aaabqvru;mp-aaabskbm,"{'Ni': 1.0, 'O': 2.0}",NiO2,Ni-O,NiO2,Li5(NiO2)4,mp-aaaablqa,mp-aaabskbm,3.461818140333334,337.147771065211,1511.3306141798644,1167.1442698464973,5231.951736208974,0.0,0.29411764705882304,3,1.788989444999991,0.175729628396623,0.140188005277778,0.070609292941175
mp-2348641,LiNiO2,395,,PROMISING,insertion,Li0.2-1NiO2,mp-aaacrped;mp-aaacwpwj;mp-aaabrjmb;mp-aaabrlok;mp-aaabwjms;mp-aaabwihd,"{'Ni': 1.0, 'O': 2.0}",NiO2,Ni-O,Li(NiO2)5,LiNiO2,mp-aaacrped,mp-aaabwjms,3.876486978333333,219.60956842847634,1027.5757521099792,851.3136323303917,3983.384022305416,0.0625,0.25,3,0.318060309999983,0.042751941109410004,0.10326846339844001,0.009115211333333
mp-2348641,LiNiO2,395,,PROMISING,insertion,Li0.67-1NiO2,mp-aaabqzmg;mp-aaacoynk,"{'Ni': 1.0, 'O': 2.0}",NiO2,Ni-O,Li2(NiO2)3,LiNiO2,mp-aaabqzmg,mp-aaacoynk,4.099164658333326,91.50398684519847,423.0997315316656,375.0899089724351,1734.3554664449218,0.18181818181818102,0.25,1,0.0,0.026948623162222,0.077220331098486,0.018286454583334
mp-2348641,LiNiO2,395,,PROMISING,insertion,Li1-2NiO2,mp-aaaablls;mp-aaaabcjv,"{'Ni': 1.0, 'O': 2.0}",NiO2,Ni-O,LiNiO2,Li2NiO2,mp-aaaablls,mp-aaaabcjv,3.259315803333334,256.291524538212,918.0764952080575,835.3350161877873,2992.301229500502,0.25,0.4,1,0.0,0.077110788854318,0.27399797083333405,0.09313504500000201
mp-2348641,LiNiO2,395,,PROMISING,insertion,Li0.33-1NiO2,mp-aaacroxp;mp-aaafdqij;mp-aaabxhmd,"{'Ni': 1.0, 'O': 2.0}",NiO2,Ni-O,Li(NiO2)3,LiNiO2,mp-aaacroxp,mp-aaafdqij,3.7760492383333353,183.00797369039697,848.3244868228225,691.0471196625506,3203.3150323268364,0.1,0.25,1,0.0,0.01982684424182,0.056066058729169005,0.0
mp-2348641,LiNiO2,395,,PROMISING,insertion,Li0-1NiO2,mp-aaaablhq;mp-aaachmsi;mp-aaabnobl;mp-aaachmqe;mp-aaabrjut;mp-aaabrahw;mp-aaabxgnn;mp-aaaablpj,"{'Ni': 1.0, 'O': 2.0}",NiO2,Ni-O,NiO2,LiNiO2,mp-aaaablhq,mp-aaabxgnn,3.9385746633333323,274.5119605355954,1285.5715001484302,1081.1858525474554,5063.31933838803,0.0,0.25,3,0.360988349999992,0.06365344876463601,0.12982718611111102,0.00011381583333400001
mp-754509,LiCoNiO4,484,,PROMISING,insertion,Li1-2CoNiO4,mp-aaabqydp;mp-aaabqvzj;mp-aaabsjul;mp-aaabqzeq;mp-aaabqwse,"{'Co': 1.0, 'Ni': 1.0, 'O': 4.0}",CoNiO4,Co-Ni-O,LiCoNiO4,Li2CoNiO4,mp-aaabqydp,mp-aaabqwse,3.371941503333329,137.08763113805108,653.5092993789782,462.2514730280448,2203.595129390262,0.14285714285714202,0.25,1,0.0,0.042185604616938,0.0,0.017019385624998003
