material_id,formula,elements,density,band_gap,energy_above_hull,formation_energy_per_atom,is_stable
mp-769287,Li2TiS2O,"Li,O,S,Ti",2.2800698884507478,2.2463,0.027613073564816126,-2.0103958154166666,False
mp-775901,LiV3OF11,"F,Li,O,V",2.9343591004477765,1.4560000000000002,0.040301110039060006,-2.9698529045833335,False
mp-775902,LiV3OF11,"F,Li,O,V",2.909371816000372,1.2935999999999999,0.04482449503906061,-2.965329519583333,False
mp-776414,LiV4OF11,"F,Li,O,V",3.314523906497979,1.0343,0.044406640588232626,-3.118484364313726,False
mp-776488,LiMnOF2,"F,Li,Mn,O",3.368827419333352,0.9907999999999999,0.02799144766666295,-2.6744702702528746,False
mp-776904,LiFe2OF3,"F,Fe,Li,O",3.7547756124259153,2.9055,0.034207641428569247,-2.403235781190476,False
mp-777269,LiV3OF11,"F,Li,O,V",2.925358651740832,1.4645000000000001,0.030750144101560295,-2.979403870520833,False
mp-777831,LiV4OF11,"F,Li,O,V",3.2909377471983654,0.9877000000000001,0.04127888764705556,-3.121612117254902,False
mp-778107,LiV4OF11,"F,Li,O,V",3.2904099120689216,1.1080999999999999,0.04351982235293761,-3.1193711825490205,False
mp-778119,LiFe2OF3,"F,Fe,Li,O",3.81794518188963,2.7818,0.044051986071426796,-2.3933914365476183,False
mp-779753,LiV4OF11,"F,Li,O,V",3.296641236954955,1.3346999999999998,0.04095376441176146,-3.1219372404901966,False
mp-780857,Li2VOF4,"F,Li,O,V",2.7073390561756754,1.6283,0.003700841250010356,-3.031692705208333,False
mp-849274,LiFeOF2,"F,Fe,Li,O",3.3733606779178182,2.4912,0.03950447755555331,-2.518478076666667,False
mp-850198,Li4Co2OF7,"Co,F,Li,O",3.263672300676036,1.2875,0.04518957785714228,-2.6304690516666676,False
mp-850188,LiVOF4,"F,Li,O,V",2.626487010023065,2.1572,0.040682309047614496,-2.8218241261904766,False
mp-850339,Li5CoOF5,"Co,F,Li,O",2.5593615017125257,1.0417999999999998,0.036831308124998685,-2.812136761388889,False
mp-850394,LiV3OF11,"F,Li,O,V",2.836657253024669,1.7972,0.04514710816405998,-2.9650069064583335,False
mp-850913,LiVOF3,"F,Li,O,V",2.8965799998478636,1.6564999999999999,0.04312374750000991,-2.9492691630555563,False
mp-861557,Li4Mn3OF11,"F,Li,Mn,O",3.2641982215964744,1.0928,0.04577794333333607,-2.855495353532971,False
mp-1176561,LiV4OF11,"F,Li,O,V",3.342466631263295,0.8691,0.04877828411764451,-3.114112720784314,False
mp-1176736,LiFe2OF3,"F,Fe,Li,O",3.754418482052582,3.2135,0.045312877857140776,-2.3921305447619043,False
mp-1177748,Li2VOF4,"F,Li,O,V",3.019322972898095,2.1068000000000002,0.01502101750001028,-3.020372528958333,False
mp-1177857,Li2Ti2Sb2O,"Li,O,Sb,Ti",4.935369361339647,0.0,0.03996464714285963,-1.2458521911904756,False
mp-1197533,LiMnH2OF4,"F,H,Li,Mn,O",2.76595996364705,1.9510999999999998,0.007979997777800563,-2.374387805696041,False
mp-1275794,LiFe2OF3,"F,Fe,Li,O",3.752680694356804,2.9945,0.03453563999999787,-2.4029077826190472,False
mp-1290585,LiVOF2,"F,Li,O,V",3.223514233421587,1.9785000000000001,0.02281401574999009,-2.9628412556666683,False
mp-1298606,Li2VOF4,"F,Li,O,V",2.7580610094418874,2.0491,0.008203892187510498,-3.027189654270833,False
mp-1299574,Li4Co2OF7,"Co,F,Li,O",3.246518517327821,1.3216999999999999,0.03599184357142793,-2.639666785952382,False
mp-1307846,Li2VOF4,"F,Li,O,V",2.7595380455100798,2.0317,0.00837454250001013,-3.0270190039583333,False
mp-1307265,LiV3OF11,"F,Li,O,V",2.7926651036550396,1.8749,0.03500755066406036,-2.975146463958333,False
mp-1308000,Li4Co2OF7,"Co,F,Li,O",3.2246013265394753,1.3944,0.035562361428571165,-2.6400962680952387,False
mp-1311449,Li4Co2OF7,"Co,F,Li,O",3.2374593717072346,1.4085999999999999,0.03539988821428519,-2.640258741309524,False
mp-1311086,Li4Co2OF7,"Co,F,Li,O",3.2329090720989124,1.3677000000000001,0.03555682535714233,-2.6401018041666666,False
mp-1312877,Li2VOF4,"F,Li,O,V",2.7543492560082745,2.0690999999999997,0.008264109062510627,-3.027129437395833,False
mp-5127,LiCuO,"Cu,Li,O",4.289470405864194,1.4376000000000002,0.0,-1.432946590277778,True
mp-752498,Li2VOF5,"F,Li,O,V",2.320418259863426,3.2968,0.029861655000000376,-2.9076886974074077,False
mp-752550,Li3NiOF3,"F,Li,Ni,O",3.5968019994334557,1.9121000000000001,0.047341250624999276,-2.6304766649999998,False
mp-752723,LiVH2OF5,"F,H,Li,O,V",2.4062597837087742,1.9578,0.0317818761875035,-2.5295829895833335,False
mp-752885,LiVOF3,"F,Li,O,V",3.248044029535965,1.2543,0.0426819012500097,-2.949711009305556,False
mp-752884,Li5CoOF5,"Co,F,Li,O",3.410981664646994,0.06909999999999972,0.034228180624999105,-2.814739888888889,False
mp-753143,Li4NiOF4,"F,Li,Ni,O",3.3630700814517045,1.8989000000000003,0.04012423200000104,-2.7350091913333334,False
mp-753283,Li6NiOF6,"F,Li,Ni,O",3.139770702484518,1.8946,0.026964504642856824,-2.8593866417857146,False
mp-753282,Li2MnOF3,"F,Li,Mn,O",3.098306511839002,1.5105,0.0368032879761957,-2.7976394974425287,False
mp-753329,Li3Ni3OF7,"F,Li,Ni,O",3.762802473712781,3.5292999999999997,0.03750143303571285,-2.4916036789285707,False
mp-753377,Li5NiOF5,"F,Li,Ni,O",3.240486935437001,1.8952,0.0314530412500007,-2.8085573872222223,False
mp-753392,Li2NiOF2,"F,Li,Ni,O",3.9283094306472126,2.1820999999999997,0.03807296499999957,-2.477552437777778,False
mp-753559,LiNiOF,"F,Li,Ni,O",4.589632396923192,2.243,0.039559856875000854,-2.1516805202083344,False
mp-753701,Li6V2OF11,"F,Li,O,V",2.9512972752241167,1.1776,0.0273230372499933,-3.108878457,False
mp-753723,Li2Mn2OF6,"F,Li,Mn,O",3.3536508017799407,1.631,0.021574763484845327,-2.8105938875026126,False
mp-753753,Li2MnOF3,"F,Li,Mn,O",3.087208601780472,1.8858,0.039886416547624925,-2.7945563688711,False
mp-754082,Li6Mn2OF11,"F,Li,Mn,O",3.01858380507909,1.0769,0.040182482486111226,-2.892310824793104,False
mp-754564,Li2CoOF3,"Co,F,Li,O",3.245249847219883,1.0344,0.04902592178571563,-2.490693154880952,False
mp-754749,Li2CoOF3,"Co,F,Li,O",3.264429271065148,0.6847,0.04557554571428568,-2.4941435309523814,False
mp-754813,LiFe2OF3,"F,Fe,Li,O",3.7493336134799717,2.3114999999999997,0.04584386607142665,-2.3915995565476185,False
mp-755474,Li2Fe2OF6,"F,Fe,Li,O",3.427824748503986,2.3334,0.04370741151514945,-2.6650758219696966,False
mp-755843,LiFe2OF5,"F,Fe,Li,O",3.672731959446288,2.2705,0.03128871160493496,-2.5668030875925925,False
mp-757198,Li2VOF5,"F,Li,O,V",3.084561543687422,2.8337000000000003,0.00343848388888901,-2.9341118685185186,False
mp-757620,LiVOF3,"F,Li,O,V",3.3961452090133473,1.8346999999999998,0.027658053333342814,-2.9647348572222234,False
mp-758755,Li3Co3OF7,"Co,F,Li,O",3.623807032094149,2.6365,0.04244825732142843,-2.498783595357143,False
mp-759150,LiVOF2,"F,Li,O,V",3.2191538689261856,1.6095,0.020925688249990415,-2.9647295831666676,False
mp-759179,LiNiOF,"F,Li,Ni,O",4.548914577805463,2.1881999999999997,0.04565817875000189,-2.1455821983333334,False
mp-759438,Li6CoOF6,"Co,F,Li,O",3.1055933582913453,0.0,0.02918582660714275,-2.864843297857143,False
mp-759652,Li4CoOF4,"Co,F,Li,O",3.3071022246518345,0.017400000000000304,0.04940287799999865,-2.736479714583333,False
mp-760048,Li2CoOF2,"Co,F,Li,O",3.829890023589248,0.1825000000000001,0.041935987916666306,-2.4916046969444445,False
mp-760197,Li5V2OF11,"F,Li,O,V",2.8041350807367027,1.479,0.04960800710526847,-3.05319460745614,False
mp-760189,LiVOF4,"F,Li,O,V",2.6702512424758162,3.0138,0.01810066226189999,-2.8444057729761907,False
mp-760242,LiVOF4,"F,Li,O,V",2.63300059950572,2.1252,0.03618082761904251,-2.8263256076190477,False
mp-760282,Li2VOF4,"F,Li,O,V",2.987808642695657,2.1898999999999997,0.00870180187501024,-3.0266917445833332,False
mp-760326,Li2VOF5,"F,Li,O,V",2.8538848968296433,2.5852,0.02520373499999984,-2.912346617407408,False
mp-760816,Li3VOF5,"F,Li,O,V",2.8358466811494396,2.1558,0.019560065750006572,-3.04163386225,False
mp-761120,LiMn2OF5,"F,Li,Mn,O",3.706002973030322,0.8545999999999999,0.045517610925918994,-2.7083511593550447,False
mp-761096,Li3Co3OF7,"Co,F,Li,O",3.6462667497130066,2.6661,0.03993086374999866,-2.501300988928573,False
mp-761271,Li2VOF4,"F,Li,O,V",2.921538261773528,2.0956,0.020928220000009823,-3.0144653264583336,False
mp-761267,Li2VOF4,"F,Li,O,V",2.7608575119021923,1.5987,0.01248370812501065,-3.022909838333333,False
mp-764593,Li3Fe3OF7,"F,Fe,Li,O",3.382341514414113,3.1024000000000003,0.04471378214285604,-2.633140507142857,False
mp-764685,LiVOF3,"F,Li,O,V",2.693690365111229,2.2221,0.03378590000001047,-2.9586070105555557,False
mp-764721,LiVOF3,"F,Li,O,V",3.1360134066474084,1.9123,0.03483527000000919,-2.9575576405555566,False
mp-764760,LiVOF3,"F,Li,O,V",3.2181105343757053,2.1361,0.028481217500010203,-2.963911693055556,False
mp-764842,LiVOF3,"F,Li,O,V",3.03890144202388,2.1513,0.04182375458334331,-2.950569155972223,False
mp-764845,LiVOF3,"F,Li,O,V",3.1683842315441053,1.8467,0.020034169166676108,-2.97235874138889,False
mp-765230,LiVOF3,"F,Li,O,V",2.8791593115926015,1.5224,0.014901510000010276,-2.977491400555556,False
mp-765238,Li4V3OF11,"F,Li,O,V",3.1932112705501217,2.1408,0.039391552368415184,-3.124997817017544,False
mp-765358,Li3VOF5,"F,Li,O,V",2.942304443945229,2.7786,0.029117514000006395,-3.032076414,False
mp-765544,Li4V3OF11,"F,Li,O,V",3.212045157928678,2.2344999999999997,0.04889311342104641,-3.1154962559649126,False
mp-765507,Li2VOF3,"F,Li,O,V",2.959128874886727,2.3625000000000003,0.04912050624998887,-2.9876033888095246,False
mp-765521,LiVOF3,"F,Li,O,V",2.8010352949012565,2.1107,0.04776691125000987,-2.9446259993055564,False
mp-765761,Li3Co3OF7,"Co,F,Li,O",3.643014546711331,2.8048,0.04168357089285735,-2.4995482817857146,False
mp-765834,Li6V2OF11,"F,Li,O,V",2.9161474120611133,1.7513,0.016534375249992905,-3.119667119,False
mp-1539853,LiV(OF)2,"F,Li,O,V",3.2515138079696935,2.216,0.0,-2.717074635555562,True
mp-1574529,Li2MnO2F,"F,Li,Mn,O",3.494667379917344,2.0922,0.036284853333335754,-2.4584269407662833,False
mp-1639002,LiCo3(OF3)2,"Co,F,Li,O",4.228752901956937,0.8473999999999999,0.0333926862500018,-2.091311776111111,False
mp-1643079,Li2MnO2F,"F,Li,Mn,O",3.4852685159994024,2.1220999999999997,0.036482416250002814,-2.4582293778496163,False
mp-1643372,LiCo3(OF3)2,"Co,F,Li,O",4.236536924089963,0.8745999999999999,0.046953777500000626,-2.077750684861112,False
mp-2348641,LiNiO2,"Li,Ni,O",4.635450962098701,0.018000000000000238,0.0,-1.4979912991666673,True
mp-2506805,LiMnO2,"Li,Mn,O",3.9423082522631288,1.6644999999999999,0.029270926249999718,-2.1305990378160935,False
mp-2861076,LiMnO2,"Li,Mn,O",4.1022912514029,1.9855000000000005,0.03998728125000106,-2.119882682816092,False
mp-770635,LiNiO2,"Li,Ni,O",5.008100711116447,0.0,0.015185762083333998,-1.4828055370833333,False
mp-770699,KLiMnO2,"K,Li,Mn,O",3.0916977052313457,1.0669999999999997,0.02701469550000013,-1.823669557702874,False
mp-772030,LiTiO2,"Li,O,Ti",4.137027074940267,0.0,0.01137334312499938,-2.967983604791667,False
mp-772395,LiV(OF)2,"F,Li,O,V",3.020536645054858,2.2105,0.003913518333340527,-2.713161117222222,False
mp-773044,LiCuO2,"Cu,Li,O",3.891646763834338,0.33030000000000004,0.02471069874999987,-1.425870712083333,False
mp-775331,LiVO2,"Li,O,V",3.9781789366322466,1.4973000000000005,0.026776534999999768,-2.4670045070833337,False
mp-777412,Li2VO2F,"F,Li,O,V",3.4536131908094148,1.4806999999999997,0.04811374375000188,-2.6692054356944444,False
mp-777497,Li2VO2F,"F,Li,O,V",3.453156003859511,1.0852,0.047474720833334594,-2.669844458611111,False
mp-779788,LiMnO2,"Li,Mn,O",4.1333263240693805,0.0,0.04325182770833358,-2.116618136357759,False
mp-780155,Li9Fe3(OF7)2,"F,Fe,Li,O",2.9111979898984885,1.8077999999999999,0.04783439978174453,-2.8353538403571434,False
mp-780202,Li2FeO2F,"F,Fe,Li,O",3.7428364638703657,1.6583999999999999,0.03474383833333494,-2.3166791448611104,False
mp-849241,LiNiO2,"Li,Ni,O",4.676945104479567,0.0,0.015978004333333296,-1.482013294833333,False
mp-849273,LiCoO2,"Co,Li,O",5.1476803911774915,0.0,0.0005960662499990832,-1.7450637045833348,False
mp-850062,LiNiO2,"Li,Ni,O",4.887144330841902,0.0,0.009115211333333484,-1.4888760878333336,False
mp-850982,LiCo3(OF3)2,"Co,F,Li,O",4.263654098326716,0.18589999999999995,0.024342366250001746,-2.100362096111111,False
mp-853240,LiCoO2,"Co,Li,O",4.690605367002613,1.8839000000000001,0.03689967625000001,-1.7087600945833339,False
mp-865631,LiNiO2,"Li,Ni,O",4.8891753883096,0.0,0.00011381583333403,-1.4978774833333333,False
mp-866271,LiNiO2,"Li,Ni,O",4.646091866099784,0.0,0.008243928333333095,-1.489747370833334,False
mp-867665,LiV3(OF3)2,"F,Li,O,V",3.700574841050288,1.4935000000000003,0.0,-3.0513614031944436,True
mp-996987,LiCuO2,"Cu,Li,O",4.492561351887285,0.5072000000000001,0.021594026249999843,-1.428987384583333,False
mp-996986,LiCuO2,"Cu,Li,O",3.8452492971821446,0.15580000000000016,0.04510195624999991,-1.405479454583333,False
mp-1002572,LiMnO2,"Li,Mn,O",4.093248678541114,0.8561000000000001,0.04255603187499979,-2.1173139321910934,False
mp-1004373,LiMnO2,"Li,Mn,O",4.3072277326257264,1.0352999999999999,0.017628958124999983,-2.1422410059410932,False
mp-1097885,LiCoO2,"Co,Li,O",4.677642762952529,2.0128000000000004,0.043436579999999836,-1.702223190833334,False
mp-1176519,LiVO2,"Li,O,V",3.883249553775321,1.6624999999999996,0.04993066187499906,-2.4438503802083344,False
mp-1176523,LiVO2,"Li,O,V",4.246057361476746,0.0,0.012101926250000616,-2.481679115833333,False
mp-1176588,LiNiO2,"Li,Ni,O",4.843288458154715,0.12910000000000021,0.018286454583334333,-1.479704844583333,False
mp-1176658,LiMn2O2F3,"F,Li,Mn,O",3.7945261232488896,1.9852999999999998,0.03301790958333495,-2.553960374274425,False
mp-1177757,Li2VO2F,"F,Li,O,V",3.465024372412896,1.6205000000000003,0.02483529166666809,-2.6924838877777777,False
mp-1177943,Li2FeO2,"Fe,Li,O",3.6301312867640707,3.1331,0.0437430455000003,-1.8362572503333332,False
mp-1178001,Li2CrO2,"Cr,Li,O",3.056212714841657,2.6563,0.020048116500000823,-2.0891893708333327,False
mp-1178085,Li11Fe5(OF11)2,"F,Fe,Li,O",3.091466266753229,2.3187,0.03406566401388744,-2.843001090666666,False
mp-1222301,LiTiO2,"Li,O,Ti",4.090368217346586,0.0,0.02962454124999958,-2.9497324066666666,False
mp-1239022,Li2CuO2,"Cu,Li,O",3.7791328788351066,0.0,0.047375311249996166,-1.629481453333333,False
mp-1272606,Li2CrO2,"Cr,Li,O",3.040646864042893,2.08,0.028562055000000086,-2.080675432333334,False
mp-1272313,Li2NiO2F,"F,Li,Ni,O",3.961181775134317,0.5939000000000001,0.0008443655555581131,-2.0526149852777773,False
mp-1272755,Li2FeO2,"Fe,Li,O",3.6609738999602803,3.0405999999999995,0.044331880000000545,-1.835668415833333,False
mp-1273426,Li2VO2F,"F,Li,O,V",3.4732567002957393,1.673,0.024710992083334382,-2.6926081873611114,False
mp-1273482,LiNiO2,"Li,Ni,O",4.740626474845314,0.0,0.03735935802083379,-1.4606319411458335,False
mp-1273466,LiNiO2,"Li,Ni,O",4.740949924891202,0.0,0.03966066770833354,-1.4583306314583337,False
mp-1275135,Li2MnO2F,"F,Li,Mn,O",3.5195020139390527,2.7138,0.02756251375000307,-2.467149280349616,False
mp-1275540,LiMnO2,"Li,Mn,O",4.160434128205321,0.0,0.04636343187500103,-2.113506532191092,False
mp-1275690,Li2MnO2F,"F,Li,Mn,O",3.5664826212885563,1.0471999999999997,0.024831875000002057,-2.4698799190996166,False
mp-1276026,LiVO2,"Li,O,V",3.9730378621452265,1.6942999999999997,0.01055956062499952,-2.483221481458334,False
mp-1277330,Li2CoO2,"Co,Li,O",3.9151725221221505,2.3336,0.04078594262500079,-1.7237998413333329,False
mp-1280554,Li2MnO2F,"F,Li,Mn,O",3.5651772378867332,1.7682000000000002,0.006955457916669516,-2.487756336182949,False
mp-1281785,LiNiO2,"Li,Ni,O",4.698044880815116,0.0,0.02362273333333409,-1.4743685658333332,False
mp-1281748,LiNiO2,"Li,Ni,O",4.71360517430793,0.0,0.02215752833333351,-1.4758337708333338,False
mp-1283531,LiVO2,"Li,O,V",4.0057341587752076,0.6681999999999997,0.02359179874999917,-2.4701892433333343,False
mp-1283454,Li2NiO2F,"F,Li,Ni,O",3.9682717629834383,0.055299999999999905,0.004939723888890413,-2.048519626944444,False
mp-1284778,LiMnO2,"Li,Mn,O",4.150331496294138,0.0,0.04388122093750013,-2.115988743128593,False
mp-1287495,LiNiO2,"Li,Ni,O",4.764028051461688,0.0,0.0346690627083337,-1.4633222364583336,False
mp-1288099,LiMnO2,"Li,Mn,O",4.172574715738729,0.4942000000000002,0.02089854187500073,-2.1389714221910925,False
mp-1291459,Li2CrO2,"Cr,Li,O",3.0373149114803546,1.7027999999999999,0.03238746249999913,-2.076850024833334,False
mp-1295085,Li2MnO2F,"F,Li,Mn,O",3.489809974407098,2.6207,0.033435776250002824,-2.4612760178496162,False
mp-1299546,LiNiO2,"Li,Ni,O",4.742532810008834,0.0,0.03998704395833386,-1.4580042552083334,False
mp-1303262,LiMnO2,"Li,Mn,O",4.168904363049618,0.0,0.04653142781249997,-2.1133385362535932,False
mp-1305321,Li2MnO2F,"F,Li,Mn,O",3.5511967692648923,1.7081000000000002,0.006985638333336652,-2.4877261557662824,False
mp-1311873,LiMnO2,"Li,Mn,O",4.14300150941904,0.8029999999999999,0.04996539906250064,-2.1099045650035926,False
mp-1404711,LiCoO2,"Co,Li,O",4.677328323803739,1.9959999999999996,0.04559034124999961,-1.7000694295833343,False
mp-4711,Li2CuO2,"Cu,Li,O",3.7712167007457427,0.0,0.014433391249995431,-1.6624233733333333,False
mp-6944,LiTiO2,"Li,O,Ti",4.036423012731052,0.0,0.028121982500000087,-2.951234965416666,False
mp-9158,LiCuO2,"Cu,Li,O",4.607173189052811,0.37780000000000014,0.0,-1.4505814108333328,True
mp-18162,Li(CuO)2,"Cu,Li,O",5.530181819155381,0.0,0.004688839499999986,-1.2321970916666665,False
mp-18767,LiMnO2,"Li,Mn,O",4.232311104466936,0.3500000000000001,0.01528023500000053,-2.1445897290660927,False
mp-18782,LiFeO2,"Fe,Li,O",4.2317054019843345,0.0,0.02022191312499988,-1.924714834583333,False
mp-18793,LiCrO2,"Cr,Li,O",4.306529707465477,3.116940080407897,0.0,-2.408621853333333,True
mp-19279,Li2MnO2,"Li,Mn,O",3.6676452951220653,2.4283515589448887,0.027874728000001348,-2.02211192691954,False
mp-19308,Li2NiO2,"Li,Ni,O",4.209569948249351,0.9116000000000004,0.0025416910000002346,-1.721651177333333,False
mp-19340,LiVO2,"Li,O,V",4.253525959698289,1.7771,0.0,-2.4937810420833335,True
mp-22526,LiCoO2,"Co,Li,O",5.121430782777322,0.6623000000000001,0.0,-1.745659770833334,True
mp-25411,LiNiO2,"Li,Ni,O",4.891956026565844,0.0,0.012589003333333793,-1.4854022958333335,False
mp-25417,LiTiO2,"Li,O,Ti",3.9045927724426828,0.0,0.021963843750000045,-2.957393104166666,False
mp-25587,LiNiO2,"Li,Ni,O",4.304349465220318,0.0,0.03845169833333362,-1.4595396008333337,False
mp-25542,LiMnO2,"Li,Mn,O",3.938303683147776,1.6207000000000003,0.021957220000000888,-2.1379127440660923,False
mp-38280,LiTiO2,"Li,O,Ti",4.1852578597835315,0.0,0.0,-2.979356947916666,True
mp-531604,LiMnO2,"Li,Mn,O",4.006127198566386,1.2916000000000003,0.016325155249999668,-2.1435448088160927,False
mp-549671,KLiMnO2,"K,Li,Mn,O",3.1128611078696142,0.3375999999999997,0.0,-1.8506842532028742,True
mp-553966,Li(CuO)2,"Cu,Li,O",5.537039426791042,0.0,0.004903191499998627,-1.2319827396666674,False
mp-556415,LiMnO2,"Li,Mn,O",4.243667319318944,1.2089000000000003,0.001944805624999546,-2.1579251584410937,False
mp-675370,LiMnO2,"Li,Mn,O",4.022833341680681,0.9784999999999999,0.015345056607142915,-2.144524907458949,False
mp-698647,LiVO2,"Li,O,V",4.010108102896154,0.08089999999999975,0.0357201915625005,-2.458060850520833,False
mp-752850,LiNiO2,"Li,Ni,O",4.876550452129246,0.0,0.010501223958334194,-1.487490075208333,False
mp-753144,LiMn2O2F3,"F,Li,Mn,O",3.7108668715934328,1.2784,0.04600400458333542,-2.5409742792744243,False
mp-753128,Li2VO2F,"F,Li,O,V",3.4541726945286633,1.7955,0.009730130833334627,-2.7075890486111116,False
mp-753201,LiV2H4(OF5)2,"F,H,Li,O,V",2.3142025017706107,1.0103000000000002,0.03229301587719213,-2.4238104746491236,False
mp-753227,LiCrO2,"Cr,Li,O",4.05108338537207,2.9621000000000004,0.03404317312500016,-2.374578680208333,False
mp-753341,LiMn3(OF3)2,"F,Li,Mn,O",3.837035708686103,0.8258999999999999,0.022251508472223236,-2.641776542677203,False
mp-753408,KLiCoO2,"Co,K,Li,O",3.4173162489671873,1.7016,0.009855603562498594,-1.5843800291166672,False
mp-753431,LiMn2O2F3,"F,Li,Mn,O",3.7824864725722516,0.7375999999999999,0.03864814770833558,-2.548330136149424,False
mp-753602,Li3Mn(OF)2,"F,Li,Mn,O",3.289359666280163,2.4193,0.02442540687499939,-2.6377073022413797,False
mp-753612,LiMn2O2F3,"F,Li,Mn,O",3.4571973355115175,0.6333,0.028903411458334638,-2.558074872399425,False
mp-753703,Li3Ni2O2F3,"F,Li,Ni,O",4.199766024714102,2.2142,0.034348318000000155,-2.3515230745,False
mp-753733,Li2MnO2F,"F,Li,Mn,O",3.3776675427192373,2.1464,0.04275090041666907,-2.4519608936829496,False
mp-753845,LiCuO2,"Cu,Li,O",3.714547740110428,0.2729999999999999,0.03745871937499956,-1.4131226914583332,False
mp-754427,LiFe3(OF3)2,"F,Fe,Li,O",3.907515548374247,1.9676000000000002,0.01240559541666375,-2.467506870277777,False
mp-754656,LiMnO2,"Li,Mn,O",4.2431690975495275,1.1872999999999996,0.0,-2.159869964066093,True
mp-754758,Li2FeO2F,"F,Fe,Li,O",3.6281757103420347,1.8355999999999997,0.0027761770833345523,-2.3486468061111108,False
mp-754977,LiFeO2,"Fe,Li,O",4.072462090238454,1.7748999999999997,0.03876719812499996,-1.9061695495833328,False
mp-755094,Li2FeO2,"Fe,Li,O",3.1497156504431154,1.7893000000000001,0.002024537500000534,-1.8779757583333327,False
mp-755243,Li5CuSO2,"Cu,Li,O,S",2.3300404314862373,2.3831999999999995,0.045453221840276115,-1.6485596715740745,False
mp-755297,Li2CoO2,"Co,Li,O",3.945060186623001,2.5492,0.026959160625001033,-1.7376266233333333,False
mp-755562,LiMnO2,"Li,Mn,O",3.986105021811459,0.9007000000000001,0.03548980374999999,-2.1243801603160932,False
mp-755709,LiFeO2,"Fe,Li,O",4.3632447001277095,1.6166999999999998,0.0012790318749997809,-1.943657715833333,False
mp-756362,LiCrO2,"Cr,Li,O",4.311589282646661,3.0591000000000004,0.001555665624999314,-2.4070661877083337,False
mp-756446,LiNiO2,"Li,Ni,O",4.705261081541009,0.0,0.03048061833333371,-1.4675106808333331,False
mp-756475,LiMnO2,"Li,Mn,O",4.097981922598679,0.8066,0.04981186925000003,-2.1100580948160923,False
mp-756497,LiFeO2,"Fe,Li,O",4.14365514893112,1.4355000000000002,0.027375911374999617,-1.9175608363333325,False
mp-756747,LiMnO2,"Li,Mn,O",4.156334051873425,0.022699999999999942,0.03208548083333351,-2.127784483232759,False
mp-757088,Li4Fe7(OF7)2,"F,Fe,Li,O",3.5123404609307083,3.0765,0.03485810129629563,-2.5611645860493826,False
mp-757614,LiFeO2,"Fe,Li,O",4.365992914117121,1.6202000000000005,0.0,-1.9449367477083328,True
mp-758524,Li2NiO2F,"F,Li,Ni,O",3.938327551842005,0.0,0.012050426388890756,-2.0414089244444438,False
mp-758805,Li2VO2F,"F,Li,O,V",3.454735493481927,0.9741,0.0497824116666683,-2.6675367677777775,False
mp-758901,LiVO2,"Li,O,V",3.9262600104882788,1.2487,0.04810110724999905,-2.445679934833335,False
mp-759285,Li4Fe7(OF7)2,"F,Fe,Li,O",3.4796783606417705,3.0404,0.048707427962962235,-2.547315259382716,False
mp-759509,Li2MnO2F,"F,Li,Mn,O",3.2084802923863998,2.2011000000000003,0.0424299962500001,-2.4522817978496154,False
mp-759720,LiCuO2,"Cu,Li,O",3.709020811027019,0.4525000000000001,0.036762587500000166,-1.4138188233333326,False
mp-760112,Li2MnO2F,"F,Li,Mn,O",3.6837481405596852,0.0,0.04816267541666974,-2.4465491186829493,False
mp-760272,LiV(OF)2,"F,Li,O,V",3.074336255762621,2.0841,0.03102441166667358,-2.686050223888889,False
mp-762454,LiCrO2,"Cr,Li,O",4.16506727213112,1.7688999999999995,0.03786809562499993,-2.370753757708333,False
mp-763051,Li2VO2F,"F,Li,O,V",3.4758422321577798,1.8068999999999997,0.004510747916667945,-2.712808431527778,False
mp-764063,Li2CoO2F,"Co,F,Li,O",4.1957793674475585,0.6811999999999996,0.002338541666667915,-2.216233123611111,False
mp-764648,LiTiO2,"Li,O,Ti",3.9320107008907326,0.0,0.02939731624999986,-2.9499596316666663,False
mp-765310,Li5Ni2O2F5,"F,Li,Ni,O",3.7398356843802225,2.1843000000000004,0.02514879321428598,-2.5831580454761913,False
mp-765626,LiV(OF)2,"F,Li,O,V",3.1569005500554765,2.26,0.004580910416673412,-2.712493725138889,False
mp-1575674,LiMnBO3,"B,Li,Mn,O",2.7987790456463904,2.702,0.04978448250000156,-2.465175132155172,False
mp-1639253,LiNi2O3,"Li,Ni,O",5.3329387625541305,0.0,0.003399474305557426,-1.401289825138889,False
mp-1639950,LiMn2O3,"Li,Mn,O",4.44293924929515,0.476,0.04309335625000088,-2.0743432086159004,False
mp-1639919,LiMn2O3,"Li,Mn,O",4.4590421404155265,0.23240000000000016,0.04326188958333432,-2.074174675282567,False
mp-1644676,LiNi2O3,"Li,Ni,O",5.331941280024384,0.0,0.0077739172222237585,-1.396915382222223,False
mp-770537,LiMn2O3,"Li,Mn,O",4.4387569963320805,0.0,0.04545772291666683,-2.071978841949234,False
mp-770628,Li2CrO3,"Cr,Li,O",3.56831396110946,0.0,0.02170414458333436,-2.234609702777778,False
mp-770886,Li3FeO3,"Fe,Li,O",2.8264002246567497,1.9602,0.045708424107144374,-1.968577607142857,False
mp-773516,Li3NiO3,"Li,Ni,O",3.030585179045434,1.4143999999999999,0.023292737619048154,-1.716244253571428,False
mp-774192,Li2VO3,"Li,O,V",3.46070146274602,1.6959,0.022451055833339062,-2.477306122361112,False
mp-774155,Li2FeO3,"Fe,Li,O",3.6288091382154466,0.0965999999999998,0.0,-1.8779592727777779,True
mp-777049,LiFeBO3,"B,Fe,Li,O",3.306399555781034,3.1611000000000002,0.0,-2.3321406179166666,True
mp-783910,LiFeBO3,"B,Fe,Li,O",3.2981763545361718,3.2434000000000003,4.278447916661321e-05,-2.3320978334375,False
mp-831163,LiMnBO3,"B,Li,Mn,O",3.1777788595362173,2.9262,0.0062080058333346955,-2.5087516088218393,False
mp-831262,LiMnBO3,"B,Li,Mn,O",3.167801822053733,2.9334,0.008220081979168015,-2.5067395326760056,False
mp-861577,Li2VO3,"Li,O,V",3.466572196688409,1.7501999999999995,0.023868585833339395,-2.475888592361112,False
mp-887724,Li2FeO3,"Fe,Li,O",3.8565100725253623,0.0,0.0035133254166668237,-1.8744459473611108,False
mp-1173879,Li2CoO3,"Co,Li,O",4.242075569033133,0.26759999999999984,0.0,-1.7770496544444494,True
mp-1176719,LiV3O3F7,"F,Li,O,V",3.1071841641548876,1.215,0.026043651111102406,-2.891604797380952,False
mp-1222656,Li2TiO3,"Li,O,Ti",3.418188550257079,2.0711999999999997,0.02365314583333422,-2.9583012575000005,False
mp-1274983,LiMn2O3F,"F,Li,Mn,O",3.860011312090094,0.7336,0.03199668455357951,-2.3106304763136296,False
mp-1275142,LiMn2O3F,"F,Li,Mn,O",3.870312594055622,1.0508999999999997,0.031274317767865156,-2.3113528430993435,False
mp-1280547,Li2CrO3,"Cr,Li,O",3.5682203666431485,0.7436000000000003,0.0439653616666682,-2.2123484856944438,False
mp-1291335,LiFeBO3,"B,Fe,Li,O",3.302540896611087,3.2068000000000003,0.005646302222221955,-2.326494315694445,False
mp-1298536,LiFe2O3,"Fe,Li,O",4.630080924585433,1.6018,0.02734540291666665,-1.7631188913888884,False
mp-1297690,KLi2FeO3,"Fe,K,Li,O",2.937645246986339,3.133,0.04872684857142762,-1.8480471955595246,False
mp-1301792,Li2CrO3,"Cr,Li,O",3.565470218765649,0.7612000000000001,0.04400293125000143,-2.212310916111111,False
mp-1303136,Li2FeO3,"Fe,Li,O",3.8642787515283046,0.5790999999999995,0.0007919124999986593,-1.8771673602777792,False
mp-1309364,LiFe2O3,"Fe,Li,O",4.625861500368351,1.63,0.04293869791666616,-1.7475255963888887,False
mp-1314570,Li2CoO3,"Co,Li,O",3.912374445589812,0.7738,0.029958395000010185,-1.7470912594444445,False
mp-2931,Li2TiO3,"Li,O,Ti",3.4630378844458267,3.0338000000000003,0.0,-2.9819544033333343,True
mp-18988,Li2MnO3,"Li,Mn,O",3.9695883050154244,1.3683999999999998,0.0,-2.180112729932952,True
mp-19131,LiMnBO3,"B,Li,Mn,O",3.1770336273353323,2.5635999999999997,0.0006656162500009444,-2.514293998405173,False
mp-19373,LiVO3,"Li,O,V",3.0336977049513267,3.0342000000000002,0.0,-2.427956693666677,True
mp-19440,LiVO3,"Li,O,V",2.5050258574866144,2.9435000000000002,0.004014357000007962,-2.423180044166668,False
mp-19970,Li3CuO3,"Cu,Li,O",3.3129160602412457,1.1780000000000002,0.0,-1.7813896964285705,True
mp-36864,Li2TiO3,"Li,O,Ti",3.545777510337066,2.4033999999999995,0.004916677500000688,-2.977037725833334,False
mp-556550,Li2NiO3,"Li,Ni,O",4.257230646294252,0.0,0.0,-1.5850437602777838,True
mp-674420,Li2NiO3,"Li,Ni,O",4.256342671837847,1.4157000000000002,0.00023516708333914949,-1.5848085931944496,False
mp-676365,Li2TiO3,"Li,O,Ti",3.3179289229366185,2.2599,0.03427031895833377,-2.9476840843750005,False
mp-703230,LiVO3,"Li,O,V",2.5823512892021445,2.8222,0.0007622925000019265,-2.4271944011666746,False
mp-752638,LiCuCO3,"C,Cu,Li,O",3.435362896471033,2.4586,0.04318522416666504,-1.6839977563888897,False
mp-753092,Li4Ni3O3F4,"F,Li,Ni,O",4.3274923455126855,2.1682,0.040360575357141215,-2.289901955595238,False
mp-753425,LiCuCO3,"C,Cu,Li,O",2.970980512674419,1.7011,0.04688428416666479,-1.6802986963888895,False
mp-753697,LiFeBO3,"B,Fe,Li,O",2.9041796315658837,2.7733999999999996,0.04961915208333245,-2.2825214658333337,False
mp-753767,LiMnBO3,"B,Li,Mn,O",3.1275802734241545,2.8469,0.006736496250002055,-2.5082231184051715,False
mp-753848,Li(CuO)3,"Cu,Li,O",5.666416661874371,0.0,0.04039339821428811,-1.1124665361904766,False
mp-753835,LiMn2O3F,"F,Li,Mn,O",3.881525933737671,1.1058,0.024632954553578834,-2.3179942063136303,False
mp-753902,LiFeBO3,"B,Fe,Li,O",3.2539359830265244,3.5155999999999996,0.0026569483333327426,-2.329483669583334,False
mp-754091,Li2CrO3,"Cr,Li,O",3.7971346866628894,0.8223000000000003,0.01978435166666781,-2.2365294956944446,False
mp-754133,LiCrBO3,"B,Cr,Li,O",3.1622485323346314,1.4489999999999998,0.0498942693055513,-2.444927581250001,False
mp-755271,LiNiBO3,"B,Li,Ni,O",3.5842462942995823,3.0096,0.02737696236110665,-2.216087830138889,False
mp-755593,Li4CoO3,"Co,Li,O",2.720751243090124,2.4108,0.03666444035156324,-1.8476709616666662,False
mp-755795,Li2CrO3,"Cr,Li,O",3.2061416460347933,1.7417,0.0073436145833341016,-2.248970232777778,False
mp-755926,Li3CoO3,"Co,Li,O",3.0073834554456593,1.2294,0.04512676214285971,-1.8359350699999994,False
mp-756046,LiFeBO3,"B,Fe,Li,O",3.2104734142751608,2.6311,0.04763622972222237,-2.2845043881944442,False
mp-756221,K2LiFeO3,"Fe,K,Li,O",2.9136168103488655,2.0402,0.027620603333332383,-1.746968267190476,False
mp-756408,Li3MnO3,"Li,Mn,O",2.969143287309336,1.3918,0.016778587142857404,-2.100974783990147,False
mp-756620,LiNiBO3,"B,Li,Ni,O",3.571507807516127,3.2699999999999996,0.04216000499999417,-2.201304787500001,False
mp-756664,LiFeBO3,"B,Fe,Li,O",3.3037537204693708,2.8956999999999997,0.005715536111110531,-2.326425081805556,False
mp-757063,LiNi2O3,"Li,Ni,O",5.59683656927773,0.0,0.0018387068055574218,-1.4028505926388892,False
mp-26019,LiMn(PO3)3,"Li,Mn,O,P",2.6883414242351162,4.1567,0.0,-2.6337832480494945,True
mp-26021,LiCoPO4,"Co,Li,O,P",3.1111846377817227,2.9248000000000003,0.006789056666662852,-2.3973008916156453,False
mp-26027,LiNi(PO3)3,"Li,Ni,O,P",2.917599478222931,4.4977,0.001084912500012969,-2.4966036844472796,False
mp-26040,LiMn2(PO4)3,"Li,Mn,O,P",3.2477403150358,1.0598,0.017623489305553797,-2.3646477768402203,False
mp-26063,LiCr(PO3)3,"Cr,Li,O,P",2.8249316625148277,3.1734000000000004,0.019013945864389648,-2.6009270028401343,False
mp-26061,LiMn2(PO4)3,"Li,Mn,O,P",3.0824207593999766,1.2013,0.009653271527775509,-2.372617994617999,False
mp-26065,LiMn6PO12,"Li,Mn,O,P",4.398313987024065,1.1511999999999998,0.012939515520825395,-2.189099651528122,False
mp-26057,LiMnPO4,"Li,Mn,O,P",2.865976129013747,3.5393,0.011694148928566683,-2.6217345844153175,False
mp-26046,LiCr2(PO4)3,"Cr,Li,O,P",3.0960045652011767,0.24640000000000017,0.04280376569443867,-2.456908504986771,False
mp-26041,LiFePO4,"Fe,Li,O,P",2.9138391566612647,3.8266,0.010525179285714614,-2.469370835425169,False
mp-26071,LiMnPO4,"Li,Mn,O,P",2.889924513888383,3.5916999999999994,0.012182686547613564,-2.6212460467962693,False
mp-26093,LiNiPO4,"Li,Ni,O,P",3.8526804628700697,3.409,0.009307963214284953,-2.355740183996599,False
mp-26091,LiVPO5,"Li,O,P,V",3.179547443759551,1.4998,0.007069967499999663,-2.659225325684524,False
mp-26103,LiV2(PO4)3,"Li,O,P,V",2.899616843631712,1.2195,0.011657455833363528,-2.6433288612367725,False
mp-26118,LiMn2(PO4)3,"Li,Mn,O,P",3.2627925527391506,1.0579,0.01641444180555318,-2.365856824340222,False
mp-26113,LiTi(PO3)4,"Li,O,P,Ti",2.399909260184437,0.28690000000000015,0.021740019679888256,-2.75505324098545,False
mp-26121,LiMnPO4,"Li,Mn,O,P",2.8499164674345057,3.4406,0.014087592499993917,-2.6193411408438902,False
mp-26111,LiCr(PO3)3,"Cr,Li,O,P",2.9525939383606112,3.0959,0.02307499300724558,-2.5968659556972784,False
mp-26126,LiFe(PO3)4,"Fe,Li,O,P",2.7725564196404644,1.8317,0.04042507638888804,-2.509264805661375,False
mp-26123,LiV2(PO4)3,"Li,O,P,V",2.972322937883226,1.3619,0.008169093611139822,-2.6468172234589957,False
mp-26127,LiVPO4,"Li,O,P,V",3.4338512946640716,2.6021,0.0,-2.642382814353741,True
mp-26139,LiCrP2O7,"Cr,Li,O,P",3.172506800183133,1.3224999999999998,0.01251797454545489,-2.6618262606926395,False
mp-26141,LiNi(PO3)4,"Li,Ni,O,P",2.855332152172394,0.0,0.0353763841435093,-2.3894403398280426,False
mp-26155,LiMn(PO3)4,"Li,Mn,O,P",2.776985464739769,1.5347,0.013275905416667122,-2.56171070832421,False
mp-26133,LiCr2P5O16,"Cr,Li,O,P",2.7563695250314715,2.9926,0.013583063749993407,-2.6311521977728183,False
mp-26188,LiMn2P5O16,"Li,Mn,O,P",2.7486060960064704,2.174106368800858,0.00350823781247378,-2.538661273433737,False
mp-26179,LiMnP2O7,"Li,Mn,O,P",3.0113082743226447,1.2857999999999998,0.0025753306818190325,-2.5627495391409165,False
mp-26181,LiFeP2O7,"Fe,Li,O,P",3.26303111403911,2.5248,0.017194242272728033,-2.508565137056276,False
mp-26184,LiFe2P5O16,"Fe,Li,O,P",2.7110787153648146,2.5641,0.004281454722223188,-2.4960688936061506,False
mp-26199,LiV(PO3)4,"Li,O,P,V",2.7856547036264074,4.4516835236763086e-05,0.01532607527777774,-2.656642613716931,False
mp-26219,LiMnPO4,"Li,Mn,O,P",3.4419990581716604,3.2476000000000003,0.02054973464285137,-2.612878998701033,False
mp-26204,LiCo2P5O16,"Co,Li,O,P",2.9974790407951546,1.1541,0.024171997187512062,-2.3286497552728176,False
mp-26225,LiV(PO3)3,"Li,O,P,V",3.0109635282238094,2.7512999999999996,0.015660076576515358,-2.6400048553401354,False
mp-26227,LiVP2O7,"Li,O,P,V",3.040798075551861,2.1508,0.0,-2.718353710010822,True
mp-26269,LiFe(PO3)4,"Fe,Li,O,P",2.829135018570168,2.3323,0.02045854777777656,-2.5292313342724864,False
mp-26262,LiCu(PO3)4,"Cu,Li,O,P",2.6979237480549494,0.6922,0.0027846699073981185,-2.342573588716932,False
mp-26251,LiVP2O7,"Li,O,P,V",3.1755368190130095,2.0223999999999998,0.007030277954559239,-2.7113234320562767,False
mp-26297,LiV(PO3)3,"Li,O,P,V",2.726913378659433,2.4931,0.01684236889794377,-2.6388225630187074,False
mp-26279,LiCr(PO3)4,"Cr,Li,O,P",2.8449655451026272,2.7786,0.022048120231481505,-2.620701666216931,False
mp-26326,LiFeP2O7,"Fe,Li,O,P",2.948668928889729,1.0493000000000001,0.03482988727272751,-2.490929492056276,False
mp-26317,LiCrPO4,"Cr,Li,O,P",3.388232973994353,2.4368999999999996,0.017255488482136094,-2.5541346886394556,False
mp-26339,LiMnP2O7,"Li,Mn,O,P",3.1181377595666384,1.3030000000000002,0.013826801590909099,-2.5514980682318265,False
mp-26335,LiFe(PO3)4,"Fe,Li,O,P",2.496101642631514,2.7007,0.019423610555555193,-2.530266271494708,False
mp-26358,LiFeP2O7,"Fe,Li,O,P",2.9048303099025277,2.5133,0.03933008886363698,-2.4864292904653666,False
mp-26379,LiMnP2O7,"Li,Mn,O,P",2.9815594430120727,1.7152,0.010574683863636913,-2.554750185959099,False
mp-26355,LiCr(PO3)4,"Cr,Li,O,P",2.5146683415237385,3.3484,0.0212256599537044,-2.6215241264947085,False
mp-26361,LiCo(PO3)4,"Co,Li,O,P",2.926990140155208,1.0286657604678542,0.0309878762500011,-2.397715732883597,False
mp-26387,LiNiPO4,"Li,Ni,O,P",3.106483141356012,3.7456,0.032545348928571194,-2.332502798282313,False
mp-26393,LiMn4(PO4)3,"Li,Mn,O,P",3.563441527148068,3.1073999999999997,0.02874248462499729,-2.5510677891993025,False
mp-26409,LiTi(PO3)4,"Li,O,P,Ti",2.7418208568896483,0.22699999999999942,0.040257192318777335,-2.7365360683465605,False
mp-26403,LiNiPO4,"Li,Ni,O,P",3.1136164150111147,3.71,0.031361334642856065,-2.3336868125680277,False
mp-26397,LiMnP2O7,"Li,Mn,O,P",3.302688409576956,1.2185,0.017142947499999117,-2.5481819223227364,False
mp-26435,LiCrP2O7,"Cr,Li,O,P",3.0989593111827363,2.4891999999999994,0.02398712545454451,-2.6503571097835503,False
mp-26449,LiNiP2O7,"Li,Ni,O,P",3.111095598791728,0.029900000000000038,0.049103674053049495,-2.297861584329004,False
mp-26465,LiVPO5,"Li,O,P,V",3.230979311957162,2.47,0.031911522499999734,-2.634383770684524,False
mp-26461,LiVPO5,"Li,O,P,V",3.1690673531400315,1.6961,0.027507192812500136,-2.6387881003720235,False
mp-26429,LiVPO5,"Li,O,P,V",3.212371665046106,1.2693,0.026959480624999976,-2.6393358125595237,False
mp-26477,LiCuPO4,"Cu,Li,O,P",3.2511481607051165,0.15979999999999994,0.040944392142853836,-2.194518209710884,False
mp-26467,LiCuPO4,"Cu,Li,O,P",3.2646461034615637,0.0,0.04663975107142537,-2.188822850782312,False
mp-26493,LiCrP2O7,"Cr,Li,O,P",3.091187171559942,3.1776,0.027006080909091068,-2.647338154329004,False
mp-26511,LiNi4(PO4)3,"Li,Ni,O,P",4.353336443717663,3.6545,0.027251347374996904,-2.1728588171130965,False
mp-26531,LiCu2P3O10,"Cu,Li,O,P",3.612820232304252,0.06449999999999978,0.03213174921874895,-2.212194657641369,False
mp-26513,LiCuPO4,"Cu,Li,O,P",3.240235472707496,0.0939000000000001,0.04691375761904393,-2.1885488442346936,False
mp-26555,LiMnP2O7,"Li,Mn,O,P",2.978803708356134,0.9180999999999999,0.020735576136363676,-2.5445892936863714,False
mp-26546,LiFeP2O7,"Fe,Li,O,P",2.846853117425988,2.2488,0.037465918181819546,-2.488293461147185,False
mp-26571,LiCrP2O7,"Cr,Li,O,P",3.1808179599776647,2.9141000000000004,0.034433071363635825,-2.639911163874459,False
mp-26563,LiFeP2O7,"Fe,Li,O,P",3.0309022335272906,2.3731,0.02146611045454616,-2.5042932688744575,False
mp-26559,LiFePO4,"Fe,Li,O,P",2.905995417686449,3.6205999999999996,0.03875111464285741,-2.441144900068026,False
mp-26579,LiCrPO4,"Cr,Li,O,P",3.2811501993194545,2.9731,0.028342600624993608,-2.5430475764965985,False
mp-26609,LiCr2(PO4)3,"Cr,Li,O,P",2.965338281574204,0.0,0.044232691944438685,-2.455479578736771,False
mp-26607,LiMnPO4,"Li,Mn,O,P",3.3167490040873253,2.4461,0.03697875392856442,-2.5964499794153193,False
mp-26577,LiNiPO4,"Li,Ni,O,P",3.194601518501917,3.4526999999999997,0.04260267916666649,-2.3224454680442173,False
mp-26643,LiFeP2O7,"Fe,Li,O,P",3.058860044338661,2.6721,0.027824820227272618,-2.497934559101731,False
mp-26613,LiFeP2O7,"Fe,Li,O,P",3.1307834848039287,2.2507,0.03641422795454563,-2.4893451513744584,False
mp-26635,LiV2P3O10,"Li,O,P,V",3.2812636598509535,2.4879,0.02891281624999742,-2.6249576973288686,False
mp-26669,LiCr(PO3)4,"Cr,Li,O,P",2.351233038723161,3.1693,0.04442456995370492,-2.5983252164947084,False
mp-26681,LiVP2O7,"Li,O,P,V",2.9928260314266613,2.1583999999999994,0.011040145681832314,-2.707313564329004,False
mp-26712,LiV2(PO4)3,"Li,O,P,V",2.9511081098922594,1.3014000000000001,0.0016363833333628008,-2.6533499337367723,False
mp-26727,LiVP2O7,"Li,O,P,V",2.9053812683792417,2.1442,0.028199777954559302,-2.690153932056276,False
mp-26717,LiFeP2O7,"Fe,Li,O,P",3.2453687856126487,2.0915,0.03793680500000107,-2.487822574329003,False
mp-26719,LiV(PO3)4,"Li,O,P,V",2.380664667918851,2.3729,0.03816673222222278,-2.6338019567724853,False
mp-26741,LiCu4(PO4)3,"Cu,Li,O,P",3.9681234547227286,0.0,0.03814168125001949,-1.9577153158630949,False
mp-26749,LiFeP2O7,"Fe,Li,O,P",3.126259692149817,2.5465000000000004,0.036046292954545756,-2.4897130863744583,False
mp-26777,LiCrP2O7,"Cr,Li,O,P",3.289964609391591,2.5142999999999995,0.04102661159090992,-2.6333176236471854,False
mp-26757,LiCoPO4,"Co,Li,O,P",3.0291973483210506,2.6302,0.03935052535713712,-2.3647394229251697,False
mp-26765,LiV6P7O24,"Li,O,P,V",3.3018427257016607,2.4016,0.03548219618421378,-2.595842518048245,False
mp-26817,LiVP2O7,"Li,O,P,V",2.97356509212239,7.310345235822524e-07,0.016305181363649446,-2.7020485286471865,False
mp-26819,LiMnPO4,"Li,Mn,O,P",2.834305682761106,3.4653,0.04350869392856538,-2.5899200394153183,False
mp-26783,LiMn(PO3)4,"Li,Mn,O,P",2.4155482869613407,1.7762,0.03437250069444531,-2.5406141130464324,False
mp-26811,LiFe(PO3)4,"Fe,Li,O,P",2.4022743170011074,2.8659999999999997,0.03840645833333323,-2.51128342371693,False
mp-26795,LiCu5P3O13,"Cu,Li,O,P",4.076149767545042,0.0,0.03558189295455527,-1.8645421901028139,False
mp-26791,LiFePO4,"Fe,Li,O,P",2.9918786675716973,3.7805999999999997,0.04564790214285619,-2.434248112568027,False
mp-26829,LiCr(PO3)4,"Cr,Li,O,P",2.40680258212737,3.4423,0.03889114717592612,-2.6038586392724863,False
mp-26861,LiCo(PO3)4,"Co,Li,O,P",2.52654606951456,1.6952,0.04505384097222365,-2.3836497681613746,False
mp-26846,LiMn2(PO4)3,"Li,Mn,O,P",3.158398529548817,0.6003000000000001,0.0115661031944434,-2.3707051629513316,False
mp-26841,LiNi(PO3)3,"Li,Ni,O,P",2.4751969300411307,4.8999,0.028720952500012942,-2.4689676444472792,False
mp-26853,LiCrP2O7,"Cr,Li,O,P",3.2911525575821297,2.5042999999999997,0.043707391363636106,-2.6306368438744587,False
mp-26865,LiV(PO3)4,"Li,O,P,V",2.6488999929714794,2.056,0.045699262222222536,-2.626269426772486,False
mp-26915,LiV(PO3)4,"Li,O,P,V",2.766203576255995,2.2658,0.03424796444444489,-2.637720724550263,False
mp-26881,LiCrPO4,"Cr,Li,O,P",3.19593405749688,2.1357000000000004,0.04358882502975536,-2.527801352091837,False
mp-26884,LiTi2(PO4)3,"Li,O,P,Ti",2.759871954372556,2.6676,0.005527269999971551,-3.012669638273809,False
mp-26913,LiCr4(PO4)3,"Cr,Li,O,P",3.1926837936097785,2.6339,0.028050514125000703,-2.4706052608630946,False
mp-26919,LiCoPO4,"Co,Li,O,P",3.145457326881048,2.7419999999999995,0.04703946785713775,-2.3570504804251695,False
mp-26887,LiVP2O7,"Li,O,P,V",3.0462980134772324,2.0546,0.02967320090910519,-2.6886805091017307,False
mp-26907,LiCr(PO3)4,"Cr,Li,O,P",2.870152245851962,3.1407000000000007,0.04136696745370472,-2.6013828189947077,False
mp-26937,LiMn(PO3)3,"Li,Mn,O,P",2.7695105032845064,3.9814000000000003,0.04517848017854309,-2.588604767870924,False
mp-26963,LiVPO5,"Li,O,P,V",3.1963451833744623,1.5636,0.0,-2.6662952931845236,True
mp-26955,LiV(PO3)4,"Li,O,P,V",2.441837929349419,0.1221000000000001,0.0,-2.671968688994708,True
mp-26927,LiMn2P3O10,"Li,Mn,O,P",2.6170546584533154,3.6282000000000005,0.043971359687557054,-2.577579588945249,False
mp-26941,LiMnPO4,"Li,Mn,O,P",3.296677251205521,3.4374,0.0455362939285644,-2.5878924394153193,False
mp-26991,LiCo(PO3)3,"Co,Li,O,P",3.137850155094548,3.0315,0.00046431249998679647,-2.5016625730187068,False
mp-26967,LiCr4(PO4)3,"Cr,Li,O,P",3.4772575324966684,2.6905,0.0,-2.4986557749880953,True
mp-26977,LiMn2P3O10,"Li,Mn,O,P",3.2548102380582766,3.7861999999999996,0.0,-2.6215509486327493,True
mp-26983,LiMn(PO3)4,"Li,Mn,O,P",2.478519457932717,0.2727,0.0,-2.5749866137408777,True
mp-26989,LiCoPO4,"Co,Li,O,P",3.0598804346777175,3.138,0.0025248721428514642,-2.4015650761394554,False
mp-27031,LiMnP2O7,"Li,Mn,O,P",3.226260249471205,1.4232000000000002,0.00307013113636323,-2.562254738686372,False
mp-27007,LiFe2P3O10,"Fe,Li,O,P",3.3348522813751345,3.6982000000000004,0.0,-2.479408053891369,True
mp-26997,LiCo(PO3)4,"Co,Li,O,P",2.554507483140836,2.0482,0.0,-2.4287036091335983,True
mp-27035,LiCrP2O7,"Cr,Li,O,P",3.316340578094442,2.8322,0.019849869999998937,-2.6544943652380955,False
mp-27041,LiCrPO4,"Cr,Li,O,P",3.3444945201103566,3.0855,0.025812438124993342,-2.545577738996599,False
mp-27043,LiCoP2O7,"Co,Li,O,P",3.3858794453969847,0.9251000000000003,0.03490207856060845,-2.3503514979653684,False
mp-27045,LiCoPO4,"Co,Li,O,P",3.7703250988726116,2.6999,0.035956155714280236,-2.368133792568027,False
mp-27055,LiVPO5,"Li,O,P,V",3.0526688177766044,2.3464,0.03794882343749961,-2.628346469747024,False
mp-27064,LiCuPO4,"Cu,Li,O,P",3.215406804155114,0.0,0.04798774214285384,-2.1874748597108833,False
mp-27085,LiMn4(PO4)3,"Li,Mn,O,P",3.124919975877859,3.0353000000000003,0.04514795112499925,-2.534662322699302,False
mp-27503,LiV3O8,"Li,O,V",3.5559254028549288,1.7930000000000001,0.0033483862500052197,-2.343562962777778,False
mp-31557,LiCo6P7O24,"Co,Li,O,P",3.6622583955647263,2.9974,0.013437059177642041,-2.297685592390349,False
mp-31600,LiCo(PO3)4,"Co,Li,O,P",2.4158010581846754,0.874,0.040274643472222316,-2.388428965661376,False
mp-31603,LiCo(PO3)4,"Co,Li,O,P",2.5624227730693647,1.2302,0.03275496986111204,-2.3959486392724867,False
mp-31665,LiCr2(PO4)3,"Cr,Li,O,P",2.965500933427986,0.35250000000000004,0.04136083638888266,-2.458351434292327,False
mp-31931,LiMn4(PO4)3,"Li,Mn,O,P",3.10997201114437,2.7244,0.04456256937499958,-2.5352477044493016,False
mp-31940,LiMnPO4,"Li,Mn,O,P",3.23018853702888,3.3678999999999997,0.024203644642851074,-2.6092250887010318,False
mp-31924,LiMnP2O7,"Li,Mn,O,P",3.14403458381199,1.2249999999999999,0.0,-2.5653248698227356,True
mp-31837,LiFeP2O7,"Fe,Li,O,P",3.2675143886460734,2.3937000000000004,0.04383277909090921,-2.4819266002380944,False
mp-31961,LiMn2(PO3)5,"Li,Mn,O,P",2.824571591188129,4.2135,0.03784927815217198,-2.5808895511917247,False
mp-32022,LiMnP2O7,"Li,Mn,O,P",2.857781150720175,1.7018,0.019592322727273626,-2.545732547095462,False
mp-31950,LiMn(PO3)4,"Li,Mn,O,P",2.5606590328893053,1.7367000000000001,0.02321443625000086,-2.551772177490877,False
mp-31960,LiMnP2O7,"Li,Mn,O,P",2.8450853343504283,1.5180000000000002,0.017101070681817987,-2.5482237991409176,False
mp-32502,LiV(PO3)4,"Li,O,P,V",2.3430754922812107,2.2154,0.03324577166666565,-2.638722917328042,False
mp-32465,LiV(PO4)2,"Li,O,P,V",2.5995158764309423,1.9609999999999999,0.03400394493056158,-2.551501418968254,False
mp-32523,LiV(PO3)4,"Li,O,P,V",2.4184803886156425,2.2173000000000003,0.020052745833333496,-2.651915943161375,False
mp-32516,LiV2P3O11,"Li,O,P,V",3.077057527652014,1.8201999999999994,0.038237768970590835,-2.6738833407212876,False
mp-35530,LiMn4O8,"Li,Mn,O",4.512366112523169,0.0,0.0486684084038469,-1.9087305734659594,False
mp-36240,LiMn8O16,"Li,Mn,O",4.060191222167384,0.0,0.04736913803667164,-1.8452917360712648,False
mp-40286,NaLiLa2Ti4O12,"La,Li,Na,O,Ti",4.78649203830472,1.6749,0.03770363024998602,-3.4388490504022995,False
mp-40575,LiNi2P4H3O14,"H,Li,Ni,O,P",2.964346300797902,4.3193,0.0,-2.2320527154439476,True
mp-41701,LiCo2P4H3O14,"Co,H,Li,O,P",2.880775850559968,2.7545,0.0031407545833266326,-2.220694913360615,False
mp-504102,Li(NiO2)2,"Li,Ni,O",4.86269887687429,0.0,0.009273794821429426,-1.2071193369047617,False
mp-504179,LiFe(PO3)3,"Fe,Li,O,P",3.048645401781237,4.001799999999999,0.0030141608928566654,-2.5509706431972794,False
mp-504260,LiCu4(PO4)3,"Cu,Li,O,P",4.080577708309317,0.0,0.039409569000018685,-1.9564474281130955,False
mp-504184,LiFePO4,"Fe,Li,O,P",2.898242545214326,3.4966999999999997,0.011729972142857648,-2.468166042568026,False
mp-504262,LiCo(PO3)3,"Co,Li,O,P",3.118332294031366,3.307,0.02508763392855773,-2.477039251590136,False
mp-504230,LiCo2P3O10,"Co,Li,O,P",2.785591069913168,3.0638,0.016150586171876924,-2.3780928242038684,False
mp-504206,LiV(PO3)5,"Li,O,P,V",2.4265598739435266,0.9191,0.020789706325758495,-2.566719244843074,False
mp-504264,LiCuPO4,"Cu,Li,O,P",3.8017780576802696,0.4891000000000001,0.03889294678571087,-2.1965696550680263,False
mp-504313,LiCrPO4,"Cr,Li,O,P",3.284262134653296,2.6689999999999996,0.03302225383927926,-2.5383679232823124,False
mp-504307,LiCrPO4,"Cr,Li,O,P",2.3734556150584205,2.459,0.03637674598213714,-2.535013431139455,False
mp-504358,LiCr6P7O24,"Cr,Li,O,P",3.251157538524496,2.3798,0.02156793179509897,-2.530631201469298,False
mp-504371,LiNi6P7O24,"Li,Ni,O,P",3.7651625172110976,0.5318,0.014349232368427778,-2.278997002127193,False
mp-505131,LiVCuO4,"Cu,Li,O,V",4.1109996708430865,0.25970000000000004,0.04268253785714471,-1.9609422269047616,False
mp-510529,LiCr(SiO3)2,"Cr,Li,O,Si",3.3060229892139668,1.5926999999999998,0.005692387166666535,-2.9249645055833327,False
mp-510641,LiFeAsO4,"As,Fe,Li,O",4.085704846238645,2.0793000000000004,0.0,-1.9236189404761908,True
mp-510708,LiFe(SiO3)2,"Fe,Li,O,Si",3.288291991087916,2.7033,0.010062163916664701,-2.7557206248333346,False
mp-532590,LiMgCr7(SO4)12,"Cr,Li,Mg,O,S",2.9147071101424964,2.7801,0.004807484221021063,-2.0598215925845405,False
mp-532759,LiZnCr3(SO4)6,"Cr,Li,O,S,Zn",2.9862750312951674,0.0,0.009555367535712733,-2.008505540809523,False
mp-540033,LiMnP2O7,"Li,Mn,O,P",2.913439655295674,0.2189000000000001,0.03234016863636402,-2.5329847011863715,False
mp-540193,LiMnP2O7,"Li,Mn,O,P",2.480577192539363,1.6166,0.04577544159090863,-2.5195494282318265,False
mp-540331,LiMn(PO3)4,"Li,Mn,O,P",2.4035310840751105,1.5583,0.033956268472222106,-2.541030345268655,False
mp-540292,LiCrPO5,"Cr,Li,O,P",3.2868028505358,0.0037000000000002586,0.03717195556248676,-2.4514059016220227,False
mp-540313,LiFe(PO3)3,"Fe,Li,O,P",3.0442227013276186,4.189500000000001,0.03027592392857059,-2.523708880161565,False
mp-540356,LiFe(PO3)4,"Fe,Li,O,P",2.355258852009611,2.502,0.034757909444443236,-2.51493197260582,False
mp-540415,LiMnP2O7,"Li,Mn,O,P",3.0046506875463788,0.6864999999999999,0.02667375227272739,-2.5386511175500086,False
mp-540462,LiCrPO4,"Cr,Li,O,P",2.919015954592298,0.4112,0.04116746526785153,-2.530222711853741,False
mp-540438,LiMn(PO3)3,"Li,Mn,O,P",2.6855694236663843,3.9840999999999998,0.03533549928568647,-2.598447748763781,False
mp-540517,LiMn5(P2O7)4,"Li,Mn,O,P",2.896905142707937,0.0,0.035229038035701876,-2.464747055717414,False
mp-540447,LiNi(PO3)3,"Li,Ni,O,P",3.1686221702630397,3.9183000000000003,0.028396362857156632,-2.4692922340901364,False
mp-541190,Cs2LiVO4,"Cs,Li,O,V",4.020440720320441,3.9955,0.0,-2.3655129897054596,True
mp-552024,Li(CoO2)2,"Co,Li,O",4.716441754394052,0.0,0.03157130339285619,-1.474907089047619,False
mp-554028,Na5LiMn2O8,"Li,Mn,Na,O",2.8010172930336648,1.7783999999999998,0.015544731822913604,-1.8167300705369982,False
mp-554324,LiCa9Mn(PO4)7,"Ca,Li,Mn,O,P",3.052860113764219,4.290800000000001,0.0,-3.2203859795383556,True
mp-554940,LiCr3O8,"Cr,Li,O",3.4778234278741125,0.6577999999999999,0.0018447925000000254,-1.9063165086111116,False
mp-554998,LiV(IO4)2,"I,Li,O,V",4.464833835700561,2.5781999999999994,0.0011571969791672743,-1.4645722142361113,False
mp-555206,KLiCrO4,"Cr,K,Li,O",2.4308132282952553,2.8533999999999997,0.0,-2.0844041663333326,True
mp-555420,NaLiTi3O7,"Li,Na,O,Ti",3.485530525602894,2.6233999999999997,0.0005713004166860713,-3.205351060601053,False
mp-556491,NaLiV2O6,"Li,Na,O,V",2.8319506971593165,3.0841,0.011321833000000225,-2.3905303529712656,False
mp-557492,LiLa5Ti8O24,"La,Li,O,Ti",5.075478132520285,2.0496,0.045508814868419734,-3.6207159090789474,False
mp-558369,K2LiVO4,"K,Li,O,V",2.608957254445608,3.9760999999999997,0.0,-2.3762957272291665,True
mp-558431,LiCu(PO3)3,"Cu,Li,O,P",3.0767945379477557,0.6768999999999998,0.0020258596428694986,-2.400873266590136,False
mp-558555,LiFe(SeO3)2,"Fe,Li,O,Se",3.519512384208408,2.6596,0.0,-1.594728772802084,True
mp-559155,LiMg4V3O12,"Li,Mg,O,V",3.213400294537161,3.3004999999999995,0.0022388422499952654,-2.717871643416666,False
mp-559441,LiTiPO5,"Li,O,P,Ti",3.2161448136305406,3.0747,0.013362537812501074,-3.03283544610119,False
mp-559477,Rb5LiSi2NiO8,"Li,Ni,O,Rb,Si",3.603600010888076,3.273,0.01799305259803674,-2.3219112912254904,False
mp-559680,LiV(GeO3)2,"Ge,Li,O,V",4.305139445248328,2.1145999999999994,0.010198125562499882,-2.2905701360833333,False
mp-559840,LiV(SiO3)2,"Li,O,Si,V",3.2357330799782873,1.8767000000000005,0.012066047624999854,-2.962379222083334,False
mp-559938,LiV3(TeO6)2,"Li,O,Te,V",4.448123507860786,1.8738000000000001,0.0,-2.066824335370372,True
mp-560157,LiMgVO4,"Li,Mg,O,V",3.083888522602418,3.4825999999999997,0.0,-2.6590563954761897,True
mp-560293,LiLa5Ti8O24,"La,Li,O,Ti",5.110370886787708,1.9348999999999998,0.02794537539473474,-3.6382793485526315,False
mp-560465,K11LiMn4O16,"K,Li,Mn,O",2.6855025989491583,1.7460999999999998,0.0,-1.8322621154627337,True
mp-561087,LiFe(MoO4)2,"Fe,Li,Mo,O",3.779961936664429,2.4998,0.016076884687501014,-1.990976456944446,False
mp-561778,CsLiCrO4,"Cr,Cs,Li,O",3.2741397131985184,3.0633999999999997,0.0,-2.0949266768555006,True
mp-583853,LiCrPO4,"Cr,Li,O,P",2.8642802379296195,2.6276,0.023396585267851044,-2.5479935918537415,False
mp-584674,LiCo(PO3)3,"Co,Li,O,P",2.4421764435247004,3.1495,0.0236735530357004,-2.478453332482993,False
mp-585250,LiMn4(PO4)3,"Li,Mn,O,P",3.45779596610306,2.8719,0.043766582874997795,-2.5360436909493016,False
mp-585339,LiCu2P5O16,"Cu,Li,O,P",2.9253120379794906,0.0,0.017511251874996248,-2.221381058189483,False
mp-585354,LiCr2P3O10,"Cr,Li,O,P",3.1711495263792577,2.5486,0.02786422926338794,-2.563863766703869,False
mp-585400,LiFePO4,"Fe,Li,O,P",2.9769814835458477,2.4496,0.010694931190474932,-2.4692010835204083,False
mp-632692,LiFe4(PO4)4,"Fe,Li,O,P",3.4385086239125866,0.7423000000000002,0.03829923429999926,-2.34921354127619,False
mp-641353,LiMn2O4,"Li,Mn,O",4.047101051103377,0.0,0.024073433492064034,-2.0440329092501375,False
mp-644527,LiY2Ti2S2O5,"Li,O,S,Ti,Y",4.130655557680406,0.0,0.04692506141667252,-3.0935424683333337,False
mp-672966,LiCu(PO3)4,"Cu,Li,O,P",2.799883402028984,0.6957,0.03916687574073219,-2.306191382883598,False
mp-672984,LiCu(PO3)4,"Cu,Li,O,P",2.911095141509149,0.0,0.04816635796295454,-2.2971919006613755,False
mp-674219,LiCr3O8,"Cr,Li,O",3.4974379099294737,1.8563,0.0,-1.908161301111111,True
mp-674388,Li(CoO2)8,"Co,Li,O",4.487766884967087,0.11270000000000002,0.032682389749990826,-1.1612830753333332,False
mp-675692,LiTi2O4,"Li,O,Ti",3.8893142595787777,0.0,0.0463534050000014,-3.1998569871428564,False
mp-676447,Na2LiLa3Ti6O18,"La,Li,Na,O,Ti",4.818014924159877,2.0714000000000006,0.024686569470231845,-3.4414558247030658,False
mp-677212,Ba3LiTa3Ti5O21,"Ba,Li,O,Ta,Ti",5.930844458284704,2.2708000000000004,0.002260264431814818,-3.4504181005151526,False
mp-677318,LiNi4O5,"Li,Ni,O",5.912800874998279,0.0,0.01463171383333517,-1.3154159858333336,False
mp-677430,NaLiLa2Ti4O12,"La,Li,Na,O,Ti",4.75371818724126,1.9969000000000001,0.0308529922499865,-3.4456996884022986,False
mp-684119,LiTi(PO3)5,"Li,O,P,Ti",2.384811054532856,1.4422,0.03073676666666625,-2.7087300815854976,False
mp-684120,LiCuP2O7,"Cu,Li,O,P",3.002957027763065,0.7101000000000001,0.04691813492424224,-2.2110500511471853,False
mp-686745,Ba3LiTi5Nb3O21,"Ba,Li,Nb,O,Ti",4.8587427868568,2.1934000000000005,0.01589684181818818,-3.3383220987878794,False
mp-690617,LiMn3Al2(HO2)6,"Al,H,Li,Mn,O",3.226375830242791,0.7928,0.0,-2.0487510039427685,True
mp-690868,LiMnPO4,"Li,Mn,O,P",3.241723441695867,3.0073999999999996,0.04323276297618506,-2.590195970367698,False
mp-690866,LiMnPO4,"Li,Mn,O,P",3.121954198488588,2.3498,0.04935296749999463,-2.5840757658438895,False
mp-694894,LiMn12O24,"Li,Mn,O",4.090193077109797,0.0,0.04944814371846995,-1.820466908743399,False
mp-694995,LiMgCr3(SO4)6,"Cr,Li,Mg,O,S",2.822099277754076,2.6414,0.00770653889286077,-2.1058333820952386,False
mp-695259,Ba3LiTi5(SbO7)3,"Ba,Li,O,Sb,Ti",5.233990695210323,2.3327999999999998,0.03468751568181094,-2.976214296515152,False
mp-697664,LiCr4(PO4)3,"Cr,Li,O,P",3.3356330906090164,2.0696999999999997,0.041265836124999566,-2.4573899388630958,False
mp-697749,LiV2(PO4)3,"Li,O,P,V",2.877091120642619,1.4095,0.011748238611139605,-2.6432380784589955,False
mp-697744,LiMnP2O7,"Li,Mn,O,P",2.7620417135685598,1.3152,0.04686055090909136,-2.5184643189136438,False
mp-697757,LiCr2(PO4)3,"Cr,Li,O,P",2.939385201352234,0.19540000000000002,0.047763620555549835,-2.4519486501256598,False
mp-697792,LiMn2(PO4)3,"Li,Mn,O,P",3.0611969081622035,0.5692,0.02284786208333056,-2.359423404062444,False
mp-697764,LiFeP2O7,"Fe,Li,O,P",3.1887817229320374,2.4905999999999997,0.021344211590909268,-2.504415167738095,False
mp-697758,LiFeP2O7,"Fe,Li,O,P",3.0237857005670357,2.5246000000000004,0.03279801340909039,-2.4929613659199132,False
mp-697807,LiMn4P7O24,"Li,Mn,O,P",3.015954437655924,1.0021,0.0351505743749998,-2.4742018343765975,False
mp-697800,LiFe4P7O24,"Fe,Li,O,P",3.0511586713656724,2.4096,0.039673610787030356,-2.4110886082175926,False
mp-699599,LiCa9Co(PO4)7,"Ca,Co,Li,O,P",3.088015306425221,0.0009999999999998899,0.02483177288043681,-3.160587014365942,False
mp-704600,LiTi4Mn(PO4)6,"Li,Mn,O,P,Ti",2.9886150039026456,0.0,0.003661447797615125,-2.972066451734856,False
mp-705001,LiCrP2O7,"Cr,Li,O,P",2.9004163642600744,3.0921,0.04994455204545378,-2.624399683192641,False
mp-705056,LiVP2O7,"Li,O,P,V",2.77123259643287,1.9593,0.032393132045468676,-2.6859605779653672,False
mp-705089,LiFe3P3O11,"Fe,Li,O,P",3.3581643043177274,3.5469000000000004,0.04246774944445164,-2.371854590958994,False
mp-705154,LiCr4P7O24,"Cr,Li,O,P",3.0628907208490843,1.0271999999999997,0.04246831819443564,-2.5860793164120364,False
mp-705312,LiFePO4,"Fe,Li,O,P",3.563942562018025,3.551,0.016427909761904225,-2.463468104948979,False
mp-705340,LiVP2O7,"Li,O,P,V",2.939658216222194,2.0709999999999997,0.01766411250001454,-2.700689597510822,False
mp-705315,LiCr(PO3)5,"Cr,Li,O,P",2.442086716572492,0.0039000000000000007,0.04846228871212066,-2.503408444502164,False
mp-705291,LiCrP2O7,"Cr,Li,O,P",3.0446616195187413,2.8553,0.030227147727273085,-2.6441170875108218,False
mp-705367,LiV4P7O24,"Li,O,P,V",2.9439486046175753,1.9612,0.03064004944442722,-2.6588585425231477,False
mp-705376,LiFe5(P2O7)4,"Fe,Li,O,P",2.9383488771738975,1.0594000000000001,0.04287414299603398,-2.3937200390589575,False
mp-705357,LiMnP2O7,"Li,Mn,O,P",3.0252033536057783,1.2075000000000002,0.023740453636364123,-2.5415844161863714,False
mp-705372,LiCo(PO3)5,"Co,Li,O,P",2.464103086743463,0.014900000000000024,0.04458467234848662,-2.3362865868885283,False
mp-705884,LiFePHO5,"Fe,H,Li,O,P",3.1905166058914896,2.327,0.002035459166668474,-2.2375727857473544,False
mp-725121,K3LiMn4(MoO4)6,"K,Li,Mn,Mo,O",3.3880547205191474,3.0348,0.0,-2.143332453994934,True
mp-729135,LiCo(PO3)4,"Co,Li,O,P",2.8858079547642177,0.13600000000000012,0.0350534558333333,-2.393650153300265,False
mp-752433,LiLa3Ti4O12,"La,Li,O,Ti",5.517232381225254,0.0,0.02872535756250727,-3.5655037400833343,False
mp-752431,LiVPO4,"Li,O,P,V",3.421618593935597,2.5717999999999996,0.020640287142884794,-2.621742527210884,False
mp-752490,LiVFe(P2O7)2,"Fe,Li,O,P,V",2.883357243961273,1.6782,0.005656277142813693,-2.5682291362811793,False
mp-752531,Li(NiO2)2,"Li,Ni,O",4.698197777772826,0.0,0.043377514107143966,-1.1730156176190474,False
mp-752540,LiMn(CO3)2,"C,Li,Mn,O",2.4292576374723684,1.6734,0.04390509649998631,-1.940791399876438,False
mp-752617,LiFe(SiO3)2,"Fe,Li,O,Si",2.526430237872974,3.0234,0.01923443041666495,-2.746548358333334,False
mp-752635,Li(CoO2)3,"Co,Li,O",4.816866463390611,0.0,0.00899993837499835,-1.3672647343333337,False
mp-752899,LiMn(PO3)3,"Li,Mn,O,P",2.217554899166366,3.9618999999999995,0.035836773392829535,-2.597946474656638,False
mp-752891,LiTi3O6,"Li,O,Ti",3.7789717651426016,0.0,0.04053398575000955,-3.2842299243333337,False
mp-752921,LiMn4O8,"Li,Mn,O",4.017975020497252,0.5066000000000002,0.04313845609615541,-1.9142605257736507,False
mp-752999,LiFeCo3O8,"Co,Fe,Li,O",4.356963954995187,0.3771,0.03298530509614572,-1.3539666264102561,False
mp-753011,LiMnPO4,"Li,Mn,O,P",2.8332192969359253,3.5997999999999997,0.019289240357136528,-2.6141394929867476,False
mp-753051,LiCrPHO5,"Cr,H,Li,O,P",3.3527264687991107,1.7705000000000002,0.0,-2.438222418247354,True
mp-753087,LiVP2(HO4)2,"H,Li,O,P,V",2.7887665099577497,1.9417999999999997,0.0032371988644648297,-2.4134334046513604,False
mp-753103,LiCo(CO3)2,"C,Co,Li,O",3.2363725203388087,0.0,0.020036347458331605,-1.7661323068333339,False
mp-753151,LiVCoO4,"Co,Li,O,V",3.8305537001777656,1.9367,0.011242294560439348,-2.11914724547619,False
mp-753147,LiV(PO3)3,"Li,O,P,V",2.925762960911519,1.4381000000000004,0.0425064788979439,-2.6131584530187077,False
mp-753228,LiMn3O6,"Li,Mn,O",3.9140383999630215,0.9631000000000003,0.03607814350832772,-1.9617821557126434,False
mp-753259,LiCo(CO3)2,"C,Co,Li,O",2.5778780357717137,0.3558,0.035504978958330824,-1.7506636753333347,False
mp-753353,Sr4LiCu(CO5)2,"C,Cu,Li,O,Sr",4.355012399660262,1.0264000000000002,0.0,-2.526757375185186,True
mp-753344,LiNi6O7,"Li,Ni,O",6.364719797130062,0.0,0.01677806702380824,-1.2812803755952384,False
mp-753374,LiVSiO4,"Li,O,Si,V",3.5120568024670438,2.1713999999999998,0.013857958303564288,-2.8301384283333326,False
mp-753362,LiFeSiO4,"Fe,Li,O,Si",2.867328041980888,2.8739999999999997,0.03358831714285948,-2.5148879479761894,False
mp-753403,LiCu2(CO3)2,"C,Cu,Li,O",3.0690871124602945,0.0,0.025262265909089976,-1.5706338998484854,False
mp-753415,LiFe2(PO4)2,"Fe,Li,O,P",2.7922817951421965,1.4168000000000003,0.049999325576924214,-2.3706766640476187,False
mp-753433,SrLiLa3MnO8,"La,Li,Mn,O,Sr",6.146066465430097,1.6632999999999996,0.020087179497027208,-3.2090488190188844,False
mp-753432,LiMnFeO4,"Fe,Li,Mn,O",4.061546451827597,0.6196999999999999,0.007291860714284226,-1.9407857487520528,False
mp-753451,LiFe2P2HO8,"Fe,H,Li,O,P",2.8263870773698634,3.8901000000000003,0.02652021946429084,-2.2864857259906453,False
mp-753447,LiMn(SiO3)2,"Li,Mn,O,Si",3.237480691313697,0.6123000000000003,0.03783304273470378,-2.8085874446264376,False
mp-753554,LiCoPO4,"Co,Li,O,P",2.453401693807752,2.9865,0.0492406374999943,-2.3548493107823125,False
mp-753562,LiCo2(PO4)2,"Co,Li,O,P",3.0083918395712104,0.005400000000000071,0.047645323076924484,-2.2256456394322344,False
mp-753560,LiVPHO5,"H,Li,O,P,V",3.0602939757679755,1.9686999999999997,0.0,-2.4903931990806885,True
mp-753613,LiMnPO4,"Li,Mn,O,P",2.2586560729876695,3.6121999999999996,0.04484242678570727,-2.5885863065581765,False
mp-753631,LiAlVO4,"Al,Li,O,V",3.5345844262435167,1.7215000000000003,0.0416418950000077,-2.809097857976191,False
mp-753639,LiTiPCO7,"C,Li,O,P,Ti",2.5238037446403006,2.7399999999999998,0.03890172363636779,-2.658894087846319,False
mp-753644,LiVSiO4,"Li,O,Si,V",3.7559029255372955,0.8512999999999993,0.043795874374993105,-2.8002005122619047,False
mp-753684,LiFe(SiO3)2,"Fe,Li,O,Si",2.1998663273370194,3.0559000000000003,0.03820737391666551,-2.7275754148333333,False
mp-753702,LiVSiO4,"Li,O,Si,V",3.4975724552211886,2.0535000000000005,0.0049776115178499225,-2.839018775119048,False
mp-753779,LiMn2(PO4)2,"Li,Mn,O,P",3.3396651062506524,0.0,0.007935958653848552,-2.537934068729316,False
mp-753805,LiVPCO7,"C,Li,O,P,V",2.5448935943570836,1.4824,0.04338029954545508,-2.378122645952381,False
mp-753804,LiCo2(PO4)2,"Co,Li,O,P",2.8919462140107615,0.5239,0.0389447138461545,-2.234346248663004,False
mp-753843,LiNi2(PO4)2,"Li,Ni,O,P",3.7136283665857124,0.0,0.047716301730767796,-2.170040676355311,False
mp-753865,LiVP2HO7,"H,Li,O,P,V",2.896120198730074,2.6279,0.04495290137820884,-2.4623045736557536,False
mp-753869,LiV2(PO4)2,"Li,O,P,V",3.346525426037515,0.5545000000000004,0.014024001084814941,-2.6566835590476194,False
mp-753871,LiV2(PO4)2,"Li,O,P,V",3.4410764516198546,0.0,0.043940283392506885,-2.626767276739927,False
mp-753909,LiV(CO3)2,"C,Li,O,V",2.8468128830154984,2.04,0.03635523924999973,-2.104707588083334,False
mp-753899,LiFe(CO3)2,"C,Fe,Li,O",3.320021819955642,2.1191999999999998,0.0,-1.9144250328333334,True
mp-753926,LiVCoO4,"Co,Li,O,V",4.1058405517493215,1.5911,0.009572941703296145,-2.1208165983333336,False
mp-753924,LiCo2(PO4)2,"Co,Li,O,P",3.0069612265742736,0.33609999999999995,0.04317886846153929,-2.230112094047619,False
mp-753934,LiLa4CoO8,"Co,La,Li,O",6.728217999885034,1.4673999999999996,0.03656881732142381,-3.2307117739880957,False
mp-753984,LiMnCoO4,"Co,Li,Mn,O",4.350658387838289,0.0,0.029435061388876527,-1.7857876823234824,False
mp-754033,LiMn2(PO4)2,"Li,Mn,O,P",2.8605568874912857,0.0,0.04845709403846321,-2.497412933344701,False
mp-754080,LiV3Zn2O8,"Li,O,V,Zn",4.620026616547196,0.0,0.02867875142855869,-2.2913176980952383,False
mp-754170,LiCoP2O7,"Co,Li,O,P",3.1673808604628326,1.1067999999999998,0.04541204674242749,-2.339841529783549,False
mp-754235,LiMnP2HO7,"H,Li,Mn,O,P",2.9263692896571247,3.7928,0.027115932083328964,-2.4521730405666733,False
mp-754346,SrLiLa3MnO8,"La,Li,Mn,O,Sr",6.168371738971082,1.5871000000000004,0.026097512354169794,-3.203038486161741,False
mp-754378,LiV3O4,"Li,O,V",4.796407014203892,0.0,0.014087435729166486,-2.288864624166667,False
mp-754499,LiMnCSO7,"C,Li,Mn,O,S",2.4085773700991324,1.2825,0.04633608700757996,-1.9809660089785799,False
mp-754509,LiCoNiO4,"Co,Li,Ni,O",4.791809913694271,0.0,0.0,-1.3700531340476192,True
mp-754522,LiVCoO4,"Co,Li,O,V",3.785345137487656,2.1929,0.04575229241758194,-2.0846372476190473,False
mp-754728,LiScVO4,"Li,O,Sc,V",3.448735547865749,1.3262999999999998,0.04074483589285727,-2.9921709040476188,False
mp-754793,LiCoPHO5,"Co,H,Li,O,P",3.577279515755454,2.1142,0.03125441555555497,-2.064567898802911,False
mp-754807,LiFeSbO4,"Fe,Li,O,Sb",4.971591216579705,1.2033000000000005,0.0022759496428452763,-1.9496061154761901,False
mp-754842,LiFeSiO4,"Fe,Li,O,Si",2.882495174012805,0.0,0.03304058035714519,-2.515435684761904,False
mp-754849,LiV4O5F7,"F,Li,O,V",3.3705539628619596,0.8641,0.04548677267972945,-2.8024239807843143,False
mp-754937,LiTi3O6,"Li,O,Ti",3.8821134912273543,0.0,0.03325098275001004,-3.291512927333333,False
mp-755045,Li(NiO2)2,"Li,Ni,O",4.597169638539894,0.4230999999999998,0.03365653196428653,-1.1827365997619046,False
mp-755270,LiCrP2HO7,"Cr,H,Li,O,P",2.8053999785194463,2.9568,0.03494989971726614,-2.424457104489086,False
mp-755275,LiFeNiO4,"Fe,Li,Ni,O",4.338640533284492,0.0,0.04173173850243472,-1.4364215861904768,False
mp-755327,LiCr3(FeO4)2,"Cr,Fe,Li,O",4.37614567402215,1.3003,0.018947510714282245,-2.1241155623809527,False
mp-755339,LiMn2P2HO8,"H,Li,Mn,O,P",3.0794573003082846,3.418,0.036997299732133726,-2.4328000446236513,False
mp-755386,Li(CoO2)2,"Co,Li,O",4.541033166392526,0.0,0.028670507321427507,-1.4778078851190475,False
mp-755477,LiMnPHO5,"H,Li,Mn,O,P",3.188842852967868,1.0004000000000002,0.0006044875462976051,-2.3190956177396913,False
mp-755468,LiMnP2(HO4)2,"H,Li,Mn,O,P",2.8321723144115096,1.0886,0.011244359940471682,-2.296222867182149,False
mp-755485,LiMnPO4,"Li,Mn,O,P",2.1615213054744724,3.4347,0.04812203178570851,-2.585306701558175,False
mp-755531,LiVP4(H2O7)2,"H,Li,O,P,V",2.6482328327056415,2.1292,0.03388165479166805,-2.305218696954365,False
mp-755625,LiVNiO4,"Li,Ni,O,V",3.915175022133991,0.49160000000000004,0.008291844999998688,-2.103868048333333,False
mp-755618,LiVP4(H2O7)2,"H,Li,O,P,V",2.433461195693111,2.2388000000000003,0.015393626875001232,-2.3237067248710317,False
mp-755701,LiMnSbO4,"Li,Mn,O,Sb",4.81579026671792,1.3797000000000001,0.0,-2.099758429109196,True
mp-755707,K3LiTi7O16,"K,Li,O,Ti",3.235109213586299,2.8255999999999997,0.003254682361097494,-3.2432186562376537,False
mp-755827,LiV3O8,"Li,O,V",3.140159856567522,1.8409,0.03609337666667045,-2.310817972361112,False
mp-755862,LiMnCo3O8,"Co,Li,Mn,O",4.2591568529009445,1.2513,0.03293581929486944,-1.4497221731741825,False
mp-755934,LiMnSnO4,"Li,Mn,O,Sn",4.819028378276415,1.0382000000000002,0.0017614235714304982,-2.135656558037766,False
mp-755916,LiMn(PO3)3,"Li,Mn,O,P",2.999973638916342,4.4927,0.04548182124997169,-2.5883014267994957,False
mp-755956,LiNi3O4,"Li,Ni,O",5.917863464460838,0.0,0.012198081666666916,-1.3458402179166669,False
mp-755965,LiTiFeO4,"Fe,Li,O,Ti",3.8109050211581934,1.3314000000000004,0.02351350479592007,-2.6175385659523807,False
mp-756035,LiTi4O8,"Li,O,Ti",3.732863350545221,0.0,0.04968327846153997,-3.317378679743589,False
mp-756037,LiMnCo3O8,"Co,Li,Mn,O",4.359440033830426,0.0,0.019492320064100177,-1.4631656724049515,False
mp-1101526,LiCo2(PO3)5,"Co,Li,O,P",2.998127639574401,3.1948,0.005959960724642777,-2.4391450178933733,False
mp-1101530,LiMnP2O7,"Li,Mn,O,P",2.8937387455234527,1.2990000000000002,0.005569989090909111,-2.5597548807318264,False
mp-1101527,LiCr4P7O24,"Cr,Li,O,P",3.0305339318680926,2.1690999999999994,0.03425837180554758,-2.5942892628009258,False
mp-1101538,LiMn(PO3)5,"Li,Mn,O,P",2.424391359985161,0.0040000000000000036,0.03674745840907878,-2.459680678953575,False
mp-1101532,LiCr2(PO4)3,"Cr,Li,O,P",2.986096854739921,0.1005999999999998,0.03286921444443802,-2.466843056236772,False
mp-1101601,LiV2(PO4)3,"Li,O,P,V",2.952054685039895,1.3092,0.0,-2.6549863170701067,True
mp-1101602,LiCr2(PO4)3,"Cr,Li,O,P",2.9788462660740223,0.0024000000000000687,0.0342575227777715,-2.465454747903438,False
mp-1101597,LiCrP2O7,"Cr,Li,O,P",3.13898238412587,2.5258000000000003,0.040748301363635164,-2.6335959338744597,False
mp-1101573,LiMn4P7O24,"Li,Mn,O,P",2.951699214251727,0.9861999999999997,0.019995225486110435,-2.489357183265486,False
mp-1101736,LiFe3O4,"Fe,Li,O",5.018470127427123,1.0169000000000001,0.03937253343750058,-1.673855534166666,False
mp-1105323,LiNdTi2O6,"Li,Nd,O,Ti",4.915460760927173,2.6507,0.034332352375002984,-3.4397865912500007,False
mp-1105411,LiCr(GeO3)2,"Cr,Ge,Li,O",4.503079413323643,2.8641907725388434,0.02944339800000062,-2.229334882583333,False
mp-1105497,LiNdTi2O6,"Li,Nd,O,Ti",4.916684826348821,3.0845000000000002,0.009516796375002912,-3.464602147250001,False
mp-1147633,LiCu2BiO4,"Bi,Cu,Li,O",6.5817103708911375,0.0,0.007127667734372345,-1.3875962954166665,False
mp-1172916,LiMnPO4,"Li,Mn,O,P",3.2097361335904466,2.8914,0.04298456047618515,-2.590444172867698,False
mp-1172967,Li(NiO2)2,"Li,Ni,O",4.700239426779258,0.0,0.006433147678572837,-1.2099599840476185,False
mp-1173174,SrLiTi4CrO11,"Cr,Li,O,Sr,Ti",4.170797735495756,2.2734000000000005,0.007640083055553859,-3.2745357731481497,False
mp-1173163,SrLiTi4CrO11,"Cr,Li,O,Sr,Ti",4.16456904183466,1.9998000000000005,0.029296463749998836,-3.252879392453704,False
mp-1176393,Na2LiCu(PO3)4,"Cu,Li,Na,O,P",2.6143462043881187,2.2133000000000003,0.04313327499999797,-2.461377702233169,False
mp-1176541,LiVCO4,"C,Li,O,V",3.168518003775662,1.7905000000000002,0.040442046488095684,-2.2247901504761907,False
mp-1176547,LiVFe(P2O7)2,"Fe,Li,O,P,V",2.898217751210518,1.6263,0.008261548928527596,-2.5656238644954654,False
mp-1176549,LiV3O6,"Li,O,V",4.109464986637173,1.4505000000000003,0.037589775250005175,-2.4836454588333323,False
mp-1176592,LiTi(PO3)4,"Li,O,P,Ti",2.800585191230249,0.031930619685113903,0.043868713152110494,-2.7329245475132273,False
mp-1176597,LiV2(SO4)3,"Li,O,S,V",2.8422979499715657,0.5052000000000003,0.025960532412280024,-2.1192101157407404,False
mp-1176577,LiV(PO3)4,"Li,O,P,V",2.8564581232666684,2.2645,0.01881878805555548,-2.653149900939152,False
mp-1176610,LiNi(PO3)3,"Li,Ni,O,P",3.151323722959967,4.7568,0.0008233460714421881,-2.4968652508758504,False
mp-1176615,LiMnV(P2O7)2,"Li,Mn,O,P,V",2.888295413208246,1.4316999999999998,0.0031113607142572164,-2.5916041988017033,False
mp-1176627,LiV(SO4)2,"Li,O,S,V",2.837719924658522,1.8863999999999999,0.01896414052083628,-2.134048026215277,False
mp-1176606,LiNi(PO3)4,"Li,Ni,O,P",2.8773718103782,0.0,0.04201918303239793,-2.3827975409391535,False
mp-1176624,LiMnV(PO4)3,"Li,Mn,O,P,V",2.8854177220813364,1.0623999999999998,0.04211947347223255,-2.498491719177385,False
mp-1176651,LiMn6O12,"Li,Mn,O",3.9976369994679732,0.37529999999999974,0.045452731276310665,-1.8693553902238362,False
mp-1176660,LiMnPCO7,"C,Li,Mn,O,P",2.650779328773065,1.1726,0.02175594638889411,-2.187490968718838,False
mp-1176663,LiMnP2O7,"Li,Mn,O,P",2.952892894567259,0.6491,0.04943778124999998,-2.5158870885727356,False
mp-1176640,LiMnCrO4,"Cr,Li,Mn,O",4.028104755088974,0.021200000000000108,0.0,-2.2269477001806237,True
mp-1176664,LiMn3(PO4)3,"Li,Mn,O,P",3.4027517399647667,0.2761,0.019671669868422725,-2.493939886897631,False
mp-1176643,LiMnCO4,"C,Li,Mn,O",3.246399755283366,0.5341999999999998,0.04239605779761657,-2.03039082446634,False
mp-1176656,LiMn2O4,"Li,Mn,O",4.014800262896855,1.2177000000000002,0.04554572071428531,-2.0225606220279144,False
mp-1176650,LiMnV(P2O7)2,"Li,Mn,O,P,V",2.887613407809072,1.3767,0.0036104721428289466,-2.5911050873731316,False
mp-1176688,LiFeSiO4,"Fe,Li,O,Si",3.627631267184417,1.6478000000000002,0.049819399761906524,-2.4986568653571433,False
mp-1176694,LiMnH8(SO6)2,"H,Li,Mn,O,S",2.0778738218957904,1.1083,0.0400125668292306,-1.6116551229693485,False
mp-1176672,LiMn3O6,"Li,Mn,O",4.026873945247072,0.5949,0.01821707950832785,-1.9796432197126435,False
mp-1176679,LiFeSnO4,"Fe,Li,O,Sn",5.038553058866082,2.4200999999999997,0.03373616767857257,-1.9809797986904758,False
mp-1176700,LiMn(PO3)4,"Li,Mn,O,P",2.7138642728028857,0.03535252561805535,0.04679814541666705,-2.5281884683242106,False
mp-1176722,LiMn2(PO4)2,"Li,Mn,O,P",3.405223085634681,0.13260000000000005,0.024458324551283717,-2.5214117028318808,False
mp-1176726,LiFe3O4,"Fe,Li,O",4.993785041607602,0.010499999999999954,0.03932430218750049,-1.6739037654166662,False
mp-1176749,LiFe2(PO4)2,"Fe,Li,O,P",3.644851533607669,1.4384000000000001,0.03750928865384662,-2.383166700970696,False
mp-1176738,LiMn7O14,"Li,Mn,O",4.042426290824612,0.0,0.04328669439773414,-1.8589377638113895,False
mp-1176727,LiMn3(PO4)3,"Li,Mn,O,P",3.4078827850299707,0.26229999999999976,0.027148835789477133,-2.486462720976578,False
mp-1176782,LiCo2(PO4)2,"Co,Li,O,P",2.892403060182111,0.6652,0.04364228038461615,-2.2296486821245427,False
mp-1176778,LiCoPO4,"Co,Li,O,P",3.0484489354979414,3.4951999999999996,0.008620784999993525,-2.3954691632823133,False
mp-1176813,LiFeSnO4,"Fe,Li,O,Sn",5.088798344251337,2.1541999999999994,0.016310084464286945,-1.998405881904762,False
mp-1176828,LiMnH4(SO5)2,"H,Li,Mn,O,S",2.4992839107122213,1.0454999999999999,0.0251132525736546,-1.744798875070242,False
mp-1176820,LiCaFe3SnO8,"Ca,Fe,Li,O,Sn",4.892768383611973,2.0103999999999997,0.049078409285724156,-2.078634375595238,False
mp-1178332,Li(CoO2)2,"Co,Li,O",4.493330178368797,0.0915999999999999,0.046809553214284705,-1.4596688392261907,False
mp-1180529,LiMnPO5,"Li,Mn,O,P",3.436012158028497,1.313808029200965,0.034732443472227814,-2.3397108079259032,False
mp-1181006,LiVTeO5,"Li,O,Te,V",4.123548044646099,2.7874,0.0026061504687540094,-2.0766940428125,False
mp-1185486,LiTi2O4,"Li,O,Ti",3.8727819304472635,0.0,0.04036501250000235,-3.2058453796428563,False
mp-1188169,LiFe(GeO3)2,"Fe,Ge,Li,O",4.462495914881767,2.0351370645025972,0.029995677749999672,-2.0639084988333325,False
mp-1189006,KLiMn2(SiO3)4,"K,Li,Mn,O,Si",3.2519382326486657,1.8182,0.0006313264625763537,-2.827332989822269,False
mp-1191127,LiCr(WO4)2,"Cr,Li,O,W",6.795448594345341,2.417518671003866,0.006666213645837971,-2.2741924923611094,False
mp-1191696,LiCr(MoO4)2,"Cr,Li,Mo,O",3.7634112053220856,2.760001377021188,0.016150373749997726,-2.129827416527778,False
mp-1192813,LiTi2O4,"Li,O,Ti",3.873383351903761,0.0,0.04401694500000097,-3.202193447142857,False
mp-1193296,LiTi2O4,"Li,O,Ti",3.979234838303974,0.0,0.0259291671428592,-3.220281225,False
mp-1195443,LiMn4O8,"Li,Mn,O",4.051484063915524,0.0,0.045207331288461994,-1.9121916505813443,False
mp-1195676,LiCuSO4F,"Cu,F,Li,O,S",3.3602276074045734,0.43090000000000006,0.0,-1.9234916432291667,True
mp-1196748,LiMn3H6(SeO3)8,"H,Li,Mn,O,Se",3.522537803986602,1.6130999999999998,0.0,-1.432949485318487,True
mp-1198160,Rb2LiFe(MoO4)3,"Fe,Li,Mo,O,Rb",3.6667521940467935,2.6718,0.015834443684208388,-2.088642553070176,False
mp-1199729,LiMn2O4,"Li,Mn,O",4.019859537042061,0.01540000000000008,0.01882798539682451,-2.0492783573453766,False
mp-1203349,K2LiV5H10O19,"H,K,Li,O,V",2.6187513165318745,2.5943004500922004,0.024092448175695225,-1.9202595605495496,False
mp-1203476,Na2LiV5H18O23,"H,Li,Na,O,V",2.242128601244284,2.4699999999999998,0.015816217500001173,-1.7529175368079992,False
mp-1203841,LiVPH4O7,"H,Li,O,P,V",2.504794874602264,2.5599999999999996,0.049400794062493425,-2.035024844141156,False
mp-1204876,LiMnP3(H5O7)2,"H,Li,Mn,O,P",2.1177008369077237,4.0589,0.0331859653448241,-1.9159092614721707,False
mp-1205423,NaLiTi3O7,"Li,Na,O,Ti",3.4848684811033093,2.5955,0.0009962104166856278,-3.2049261506010533,False
mp-1208707,SrLiTi3Cr2O11,"Cr,Li,O,Sr,Ti",4.277307874086979,0.20610000000000017,0.03501005626542941,-3.019325906851852,False
mp-1210933,LiV(WO4)2,"Li,O,V,W",6.687006065217488,1.8408999999999995,0.0041833707291765165,-2.3221732411111113,False
mp-1210977,LiMn2TeO6,"Li,Mn,O,Te",4.87495761264046,0.012099999999999334,0.0,-1.9291509505862066,True
mp-1211002,LiTi3Zn2O8,"Li,O,Ti,Zn",4.447284443367443,0.0,0.02668588232142266,-2.8848641289880947,False
mp-1218260,SrLiTi4CrO11,"Cr,Li,O,Sr,Ti",4.178664719876733,2.2778,0.02337979222222053,-3.258796063981483,False
mp-1218301,SrLiTi4CrO11,"Cr,Li,O,Sr,Ti",4.195097407821593,2.2290999999999994,0.013085913055554954,-3.2690899431481486,False
mp-1221048,NaLiV2O6,"Li,Na,O,V",2.5940530938326947,3.1323,0.0003765615000013156,-2.4014756244712645,False
mp-1221179,Na4Li(NiO2)5,"Li,Na,Ni,O",4.607046371450303,0.30169999999999986,0.009838005166662,-1.356265745442529,False
mp-1221217,Na3LiV4O12,"Li,Na,O,V",2.8032568504668984,3.1673,0.012196836249999343,-2.376603095873564,False
mp-1221254,Na3LiFe4(SiO3)8,"Fe,Li,Na,O,Si",3.4039488966747546,2.7673999999999994,0.006940273979170186,-2.7315718846867822,False
mp-1222338,LiTiAlO4,"Al,Li,O,Ti",3.4204054356678832,2.4977,0.04597288357142215,-3.2271614159523816,False
mp-1222345,LiNiAsO4,"As,Li,Ni,O",4.8270008641478634,2.6351999999999998,0.02155464095237658,-1.795668527976191,False
mp-1222347,LiTiCrO4,"Cr,Li,O,Ti",3.8953263319136338,2.2833,0.02421416178571434,-2.8622025066666663,False
mp-1222353,LiMnRhO4,"Li,Mn,O,Rh",5.3017998838383305,0.9920999999999998,0.0,-1.771844245180623,True
mp-1222352,LiTiRhO4,"Li,O,Rh,Ti",4.804506955388272,1.0782000000000003,0.000864951428572347,-2.4206485523809524,False
mp-1222384,LiTi4O8,"Li,O,Ti",3.624114306021078,0.0,0.048325315384616374,-3.318736642820513,False
mp-1222380,LiCoAsO4,"As,Co,Li,O",4.731179969578391,2.2329999999999997,0.020508573690480425,-1.8047373069047623,False
mp-1222378,LiTiFeO4,"Fe,Li,O,Ti",3.869317654405932,2.0238194269326595,0.04451772408163457,-2.596534346666666,False
mp-1222368,LiVMoO6,"Li,Mo,O,V",3.757649461681313,2.7403,0.025858555972220643,-2.1784026614814826,False
mp-1222389,LiFeSO4F,"F,Fe,Li,O,S",3.074643842021419,4.3426,0.009223795156249714,-2.184389943229167,False
mp-1222453,LiLa4CuO8,"Cu,La,Li,O",6.676230330869065,0.00019999999999953388,0.04794690821428649,-3.135025580238095,False
mp-1222487,LiLa8Cu3O16,"Cu,La,Li,O",6.863856761811988,0.21079999999999988,0.045453080446402616,-3.0727207608333345,False
mp-1222491,LiTiSn(PO4)3,"Li,O,P,Sn,Ti",3.249432503882478,2.5122773783128918,0.0074962237499995865,-2.7661006744775136,False
mp-1222472,LiFe(SO4)2,"Fe,Li,O,S",2.9904427136813188,2.0509,0.023006616979173167,-1.9474070690277774,False
mp-1222477,LiVZnO4,"Li,O,V,Zn",3.245580374594074,3.35,0.0,-2.2891233461904763,True
mp-1222530,LiFe2Rh3O8,"Fe,Li,O,Rh",5.848303933801404,0.8435000000000001,0.011428873303570342,-1.436815397380952,False
mp-1222519,LiFe3SiPO8,"Fe,Li,O,P,Si",3.8337847334882227,3.5642000000000005,0.004399614285720332,-2.3862270391411564,False
mp-1222546,LiCuSbO4,"Cu,Li,O,Sb",5.320253152004373,0.5012999999999996,0.03367059107142811,-1.7486951761904765,False
mp-1222538,LiV3O4,"Li,O,V",5.038039320975306,0.0,0.025406753229166412,-2.277545306666667,False
mp-1222541,LiFeSiO4,"Fe,Li,O,Si",2.8507337621057705,3.1088999999999998,0.03313740321428771,-2.515338861904761,False
mp-1222577,LiAlNi3O5,"Al,Li,Ni,O",5.363607814974711,3.0743,0.045701750749996606,-1.9239268033333332,False
mp-1222623,LiLa3MnO7,"La,Li,Mn,O",6.405163199764264,2.385699999999999,0.04450128572420908,-3.2093543728136975,False
mp-1222686,LiCuRu2(RhO4)2,"Cu,Li,O,Rh,Ru",6.359120195879245,0.0,0.041019591428572255,-1.3028428059523804,False
mp-1222666,LiMn2Cu(RuO4)2,"Cu,Li,Mn,O,Ru",5.491300606833202,0.0,0.04163537428571473,-1.64010487494253,False
mp-1223201,LiCr4(PO4)3,"Cr,Li,O,P",3.4359153837200545,2.6569,0.012109419750000683,-2.486546355238095,False
mp-1232993,LiTi8O16,"Li,O,Ti",3.9517560481324643,0.0,0.04499123600000843,-3.3897475992,False
mp-1233002,Sr4LiMn2(GaO5)2,"Ga,Li,Mn,O,Sr",4.793258550598895,0.11609999999999987,0.0159998727631665,-2.613826395483968,False
mp-1235037,LiV6O15,"Li,O,V",3.250170595266198,0.24730000000000008,0.03466656136364321,-2.317764958560606,False
mp-1235089,LiTi4O8,"Li,O,Ti",3.5737462706891248,0.0,0.0345778584615406,-3.332484099743589,False
mp-1235226,LiVFe(P2O7)2,"Fe,Li,O,P,V",2.834856725253626,1.5996,0.027297968095195024,-2.546587445328798,False
mp-1235333,LiTi8O16,"Li,O,Ti",3.9928369326152935,0.0,0.0407213024000086,-3.3940175328,False
mp-1235295,LiVFe(P2O7)2,"Fe,Li,O,P,V",2.8458149093050475,1.6635,0.02137921142852761,-2.5525062019954654,False
mp-1235348,LiV6O15,"Li,O,V",3.3460128391901325,0.4986999999999999,0.044545075909097065,-2.307886444015152,False
mp-1235368,LiMn2Fe2(PO4)4,"Fe,Li,Mn,O,P",3.3942397224906107,0.0,0.04353635929999644,-2.4090773159106744,False
mp-1235362,LiTi4O8,"Li,O,Ti",3.6531892532924433,0.0,0.048487864615385234,-3.3185740935897434,False
mp-1235553,Ba2LiEu(CuO2)4,"Ba,Cu,Eu,Li,O",6.0875670194612725,0.0,0.027637014062500853,-1.9519192223958335,False
mp-1235619,LiMn2P2(H2O5)2,"H,Li,Mn,O,P",2.8979351346481046,0.7675999999999998,0.02046000802631376,-2.1408512986042694,False
mp-1235847,LiVFe(P2O7)2,"Fe,Li,O,P,V",2.8640549783044835,1.5870000000000002,0.01463519904757593,-2.559250214376417,False
mp-1236154,LiV4O10,"Li,O,V",2.209765917341561,1.2247000000000001,0.04453588433333522,-2.337486830222223,False
mp-1247560,LiVPO4F,"F,Li,O,P,V",2.577675084493728,1.9749,0.034706170312500007,-2.802961444747025,False
mp-1247735,LiCr2(PO4)3,"Cr,Li,O,P",2.9835358916423456,0.06880000000000008,0.03477595972221703,-2.464936310958993,False
mp-1247728,LiV2FeO7,"Fe,Li,O,V",3.3483963258047678,2.2984,0.009941988409086555,-2.232389034848485,False
mp-1259488,LiFe(SiO3)2,"Fe,Li,O,Si",2.4582726622924884,3.2173000000000003,0.034484612166664874,-2.7312981765833344,False
mp-1263751,LiFeSi3O8,"Fe,Li,O,Si",2.6855747226523015,3.1168000000000005,0.042016406410256835,-2.840777587371794,False
mp-1266318,LiFe(SiO3)2,"Fe,Li,O,Si",2.727183615167141,3.0363,0.028122569666665598,-2.7376602190833337,False
mp-1272804,LiMn2O4,"Li,Mn,O",4.039450483240493,0.42689999999999984,0.0,-2.0681063427421997,True
mp-1273274,LiNi3O4,"Li,Ni,O",5.654714232140848,0.10050000000000026,0.003079798541667067,-1.3549585010416667,False
mp-1273137,LiV3O4,"Li,O,V",4.674056233850278,0.06700000000000017,0.016392744479166055,-2.2865593154166675,False
mp-1273834,Li(CoO2)2,"Co,Li,O",4.503039353699786,0.9786999999999999,0.04933403267857095,-1.457144359761904,False
mp-1273900,LiCo(CO3)2,"C,Co,Li,O",3.215313302380411,0.0,0.03970758295833221,-1.7464610713333335,False
mp-1274433,LiV3O4,"Li,O,V",4.734439970193673,0.3733000000000004,0.018160818229166154,-2.2847912416666674,False
mp-1274978,LiNbFeO4,"Fe,Li,Nb,O",4.253730672482835,1.6567,0.04540951035714258,-2.4503343836904756,False
mp-1275497,LiCo3NiO8,"Co,Li,Ni,O",4.36482931895422,0.2097,0.024526580288455335,-1.2238279187179477,False
mp-1275948,LiNi3O4,"Li,Ni,O",5.669391312333448,0.0,0.006683696041666742,-1.351354603541667,False
mp-1275975,LiV3O4,"Li,O,V",4.669855718241775,0.32860000000000067,0.027858670104166094,-2.2750933897916674,False
mp-1277483,LiLa4CoO8,"Co,La,Li,O",6.693399688165841,1.237,0.04057340785713848,-3.226707183452381,False
mp-1278550,LiV3O4,"Li,O,V",4.6371082831957935,0.0,0.01836624947916654,-2.284585810416667,False
mp-1279659,LiCo(CO3)2,"C,Co,Li,O",3.2380243579271535,0.0,0.028015511458331588,-1.7581531428333341,False
mp-1281247,LiMn4O8,"Li,Mn,O",4.044729821735973,0.17879999999999985,0.030077929173078388,-1.9273210526967284,False
mp-1280709,LiV3Zn2O8,"Li,O,V,Zn",4.608086556241672,1.5006999999999997,0.0,-2.3199964495238103,True
mp-1282711,LiCo(CO3)2,"C,Co,Li,O",3.195865563455146,0.0,0.027010987208331727,-1.759157667083334,False
mp-1282881,Li(CoO2)4,"Co,Li,O",4.402363261004501,1.1762000000000001,0.01330887182691498,-1.292840721025641,False
mp-1285020,LiCoAsO4,"As,Co,Li,O",4.369853910254581,2.2016999999999998,0.018864763690479514,-1.8063811169047628,False
mp-1284451,LiMn3O4,"Li,Mn,O",4.64044364299131,0.0,0.048926755625000595,-2.0472931096408047,False
mp-1285988,LiV3O4,"Li,O,V",4.649231698532982,0.2220999999999993,0.015849148854165662,-2.287102911041668,False
mp-1287546,LiMnCo3O8,"Co,Li,Mn,O",4.325873680354752,0.7955999999999999,0.024297428525638765,-1.4583605639434132,False
mp-1285961,Li(CoO2)3,"Co,Li,O",4.427739976086019,1.0357999999999998,0.02725741237499868,-1.3490072603333332,False
mp-1288227,LiV2O4,"Li,O,V",3.7796246134229103,0.6926000000000001,0.01287099821428761,-2.507835831904763,False
mp-1288374,LiV3O4,"Li,O,V",4.6841449587357,0.4256000000000002,0.01918759197916664,-2.283764467916667,False
mp-1290247,Li(CoO2)4,"Co,Li,O",4.410298028384535,1.1774,0.016535530673069232,-1.289614062179487,False
mp-1290445,Na2Li(NiO2)3,"Li,Na,Ni,O",4.58718099405452,0.22540000000000004,0.016858561527782534,-1.3712264471743303,False
mp-1290806,LiTiNiO4,"Li,Ni,O,Ti",4.048563019834882,0.6869000000000001,0.04616325176348823,-2.342190586666667,False
mp-1290989,LiV3Zn2O8,"Li,O,V,Zn",4.604344028043722,1.1698,0.00452520107141563,-2.315471248452382,False
mp-1291653,LiCo5O7F,"Co,F,Li,O",5.063348755378604,0.6257999999999999,0.046492111530612945,-1.4935634120238106,False
mp-1291590,LiMn3O4,"Li,Mn,O",4.648101190347448,0.08599999999999985,0.04993056687500008,-2.046289298390805,False
mp-1295192,LiMn(CO3)2,"C,Li,Mn,O",3.072573369445386,0.9213999999999998,0.0,-1.9842330658764382,True
mp-1296423,LiMnCo3O8,"Co,Li,Mn,O",4.370089341792026,0.8042,0.023008654294869757,-1.4596493381741824,False
mp-1298961,LiLa4CoO8,"Co,La,Li,O",6.705066807131729,1.2603999999999997,0.04041194767856737,-3.226868643630953,False
mp-1299391,LiAlVO4,"Al,Li,O,V",3.5265117464118516,1.7526000000000002,0.04526492964286444,-2.805474823333334,False
mp-1301164,LiCo3NiO8,"Co,Li,Ni,O",4.381246830546094,0.11359999999999992,0.02830823413460859,-1.220046264871794,False
mp-1301329,LiTiMnO4,"Li,Mn,O,Ti",3.7568873932987397,1.5162,0.019573659285709866,-2.730021838513959,False
mp-1302478,LiV3Zn2O8,"Li,O,V,Zn",4.598998834327521,1.2586,0.0003410149999867329,-2.31965543452381,False
mp-1303340,LiMnCo3O8,"Co,Li,Mn,O",4.250338219381107,0.7829000000000002,0.04733487237179279,-1.4353231200972592,False
mp-1303832,LiV3Zn2O8,"Li,O,V,Zn",4.603599924306971,1.2309999999999999,0.0018061164285585463,-2.318190333095238,False
mp-1303296,LiNbFeO4,"Fe,Li,Nb,O",4.2840636980243865,2.1653000000000002,0.03971023321428646,-2.456033660833332,False
mp-1303576,LiCo(CO3)2,"C,Co,Li,O",2.5887413424061783,0.9369000000000001,0.04271831695833228,-1.7434503373333334,False
mp-1305316,LiFe(PO3)3,"Fe,Li,O,P",2.2728356400452028,4.1560999999999995,0.034602553928571034,-2.519382250161565,False
mp-1305171,LiMn(CO3)2,"C,Li,Mn,O",3.078581200337001,1.1284999999999998,0.0031765377499866077,-1.9810565281264374,False
mp-1306886,Li(CoO2)4,"Co,Li,O",4.680036292469293,1.1016000000000001,0.04768750451922177,-1.2584620883333337,False
mp-1306620,LiNbFeO4,"Fe,Li,Nb,O",4.257285338681433,1.7464,0.04108041607142887,-2.4546634779761902,False
mp-1307826,Li(CoO2)3,"Co,Li,O",4.443613627939806,0.7074,0.03723918087499811,-1.339025491833334,False
mp-1310345,LiCo3NiO8,"Co,Li,Ni,O",4.358845009122672,0.46609999999999996,0.029015972596146078,-1.2193385264102568,False
mp-1311636,LiV3Zn2O8,"Li,O,V,Zn",4.596343401815743,1.0554000000000001,0.004954153571415709,-2.315042295952381,False
mp-1314136,LiMnCo3O8,"Co,Li,Mn,O",4.247446002971543,1.3092,0.03939770814102239,-1.443260284328029,False
mp-1312869,LiCrCoO4,"Co,Cr,Li,O",4.229611078504316,9.999999999998899e-05,0.03816644240079192,-1.8708879961904756,False
mp-1313454,LiMnCo3O8,"Co,Li,Mn,O",4.303925355058909,1.0232,0.029405221987176766,-1.4532527704818752,False
mp-1314210,Li(NiO2)2,"Li,Ni,O",4.850258639651016,0.12990000000000013,6.878767857187995e-05,-1.2163243440476188,False
mp-1318786,LiCo3NiO8,"Co,Li,Ni,O",4.362858793651534,0.5293000000000001,0.028682093749991644,-1.2196724052564112,False
mp-1367343,LiTi2O4,"Li,O,Ti",3.8727818400011174,0.0,0.0441043289285723,-3.2021060632142855,False
mp-1377260,Li(CoO2)2,"Co,Li,O",4.783402179367886,0.0,0.04610293446428493,-1.46037545797619,False
mp-5670,LiTi2O4,"Li,O,Ti",3.7411501707955748,0.0,0.0,-3.2462103921428573,True
mp-6113,LiTiAsO5,"As,Li,O,Ti",3.7785138166833523,3.1654000000000004,0.0,-2.559215438333333,True
mp-6521,LiLaTiO4,"La,Li,O,Ti",4.862618558863308,2.2636999999999996,0.028770968035711775,-3.451740582380953,False
mp-6668,LiTiPO5,"Li,O,P,Ti",3.2641744031190925,3.0591999999999997,0.0,-3.0461979839136912,True
mp-6838,Na2LiFe(Si2O5)3,"Fe,Li,Na,O,Si",2.680973217666779,3.3949000000000003,0.002028141383338067,-2.9406004376436776,False
mp-10520,LiNdTiO4,"Li,Nd,O,Ti",5.079254418208863,2.2825,0.023202995714290964,-3.4171644277380944,False
mp-11206,LiTi(SiO3)2,"Li,O,Si,Ti",3.1698374835238194,0.0,0.034577460366669754,-3.134037300666667,False
mp-12185,LiCu(PO3)3,"Cu,Li,O,P",3.3693967798801934,0.6669,0.0,-2.402899126232993,True
mp-15472,Ba4LiCu(CO5)2,"Ba,C,Cu,Li,O",5.048542132390345,0.9264999999999999,0.0,-2.4817517396296305,True
mp-17387,LiVAsO5,"As,Li,O,V",3.900849539103954,1.6489335472794215,0.002485517812499616,-2.183836689791667,False
mp-17664,LiNi2P3O10,"Li,Ni,O,P",3.5821103840375574,3.9647,0.0,-2.3824749510788683,True
mp-18640,LiTi2(PO4)3,"Li,O,P,Ti",2.8447677506328555,2.4404,0.0,-3.0181969082738096,True
mp-18713,Ba2Li(CuO2)3,"Ba,Cu,Li,O",5.500414901186571,0.0,0.008382105052080036,-1.8243083702777778,False
mp-18722,Cs2LiMnO4,"Cs,Li,Mn,O",4.154833561077782,1.818,0.0,-1.8818333769468403,True
mp-18727,LiCr(SiO3)2,"Cr,Li,O,Si",3.2880256915689214,3.0382,0.006077734666666501,-2.9245791580833327,False
mp-18741,RbLiCrO4,"Cr,Li,O,Rb",3.069872286792172,2.9916,0.0,-2.0906449558333335,True
mp-18878,LiFeAs2O7,"As,Fe,Li,O",4.0280446094280755,2.5882,0.0038021313636127374,-1.8254094857575764,False
mp-18911,LiVP2O7,"Li,O,P,V",2.8232066204290978,2.1256,0.03253999977274091,-2.685813710238095,False
mp-18951,LiFePO4,"Fe,Li,O,P",3.5681599277430833,3.5132999999999996,0.015878559285713578,-2.4640174554251693,False
mp-18997,LiMnPO4,"Li,Mn,O,P",3.3213782913211096,3.4114999999999998,0.0,-2.633428733343891,True
mp-19017,LiFePO4,"Fe,Li,O,P",3.6831458081236113,3.9223999999999997,0.0,-2.4798960147108837,True
mp-19043,LiV(SiO3)2,"Li,O,Si,V",3.3728532173436756,2.0674,0.007664512374999433,-2.9667807573333347,False
mp-19061,LiFe(SiO3)2,"Fe,Li,O,Si",3.3151612559396804,2.7546999999999997,0.009870156166665645,-2.755912632583333,False
mp-19103,LiCrP2O7,"Cr,Li,O,P",2.9225308100524967,2.7339,0.0,-2.674344235238095,True
mp-19107,LiMnVO4,"Li,Mn,O,V",3.7649860927817413,2.2182,0.0,-2.371862765180625,True
mp-19123,Rb2LiVO4,"Li,O,Rb,V",3.606254225225645,3.965,0.0,-2.367439304166667,True
mp-19206,LiLa4CoO8,"Co,La,Li,O",6.724379700613794,0.15639999999999965,0.036934955357137866,-3.2303456359523812,False
mp-19251,RbLiCrO4,"Cr,Li,O,Rb",3.0616509715560007,2.976,0.00023493571428634397,-2.0904100201190476,False
mp-19294,LiFeP2O7,"Fe,Li,O,P",3.0717280197352737,2.5994,0.0,-2.525759379329004,True
mp-19394,LiV2O4,"Li,O,V",4.135503957644958,0.0,0.038990511785717885,-2.4817163183333335,False
mp-19408,LiV2O5,"Li,O,V",3.131177107226101,1.2036000000000002,0.03457993281250005,-2.4288185669791673,False
mp-19445,LiLa4NiO8,"La,Li,Ni,O",6.7518343983033295,1.5155385504382322,0.012339858452378394,-3.1841783123809537,False
mp-19492,LiMn(PO3)3,"Li,Mn,O,P",2.968286534140668,4.3259,0.0005030067856859333,-2.633280241263781,False
mp-20052,LiMnAsO4,"As,Li,Mn,O",3.912656679060426,1.6879000000000004,0.0,-2.0755706898234814,True
mp-20046,LiCoAsO4,"As,Co,Li,O",4.27352962516198,2.2041000000000004,0.0025418726190515883,-1.822704007976191,False
mp-21270,LiFe(GeO3)2,"Fe,Ge,Li,O",4.3609028981275975,2.7405,0.022486254749998658,-2.0714179218333326,False
mp-21496,LiLa4CuO8,"Cu,La,Li,O",6.734535413096046,0.7702,0.015669528214286466,-3.1673029602380955,False
mp-21549,LiCr(GeO3)2,"Cr,Ge,Li,O",4.381153715009818,2.7518,0.01968534000000144,-2.2390929405833324,False
mp-22042,LiCo2P3O10,"Co,Li,O,P",3.497419169558704,2.7489000000000003,0.001841549921876684,-2.3924018604538686,False
mp-22173,LiFe(GeO3)2,"Fe,Ge,Li,O",4.491054095390089,2.2946,0.02919872524999878,-2.064705451333333,False
mp-22243,LiNiAsO4,"As,Li,Ni,O",4.408197757532071,2.8263,0.0031989595238046675,-1.8140242094047625,False
mp-22417,LiNiPO4,"Li,Ni,O,P",3.7497306949661926,3.9578999999999995,0.0,-2.365048147210884,True
mp-22584,LiMn2O4,"Li,Mn,O",4.578418358252507,0.0,0.044978433571428056,-2.0231279091707717,False
mp-25385,Li(CuO2)2,"Cu,Li,O",4.599649327451558,0.0,0.04258028742857345,-1.0921938147619048,False
mp-25386,Li(FeO2)2,"Fe,Li,O",4.020542631449959,0.0,0.03237830128571595,-1.6918477347619043,False
mp-25388,Li(NiO2)2,"Li,Ni,O",4.633669771914237,0.0,0.025399250535715012,-1.1909938811904763,False
mp-25418,LiTiPCO7,"C,Li,O,P,Ti",2.2539302195785798,2.8265000000000002,0.024932997272729907,-2.672862814209956,False
mp-25421,LiVPCO7,"C,Li,O,P,V",2.400483067444196,1.8586,0.04697844136363738,-2.374524504134199,False
mp-25410,LiMnPO4F,"F,Li,Mn,O,P",3.2137756992618716,0.8695000000000002,0.0,-2.626758953863404,True
mp-25423,LiVPO4F,"F,Li,O,P,V",3.1041441868381128,1.6248000000000002,0.0,-2.837667615059525,True
mp-25422,LiVPO4,"Li,O,P,V",3.308582464353853,1.2636000000000003,0.006279420000027791,-2.6361033943537415,False
mp-25408,LiMnPCO7,"C,Li,Mn,O,P",2.586592950061829,0.9099999999999999,0.02064994275252907,-2.1885969723552026,False
mp-25407,LiFePO4F,"F,Fe,Li,O,P",3.2359712648195837,2.1778000000000004,0.005248857187499567,-2.549539476622024,False
mp-25465,LiCoPO4F,"Co,F,Li,O,P",3.373670173885891,0.808,0.03430815562499401,-2.347309817247024,False
mp-25447,LiCrPO4,"Cr,Li,O,P",3.2915125733648134,2.2508999999999997,0.005038788839279107,-2.566351388282313,False
mp-25448,LiCrPO4F,"Cr,F,Li,O,P",3.225401511779413,2.2771,0.0,-2.757145434122024,True
mp-25812,LiV2P5O16,"Li,O,P,V",2.641761558722386,0.03300099165228598,0.0,-2.683900550064484,True
mp-25825,LiFe4(PO4)3,"Fe,Li,O,P",3.6678769545940257,2.9784,0.049874921250005144,-2.3104273941130957,False
mp-25823,LiNi2(PO3)5,"Li,Ni,O,P",2.9048956372800756,4.0097,0.045577669891311956,-2.4062275722412005,False
mp-25817,LiCr2P3O11,"Cr,Li,O,P",3.257319158915708,1.0380000000000003,0.04965973411764146,-2.597094434838935,False
mp-25829,LiMn2P3O11,"Li,Mn,O,P",3.166511539414118,0.9234,0.04152188397058598,-2.480882986066115,False
mp-25840,LiTi2(PO4)3,"Li,O,P,Ti",2.851252343232118,2.5563,0.0009341681944174951,-3.017262740079365,False
mp-25838,LiCr2(PO4)3,"Cr,Li,O,P",3.056545628572709,0.0,0.04421951472221597,-2.4554927559589936,False
mp-25861,LiCr2(PO3)5,"Cr,Li,O,P",2.7352883924695677,2.6467,0.04921492609904732,-2.552454435067287,False
mp-25849,LiVP2O7,"Li,O,P,V",3.1763610131247324,2.0536999999999996,0.02752494659092264,-2.690828763419913,False
mp-25883,LiFe3(P3O10)2,"Fe,Li,O,P",2.674139154399437,2.4394,0.03190685936110693,-2.438690611373015,False
mp-25879,LiNi3P3O11,"Li,Ni,O,P",3.6819452075522268,3.7142999999999997,0.027191791527775067,-2.2564940084589944,False
mp-25889,LiCoPO4,"Co,Li,O,P",3.0633319974281297,3.2922000000000002,0.043095210357138036,-2.36099473792517,False
mp-25948,LiVP4O13,"Li,O,P,V",2.302435431457497,0.9416,0.020796174956136504,-2.524126822468672,False
mp-25927,LiNi(PO3)3,"Li,Ni,O,P",2.531161321398959,4.5463000000000005,0.028407534642870047,-2.469281062304422,False
mp-25911,LiV3(P3O10)2,"Li,O,P,V",2.4741981714908796,2.1257,0.04270848049997866,-2.644550894706349,False
mp-25955,LiMnP2O7,"Li,Mn,O,P",3.1344867177625733,0.0,0.034927045681818036,-2.530397824140917,False
mp-25969,LiMn4(PO4)3,"Li,Mn,O,P",3.6313220101510755,2.5146,0.047072409874997945,-2.532737863949302,False
mp-25975,LiCu(PO3)2,"Cu,Li,O,P",2.9905194514299716,2.2293000000000003,0.044857397958322665,-2.3128538137619046,False
mp-25977,LiFe(PO3)4,"Fe,Li,O,P",2.493968760026693,2.943,0.0,-2.5496898820502634,True
mp-25985,LiCr(PO3)4,"Cr,Li,O,P",2.52396696780671,3.7085,0.0013790621759266486,-2.641370724272486,False
mp-25961,LiFe(PO3)4,"Fe,Li,O,P",2.6827717135253697,2.3613,0.044715388888887375,-2.5049744931613755,False
mp-25963,LiFe(PO3)4,"Fe,Li,O,P",2.824919461585669,0.0,0.03701351972222078,-2.512676362328042,False
mp-25979,LiNi(PO3)4,"Li,Ni,O,P",2.660627959214978,0.894,0.042707553171286605,-2.382109170800265,False
mp-26001,LiNi(PO3)3,"Li,Ni,O,P",3.2084076824715844,4.7448,0.0,-2.4976885969472797,True
mp-26003,LiFe(PO3)3,"Fe,Li,O,P",2.7848808369828673,4.067,0.0,-2.5539848040901356,True
mp-26015,LiCo(PO3)3,"Co,Li,O,P",2.848661121364643,3.2647,0.0,-2.502126885518707,True
mp-26005,LiMn6P7O24,"Li,Mn,O,P",3.3163431272237274,3.5602,0.0,-2.5987176446952502,True
mp-26017,LiCoPO4,"Co,Li,O,P",3.0394973429243786,0.7424999999999997,0.004075114642851929,-2.4000148336394553,False
mp-756188,LiCu3O4,"Cu,Li,O",5.529200912415185,0.0,0.04611569062499932,-1.1505724860416668,False
mp-756201,LiVFeO4,"Fe,Li,O,V",3.6369901711979953,2.2008,0.014798152410717691,-2.2103885561904764,False
mp-756218,LiVCrO4,"Cr,Li,O,V",4.13619110025981,1.1529999999999996,0.0005200259821478426,-2.460201116904763,False
mp-756257,LiV4CuO12,"Cu,Li,O,V",3.129972262653215,0.38710000000000006,0.04364892003472054,-2.0843625407407407,False
mp-756254,LiNiSbO4,"Li,Ni,O,Sb",5.142315928378754,1.5918999999999999,0.0,-1.8821763740476196,True
mp-756275,LiTiCrO4,"Cr,Li,O,Ti",3.7813422446691956,1.6508999999999996,0.0,-2.8864166684523807,True
mp-756295,LiVAsCO7,"As,C,Li,O,V",2.701231479051991,1.9692,0.04985753545454319,-2.022574075075758,False
mp-756311,LiFeSnO4,"Fe,Li,O,Sn",4.86267455932877,1.6326999999999998,0.0014347419642870562,-2.013281224404761,False
mp-756333,LiFe2P2HO8,"Fe,H,Li,O,P",3.1477140325796307,3.5894000000000004,0.035380371964291335,-2.2776255734906448,False
mp-756366,LiMnNiO4,"Li,Mn,Ni,O",4.3836513727054625,0.19090000000000007,0.0,-1.7064839194663395,True
mp-756371,LiMn2O4,"Li,Mn,O",4.100956138848546,0.2907000000000002,0.04626669571428632,-2.0218396470279134,False
mp-756415,LiNbFeO4,"Fe,Li,Nb,O",4.389968592291483,2.1149000000000004,0.0,-2.4957438940476186,True
mp-756504,LiMn3CrO8,"Cr,Li,Mn,O",4.0865074659283644,1.1147999999999998,0.018381067564103404,-2.021911351317418,False
mp-756507,LiFePHO5,"Fe,H,Li,O,P",3.1726709405721625,4.432116111185991e-05,0.0,-2.239608244914022,True
mp-756502,LiV(TeO4)3,"Li,O,Te,V",4.895521139576815,1.4234999999999998,0.030792497573530753,-1.6311366090196078,False
mp-756529,LiMnPCO7,"C,Li,Mn,O,P",2.596989023650029,0.9189,0.01922003184343879,-2.1900268832642933,False
mp-756531,LiNd6(CuO6)2,"Cu,Li,Nd,O",6.753651849951123,0.0,0.025656944035711504,-3.0535684137301593,False
mp-756548,LiV5(BO5)2,"B,Li,O,V",4.035159695995979,0.0,0.021503986177670242,-2.5373866623148142,False
mp-756557,LiY4Ti4(S2O5)2,"Li,O,S,Ti,Y",4.143445083548434,0.0,0.020244042913043714,-3.190923624637682,False
mp-756773,Li(CoO2)2,"Co,Li,O",4.675201486227901,0.5920000000000001,0.04272132053571376,-1.463757071904762,False
mp-756797,LiNiSnO4,"Li,Ni,O,Sn",5.175195582843013,0.34620000000000006,0.006895322440476193,-1.7523396919047625,False
mp-756823,LiMg2Mn3O8,"Li,Mg,Mn,O",3.8738475650852013,0.0,0.024940516160714132,-2.309574234794746,False
mp-756865,LiCrPO4,"Cr,Li,O,P",3.3610106170734726,2.4892000000000003,0.0222095088392793,-2.5491806682823133,False
mp-756864,LiCrSnO4,"Cr,Li,O,Sn",5.092909932851274,2.3777,0.0,-2.279595191904762,True
mp-756861,LiLa4Ti3O12,"La,Li,O,Ti",5.993685269653346,0.0,0.0306488670000018,-3.6487660511666666,False
mp-756858,LiV3O8,"Li,O,V",3.2953489905084625,1.7675,0.028464798750004405,-2.3184465502777782,False
mp-756943,LiVNiO4,"Li,Ni,O,V",4.17279189269679,2.5579,0.0011195535714270122,-2.1110403397619057,False
mp-756958,LiFePO4,"Fe,Li,O,P",2.837911591903285,3.5818,0.008219499285714527,-2.471676515425169,False
mp-757027,LiFePO4,"Fe,Li,O,P",2.882703066480476,3.5233,0.01592668785714224,-2.4639693268537406,False
mp-757037,LiFeSi3O8,"Fe,Li,O,Si",2.7412301137776223,3.3579,0.03648790775641064,-2.84630608602564,False
mp-757073,Ba4LiY2Cu5O14,"Ba,Cu,Li,O,Y",5.87862515126769,0.0,0.02414033295405993,-2.258967747435897,False
mp-757097,LiFePO4,"Fe,Li,O,P",2.9194648177495752,3.523,0.013923372857142624,-2.465972641853741,False
mp-757096,LiCrPO4,"Cr,Li,O,P",2.982098898312773,3.0056,0.04499406872023215,-2.52639610840136,False
mp-757231,LiMn2P2HO8,"H,Li,Mn,O,P",2.719198211855738,3.3759,0.037413593660704514,-2.432383750695081,False
mp-757306,LiCu(PO3)4,"Cu,Li,O,P",2.6076065784946874,0.5950000000000001,0.01599767907406502,-2.3293605795502645,False
mp-757307,LiV(SiO3)2,"Li,O,Si,V",3.1283639646255272,2.0452999999999997,0.029251357374999287,-2.945193912333335,False
mp-757319,LiVPO4,"Li,O,P,V",3.4173930787086357,2.6677,0.009842028809551095,-2.6325407855442173,False
mp-757359,LiFe2(PO4)2,"Fe,Li,O,P",2.7553004676076287,1.5209000000000001,0.039931206346154546,-2.380744783278388,False
mp-757358,LiMnPO5,"Li,Mn,O,P",3.381859475683896,1.2614999999999998,0.025899476597227356,-2.3485437748009037,False
mp-757374,LiTi3V(PO4)6,"Li,O,P,Ti,V",2.763456374842243,1.2412999999999998,0.014664702642862792,-2.8839434828911563,False
mp-757406,LiFePO4,"Fe,Li,O,P",2.9081413852832516,3.4944,0.04548655285714265,-2.4344094618537406,False
mp-757419,LiTi(SiO3)2,"Li,O,Si,Ti",3.2353071908242006,0.17879999999999985,0.038861226991670605,-3.1297535340416673,False
mp-757447,LiFeSiO4,"Fe,Li,O,Si",2.67044439398329,3.1533,0.04424487142857281,-2.5042313936904756,False
mp-757449,LiFe(SiO3)2,"Fe,Li,O,Si",3.335080034072235,2.7455,0.010379534416665948,-2.7554032543333333,False
mp-757527,LiTi6O12,"Li,O,Ti",3.8686129792767048,0.0,0.03982902026315038,-3.3717571991228077,False
mp-757596,LiFeSi3O8,"Fe,Li,O,Si",2.7034449931742417,3.1603999999999997,0.049405421987179565,-2.8333885717948712,False
mp-757604,LiCr(SiO3)2,"Cr,Li,O,Si",3.3398254698444187,3.1566,0.006938639666667967,-2.923718253083332,False
mp-757630,LiCoPO4,"Co,Li,O,P",3.093211321418449,3.0892,0.04471170523809054,-2.3593782430442167,False
mp-757672,LiCoPO4,"Co,Li,O,P",3.0418300470644914,2.7779999999999996,0.045490595357136954,-2.3585993529251703,False
mp-757681,LiNiPO4,"Li,Ni,O,P",3.1104647962960263,3.3735,0.03509353499999879,-2.3299546122108845,False
mp-757720,LiV(CO3)2,"C,Li,O,V",2.323638327664515,1.897,0.03130591149999873,-2.1097569158333336,False
mp-757764,LiMnPO5,"Li,Mn,O,P",3.3466038193843337,0.0,0.04819698909722803,-2.326246262300903,False
mp-757759,LiMnPO5,"Li,Mn,O,P",3.4333231324418807,0.3419000000000003,0.03737697253472749,-2.3370662788634036,False
mp-757758,LiTi3Nb(PO4)6,"Li,Nb,O,P,Ti",2.832230415725319,2.5172999999999996,0.012087736571441354,-2.9800119068911566,False
mp-757804,LiCoPO4,"Co,Li,O,P",3.024995811597105,3.1147,0.005478792499993723,-2.398611155782313,False
mp-757803,LiTi2V3O12,"Li,O,Ti,V",2.8946950536350955,2.2849,0.017602541944436112,-2.736890009027778,False
mp-757809,LiMnPO4,"Li,Mn,O,P",3.201824207587961,3.4096,0.04778647452380369,-2.5856422588200796,False
mp-757813,LiCoSbO4,"Co,Li,O,Sb",5.167210459071806,1.4278999999999997,0.01487695428571989,-1.878950433690477,False
mp-757842,LiVCoO4,"Co,Li,O,V",4.083644577841779,1.4663,0.035572931703296895,-2.094816608333333,False
mp-757829,LiCrPO4,"Cr,Li,O,P",3.033594656576119,2.9298999999999995,0.04618593574404084,-2.5252042413775513,False
mp-757866,LiMn(SiO3)2,"Li,Mn,O,Si",3.3427859613715456,0.08639999999999981,0.036747674359703275,-2.8096728130014377,False
mp-757908,LiFeP2O7,"Fe,Li,O,P",3.0900439145944514,2.2834,0.043609396590909455,-2.4821499827380946,False
mp-757902,LiCoPO4,"Co,Li,O,P",3.0575094635714315,2.9087000000000005,0.04072080857142257,-2.3633691397108842,False
mp-757931,LiV(PO3)3,"Li,O,P,V",2.316720375348941,2.5322,0.041961093897944224,-2.613703838018707,False
mp-757927,LiMn3Al2(HO2)6,"Al,H,Li,Mn,O",3.2079393477576166,0.0,0.02250732166666669,-2.0262436822761014,False
mp-757934,LiNiPO4,"Li,Ni,O,P",3.0454203451269453,3.4387,0.034241174285713605,-2.33080697292517,False
mp-757936,LiCoPO4,"Co,Li,O,P",3.079870397142142,3.1546000000000003,0.004493792857136469,-2.39959615542517,False
mp-757970,LiNiPO4,"Li,Ni,O,P",3.4979072194680647,3.6709000000000005,0.04481344535714271,-2.3202347018537415,False
mp-757975,LiMn2O4,"Li,Mn,O",4.0087757767469725,0.617,0.04951280357142718,-2.018593539170772,False
mp-757999,LiV(CO3)2,"C,Li,O,V",2.947002578571719,1.9825000000000002,0.04809394124999855,-2.0929688860833346,False
mp-758022,LiCoPO4,"Co,Li,O,P",2.985359227631822,3.2239,0.0,-2.404089948282313,True
mp-758130,LiVP2O7,"Li,O,P,V",3.0633329429999328,0.17749999999999977,0.035507948409104984,-2.6828457616017314,False
mp-758148,LiNiPO4,"Li,Ni,O,P",3.128956717862046,3.5117999999999996,0.03760035928571348,-2.3274477879251703,False
mp-758184,LiFe(PO3)3,"Fe,Li,O,P",3.026943324927202,4.0098,0.005244911249999262,-2.548739892840137,False
mp-758231,LiMn3Al2(HO2)6,"Al,H,Li,Mn,O",3.216079472705479,0.13090000000000002,0.024508548541666286,-2.0242424554011014,False
mp-758248,LiCoPO4,"Co,Li,O,P",3.071085279055741,2.9506000000000006,0.047497538571422915,-2.356592409710884,False
mp-758241,LiCrSiO4,"Cr,Li,O,Si",3.8370543465317284,2.7106,0.04432821357142824,-2.7396824858333337,False
mp-758307,LiV(PO3)3,"Li,O,P,V",2.9396712067331565,2.8372,0.018613022290801418,-2.6370519096258502,False
mp-758328,LiMn3Al2(HO2)6,"Al,H,Li,Mn,O",3.2437621835138777,0.0,0.02529239291666663,-2.023458611026101,False
mp-758339,LiMn3Al2(HO2)6,"Al,H,Li,Mn,O",3.2301313157750724,0.3788999999999998,0.021622633541666048,-2.0271283704011016,False
mp-758346,LiMn3Al2(HO2)6,"Al,H,Li,Mn,O",3.224793194812401,0.8297999999999999,0.017953552083334046,-2.0307974518594345,False
mp-758348,LiMn3Al2(HO2)6,"Al,H,Li,Mn,O",3.3151112390416837,0.0,0.03885441583333282,-2.009896588109435,False
mp-758360,LiVP2O7,"Li,O,P,V",2.8173633680056334,2.2423,0.043828795681832844,-2.6745249143290035,False
mp-758373,LiCoPO4,"Co,Li,O,P",3.0701908543680387,3.1530000000000005,0.005501331964280709,-2.3985886163180266,False
mp-758390,LiNiPO4,"Li,Ni,O,P",3.834862760397233,3.6481000000000003,0.022051417499999282,-2.342996729710884,False
mp-758472,LiMnCO4,"C,Li,Mn,O",3.103309830885875,1.0439999999999998,0.01955117136904594,-2.05323571089491,False
mp-758506,LiFeSiO4,"Fe,Li,O,Si",2.8729706341287002,3.0258,0.021350287142859692,-2.5271259779761897,False
mp-758507,LiFeSiO4,"Fe,Li,O,Si",2.8968582226772295,2.9586,0.03276194035714486,-2.515714324761904,False
mp-758499,LiFeSiO4,"Fe,Li,O,Si",2.899283317656018,2.9611,0.027755231071431297,-2.520721034047618,False
mp-758562,LiFeSiO4,"Fe,Li,O,Si",2.9536043138349135,2.6843,0.011708977500002327,-2.5367672876190475,False
mp-758574,LiFeSiO4,"Fe,Li,O,Si",2.8753599827639453,2.963,0.034980864285715896,-2.513495400833333,False
mp-758583,LiVP2O7,"Li,O,P,V",2.7120046411832748,2.2103,0.03992466954546803,-2.678429040465368,False
mp-758612,LiMn(PO3)3,"Li,Mn,O,P",2.6926448493090187,1.9428999999999998,0.040712044464258135,-2.593071203585209,False
mp-758629,LiCrCo3O8,"Co,Cr,Li,O",4.2802361391795944,0.0,0.025791755288445017,-1.5078762929487182,False
mp-758624,LiCuPO4,"Cu,Li,O,P",3.2305505895545448,0.0,0.04928105642856817,-2.18618154542517,False
mp-758642,LiMn3(P3O10)2,"Li,Mn,O,P",2.7516088387344584,0.4898999999999999,0.04108855374998743,-2.481390695999452,False
mp-758671,LiMn(PO3)3,"Li,Mn,O,P",2.956995070043273,4.1212,0.007241664642829271,-2.6265415834066377,False
mp-758678,LiFe(PO3)3,"Fe,Li,O,P",2.791122142018846,3.7582000000000004,0.04406079196428436,-2.5099240121258513,False
mp-758685,LiFe(PO3)3,"Fe,Li,O,P",2.431046620738586,3.6637999999999997,0.0425432910714294,-2.5114415130187067,False
mp-758697,LiMnP2O7,"Li,Mn,O,P",3.1657782676080193,0.6957,0.019198791818182848,-2.546126078004553,False
mp-758686,LiMn3Al2(HO2)6,"Al,H,Li,Mn,O",3.2184113522344475,0.7926000000000002,0.017937739375000206,-2.0308132645677683,False
mp-758683,LiMnPO4F,"F,Li,Mn,O,P",3.3002047827198955,0.9579000000000002,0.019540486874999985,-2.607218466988404,False
mp-758721,LiV2P2H5O11,"H,Li,O,P,V",2.544391968571065,0.0,0.040252007261905476,-2.1663129918509068,False
mp-758733,LiMn3Al2(HO2)6,"Al,H,Li,Mn,O",3.2290538232754074,0.24960000000000004,0.023014354791667024,-2.025736649151101,False
mp-758753,LiMn6O12,"Li,Mn,O",3.916422305783047,0.0,0.049139267592100744,-1.865668853908046,False
mp-758797,LiCu(PO3)3,"Cu,Li,O,P",3.125570670199567,0.17389999999999994,0.049747628571441105,-2.353151497661565,False
mp-758824,LiMnPH2O5,"H,Li,Mn,O,P",2.5473532099404026,3.87,0.021394246000000727,-2.206006765340722,False
mp-758825,LiFeSiO4,"Fe,Li,O,Si",2.522268427757299,2.9924,0.04143465654762135,-2.5070416085714284,False
mp-758869,LiV2(PO4)3,"Li,O,P,V",2.922922398848706,1.2290999999999999,0.016202075555584727,-2.638784241514551,False
mp-758921,LiFePO4,"Fe,Li,O,P",3.134089558896703,3.5928999999999998,0.04098645071428564,-2.438909563996598,False
mp-758939,LiFeSiO4,"Fe,Li,O,Si",2.8431885699126145,2.839,0.04194974107143068,-2.506526524047618,False
mp-758986,LiMn(PO3)4,"Li,Mn,O,P",2.9152071314329837,1.0613000000000001,0.02850201291666732,-2.54648460082421,False
mp-759026,LiMn3P2(HO3)4,"H,Li,Mn,O,P",3.159532508698563,0.9459,0.03835038782197753,-2.082248709723279,False
mp-759018,LiMn2(PO4)3,"Li,Mn,O,P",3.125933065914393,0.7797000000000003,0.039193724583331147,-2.343077541562444,False
mp-759033,LiFe(PO3)4,"Fe,Li,O,P",2.922943661829933,2.4755000000000003,0.02665056861110937,-2.523039313439154,False
mp-759087,LiFeSiO4,"Fe,Li,O,Si",2.8878403476449384,2.9793000000000003,0.03260564875000238,-2.5158706163690465,False
mp-759104,LiV3P2(HO3)4,"H,Li,O,P,V",3.0190260248004743,2.1058,0.018740911249995662,-2.2900241781872293,False
mp-759118,LiMn3Al2(HO2)6,"Al,H,Li,Mn,O",3.226987352983448,0.5964,0.0003205189583335155,-2.0484304849844346,False
mp-759135,LiNi4(PO4)3,"Li,Ni,O,P",3.73683611418755,2.8931,0.048060848374997356,-2.1520493161130956,False
mp-759232,LiMnV(P2O7)2,"Li,Mn,O,P,V",2.892912619724983,1.3469000000000002,0.0,-2.594715559515989,True
mp-759301,Li(CoO2)3,"Co,Li,O",4.792208984695618,0.0,0.015680742374997614,-1.360583930333334,False
mp-759316,LiMn2O3F,"F,Li,Mn,O",3.8664946601292685,0.0,0.04786109526786486,-2.2947660655993443,False
mp-759353,LiCo5O8,"Co,Li,O",5.341967240767686,0.0,0.041137204910714154,-1.3572711034523823,False
mp-759377,LiTi2(PO4)3,"Li,O,P,Ti",2.8485658007967714,2.5726,0.0035209511110831926,-3.0146759571626993,False
mp-759401,LiFeSiO4,"Fe,Li,O,Si",2.8665428234285955,3.1054,0.023663747589287354,-2.524812517529761,False
mp-759423,LiCr(PO3)4,"Cr,Li,O,P",2.922960398939723,1.7675000000000005,0.03378533967592645,-2.6089644467724864,False
mp-759435,LiCu(PO3)3,"Cu,Li,O,P",3.182196055723969,0.3971,0.008968164107154841,-2.393930962125851,False
mp-759529,LiVFe(P2O7)2,"Fe,Li,O,P,V",2.9137114406753515,1.509,0.008939678333289791,-2.5649457350907037,False
mp-759579,LiMnPH2O5,"H,Li,Mn,O,P",2.838665997459347,3.3891,0.04368393137500082,-2.1837170799657217,False
mp-759712,LiMnPO4F,"F,Li,Mn,O,P",3.1178146804821334,0.9038,0.030016364999999823,-2.596742588863404,False
mp-759719,LiMn2P2(O4F)2,"F,Li,Mn,O,P",3.162360942212343,0.0,0.045854211547615265,-2.461185286398741,False
mp-759761,LiVFe(P2O7)2,"Fe,Li,O,P,V",2.9173787121165957,1.5781,0.00831460071424317,-2.5655708127097503,False
mp-759767,LiCu(PO3)3,"Cu,Li,O,P",2.612271363627094,0.6400999999999999,0.049451780892869834,-2.353447345340136,False
mp-759771,LiNi(PO3)3,"Li,Ni,O,P",2.9683915198932516,3.8064,0.04928482750001262,-2.4484037694472796,False
mp-759793,LiTi2(PO4)3,"Li,O,P,Ti",2.8465275779921497,2.6006,0.0014938376388595742,-3.016703070634921,False
mp-759801,LiVFe(P2O7)2,"Fe,Li,O,P,V",2.9144907223595586,1.5942999999999998,0.008212864761862448,-2.565672548662131,False
mp-759820,LiVFe(P2O7)2,"Fe,Li,O,P,V",2.919289646525126,1.5996,0.008281464126941529,-2.565603949297052,False
mp-759903,LiVFe(P2O7)2,"Fe,Li,O,P,V",2.9145197642156195,1.6227999999999998,0.008124186190432425,-2.5657612272335606,False
mp-759930,LiVCr(P2O7)2,"Cr,Li,O,P,V",2.9231447152086916,1.2826000000000002,0.010283719999984342,-2.6414318560430843,False
mp-759941,LiVCr(P2O7)2,"Cr,Li,O,P,V",2.9147393731104008,1.3961000000000001,0.00899270658728657,-2.642722869455782,False
mp-760056,Na2LiMn(PO3)5,"Li,Mn,Na,O,P",2.5885211517626483,3.6781000000000006,0.04526488413194496,-2.5934296496765534,False
mp-760165,LiCu2(PO3)5,"Cu,Li,O,P",2.875599447940896,0.10329999999999995,0.049587631521744946,-2.2866478224585918,False
mp-760209,LiVCr(P2O7)2,"Cr,Li,O,P,V",2.9137025658311506,1.2967,0.009215451666650942,-2.6425001243764177,False
mp-760238,LiVCr(P2O7)2,"Cr,Li,O,P,V",2.9131027914645893,1.3305999999999998,0.008858788015857044,-2.642856788027211,False
mp-760286,LiVCr(P2O7)2,"Cr,Li,O,P,V",2.9169369034677084,1.3348,0.009168905714270537,-2.642546670328797,False
mp-760277,LiVCr(P2O7)2,"Cr,Li,O,P,V",2.9154260998538595,1.3746999999999998,0.009343413571413883,-2.6423721624716543,False
mp-760378,LiTi2O4,"Li,O,Ti",3.751547779887425,0.0,0.041519792857144466,-3.204690599285714,False
mp-760797,LiV24O58,"Li,O,V",3.386390153555053,0.0806,0.037016634397593506,-2.302563854738955,False
mp-761173,LiV(SO4)3,"Li,O,S,V",2.460797006931092,1.1113,0.03766798960784268,-1.8952524312254908,False
mp-761236,LiMnV(P2O7)2,"Li,Mn,O,P,V",2.902733407549353,1.3746999999999998,0.003660777619018063,-2.591054781896943,False
mp-761280,LiV(TeO4)3,"Li,O,Te,V",5.359462904359417,1.3811000000000004,0.048803521102942504,-1.613125585490196,False
mp-761322,LiNiBO3,"B,Li,Ni,O",3.5524584848960985,3.1186,0.04436541583332776,-2.1990993766666675,False
mp-761486,LiFePO4,"Fe,Li,O,P",2.9265788602810714,3.4886,0.023722244285714567,-2.456173770425169,False
mp-761527,LiMnPO4,"Li,Mn,O,P",2.816515851782998,3.4354,0.01559688107142243,-2.6178318522724617,False
mp-761817,LiNbVO4,"Li,Nb,O,V",4.27717656183263,1.2698,0.03731157973214394,-2.6709640236904764,False
mp-762019,LiV(CO3)2,"C,Li,O,V",3.0421063064151146,2.0016999999999996,0.0,-2.1410628273333336,True
mp-762012,LiNiPO4,"Li,Ni,O,P",3.2753289727661246,3.2464000000000004,0.04541777357142873,-2.3196303736394555,False
mp-762018,LiCoPO4,"Co,Li,O,P",3.076894476638985,3.1973,0.011435375714279772,-2.392654572568027,False
mp-762011,LiCrCoO4,"Co,Cr,Li,O",4.336918508560168,0.5632000000000001,0.026803994543648457,-1.8822504440476189,False
mp-762322,LiTi2(PO4)3,"Li,O,P,Ti",2.793448669161382,2.4778000000000002,0.009856118888860621,-3.00834078938492,False
mp-762521,LiMn3Al2(HO2)6,"Al,H,Li,Mn,O",3.215067612966635,0.4314,0.0214113577083328,-2.027339646234435,False
mp-762643,LiFeSiO4,"Fe,Li,O,Si",3.776737321799551,1.6568999999999998,0.04228050107143133,-2.506195764047618,False
mp-762644,LiFeSiO4,"Fe,Li,O,Si",2.5089537117933607,3.0816,0.03830996630952477,-2.510166298809525,False
mp-763655,LiMn3O6,"Li,Mn,O",4.039473072974581,0.30879999999999974,0.019893407508326355,-1.9779668917126443,False
mp-763610,LiCrSiO4,"Cr,Li,O,Si",3.5676901581021068,2.5476,0.01784602107142952,-2.7661646783333333,False
mp-763740,LiFeSiO4,"Fe,Li,O,Si",2.3228507214729635,2.9768999999999997,0.04740610035714532,-2.5010701647619036,False
mp-764348,LiFeSiO4,"Fe,Li,O,Si",2.883682835474309,2.9041,0.030461309642859646,-2.5180149554761897,False
mp-764462,LiMnV(P2O7)2,"Li,Mn,O,P,V",2.9043197902901525,1.2710000000000001,0.003456839999971706,-2.591258719515989,False
mp-764480,LiMnV(P2O7)2,"Li,Mn,O,P,V",2.9044433186506526,1.3140999999999998,0.003867441428543117,-2.590848118087418,False
mp-764481,LiMnV(P2O7)2,"Li,Mn,O,P,V",2.915957142024347,1.4209,0.00415705107140063,-2.5905585084445604,False
mp-764488,LiMnV(P2O7)2,"Li,Mn,O,P,V",2.9068661585409226,0.5587,0.0037691155952090938,-2.5909464439207515,False
mp-764484,LiMnV(P2O7)2,"Li,Mn,O,P,V",2.900931463667063,1.3442000000000003,0.0037335576190180575,-2.590982001896943,False
mp-764607,LiV(TeO4)3,"Li,O,Te,V",4.87484317242505,1.4647000000000001,0.0263243987500017,-1.6356047078431373,False
mp-764622,LiMnV(P2O7)2,"Li,Mn,O,P,V",2.9061254365607714,1.2189,0.003461409841240659,-2.5912541496747203,False
mp-764774,LiTi2V3O12,"Li,O,Ti,V",2.8532415414086763,2.3032,0.007443859999991531,-2.747048690972223,False
mp-764904,LiFe2(BO3)2,"B,Fe,Li,O",3.2135311159707114,0.0,0.04950118218750177,-2.27945724310606,False
mp-764928,LiVP2O7,"Li,O,P,V",3.166691216137588,2.0382,0.03798761704546827,-2.6803660929653677,False
mp-765022,LiVPO4,"Li,O,P,V",3.4118013940749328,2.6673999999999998,0.01070276011907545,-2.6316800542346934,False
mp-765159,LiCrCO4,"C,Cr,Li,O",3.2944185426226786,2.7558,0.029675039404758685,-2.1727633422619053,False
mp-765346,LiV(SiO3)2,"Li,O,Si,V",3.2405355298460496,2.1654999999999998,0.0,-2.9744452697083346,True
mp-765594,LiFePO4,"Fe,Li,O,P",2.931397274056826,3.4966999999999997,0.011425755892857659,-2.468470258818026,False
mp-765596,LiV2O5F,"F,Li,O,V",3.4910447279751122,2.1494,0.04928637111111023,-2.4342629209259266,False
mp-765613,Li(CuO)3,"Cu,Li,O",5.634377602639788,0.0,0.03736995714285918,-1.115489977261905,False
mp-765631,LiFeSi3O8,"Fe,Li,O,Si",2.690090098135134,3.1435999999999997,0.048490516410256035,-2.8343034773717948,False
mp-765857,LiCr(SiO3)2,"Cr,Li,O,Si",3.2116299901065317,2.9516999999999998,0.043026722416666274,-2.8876301703333342,False
mp-766000,LiVCr(P2O7)2,"Cr,Li,O,P,V",2.883906370416894,1.4875,0.006996314047603924,-2.6447192619954643,False
mp-765981,LiVFe(P2O7)2,"Fe,Li,O,P,V",2.8692956578599635,1.6041,0.005766721190433088,-2.5681186922335604,False
mp-766002,LiVCr(P2O7)2,"Cr,Li,O,P,V",2.8795409198110478,1.3979000000000001,0.006537007857128074,-2.6451785681859405,False
mp-765999,LiVCO4,"C,Li,O,V",3.163081315509493,1.7378000000000005,0.04003749541666668,-2.225194701547619,False
mp-766044,SrLiLa3FeO8,"Fe,La,Li,O,Sr",6.152774919949476,0.9437000000000006,0.011453054732137424,-3.0953088920238097,False
mp-766086,LiLa2Ti2CrO9,"Cr,La,Li,O,Ti",5.376633420204584,2.2594000000000003,0.04235916116666694,-3.3748802773333333,False
mp-766083,LiVSiO4,"Li,O,Si,V",3.6986174546021298,1.5010378778642055,0.048914379017849896,-2.795082007619048,False
mp-766078,LiV3Fe2CuO12,"Cu,Fe,Li,O,V",3.5866471324044613,0.7355,0.017189321578950256,-2.038248302280701,False
mp-766088,LiCr3Ni(SO4)6,"Cr,Li,Ni,O,S",2.974080333326507,2.3309,0.009440651035711234,-1.9826092782380953,False
mp-766098,LiTi3Sb(PO4)6,"Li,O,P,Sb,Ti",2.9738850646166424,2.4673,0.005811325142856205,-2.847361820891157,False
mp-766108,Ba3LiTi5(SbO7)3,"Ba,Li,O,Sb,Ti",5.25170151364916,2.3975,0.029786568560599136,-2.9811152436363644,False
mp-766121,LiVSiO4,"Li,O,Si,V",3.490268630643004,2.0519999999999996,0.010858164613088306,-2.833138222023809,False
mp-766136,LiFeP2O7,"Fe,Li,O,P",2.9133134604509756,2.4515,0.04518388954545394,-2.4805754897835497,False
mp-766205,SrLiLa15(CoO8)4,"Co,La,Li,O,Sr",6.658103926890355,0.8101000000000003,0.0393930859890439,-3.1533638260062906,False
mp-766208,Ba3LiTi5Nb3O21,"Ba,Li,Nb,O,Ti",4.88126686122993,2.0419,0.010862537878793432,-3.343356402727274,False
mp-766215,Na5LiFe6(SiO3)12,"Fe,Li,Na,O,Si",3.4114991319295758,2.7600000000000002,0.005518634986121818,-2.7299634536704995,False
mp-766388,LiMn2(PO4)2,"Li,Mn,O,P",3.31286100259149,0.34689999999999976,0.04591065416666762,-2.4999593732164964,False
mp-766456,LiFe2(PO4)2,"Fe,Li,O,P",2.780309840702222,1.5931000000000002,0.04173662000000089,-2.3789393696245416,False
mp-766459,LiCo2(PO4)2,"Co,Li,O,P",2.927327093402264,0.49810000000000004,0.03664767980769312,-2.2366432827014657,False
mp-766451,LiCo2(PO4)2,"Co,Li,O,P",2.9368348257786687,0.34020000000000006,0.04228580288461625,-2.231005159624542,False
mp-766464,LiFe2(PO4)2,"Fe,Li,O,P",2.757656039268319,1.7438000000000002,0.04683060653846294,-2.37384538308608,False
mp-766498,LiMnCO3F2,"C,F,Li,Mn,O",2.872613255141985,1.5588,0.0450462782291714,-2.307263552345546,False
mp-766523,LiCo2(PO4)2,"Co,Li,O,P",2.913971072062197,0.6711999999999999,0.027982297115385357,-2.2453086653937735,False
mp-766561,LiNd14(Cu3O14)2,"Cu,Li,Nd,O",6.962908494247438,0.0,0.009342513571424682,-3.0106138234353734,False
mp-766664,LiFeSiO4,"Fe,Li,O,Si",3.6436677855040345,1.6747,0.04544188023809603,-2.5030343848809533,False
mp-766811,LiCoPO4,"Co,Li,O,P",2.4721260743575435,2.9396999999999998,0.04827351964285054,-2.3558164286394563,False
mp-766880,LiCo2(PO4)2,"Co,Li,O,P",2.878765120588129,0.3906,0.04940079269230946,-2.22389016981685,False
mp-766923,LiVSiO4,"Li,O,Si,V",3.4349754992753403,1.8510999999999997,0.009758551874993415,-2.8342378347619044,False
mp-766948,LiMn10O20,"Li,Mn,O",4.0971889924016525,0.0,0.04956340239516166,-1.8295233523433443,False
mp-766995,LiLa3Ti2O9,"La,Li,O,Ti",5.8918555179523775,2.6852,0.03049858925000315,-3.6494358200000003,False
mp-767070,LiLa5Ti8O24,"La,Li,O,Ti",5.120231408396513,2.1172000000000004,0.039884356710524926,-3.626340367236843,False
mp-767222,LiFe2(PO4)2,"Fe,Li,O,P",3.6292361489071414,1.6011000000000002,0.032214802500001305,-2.3884611871245416,False
mp-767268,LiV9O22,"Li,O,V",3.4002837335648213,0.0,0.045902693124997285,-2.308598890885416,False
mp-767384,Ba2LiTi11O24,"Ba,Li,O,Ti",4.249563987849099,0.0,0.014405742664505894,-3.4569716307894733,False
mp-1567455,Li2Co(CO3)2,"C,Co,Li,O",2.655289035009726,3.0151000000000003,0.04923798590908923,-1.9339466196969708,False
mp-1567493,Li2V(CO3)2,"C,Li,O,V",2.355981919708544,3.1228,0.04986913173295626,-2.1308927592424256,False
mp-1568135,Li2Fe(CO3)2,"C,Fe,Li,O",2.4528293213912273,4.1415,0.04040492909090876,-1.9989787669696968,False
mp-1569254,Li2Ni2BiO6,"Bi,Li,Ni,O",5.780245521889608,0.8308999999999997,0.02375741200757986,-1.485754448333334,False
mp-1575669,Li2CoP2O7,"Co,Li,O,P",2.9472357224297463,3.2057,0.017526677013867342,-2.5109954984126976,False
mp-1573955,Li2VP2O7,"Li,O,P,V",2.8539124004729852,2.8697999999999997,0.04453120917534559,-2.6443232017460314,False
mp-1579309,Li2MnP2O7,"Li,Mn,O,P",2.6858306690052776,4.3759,0.037212172916639474,-2.6340323190736172,False
mp-1638898,Li2FePHO5,"Fe,H,Li,O,P",3.030254682284861,3.7896,0.04680596512499591,-2.2626005007559526,False
mp-1639439,Li2Ni2SbO6,"Li,Ni,O,Sb",4.878148884667793,0.006800000000000139,0.04728175833333381,-1.707517661060607,False
mp-1644021,Li2FeP2O7,"Fe,Li,O,P",2.7544834735749415,4.3451,0.03323583201388747,-2.5416418015376974,False
mp-1645783,Li2Si2NiO6,"Li,Ni,O,Si",2.9151761779239784,3.7949,0.035816276363644484,-2.656881666742424,False
mp-1648306,Li2FeP2O7,"Fe,Li,O,P",2.7666778101237024,4.3689,0.03356263430555284,-2.5413149992460315,False
mp-1661410,Li2Mn3FeO8,"Fe,Li,Mn,O",4.224948169387127,0.5552999999999999,0.03501854636903268,-1.976341573961412,False
mp-1662213,Li2Fe2P4H3O16,"Fe,H,Li,O,P",2.8487479356158287,0.0,0.04822570736111764,-2.225593939962522,False
mp-1661760,Li2Mn3FeO8,"Fe,Li,Mn,O",4.215010273217577,0.43699999999999983,0.03375079708331796,-1.9776093232471266,False
mp-1662321,Li2TiV3O8,"Li,O,Ti,V",3.8831658761554975,1.2624999999999997,0.025662784642852543,-2.7049563614285717,False
mp-1664329,Li2Mn2P4H3O16,"H,Li,Mn,O,P",2.9427418859440673,0.8808999999999999,0.03640370180555319,-2.280859207587043,False
mp-1663998,Li2Mn3FeO8,"Fe,Li,Mn,O",4.215106169227402,0.4568000000000003,0.03163486458331821,-1.9797252557471268,False
mp-1663191,Li2Fe2P4H3O16,"Fe,H,Li,O,P",2.841184730497311,0.0,0.049644299212969756,-2.224175348110669,False
mp-1664598,Li2Mn3FeO8,"Fe,Li,Mn,O",4.231375415000301,0.7011999999999996,0.033691331726175555,-1.9776687886042694,False
mp-1665188,Li2CrFe(PO4)2,"Cr,Fe,Li,O,P",3.364376344055194,2.5057,0.019913659646067394,-2.510004321139456,False
mp-1982622,Li2FeP2O7,"Fe,Li,O,P",2.959257715310619,4.0783,0.04715799888888661,-2.5277196346626982,False
mp-768020,Li2MnSiO4,"Li,Mn,O,Si",3.0368916625276348,2.8232,0.01962935218749884,-2.670455061824713,False
mp-768110,Li2Ti3CoO8,"Co,Li,O,Ti",3.798857958366561,2.4415999999999998,0.0,-2.9825733069047615,True
mp-768289,Li2FeBO4,"B,Fe,Li,O",3.1403842844260903,2.63,0.040235063749999966,-2.3103105794791663,False
mp-768312,Li2FeBO4,"B,Fe,Li,O",3.139621986292551,2.5281,0.040915714687500326,-2.309629928541666,False
mp-768412,Li2CoSnO4,"Co,Li,O,Sn",5.136674030205582,1.7159000000000004,0.02211738874999991,-1.9643554914583339,False
mp-768413,Li2FeNi3O8,"Fe,Li,Ni,O",4.491388806646026,0.0,0.03521650987621605,-1.3120567183333338,False
mp-768471,Li2FePCO7,"C,Fe,Li,O,P",2.758883236065472,2.3411999999999997,0.014101428229163382,-2.2892142196924605,False
mp-768485,Li2FePCO7,"C,Fe,Li,O,P",2.7461854039317584,2.1595,0.014159249270830898,-2.289156398650793,False
mp-768491,Li2FePCO7,"C,Fe,Li,O,P",2.7389340183898936,2.2695999999999996,0.01306680822916384,-2.29024883969246,False
mp-768508,Li2FePCO7,"C,Fe,Li,O,P",2.734252567288208,2.1050999999999997,0.013531320520829837,-2.2897843274007936,False
mp-768548,Li2MnV(PO4)3,"Li,Mn,O,P,V",2.9019974282183796,1.0845,0.014122848815792288,-2.596951694922435,False
mp-768547,Li2MnV(PO4)3,"Li,Mn,O,P,V",2.9240948798796027,1.0027999999999997,0.011854159868423864,-2.599220383869804,False
mp-768545,Li2MnV(PO4)3,"Li,Mn,O,P,V",2.920767972724539,0.9468000000000001,0.01682477460526499,-2.5942497691329622,False
mp-768550,Li2MnV(PO4)3,"Li,Mn,O,P,V",2.9084325569057805,1.1412,0.02635144644737064,-2.5847230972908566,False
mp-768549,Li2MnV(PO4)3,"Li,Mn,O,P,V",2.8952903545471598,0.9026000000000001,0.015422345657897907,-2.5956521980803293,False
mp-768567,Li2MnV(PO4)3,"Li,Mn,O,P,V",2.911514701636042,1.1589999999999998,0.02896415513158157,-2.5821103886066457,False
mp-768590,Li2Ni2(SO4)3,"Li,Ni,O,S",3.210164572023001,3.5479000000000003,0.015751782500000644,-1.9166288202192978,False
mp-768580,Li2MnV(PO4)3,"Li,Mn,O,P,V",2.915627601377724,1.1712,0.025319130131581602,-2.585755413606646,False
mp-768596,Li2MnV(PO4)3,"Li,Mn,O,P,V",2.9258303157794443,0.891,0.028044346710529133,-2.5830301970276976,False
mp-768645,Li2FePCO7,"C,Fe,Li,O,P",2.7187655000434665,2.4693,0.017146756562496535,-2.286168891359127,False
mp-768646,Li2FePCO7,"C,Fe,Li,O,P",2.728133883016935,2.4902,0.022367630729163146,-2.2809480171924608,False
mp-768644,Li2FePCO7,"C,Fe,Li,O,P",2.71270801375499,2.4490999999999996,0.023769213020830016,-2.279546434900794,False
mp-768640,Li2FePCO7,"C,Fe,Li,O,P",2.7238677273128142,2.4528999999999996,0.02382806406249749,-2.2794875838591264,False
mp-768624,Li2FePCO7,"C,Fe,Li,O,P",2.7178891126403273,2.4417999999999997,0.018376690520830685,-2.2849389574007932,False
mp-768648,Li2FePCO7,"C,Fe,Li,O,P",2.7211891583038597,2.454,0.020455968645830325,-2.282859679275793,False
mp-768659,Li2Co2(SO4)3,"Co,Li,O,S",3.1144771725899565,2.703,0.036282792763159044,-1.9131836110087717,False
mp-768681,Li2Cr3SnO8,"Cr,Li,O,Sn",4.386360026137196,0.0,0.03143878265873745,-2.2492703444047613,False
mp-768707,Li2FePCO7,"C,Fe,Li,O,P",2.709311958691158,2.4507999999999996,0.024090260520830853,-2.279225387400793,False
mp-768742,Li2Mn2(SO4)3,"Li,Mn,O,S",2.866041988003112,4.3938,0.012794903157892001,-2.13388588026467,False
mp-768832,Li2Cu2(SO4)3,"Cu,Li,O,S",3.162964976540877,0.23499999999999988,0.023142097499997405,-1.781498495219298,False
mp-768831,Li2Fe2(SO4)3,"Fe,Li,O,S",2.983649753879182,4.2958,0.01661025276314909,-2.0084532578508765,False
mp-768844,Li2Mn3CrO8,"Cr,Li,Mn,O",4.048387437771615,0.0,0.01730110228572279,-2.1302787864614112,False
mp-768896,Li2Ni2(SO4)3,"Li,Ni,O,S",3.033484030054635,0.0,0.008815751052631882,-1.9235648516666664,False
mp-768927,Li2MnPCO7,"C,Li,Mn,O,P",2.7070414295937213,0.513031838617177,0.030424194004624816,-2.3267640061867128,False
mp-768948,Li2MnPCO7,"C,Li,Mn,O,P",2.7192779968460092,0.0,0.030985644212957908,-2.32620255597838,False
mp-768945,Li2CrFeO4,"Cr,Fe,Li,O",4.130703425846744,1.6617000000000002,0.006851230416666354,-2.170326068333334,False
mp-769380,Li2TiSn3(PO4)6,"Li,O,P,Sn,Ti",3.4116659417227106,2.7486999999999995,0.006984568402779168,-2.6443123248015863,False
mp-769527,Li2MgCo13O28,"Co,Li,Mg,O",4.351485779564103,1.0534,0.039352647897720416,-1.2438242402651527,False
mp-769550,Li2Mn5(FeO6)2,"Fe,Li,Mn,O",4.217941123514676,0.3998000000000004,0.035171608333318005,-1.9556049729200877,False
mp-769597,Li2CoGe3O8,"Co,Ge,Li,O",5.064403949570539,2.4709,0.013278495535717028,-2.105510020654762,False
mp-769617,Li2VCrO4,"Cr,Li,O,V",3.9898383769461465,1.2694,0.02015516895833347,-2.43104627875,False
mp-769620,Li2VCrO4,"Cr,Li,O,V",3.9916007780178515,1.9324999999999997,0.011979511458332759,-2.4392219362500005,False
mp-769631,Li2Mn3NiO8,"Li,Mn,Ni,O",4.244158421441657,0.5476000000000001,0.01747268535714319,-1.933180654318555,False
mp-769658,Li2TiFeO4,"Fe,Li,O,Ti",3.92729620645804,0.8561000000000001,0.04319502562499533,-2.56365062375,False
mp-769635,Li2VCrO4,"Cr,Li,O,V",3.986808326880225,1.3192,0.020063410625000166,-2.431138037083333,False
mp-769636,Li2Cu2(SO4)3,"Cu,Li,O,S",3.0228283455915914,0.0,0.03308137842105108,-1.7715592142982448,False
mp-769653,Li2TiFe2O5,"Fe,Li,O,Ti",4.40069334713658,1.4740000000000002,0.04911731349999915,-2.3326630835000004,False
mp-770175,Li2Mn3FeO8,"Fe,Li,Mn,O",4.220982632341418,0.0,0.04853280672617544,-1.962827313604269,False
mp-770191,Li2V2(SO4)3,"Li,O,S,V",2.727470901361305,3.4617999999999998,0.046455135886422916,-2.1500046382456146,False
mp-770199,Li2CoSn3(PO4)6,"Co,Li,O,P,Sn",3.527235382503515,0.0,0.04691622953703778,-2.391588839431217,False
mp-770390,Li2Cr4O13,"Cr,Li,O",2.4060036804238027,1.5539,0.023441563719297065,-1.7304895108771932,False
mp-770383,Li2Cr2(SO4)3,"Cr,Li,O,S",2.806285024961645,2.2954,0.04884403287594452,-2.083754239166666,False
mp-770410,Li2Cr2(SO4)3,"Cr,Li,O,S",2.6903296837129775,2.5069999999999997,0.04576767366541734,-2.0868305983771935,False
mp-770477,Li2CuAsCO7,"As,C,Cu,Li,O",3.142689531725138,0.12069999999999992,0.04356025805555053,-1.748669122013889,False
mp-770534,Li2Mn3O7,"Li,Mn,O",4.12232843846231,1.3963999999999999,0.013383061006948083,-2.011608467954981,False
mp-770588,Li2FeH4(SO5)2,"Fe,H,Li,O,S",2.541077049059139,4.236700000000001,0.048862017105257394,-1.8017507508771937,False
mp-770598,Li2CoH8(CO5)2,"C,Co,H,Li,O",2.1636983344259395,3.0362,0.02536786195651164,-1.5909393807246377,False
mp-770629,Li2AlFeO4,"Al,Fe,Li,O",3.190142673396725,3.0927000000000002,0.033761349375000194,-2.4871787420833327,False
mp-770627,Li2MnFeO4,"Fe,Li,Mn,O",4.115018852473697,0.17870000000000008,0.03124055406249937,-2.0211628018247136,False
mp-770624,Li2CoPO4F,"Co,F,Li,O,P",3.279808976883866,2.9606000000000003,0.04991024486111062,-2.5231364825066134,False
mp-770678,Li2Cr2O7,"Cr,Li,O",2.8648652658512463,2.4367,0.023877214212120634,-1.8718963865151517,False
mp-770709,RbLi2Fe2(BO3)3,"B,Fe,Li,O,Rb",3.008320132972904,2.3855,0.024596515980391587,-2.3915042298039215,False
mp-770707,Li2AlFeO4,"Al,Fe,Li,O",3.0240103855714815,3.0695000000000006,0.03212076812499998,-2.488819323333333,False
mp-770704,Li2AlFeO4,"Al,Fe,Li,O",2.9436201177325723,3.0421,0.03292559281250007,-2.488014498645833,False
mp-770733,Li2AlFeO4,"Al,Fe,Li,O",2.958994474389132,3.0507,0.03308751218749961,-2.4878525792708333,False
mp-770764,Li2Fe(BO2)5,"B,Fe,Li,O",2.336762365626177,3.0402,0.019535402638894972,-2.644180773888889,False
mp-770856,Li2MnCrO4,"Cr,Li,Mn,O",4.072056568799493,0.6476999999999999,0.0238561378125004,-2.2603897708872127,False
mp-770853,Li2CoPO4F,"Co,F,Li,O,P",3.327449724749535,2.6148000000000002,0.035994524583332854,-2.5370522027843916,False
mp-770852,Li2TiNi2O5,"Li,Ni,O,Ti",4.751538022688164,2.0374000000000003,0.039484312999993776,-2.2369224489999993,False
mp-770862,Li2Cr2O7,"Cr,Li,O",2.6598094171896793,2.4529,0.037390301030303164,-1.858383299696969,False
mp-770851,Li2TiNi2O5,"Li,Ni,O,Ti",4.775396092311944,2.1103,0.047687693499993244,-2.2287190685,False
mp-770894,Li2CrPO4F,"Cr,F,Li,O,P",3.093253102468531,2.2453,0.013983521736099291,-2.6891856058399477,False
mp-770949,Li2VPCO7,"C,Li,O,P,V",2.658381260885249,2.2484,0.013545932604165145,-2.4739373742757937,False
mp-770967,Li2MnP2O7,"Li,Mn,O,P",2.70856887974045,4.0774,0.00656666437497222,-2.6646778276152845,False
mp-770972,Li2Ni3BiO8,"Bi,Li,Ni,O",5.819971456294967,0.32699999999999996,0.01156141250000342,-1.3546826724404764,False
mp-771016,Li2FeBO4,"B,Fe,Li,O",2.6789857354629625,2.395,0.0369681728125002,-2.313577470416666,False
mp-771027,Li2FeAsCO7,"As,C,Fe,Li,O",3.011802100763111,2.1987,0.026211699999994842,-1.9527329968055553,False
mp-771076,Li2Ti3VO8,"Li,O,Ti,V",3.7164065193578435,0.25680000000000014,0.037150200535730704,-3.074562339761904,False
mp-771112,Li2Mn3NiO8,"Li,Mn,Ni,O",4.269366510758148,1.3205,0.0,-1.9506533396756975,True
mp-771159,Li2V3WO8,"Li,O,V,W",4.96286784188459,1.5147000000000004,0.0005850828571478672,-2.4239996254761897,False
mp-771151,Li2MnAsCO7,"As,C,Li,Mn,O",2.990612836434485,0.7415000000000002,0.026254811597210548,-2.0141254676748095,False
mp-771575,Li2TiMn3O8,"Li,Mn,O,Ti",4.039909022823386,0.7279,0.026799954642864776,-2.382050965628079,False
mp-771658,Li2NiH12(SO7)2,"H,Li,Ni,O,S",2.1177680798375533,4.8361,0.0453213330645168,-1.560249456344086,False
mp-771708,Li2Ni3SbO8,"Li,Ni,O,Sb",5.168156351209434,0.0,0.029557892499996186,-1.5247786676190478,False
mp-771704,Li2Cr3SbO8,"Cr,Li,O,Sb",4.685316917837423,1.9309000000000003,0.007521525714285104,-2.318546847261904,False
mp-771712,Li2Fe3SbO8,"Fe,Li,O,Sb",4.68689739432382,1.8902,0.0,-1.9291776447619051,True
mp-771776,Li2Cr3NiO8,"Cr,Li,Ni,O",4.37489361002189,0.4205000000000001,0.04605280833333314,-2.019459474047618,False
mp-771836,Li2ScFe(SiO3)4,"Fe,Li,O,Sc,Si",3.1209828597640623,2.9333000000000005,0.008767615291661812,-3.0459465405833344,False
mp-771895,Li2Ni3WO8,"Li,Ni,O,W",5.805012010627786,0.0,0.03255441821428473,-1.6670057511904761,False
mp-771918,Li2MnPO4F,"F,Li,Mn,O,P",3.1251572279299515,3.5992999999999995,0.029435256527779785,-2.7247066358878396,False
mp-771960,Li2Ni3TeO8,"Li,Ni,O,Te",5.151965104154639,0.0,0.012020001785714385,-1.517521372738095,False
mp-771953,Li2NbNi3O8,"Li,Nb,Ni,O",4.735193280480619,0.0,0.04356199807142502,-1.7757593465476194,False
mp-771959,Li2Mn3WO8,"Li,Mn,O,W",5.541197918962657,0.0,0.048671843214286525,-2.152717911818555,False
mp-771971,Li2Mn3NiO8,"Li,Mn,Ni,O",4.350525385356441,1.0297,0.04715630214285671,-1.903497037532841,False
mp-772049,Li2Ti2O5,"Li,O,Ti",2.528230691695036,3.7603999999999997,0.03708509444444097,-3.120236325092593,False
mp-772115,Li2Cr3(CoO6)2,"Co,Cr,Li,O",3.001909216760855,1.9332000000000003,0.002351124802629556,-1.7578217362719304,False
mp-772133,Li2VAsCO7,"As,C,Li,O,V",2.9636146220538566,2.0674,0.04141836216666395,-2.1283700182638885,False
mp-772134,Li2Cr3Ni(SO4)6,"Cr,Li,Ni,O,S",2.9129363134065605,0.5190999999999999,0.0279509003472187,-1.9985507694907412,False
mp-772151,Li2Ti4O9,"Li,O,Ti",3.843823585615433,2.8924,0.013415855833333268,-3.2841991766666676,False
mp-772177,Li2Fe3CuO8,"Cu,Fe,Li,O",4.170477354092683,0.0,0.049116316464284715,-1.5338653376190468,False
mp-772240,Li2MnH4(SO5)2,"H,Li,Mn,O,S",2.544129882693993,4.4361999999999995,0.03426635605262618,-1.8740921383998792,False
mp-772267,Li2AlFeO4,"Al,Fe,Li,O",3.0112795114540467,3.1075,0.024562116874999873,-2.496377974583333,False
mp-772318,Li2Cr2O7,"Cr,Li,O",2.632811825645521,2.4928999999999997,0.048139634212120974,-1.8476339665151509,False
mp-772323,Li2Cr4O13,"Cr,Li,O",2.3483365214864897,1.5055,0.02409101621929821,-1.7298400583771922,False
mp-772333,Li2Ni3SbO8,"Li,Ni,O,Sb",5.245913307242179,0.42289999999999983,0.01450637321428161,-1.5398301869047626,False
mp-772416,Li2Ti3Sn(PO4)6,"Li,O,P,Sn,Ti",3.047605093071469,2.5061,0.002175978819444424,-2.8937209244312165,False
mp-772420,Li2Co3SnO8,"Co,Li,O,Sn",5.249854412612448,0.0,0.036968742410715016,-1.6666336751190474,False
mp-772429,Li2V(BO2)5,"B,Li,O,V",2.271748499290431,2.8421000000000003,0.0407926022916687,-2.744421657916667,False
mp-772430,Li2AlFeO4,"Al,Fe,Li,O",3.237127385562286,2.1542,0.04576571093750026,-2.4751743805208326,False
mp-772509,Li2NbV3O8,"Li,Nb,O,V",4.0520700304034145,1.1083000000000003,0.009065413303572356,-2.6441810790476197,False
mp-772569,Li2Ni2BiO6,"Bi,Li,Ni,O",5.807131437547393,0.0,0.03271943382576126,-1.4767924265151522,False
mp-772597,Li2CuNiO4,"Cu,Li,Ni,O",4.530344753793663,0.0,0.02142236541666609,-1.4528639895833333,False
mp-772612,Li2TiCr3O8,"Cr,Li,O,Ti",4.03344795820296,0.03410000000000002,0.041776418194444886,-2.542343447142857,False
mp-772578,Li2Mn3SnO8,"Li,Mn,O,Sn",4.6514643470075985,0.7262000000000004,0.003643716785720841,-2.1019525757471262,False
mp-772588,Li2V5B3O13,"B,Li,O,V",3.7478520308229846,1.9400999999999997,0.04378763293476773,-2.6095997397463777,False
mp-772591,Li2Mn2Si2O7,"Li,Mn,O,Si",3.047381387952923,2.4605,0.048240177564102815,-2.6832962978868258,False
mp-772783,Li2Mg3Ti6O16,"Li,Mg,O,Ti",3.4401395201219604,3.288,0.01656225490741825,-3.2985875965432085,False
mp-772839,Li2ZnCr3(SO4)6,"Cr,Li,O,S,Zn",2.8892545860930032,0.7164000000000001,0.02696430972221897,-2.0259546317129624,False
mp-772854,Li2NbV3O8,"Li,Nb,O,V",4.060701684980632,1.21,0.010540117232144652,-2.6427063751190474,False
mp-772868,Li2MgCr3(SO4)6,"Cr,Li,Mg,O,S",2.7432598671456105,0.9556999999999998,0.022582782946429347,-2.1194228712962957,False
mp-772964,Li2Cr3SnO8,"Cr,Li,O,Sn",4.50595379929178,0.20489999999999986,0.030892951408737268,-2.2498161756547614,False
mp-772967,Li2Cr3BiO8,"Bi,Cr,Li,O",5.157740480823087,0.3616999999999999,0.03536556926587586,-2.1240346608333334,False
mp-773051,Li2Mn3(SeO3)4,"Li,Mn,O,Se",3.7280347574536163,2.7672999999999996,0.0,-1.7388128640397507,True
mp-773039,Li2Ti6Zn3O16,"Li,O,Ti,Zn",4.131544838827319,2.849,0.001448613148133937,-3.0179365837654326,False
mp-773062,Li2Mn3CuO8,"Cu,Li,Mn,O",4.240698135114982,0.06570000000000009,0.013209582833331623,-1.8603878246756989,False
mp-773082,Li2V3CrO8,"Cr,Li,O,V",3.841086234995913,1.0848,0.010228198526789356,-2.4804857879761903,False
mp-773084,Ba6Li2Ti7Nb9O42,"Ba,Li,Nb,O,Ti",5.0174692133546595,0.0,0.012780779909103757,-3.267548283636364,False
mp-773087,Li2MgCu2(SiO3)4,"Cu,Li,Mg,O,Si",3.4922473798277576,0.4535,0.049382347261905934,-2.6595734491269845,False
mp-773105,Li2Zr7Fe(PO4)12,"Fe,Li,O,P,Zr",2.999263539714284,0.0,0.02301133742857253,-3.0032700147482987,False
mp-773118,Ba6Li2Ta9Ti7O42,"Ba,Li,O,Ta,Ti",6.550226393257425,0.0,0.006872653991319311,-3.410324074939395,False
mp-773163,Li2Fe3SnO8,"Fe,Li,O,Sn",4.647784311223733,0.0,0.008652488220236343,-1.8608730969047624,False
mp-773179,Li2TiCo3O8,"Co,Li,O,Ti",4.653818758150507,0.0,0.037415026160718234,-1.966310272857142,False
mp-773176,Li2CrAsCO7,"As,C,Cr,Li,O",3.0164043440320616,2.96,0.026140855555554232,-2.0940265703472227,False
mp-773325,Li2V3O8,"Li,O,V",3.3550226581935436,1.6301999999999999,0.0474509413461508,-2.4023160945512823,False
mp-773418,Li2NiSnO4,"Li,Ni,O,Sn",5.315102220176209,1.4935999999999998,0.013450210312500488,-1.9595862083333335,False
mp-773423,Li2V3WO8,"Li,O,V,W",4.985676642548399,1.7313000000000005,0.005583381071433635,-2.419001327261905,False
mp-773482,Li2V3FeO8,"Fe,Li,O,V",3.8542264394273618,1.2138,0.02676905763392945,-2.346177711726191,False
mp-773456,Li2MnCr3O8,"Cr,Li,Mn,O",4.088366905302623,0.0,0.031337588373014924,-2.223047792828407,False
mp-773804,Li2MnFe3O8,"Fe,Li,Mn,O",4.054155397267002,0.0,0.03112325516665848,-1.8183514267569794,False
mp-774164,Li2V3SnO8,"Li,O,Sn,V",4.30506000193691,1.1949,0.020113366964285007,-2.4091189342261905,False
mp-774276,Li2Cr3SnO8,"Cr,Li,O,Sn",4.438884964878002,0.9318,0.012503966051593984,-2.268205161011905,False
mp-774309,Li2MnV(P2O7)2,"Li,Mn,O,P,V",2.881318185694173,0.36339999999999995,0.012413605227258984,-2.6519405412804136,False
mp-774345,Li2Mn2(PO4)3,"Li,Mn,O,P",2.9948408909453903,0.9609,0.025254914356730218,-2.459698747708281,False
mp-774358,Li2MnV(P2O7)2,"Li,Mn,O,P,V",2.8712984848331593,0.47119999999999984,0.01215954681816811,-2.6521945996895053,False
mp-774393,Li2MnFe(BO3)2,"B,Fe,Li,Mn,O",3.2309254876407794,2.7044000000000006,0.00512706409721897,-2.4184230521886962,False
mp-774386,Li2Cr3P4(HO4)4,"Cr,H,Li,O,P",2.7307752228146853,2.8400000000000003,0.03207514862069338,-2.290420843973727,False
mp-774554,Li2Y14Ti14(S2O5)7,"Li,O,S,Ti,Y",4.14435580610457,0.0,0.010051659417721126,-3.2333337924472567,False
mp-774582,Li2Ti3MnO8,"Li,Mn,O,Ti",3.601739403447312,1.7513000000000005,0.02400584767856806,-3.0663342276498358,False
mp-774583,Li2Fe3SbO8,"Fe,Li,O,Sb",4.491335729484946,2.0734,0.0023680555357152855,-1.9268095892261903,False
mp-774631,Li2TiV3O8,"Li,O,Ti,V",3.900814406416413,0.34509999999999996,0.03451063910713792,-2.6961085069642863,False
mp-774639,Li2MnSiO4,"Li,Mn,O,Si",2.994500961129412,2.8799,0.011427185937499473,-2.6786572280747123,False
mp-774680,Li2Ti3NiO8,"Li,Ni,O,Ti",3.85614867310078,2.1304000000000003,0.041233697142857295,-2.917161681369049,False
mp-774694,Li2Ni3SnO8,"Li,Ni,O,Sn",4.974133449321668,0.0,0.03963521220238242,-1.4481788608333335,False
mp-774760,Li2Ti3CrO8,"Cr,Li,O,Ti",3.7255544059091745,0.0,0.005405782827379468,-3.0616784551190483,False
mp-774781,Li2Ni2SnO6,"Li,Ni,O,Sn",4.835120224326555,0.6304000000000003,0.035627296742424264,-1.6286312656060602,False
mp-774752,Li2MgTi3O8,"Li,Mg,O,Ti",3.409909553944672,3.2916,0.0,-3.236714967440475,True
mp-774798,Li2Mn3SnO8,"Li,Mn,O,Sn",4.445146767635916,0.6080999999999999,0.022802155714291672,-2.0827941368185554,False
mp-774797,Li2Ti3ZnO8,"Li,O,Ti,Zn",3.867060881097473,3.1267999999999994,0.0,-3.055663913869047,True
mp-774822,Li2Mn3CoO8,"Co,Li,Mn,O",4.2572190476519,0.0,0.017786280714299885,-1.9332590900328412,False
mp-774819,Li2Ni3SbO8,"Li,Ni,O,Sb",4.997137689024001,0.22350000000000003,0.021556508392852614,-1.532780051726191,False
mp-774820,Li2Mn3CrO8,"Cr,Li,Mn,O",4.254368018010428,0.0,0.042420386928579745,-2.1051595018185543,False
mp-774838,Li2Y14Ti14(S2O5)7,"Li,O,S,Ti,Y",4.145125839328297,0.0,0.01006908448101207,-3.233316367383966,False
mp-774906,Li2MnNi3O8,"Li,Mn,Ni,O",4.53200195354802,0.2229000000000001,0.013012959910716049,-1.4484255656855498,False
mp-774951,Li2MnCr3O8,"Cr,Li,Mn,O",3.993369221351718,0.6859999999999999,0.029967814980157215,-2.224417566221265,False
mp-775023,Li2Fe3SnO8,"Fe,Li,O,Sn",4.46369416019203,0.0,0.021409631434521792,-1.848115953690476,False
mp-775011,Li2NbFe3O8,"Fe,Li,Nb,O",4.35741195965404,1.8009,0.025934929910716775,-2.1826626711904757,False
mp-775027,Li2Mn3CoO8,"Co,Li,Mn,O",4.245571761537408,0.6341000000000001,0.030470525000014348,-1.920574845747127,False
mp-775170,Li2AlCr2SbO8,"Al,Cr,Li,O,Sb",4.546661890341302,2.0373,0.009773758511903097,-2.4990120964285722,False
mp-775164,Li2NbCr3O8,"Cr,Li,Nb,O",4.181526914871226,2.2504,0.009600973571432192,-2.559328634761904,False
mp-775161,Li2Ti3VO8,"Li,O,Ti,V",3.6517384562954383,0.5531999999999995,0.0006231750000154079,-3.111089365297619,False
mp-775166,Li2TiMn3O8,"Li,Mn,O,Ti",3.8909979029118285,0.7382,0.015388668928579818,-2.3934622513423642,False
mp-775165,Li2Mn3CuO8,"Cu,Li,Mn,O",4.3316331779221,0.0,0.033049893011901865,-1.840547514497128,False
mp-775194,Li2Fe3WO8,"Fe,Li,O,W",5.284583303121448,1.2702999999999998,0.030262151428569695,-1.9672440933333328,False
mp-775189,Li2MnFe(PO4)2,"Fe,Li,Mn,O,P",3.4041731036893963,4.020199999999999,0.002621203630954305,-2.5540411703964336,False
mp-775204,Li2V3WO8,"Li,O,V,W",5.205218587323644,1.4997000000000003,0.0027574171428614846,-2.421827291190477,False
mp-775261,Li2MnFe(BO3)2,"B,Fe,Li,Mn,O",3.2327205574925473,2.7141,0.005567974374995899,-2.417982141910919,False
mp-775281,Li2MnFe(BO3)2,"B,Fe,Li,Mn,O",3.230435896601716,2.7149,0.005641856597217831,-2.4179082596886974,False
mp-775271,Li2Cr3WO8,"Cr,Li,O,W",5.390990215916755,2.1889,0.01104083642857212,-2.3428865690476184,False
mp-775278,Li2MnV3O8,"Li,Mn,O,V",3.8389009986081275,1.3458,0.016981726696426946,-2.4294255031855494,False
mp-775285,Li2CoNi3O8,"Co,Li,Ni,O",4.622004162482425,0.03139999999999965,0.009349787946431043,-1.2838733449404762,False
mp-775291,Li2Mn2Cr3O12,"Cr,Li,Mn,O",2.801318372943453,1.7234,0.03903512921052954,-1.9525065506594068,False
mp-775292,Li2V(Si2O5)3,"Li,O,Si,V",2.5971847407837902,1.9546,0.03126196232639167,-3.051494560173611,False
mp-775295,Li2MnCr3O8,"Cr,Li,Mn,O",4.014501822964015,0.0,0.02082770587301397,-2.233557675328408,False
mp-775329,Na3Li2Fe5(SiO3)10,"Fe,Li,Na,O,Si",3.3746105376945437,2.7301999999999995,0.008298986966655875,-2.7356672977160916,False
mp-775306,Li2Ti3FeO8,"Fe,Li,O,Ti",3.6718673960589725,1.9457,0.004141965000002301,-3.000462087797619,False
mp-775326,Li2Ti3NiO8,"Li,Ni,O,Ti",3.827367244118316,2.7066,0.0,-2.958395378511906,True
mp-775327,Li2MnV3O8,"Li,Mn,O,V",3.7786289550028975,1.5656000000000003,0.009001584196425938,-2.437405645685549,False
mp-775328,Li2TiNi3O8,"Li,Ni,O,Ti",4.426362121548595,0.6650999999999998,0.04050667240186456,-1.7658573673214286,False
mp-775349,Li2Cr(Si2O5)3,"Cr,Li,O,Si",2.5485798925541876,1.4101000000000001,0.039665327812500095,-2.990837399756945,False
mp-775393,Li2Cr3SbO8,"Cr,Li,O,Sb",4.4738435889399275,2.8111999999999995,0.0,-2.32606837297619,True
mp-775412,NaLi2V3O9,"Li,Na,O,V",2.823244618640362,3.0393,0.01969171516667423,-2.390861973369732,False
mp-775479,Li2Fe3CuO8,"Cu,Fe,Li,O",4.161826806368632,0.0622999999999998,0.04257377057142797,-1.5404078835119037,False
mp-775484,Ba6Li2Ti16O39,"Ba,Li,O,Ti",4.494637601703861,2.3147,0.015576935396849123,-3.4656044776984127,False
mp-775492,Li2MnV3O8,"Li,Mn,O,V",3.820163323637283,0.9618000000000002,0.03251607044642668,-2.4138911594355497,False
mp-775461,Li2V3FeO8,"Fe,Li,O,V",3.850681883575341,1.1613000000000002,0.02886577013392877,-2.344080999226191,False
mp-775524,Li2V3FeO8,"Fe,Li,O,V",3.985114088386682,1.2463999999999995,0.037808381383928946,-2.335138387976191,False
mp-775564,Li2TiV3O8,"Li,O,Ti,V",3.757784880366515,1.2315000000000005,0.006079311607138038,-2.7245398344642857,False
mp-775679,Li2Mn3CrO8,"Cr,Li,Mn,O",4.061190185593656,0.6906999999999996,0.004192822821437403,-2.143387065925697,False
mp-775742,Li2Fe3TeO8,"Fe,Li,O,Te",4.6640347067337595,0.06780000000000008,0.04216059464285582,-1.7929600605952376,False
mp-775865,Li2Ti3MnO8,"Li,Mn,O,Ti",3.647417117178673,2.3697,0.0,-3.0903400753284083,True
mp-775903,Li2MnP2O7,"Li,Mn,O,P",2.7265639759706772,3.7889,0.01808342270830643,-2.653161069281951,False
mp-775874,Li2Ti3FeO8,"Fe,Li,O,Ti",3.7437486163418408,1.3264999999999998,0.030346759464286777,-2.9742572933333338,False
mp-775905,Li2MnP2O7,"Li,Mn,O,P",2.787478468798011,4.0492,0.029375897916639637,-2.6418685940736175,False
mp-775945,Li2MnFe(PO4)2,"Fe,Li,Mn,O,P",3.4004611213298532,3.6405999999999996,0.0024936953571437215,-2.554168678670244,False
mp-776063,Li2MnPO4F,"F,Li,Mn,O,P",3.0684618117754754,3.0801,0.027158774722223278,-2.7269831176933965,False
mp-776064,Li2VPO4F,"F,Li,O,P,V",3.03731240792992,2.6846,0.01700451176440243,-2.7454199813955023,False
mp-776085,Li2V3SnO8,"Li,O,Sn,V",4.635194868966005,0.5726000000000004,0.044716848571428436,-2.3845154526190475,False
mp-776115,Li2NbFe3O8,"Fe,Li,Nb,O",4.21589753405289,1.2802,0.047381835267859884,-2.161215765833333,False
mp-776112,Li2Fe3NiO8,"Fe,Li,Ni,O",4.184041471903214,0.0,0.03577263766625549,-1.5686779911904754,False
mp-776130,Li2V5O12,"Li,O,V",2.8761583297726747,0.0,0.03355151342105955,-2.43917377745614,False
mp-776146,Li2V3FeO8,"Fe,Li,O,V",3.8944197426000824,1.0216000000000003,0.03292374959821487,-2.340023019761905,False
mp-776285,Li2CrPCO7,"C,Cr,Li,O,P",2.7225672985849894,2.8952999999999998,0.012863353020833301,-2.4296444982341274,False
mp-776318,Li2FeNi3O8,"Fe,Li,Ni,O",4.531919020013971,0.03180000000000005,0.021206547911931217,-1.3260666802976186,False
mp-776393,Li2MnP2O7,"Li,Mn,O,P",2.8854600455357744,4.0615,0.04329764791663848,-2.6279468440736182,False
mp-776396,Li2MnP2O7,"Li,Mn,O,P",2.776089822773145,3.1414999999999997,0.04230106624997276,-2.628943425740284,False
mp-776741,Li2Mn3SbO8,"Li,Mn,O,Sb",4.4032850515788375,0.7369999999999997,0.0342432964285706,-2.07796491360427,False
mp-776769,Li2Fe2(PO4)3,"Fe,Li,O,P",2.8796653375845978,0.0,0.0418888391447334,-2.3827877376629076,False
mp-776870,Li2V3SnO8,"Li,O,Sn,V",4.483794361344485,1.2406000000000001,0.0,-2.4292323011904764,True
mp-776874,Li2V3(FeO6)2,"Fe,Li,O,V",2.8896006650593007,0.0,0.03313991710526221,-2.1298562503508776,False
mp-777396,Li2Mn3FeO8,"Fe,Li,Mn,O",4.057557297215849,0.8681000000000001,0.007325590654747138,-2.0040345296756974,False
mp-777480,Li2Ti3MnO8,"Li,Mn,O,Ti",3.688255780354481,1.4421999999999997,0.03343496553570979,-3.0569051097926936,False
mp-777511,Li2MnFe(BO3)2,"B,Fe,Li,Mn,O",3.246471464995852,3.0795000000000003,0.005424937083328807,-2.4181251792025855,False
mp-777573,Li2Fe2(SO4)3,"Fe,Li,O,S",2.8400350599321356,3.8848000000000003,0.008113624736832747,-2.016949885877193,False
mp-777570,Li2MnFe(BO3)2,"B,Fe,Li,Mn,O",3.2370558364590196,3.1508000000000003,0.0045449456249953,-2.419005170660919,False
mp-777653,Li2Cr3FeO8,"Cr,Fe,Li,O",3.9652961014669916,0.1177999999999999,0.04664628799603321,-2.1174095570833322,False
mp-777666,Li2V3CrO8,"Cr,Li,O,V",3.968803314175736,1.1225,0.028241259598217994,-2.4624727269047617,False
mp-777682,Li2NbV3O8,"Li,Nb,O,V",4.21135323969786,1.4940000000000002,0.0028931597321442126,-2.650353332619048,False
mp-777758,Li2MnFe(BO3)2,"B,Fe,Li,Mn,O",3.1856029888001105,3.1309000000000005,0.005642223958328252,-2.417907892327586,False
mp-777817,Li2Mn2(SO4)3,"Li,Mn,O,S",2.742661875767149,4.4361,0.004813057499997164,-2.1418677259225647,False
mp-777815,Li2MnFe(BO3)2,"B,Fe,Li,Mn,O",3.2302615987546504,2.7056000000000004,0.005261856597218895,-2.4182882596886963,False
mp-777803,Li2MnV(P2O7)2,"Li,Mn,O,P,V",2.8687948960361105,0.28690000000000015,0.012064311136349204,-2.6522898353713233,False
mp-777856,Li2MnFe(BO3)2,"B,Fe,Li,Mn,O",3.249460060519584,3.0498000000000003,0.004707945833328786,-2.418842170452585,False
mp-777909,Li2Cr2(PO4)3,"Cr,Li,O,P",2.9253236138878185,0.0,0.0322571157631657,-2.5638696971365906,False
mp-777896,Li2V3NiO8,"Li,Ni,O,V",4.042873118125917,1.6475999999999997,0.04124538714285553,-2.289423585476191,False
mp-777904,Li2Ti3CrO8,"Cr,Li,O,Ti",3.859704933899451,0.0,0.03289100818452262,-3.034193229761906,False
mp-778108,Li2MnV(P2O7)2,"Li,Mn,O,P,V",2.8850287754085255,0.601,0.012111377272712609,-2.65224276923496,False
mp-778123,Li2Mn3P4(HO4)4,"H,Li,Mn,O,P",2.7954368667480884,3.6289,0.028675827068962434,-2.3257532996217662,False
mp-778200,Li2MnV(P2O7)2,"Li,Mn,O,P,V",2.895622588566404,0.42820000000000014,0.01318973954544056,-2.651164406962232,False
mp-778184,Li2V2P7HO24,"H,Li,O,P,V",2.548991304424287,1.4868000000000001,0.043986131296296804,-2.464040349872685,False
mp-778197,Li2Cr3TeO8,"Cr,Li,O,Te",4.650828385226745,0.0,0.02293386205357173,-2.171037528809524,False
mp-778202,Li2MnFe(BO3)2,"B,Fe,Li,Mn,O",3.2269132599047237,2.6787,0.005138394930551016,-2.4184117213553638,False
mp-778232,Li2V3Cr2O12,"Cr,Li,O,V",2.9301508704669117,0.0,0.027379885676172222,-2.3273413249561394,False
mp-778246,Li2Mn2(PO4)3,"Li,Mn,O,P",2.9613846192879754,0.0,0.029632589883046734,-2.455321072181964,False
mp-778325,Li2TiV3O8,"Li,O,Ti,V",3.902741433630128,1.2078000000000002,0.023096407857138956,-2.707522738214286,False
mp-778486,Li2MnV(P2O7)2,"Li,Mn,O,P,V",2.8859261259506965,0.6505000000000001,0.012286654545440534,-2.6520674919622325,False
mp-778578,Li2Co2(SO4)3,"Co,Li,O,S",2.9786836970765513,2.9645,0.012899810657895472,-1.9365665931140348,False
mp-778674,Li2CrP4(H2O3)6,"Cr,H,Li,O,P",2.147178574311202,2.4080000000000004,0.033896985168911264,-1.9560360073037326,False
mp-778744,Li2MnNi(PO4)2,"Li,Mn,Ni,O,P",3.5246260316942255,3.0241,0.004494667500000382,-2.494743772777387,False
mp-778815,Li2CoP2O7,"Co,Li,O,P",2.8791350396434097,2.9811000000000005,0.014619120763867066,-2.513903054662698,False
mp-778841,Li2MnV(P2O7)2,"Li,Mn,O,P,V",2.8669971487694554,0.4790000000000001,0.01197059818180346,-2.6523835483258704,False
mp-778864,Li2Mn3(PO4)3,"Li,Mn,O,P",3.4030065511974805,0.013500000000000068,0.03963854550000878,-2.5368770289694162,False
mp-779056,Li2FeP2O7,"Fe,Li,O,P",2.806767257322583,3.9628,0.004362179305553937,-2.570515454246031,False
mp-779070,Li2NiP2O7,"Li,Ni,O,P",2.9449557303260505,4.312200000000001,0.004232519722227046,-2.5077568242460306,False
mp-779088,Li2MnV(PO4)3,"Li,Mn,O,P,V",2.9046224005397896,1.1678,0.021326957763160515,-2.5897475859750667,False
mp-779305,Li2FeBO4,"B,Fe,Li,O",3.103436976749194,2.6807999999999996,0.045729320625000014,-2.3048163226041662,False
mp-779418,Li2MnFe(BO3)2,"B,Fe,Li,Mn,O",3.226274077123991,2.6850000000000005,0.005197415208328948,-2.418352701077586,False
mp-779362,Li2MnFe(BO3)2,"B,Fe,Li,Mn,O",3.1788871203295908,3.1151,0.005863727708327993,-2.417686388577586,False
mp-779443,Li2MnP2HO8,"H,Li,Mn,O,P",2.9432962386071266,1.1661,0.005548779196436371,-2.4629872128666728,False
mp-779444,Li2MnFe(BO3)2,"B,Fe,Li,Mn,O",3.2060068205086982,3.148,0.005689908124995036,-2.4178602081609193,False
mp-779471,Li2MnFe(BO3)2,"B,Fe,Li,Mn,O",3.1791440069082446,3.0889,0.00523058395832976,-2.4183195323275846,False
mp-779890,Li2MnFe(BO3)2,"B,Fe,Li,Mn,O",3.2303743822559094,2.7177000000000007,0.005400401041662839,-2.4181497152442524,False
mp-779885,Li2MnV(P2O7)2,"Li,Mn,O,P,V",2.879785727674148,0.28559999999999985,0.011424952045440584,-2.652929194462232,False
mp-780102,Li2Mn3(BO3)3,"B,Li,Mn,O",3.149166154481637,0.17900000000000005,0.04486356352941279,-2.462590013703516,False
mp-780135,Li2Mn3(BO3)3,"B,Li,Mn,O",3.128469888245323,0.0,0.045854565294119354,-2.46159901193881,False
mp-780190,Li2Cr3(NiO6)2,"Cr,Li,Ni,O",3.059028571407715,2.4448999999999996,0.004565447324560878,-1.7356143860087725,False
mp-780300,Li2VP4(H2O3)6,"H,Li,O,P,V",2.1351630934543606,2.6006,0.029240368123117477,-1.976670450817246,False
mp-780329,Li2MnV(P2O7)2,"Li,Mn,O,P,V",2.889464151815168,0.4272999999999998,0.012443369772713098,-2.6519107767349595,False
mp-780483,Li2MnFe(BO3)2,"B,Fe,Li,Mn,O",3.230864799630649,2.6393999999999997,0.004462107986106467,-2.4190880082998083,False
mp-780497,Li2MnFe(BO3)2,"B,Fe,Li,Mn,O",3.2300228183800725,2.6795999999999998,0.005068201874995459,-2.4184819144109193,False
mp-780499,Li2MnFe(BO3)2,"B,Fe,Li,Mn,O",3.195337562438958,3.0423999999999998,0.005813250624996158,-2.417736865660918,False
mp-780583,Li2MnFe(BO3)2,"B,Fe,Li,Mn,O",3.197612584008719,3.0729999999999995,0.0054885510416626815,-2.418061565244251,False
mp-780594,Li2Fe(SO4)2,"Fe,Li,O,S",2.872042018563046,4.5495,0.0075716631730724515,-2.0945472244551278,False
mp-780666,Li2MnSiO4,"Li,Mn,O,Si",3.01035441991096,2.8823999999999996,0.010774959999999112,-2.6793094540122127,False
mp-780694,Li2Mn(PO3)4,"Li,Mn,O,P",2.482998018350667,4.1741,0.018875927850888985,-2.633050490035218,False
mp-780709,Li2MnSiO4,"Li,Mn,O,Si",2.964279622438125,2.9646999999999997,0.009583912187499877,-2.680500501824712,False
mp-780736,Li2VP2HO8,"H,Li,O,P,V",2.6907232185678462,2.3775,0.041074399124569005,-2.5451132571215984,False
mp-780778,Li2Mn7(P2O7)4,"Li,Mn,O,P",3.361136327339852,3.2243000000000004,0.01460246344445082,-2.5909124100961494,False
mp-780897,Li2Mn2P4H6O17,"H,Li,Mn,O,P",2.8213805388691826,0.8574,0.02526637029571166,-2.18936479285807,False
mp-782667,Li2MnSiO4,"Li,Mn,O,Si",2.977137877173657,2.7851000000000004,0.04483579999999954,-2.6452486140122122,False
mp-783909,Li2MnSiO4,"Li,Mn,O,Si",2.9647715807046517,2.8790999999999998,0.008895123749999456,-2.6811892902622123,False
mp-831190,Li2V2P2(H4O5)3,"H,Li,O,P,V",2.442276261329992,2.33,0.036825581439401844,-1.903390251392497,False
mp-831245,Li2MnSiO4,"Li,Mn,O,Si",2.9941875958876105,1.9572000000000003,0.005338674999999071,-2.6847457390122127,False
mp-831264,Li2VPO4F,"F,Li,O,P,V",3.082136622511957,1.2128000000000005,0.035066913292180146,-2.7273575798677245,False
mp-849240,Li2Fe3P4(HO4)4,"Fe,H,Li,O,P",2.8808206203365065,3.9236999999999997,0.021336940862074272,-2.2187670086288986,False
mp-849317,Li2V2(PO4)3,"Li,O,P,V",2.9227259114687367,1.1137,0.0015366469956212825,-2.6957382420050124,False
mp-849334,Li2Fe2(PO4)3,"Fe,Li,O,P",2.9266404846805356,0.0,0.022587444013153934,-2.4020891327944867,False
mp-849336,Li2V3P4(HO4)4,"H,Li,O,P,V",2.7607896641550487,2.3911999999999995,0.037139978081890845,-2.343245681215107,False
mp-849420,Li2Mn3CuO8,"Cu,Li,Mn,O",4.275128678609972,0.0,0.041290248190473555,-1.8323071593185563,False
mp-849570,Li2V3SbO8,"Li,O,Sb,V",4.322442690874567,2.0776000000000003,0.003846390892856988,-2.4063894442261917,False
mp-849623,Li2FeP2O7,"Fe,Li,O,P",3.000860413451077,3.9852,0.012548983055553187,-2.5623286504960316,False
mp-849953,Li2Mn3VO8,"Li,Mn,O,V",3.922558895480268,0.5,0.04418871654378087,-2.184148837175698,False
mp-850187,Li2V3CrO8,"Cr,Li,O,V",3.8971798098368806,0.0,0.034542658169646856,-2.4561713283333333,False
mp-850231,Li2TiFe3O8,"Fe,Li,O,Ti",3.9116485756448904,0.0,0.046374116421772804,-2.146936383571428,False
mp-850862,Li2Cr(SO4)2,"Cr,Li,O,S",2.7534811948138938,2.3360999999999996,0.03595240469780503,-2.144749577820513,False
mp-850798,Li2MnSiO4,"Li,Mn,O,Si",2.9266278210807797,2.9571999999999994,0.029228132187499867,-2.660856281824712,False
mp-850881,Li2Mn3(BO3)3,"B,Li,Mn,O",3.1741799648957394,0.7908000000000002,0.045130588823530715,-2.462322988409399,False
mp-850906,Li2Cr2(PO4)3,"Cr,Li,O,P",2.9462419137410794,0.0,0.028676832605271763,-2.567449980294485,False
mp-850927,Li2Co(SO4)2,"Co,Li,O,S",2.984103803190621,3.0926,0.0086382949038466,-2.0388638971474355,False
mp-850939,Li2MnV(P2O7)2,"Li,Mn,O,P,V",2.8591085531326916,0.010100000000000442,0.0,-2.6643541465076876,True
mp-851105,Li2Cu2(SO4)3,"Cu,Li,O,S",3.147537815642662,0.0,0.03929770184210302,-1.7653428908771929,False
mp-859108,Li2Mn2Si2O7,"Li,Mn,O,Si",3.2966986633128634,2.8691000000000004,0.030708327948717695,-2.7008281475022105,False
mp-860461,Li2VCrO4,"Cr,Li,O,V",3.980181337851074,1.319,0.019497639791667076,-2.431703807916666,False
mp-860789,Li2Mn(PO4)2,"Li,Mn,O,P",2.8496663201394137,0.8988,0.04190689433761374,-2.459901432606416,False
mp-860880,Li2Mn4Si4O13,"Li,Mn,O,Si",3.4648819815726433,2.3463999999999996,0.0158130702173942,-2.7445596218865576,False
mp-861061,Li2Si3Ni3O10,"Li,Ni,O,Si",3.7805204831000783,3.7239,0.031880829583338155,-2.43581092925926,False
mp-861527,Li2CrFe(PO4)2,"Cr,Fe,Li,O,P",3.3659519064362393,2.4576,0.019437359288923872,-2.5104806214966,False
mp-861530,Li2Cr2FeSbO8,"Cr,Fe,Li,O,Sb",4.699657253148204,1.9131000000000005,0.008841819345236424,-2.1849296442261905,False
mp-861602,Li2VFe(PO4)2,"Fe,Li,O,P,V",3.392622381202418,2.7365999999999993,0.010759549464289364,-2.5575049086394563,False
mp-861570,Li2FeCo3O8,"Co,Fe,Li,O",4.55299726731199,0.0,0.0010325988332002822,-1.562395027261905,False
mp-861603,Li2SiNiO4,"Li,Ni,O,Si",3.2432325283640533,3.3465999999999996,0.02604504375000083,-2.4406474708333334,False
mp-863081,Li2CrFeO4,"Cr,Fe,Li,O",4.162693225601231,2.0437,0.011449835000000519,-2.1657274637499992,False
mp-867580,Li2Cr5(Si2O7)2,"Cr,Li,O,Si",3.3805361287274347,2.7093,0.0,-2.660144944066666,True
mp-867983,Li2TiCr3O8,"Cr,Li,O,Ti",3.8776840254357294,0.0,0.027816097123016803,-2.5563037682142857,False
mp-878729,Li2Fe3CoO8,"Co,Fe,Li,O",4.1662685558870045,0.0,0.04428430310673548,-1.633041790297619,False
mp-881807,Li2VFeO4,"Fe,Li,O,V",4.057168886381107,0.7824999999999998,0.04717891156249987,-2.1980188189583334,False
mp-887677,Li2CoNi3O8,"Co,Li,Ni,O",4.621913846883618,0.0,0.049112850803573416,-1.2441102820833336,False
mp-1003313,Li2Mn3O6,"Li,Mn,O",4.2644887673419305,0.016499999999999737,0.04418623909090247,-2.0608957682236166,False
mp-1101152,Li2MnCrO4,"Cr,Li,Mn,O",4.083583148065255,0.8481000000000001,0.023791039999999875,-2.2604548686997132,False
mp-1101535,Li2MnP2O7,"Li,Mn,O,P",2.7702127234484397,4.2661999999999995,0.006747169999972158,-2.6644973219902846,False
mp-1101557,Li2Mn(PO4)2,"Li,Mn,O,P",3.0259137691743945,0.6558999999999999,0.040279622414535865,-2.461528704529494,False
mp-1101544,Li2Cr5(PO4)4,"Cr,Li,O,P",3.2230688199256043,2.5833999999999997,0.018507725717590517,-2.4990051164902987,False
mp-1101550,Li2Cr(PO3)5,"Cr,Li,O,P",2.525702263687286,3.3963,0.033132966014495224,-2.6226554089078666,False
mp-1101596,Li2FeP2O7,"Fe,Li,O,P",2.8285468224050234,0.11521251350913086,0.04064343368055301,-2.5342341998710314,False
mp-1101604,Li2CrP2O7,"Cr,Li,O,P",2.78595485310431,3.4997,0.030548145416673833,-2.628985709662698,False
mp-1103771,BaLi2MnV2O8,"Ba,Li,Mn,O,V",3.9419453583773967,2.719707862167564,0.0,-2.6072542206855513,True
mp-1173884,Li2MnCoO4,"Co,Li,Mn,O",4.377631886896118,0.7161,0.03250027531250055,-1.9205420586997128,False
mp-1173929,Li2MnCoO4,"Co,Li,Mn,O",4.688453518167777,0.0,0.02081783156250072,-1.9322245024497127,False
mp-1173893,Li2MnCoO4,"Co,Li,Mn,O",4.370308606509781,0.8718000000000004,0.028806595937500568,-1.9242357380747128,False
mp-1173885,Li2MnCoO4,"Co,Li,Mn,O",4.37349380915098,0.8275000000000001,0.021561105312500217,-1.9314812286997132,False
mp-1173910,Li2MnCoO4,"Co,Li,Mn,O",4.362059780945982,0.8774000000000002,0.021526390312500254,-1.9315159436997131,False
mp-1173949,Li2MnCoO4,"Co,Li,Mn,O",4.258968808196438,0.6658,0.04990090656250068,-1.9031414274497127,False
mp-1177769,Li2VNiO4,"Li,Ni,O,V",4.28581133481566,1.513,0.04517890999999796,-2.141640659583334,False
mp-1177776,Li2VFe(P2O7)2,"Fe,Li,O,P,V",2.902986122515212,1.8972000000000002,0.0009834372727279828,-2.6280285506926404,False
mp-1177781,Li2VFe(P2O7)2,"Fe,Li,O,P,V",2.8833714683635625,2.0322000000000005,0.0,-2.6290119879653684,True
mp-1177800,Li2VCr3O8,"Cr,Li,O,V",3.9168640388501323,1.1642000000000001,0.030650521473214454,-2.387246063690476,False
mp-1177780,Li2VFe(P2O7)2,"Fe,Li,O,P,V",2.9001805259595157,1.8738000000000001,0.0007697879545451869,-2.6282422000108228,False
mp-1177778,Li2VFe(P2O7)2,"Fe,Li,O,P,V",2.8977533854960384,1.8187,0.0007174231818192212,-2.62829456478355,False
mp-1177788,Li2VFeO4,"Fe,Li,O,V",4.033699507442681,1.1006999999999998,0.04570799968749917,-2.199489730833334,False
mp-1177815,Li2V3SnO8,"Li,O,Sn,V",4.2785886722472375,0.030400000000000205,0.04510098892857073,-2.384131312261905,False
mp-1177831,Li2V2(PO4)3,"Li,O,P,V",2.861466771921417,1.0004,0.009806976074569818,-2.687467912926065,False
mp-1177825,Li2V3WO8,"Li,O,V,W",4.980255371153677,0.9502000000000002,0.015570731250003078,-2.409013977083334,False
mp-1177821,Li2V3FeO8,"Fe,Li,O,V",3.993414906435175,1.2827999999999995,0.038172956026786053,-2.3347738133333342,False
mp-1177872,Li2Ni5O9,"Li,Ni,O",4.835584971124876,0.0,0.040655563281250195,-1.1759490894791673,False
mp-1177849,Li2TiCr3O8,"Cr,Li,O,Ti",3.8716112138609025,0.0,0.024481548908731554,-2.5596383164285714,False
mp-1177856,Li2TiV3O8,"Li,O,Ti,V",3.7527470210811713,1.0926999999999998,0.01693517821428081,-2.7136839678571434,False
mp-1177858,Li2TiCoO4,"Co,Li,O,Ti",4.101099778128695,1.5091,0.03780289406249704,-2.5166206950000003,False
mp-1177884,Li2Ti3MnO8,"Li,Mn,O,Ti",3.654502812510726,1.811,0.03529475249999514,-3.055045322828408,False
mp-1177850,Li2TiCoO4,"Co,Li,O,Ti",4.08449653247658,1.471,0.04058939937499684,-2.5138341896875005,False
mp-1177859,Li2SiNiO4,"Li,Ni,O,Si",3.119828134676475,3.5591999999999997,0.03769205250000063,-2.4290004620833336,False
mp-1177860,Li2SiNiO4,"Li,Ni,O,Si",3.2220769867308365,3.5774999999999997,0.023263532187500324,-2.443428982395834,False
mp-1177876,Li2V2P4H6O17,"H,Li,O,P,V",2.6129497121195717,2.1062,0.013746512570304681,-2.293245311862519,False
mp-1177896,Li2MnV(P2O7)2,"Li,Mn,O,P,V",2.8778183481767443,0.5374999999999999,0.012230893787863906,-2.65212325271981,False
mp-1177897,Li2MnFe(BO3)2,"B,Fe,Li,Mn,O",3.2523302377312913,2.7636,0.004497527708328342,-2.4190525885775864,False
mp-1177908,Li2MnPCO7,"C,Li,Mn,O,P",2.697412406480414,1.9916825645398615,0.02872194025462438,-2.328466259936713,False
mp-1177909,Li2MnV(PO4)3,"Li,Mn,O,P,V",2.9019288596302357,0.9035,0.02366713039474,-2.5874074133434877,False
mp-1177891,Li2MnV3O8,"Li,Mn,O,V",3.8112488323833933,1.5143,0.010377854017855626,-2.4360293758641203,False
mp-1177902,Li2MnP2O7,"Li,Mn,O,P",2.833606562657975,4.1338,0.03317222874997228,-2.6380722632402844,False
mp-1177916,Li2MnCr3O8,"Cr,Li,Mn,O",4.000573199014548,0.9677999999999998,0.00663537962301497,-2.247750001578407,False
mp-1177911,Li2Mn3SbO8,"Li,Mn,O,Sb",4.434334117171417,0.6637,0.02713822642857089,-2.08506998360427,False
mp-1177898,Li2MnFeO4,"Fe,Li,Mn,O",4.109976683293441,1.2092999999999998,0.015609126562500464,-2.0367942293247125,False
mp-1177895,Li2MnV(PO4)3,"Li,Mn,O,P,V",2.9068684498467015,1.3347,0.02354377381579198,-2.5875307699224357,False
mp-1177949,Li2Mn2V3O12,"Li,Mn,O,V",2.971365050169437,0.056900000000000006,0.03191203098683548,-2.23030324039625,False
mp-1177925,Li2Mn2(PO4)3,"Li,Mn,O,P",2.991272375854967,0.0,0.01849340501462482,-2.466460257050386,False
mp-1177928,Li2MgCo3O8,"Co,Li,Mg,O",4.108171826463494,1.234,0.014846473189934706,-1.6790077379761894,False
mp-1177947,Li2FePCO7,"C,Fe,Li,O,P",2.732339303149092,1.789107330197019,0.019904720729163827,-2.28341092719246,False
mp-1177922,Li2Mn3VO8,"Li,Mn,O,V",3.9307880178444083,1.0272000000000001,0.038910942615208555,-2.18942661110427,False
mp-1177932,Li2MnV(P2O7)2,"Li,Mn,O,P,V",2.8829367647129263,0.4958,0.01241389636362289,-2.6519402501440505,False
mp-1177950,Li2FeCuO4,"Cu,Fe,Li,O",4.557880953522652,0.16610000000000014,0.009304147187498835,-1.6884549320833333,False
mp-1177959,Li2MnV(PO4)3,"Li,Mn,O,P,V",2.8997336854213005,1.3256999999999999,0.026708873289475576,-2.5843656704487517,False
mp-1177960,Li2MnPCO7,"C,Li,Mn,O,P",2.691965760765704,1.838802242907839,0.025843614837957496,-2.33134458535338,False
mp-1177980,Li2MnV(PO4)3,"Li,Mn,O,P,V",2.9026340691390007,0.9885000000000002,0.014388681973686701,-2.5966858617645405,False
mp-1177993,Li2Mn3SnO8,"Li,Mn,O,Sn",4.440445813599701,0.6745999999999999,0.022858179464292583,-2.082738113068555,False
mp-1177976,Li2FeCo3O8,"Co,Fe,Li,O",4.671136244762591,0.0,0.029941653297485438,-1.5334859727976198,False
mp-1177996,Li2MgCr3(SO4)6,"Cr,Li,Mg,O,S",2.7277304440397523,0.8518000000000003,0.02432689627976181,-2.1176787579629632,False
mp-1177968,Li2FeSnO4,"Fe,Li,O,Sn",4.944059026623165,1.9579,0.020262825625000147,-2.0186321148958335,False
mp-1178000,Li2TiCr3O8,"Cr,Li,O,Ti",3.8645693305143554,0.7439,0.01667957748015958,-2.5674402878571434,False
mp-1177997,Li2Fe3BiO8,"Bi,Fe,Li,O",5.249745681952784,1.142,0.00384116383928923,-1.7455658663690474,False
mp-1178023,Li2CrNiO4,"Cr,Li,Ni,O",4.346877872444178,0.0,0.03495283218750078,-1.961803878333333,False
mp-1178024,Li2Cr2O7,"Cr,Li,O",2.4569424761181846,2.3799,0.035864776484847205,-1.8599088242424244,False
mp-1178040,Li2Cr3(CuO6)2,"Cr,Cu,Li,O",3.0474380004536363,0.2216,0.027128394197368344,-1.6227920007456147,False
mp-1178011,Li2Fe2(SO4)3,"Fe,Li,O,S",2.9229994156525563,4.1795,0.02170364236841138,-2.0033598682456137,False
mp-1178030,Li2Cr3SbO8,"Cr,Li,O,Sb",4.466960397689923,2.6512999999999995,0.004287871428571677,-2.3217805015476185,False
mp-1178037,Li2CoNi3O8,"Co,Li,Ni,O",4.733764803521503,0.0618000000000003,0.002665955089288019,-1.2905571777976195,False
mp-1177998,Li2FeSiO4,"Fe,Li,O,Si",2.9263662876422205,2.9997,0.0221806803125002,-2.5410857533333333,False
mp-1178027,Li2CoNi3O8,"Co,Li,Ni,O",4.570444437995325,0.0,0.03369551383928826,-1.259527619047619,False
mp-1178032,Li2CrCuO4,"Cr,Cu,Li,O",4.559188090032245,0.4601000000000002,0.038141815624999964,-1.8914598164583332,False
mp-1178046,Li2Co(CO3)2,"C,Co,Li,O",2.2823746574214656,2.7568,0.025776833863635495,-1.9574077717424245,False
mp-1178076,Li2MnV3O8,"Li,Mn,O,V",3.8257584369315447,0.9020000000000001,0.03562369080356831,-2.4107835390784067,False
mp-1178047,Li2Cr3WO8,"Cr,Li,O,W",5.114332675208144,2.4218,0.018276930000000746,-2.3356504754761898,False
mp-1178130,Li2CrCo3O8,"Co,Cr,Li,O",4.540797784111614,0.5611000000000002,0.014317999146827631,-1.6934484163690482,False
mp-1178263,Li2CrCo3O8,"Co,Cr,Li,O",4.3391114070491,0.13169999999999993,0.04655481950397,-1.6612115960119058,False
mp-1190132,Li2Ti3O7,"Li,O,Ti",3.4289211797398513,2.9823000000000004,0.015399772916667942,-3.2296051547222215,False
mp-1190625,Li2Ti6O13,"Li,O,Ti",3.2383149049089113,2.8382715321448866,0.019426686547618033,-3.338314180079365,False
mp-1193172,Li2Mn(SO4)2,"Li,Mn,O,S",2.6225503790023725,3.580027306156486,0.0,-2.193901709969054,True
mp-1193501,Li2Fe(SO4)2,"Fe,Li,O,S",2.7041048267047003,4.2848,0.00156541442307212,-2.1005534732051276,False
mp-1194281,Li2Co(SO4)2,"Co,Li,O,S",2.816441674480964,3.2307,0.0,-2.047502192051282,True
mp-1197890,Li2Ti2(PO4)3,"Li,O,P,Ti",2.8316532709696705,0.039300000000000335,0.0023069271616540377,-2.9712381043295752,False
mp-1198048,Li2Cu3(Se2O7)2,"Cu,Li,O,Se",3.998697942832237,0.6886000000000001,0.0,-1.3127603648278987,True
mp-1199961,Li2V2(PO4)3,"Li,O,P,V",2.905393195782202,0.0,0.002731498969304802,-2.694543390031329,False
mp-1202669,Li2CuB4(PbO5)2,"B,Cu,Li,O,Pb",5.05158118372656,1.8681000000000005,0.007473219887216054,-2.336317672280701,False
mp-1203394,Li2MnP2O7,"Li,Mn,O,P",2.9054140281896768,4.3677,0.0,-2.6712444919902842,True
mp-1210796,Li2MnGeO4,"Ge,Li,Mn,O",3.6499419993582585,2.6898999999999997,0.0,-2.2674054683872127,True
mp-1210849,Li2Fe(WO4)2,"Fe,Li,O,W",6.436319437074084,2.9101,0.0010667169230735851,-2.1991465466666673,False
mp-1210913,Li2NiGeO4,"Ge,Li,Ni,O",3.860833732386582,2.9925,0.02016135687499876,-2.025950692708334,False
mp-1210923,Li2FeGeO4,"Fe,Ge,Li,O",3.7352425339841955,2.5008,0.0,-2.1418230889583336,True
mp-1211383,Li2Ni2(MoO4)3,"Li,Mo,Ni,O",4.170685180135938,2.9642999999999997,0.002540668947371927,-1.9384175927192981,False
mp-1213707,Cs3Li2Fe(MoO4)4,"Cs,Fe,Li,Mo,O",3.742790503296391,2.9686,0.01662848480770851,-2.135014098485853,False
mp-1222642,Li2Ti3ZnO8,"Li,O,Ti,Zn",3.8651195685343946,2.3639,0.036173144821428416,-3.0194907690476183,False
mp-1222675,Li2VPO4F,"F,Li,O,P,V",3.017707168063927,3.1584,0.03519420023662345,-2.7272302929232817,False
mp-1222649,Li2MgTi3O8,"Li,Mg,O,Ti",3.407338307660123,2.3786,0.03839444589285712,-3.1983205215476187,False
mp-1222689,Li2Ti2MnNiO8,"Li,Mn,Ni,O,Ti",3.928608055922088,1.5606999999999998,0.027664237619045018,-2.594817127947455,False
mp-1222715,Li2Ti2AsPO10,"As,Li,O,P,Ti",3.3672880966374064,3.1349,0.0034305754687364853,-2.799276135654762,False
mp-1222732,Li2TiMn2NiO8,"Li,Mn,Ni,O,Ti",4.065316246703305,1.2839,0.02573902220237656,-2.260828330418719,False
mp-1222757,Li2MgTi9O20,"Li,Mg,O,Ti",3.530794061695674,2.7058,0.0039448421093748465,-3.385399147864584,False
mp-1222767,Li2AlCoO4,"Al,Co,Li,O",3.9196953063407727,2.3442999999999996,0.03410739593749934,-2.3871942070833336,False
mp-1222778,Li2Ti(IO3)6,"I,Li,O,Ti",4.521532191921863,2.7776000000000005,0.0,-1.31082131962963,True
mp-1222845,Li2Ti4Ni(PO5)4,"Li,Ni,O,P,Ti",3.321380946911396,2.9379,0.009828844354835553,-2.957115782857144,False
mp-1222836,Li2Cr2FeSbO8,"Cr,Fe,Li,O,Sb",4.693145527161308,1.891,0.006553944523807864,-2.187217519047619,False
mp-1222854,Li2Ti4Co(PO5)4,"Co,Li,O,P,Ti",3.3254940177889294,2.3821000000000003,0.037765390645160934,-2.9365735351152074,False
mp-1222830,Li2InFe(P2O7)2,"Fe,In,Li,O,P",3.3258253844618895,2.3707,0.0,-2.565649190995672,True
mp-1222873,Li2Al(NiO2)3,"Al,Li,Ni,O",4.919244685568556,0.007899999999999352,0.01994031340278024,-1.9177330313888892,False
mp-1222897,Li2Al2CrSbO8,"Al,Cr,Li,O,Sb",4.369867604371007,2.5534,0.004355117857133273,-2.6871482190476206,False
mp-1222901,Li2AlCr2SbO8,"Al,Cr,Li,O,Sb",4.511823132044261,2.2297999999999996,0.007102175892856444,-2.5016836790476193,False
mp-1222972,Li2TiFe(PO4)3,"Fe,Li,O,P,Ti",2.9133801887894184,2.3733000000000004,0.0,-2.756518660206767,True
mp-1223017,Li2TiCr(PO4)3,"Cr,Li,O,P,Ti",3.028601766151364,1.7711999999999994,0.0,-2.8408865457330834,True
mp-1223182,Li2Fe2(MoO4)3,"Fe,Li,Mo,O",3.9716526937693137,2.5049,0.0058917942105267684,-2.020776766403509,False
mp-1223290,Li2CaV12O32,"Ca,Li,O,V",3.2451998234222654,1.794419825412083,0.011609791702118955,-2.385639337375887,False
mp-1248621,Li2CoSiO4,"Co,Li,O,Si",3.0450449618733613,3.083,0.04664279046874942,-2.464500772864584,False
mp-1265539,Li2FeSiO4,"Fe,Li,O,Si",3.023115598141513,3.2020999999999997,0.022178255000000036,-2.5410881786458335,False
mp-1272200,Li2NiBiO4,"Bi,Li,Ni,O",6.519218910100971,0.0,0.04468543437499939,-1.663958476145834,False
mp-1273123,Li2TiFeO4,"Fe,Li,O,Ti",3.884032920943246,1.4796999999999998,0.03855254406249564,-2.5682931053124998,False
mp-1273514,Li2MnV3O8,"Li,Mn,O,V",3.801881405062118,1.6437,0.01863765455357047,-2.427769575328406,False
mp-1274020,Li2TiVO4,"Li,O,Ti,V",3.989453853821508,0.0,0.03215752203124911,-2.7420146775000003,False
mp-1274264,Li2TiFeO4,"Fe,Li,O,Ti",3.9147118618524095,1.4748,0.03963650749999559,-2.567209141875,False
mp-1274697,Li2FeNiO4,"Fe,Li,Ni,O",4.443460917650236,0.0,0.01501670822916612,-1.706447315208334,False
mp-1274949,Li2Fe3TeO8,"Fe,Li,O,Te",4.47580982999496,1.3885999999999998,0.02681681214285625,-1.8083038430952374,False
mp-1275037,Li2V3SnO8,"Li,O,Sn,V",4.285148535374387,0.9987999999999997,0.018082041785714154,-2.4111502594047614,False
mp-1275319,Li2MnCrO4,"Cr,Li,Mn,O",4.173043254859016,1.3272999999999997,0.02191283625000029,-2.262333072449713,False
mp-1275006,Li2Ni3SnO8,"Li,Ni,O,Sn",4.927645076474747,0.04139999999999988,0.024942747916668395,-1.4628713251190482,False
mp-1275513,Li2V3CrO8,"Cr,Li,O,V",3.833340089437843,1.0953,0.0037363985267901967,-2.4869775879761895,False
mp-1275582,Li2Mn3NbO8,"Li,Mn,Nb,O",4.1301400093466665,1.2736999999999998,0.03706702964286457,-2.3380738018185556,False
mp-1275616,Li2CrCoO4,"Co,Cr,Li,O",4.280355616844371,1.5583999999999998,0.048755468750000475,-2.0283853433333334,False
mp-1275461,Li2TiCr3O8,"Cr,Li,O,Ti",3.8676662421373025,0.8332999999999997,0.015421386765872569,-2.5686984785714295,False
mp-1275702,Li2MnV3O8,"Li,Mn,O,V",3.806087119944018,1.6033,0.019667841339284564,-2.4267393885426918,False
mp-1275701,Li2Ni3BiO8,"Bi,Li,Ni,O",5.634646615466282,0.4605999999999999,0.004115003392859862,-1.3621290815476195,False
mp-1275808,Li2Mn3SbO8,"Li,Mn,O,Sb",4.432997438531254,0.9483000000000001,0.015388548928570778,-2.09681966110427,False
mp-1275695,Li2Mn3SnO8,"Li,Mn,O,Sn",4.457300807525803,0.8759000000000001,0.018640150357150276,-2.0869561421756972,False
mp-1275836,Li2Cr3SnO8,"Cr,Li,O,Sn",4.425306188859778,1.0992000000000002,0.019677469087309163,-2.26103165797619,False
mp-1275910,Li2VCrO4,"Cr,Li,O,V",4.058941842944428,1.2088,0.03789902187499994,-2.4133024258333338,False
mp-1275810,Li2Fe3TeO8,"Fe,Li,O,Te",4.473744917766344,1.3095999999999997,0.0282454217857131,-1.8068752334523808,False
mp-1276468,Li2TiV2O6,"Li,O,Ti,V",3.7434808252066802,1.3883,0.043070547386355074,-2.7355171695454548,False
mp-1277038,Li2TiFeO4,"Fe,Li,O,Ti",3.9173794333306375,1.4426000000000005,0.04101012999999565,-2.5658355193749998,False
mp-1277613,Li2MgCo3O8,"Co,Li,Mg,O",4.059157702203804,0.8152000000000001,0.022996245332791432,-1.670857965833333,False
mp-1278188,Li2TiFeO4,"Fe,Li,O,Ti",3.908953571836738,1.4547000000000003,0.04223993093749545,-2.5646057184375,False
mp-1278198,Li2TiVO4,"Li,O,Ti,V",3.874900806235755,0.14250000000000007,0.02877902734374871,-2.7453931721875007,False
mp-1277730,Li2V3CrO8,"Cr,Li,O,V",3.83404252481395,1.1214,0.00698124995536098,-2.4837327365476187,False
mp-1277589,Li2TiFe3O8,"Fe,Li,O,Ti",3.904763362410948,0.2077,0.041272521064629863,-2.1520379789285706,False
mp-1278326,Li2TiVO4,"Li,O,Ti,V",4.006090766491664,0.0,0.03221249953124872,-2.7419597000000007,False
mp-1278864,Li2VCrO4,"Cr,Li,O,V",4.05759353212058,1.2108999999999996,0.0378213349999994,-2.4133801127083343,False
mp-1280525,Li2Ni3SnO8,"Li,Ni,O,Sn",4.940337426516586,0.48360000000000003,0.022732917202382907,-1.4650811558333336,False
mp-1280510,Li2Ni3TeO8,"Li,Ni,O,Te",4.941378719568914,0.3014999999999999,0.0,-1.5295413745238093,True
mp-1281672,Li2TiVO4,"Li,O,Ti,V",3.9769020086525058,0.0,0.03422868890624908,-2.7399435106250003,False
mp-1282790,Li2Mn3SnO8,"Li,Mn,O,Sn",4.447009984898021,0.9553000000000003,0.016999218928577697,-2.0885970736042694,False
mp-1282869,Li2Fe3SnO8,"Fe,Li,O,Sn",4.462439776610819,0.22799999999999976,0.022716700005950052,-1.8468088851190478,False
mp-1283290,Li2TiVO4,"Li,O,Ti,V",4.005989468339506,0.0,0.03034100921874927,-2.7438311903125,False
mp-1284679,Li2FeCo3O8,"Co,Fe,Li,O",4.5587160852721285,0.7058,0.0014021199046281296,-1.5620255061904769,False
mp-1285010,Li2TiFeO4,"Fe,Li,O,Ti",3.9023597575765807,1.7526000000000002,0.036703674999995606,-2.570141974375,False
mp-1284814,Li2MnV3O8,"Li,Mn,O,V",3.813872080197072,0.7338999999999998,0.032888165982141615,-2.4135190638998347,False
mp-1285981,Li2TiFeO4,"Fe,Li,O,Ti",3.9127059812016323,1.6326,0.03920451468749597,-2.5676411346874994,False
mp-1288258,Li2TiVO4,"Li,O,Ti,V",3.970659445754778,0.0,0.03899150890624892,-2.7351806906250005,False
mp-1288012,Li2MnCrO4,"Cr,Li,Mn,O",4.182829858054974,0.0,0.03174610062499994,-2.252499808074713,False
mp-1287701,Li2Mn3CoO8,"Co,Li,Mn,O",4.243528829288177,0.7321,0.0,-1.9510453707471274,True
mp-1287629,Li2Mn3NbO8,"Li,Mn,Nb,O",4.12773399400289,0.9418,0.04772674642858021,-2.3274140850328413,False
mp-1288887,Li2TiVO4,"Li,O,Ti,V",3.867560722081625,0.15629999999999988,0.028723282656248905,-2.7454489168750005,False
mp-1290385,Li2Mn3SnO8,"Li,Mn,O,Sn",4.458693221864626,0.8700999999999999,0.018373089285720567,-2.0872232032471265,False
mp-1290528,Li2TiFeO4,"Fe,Li,O,Ti",3.8959182719530108,1.7837,0.03862018218749519,-2.5682254671875,False
mp-1290397,Li2TiFeO4,"Fe,Li,O,Ti",3.900662816129811,1.3365999999999998,0.04465494281249516,-2.5621907065625003,False
mp-1290584,Li2V3SnO8,"Li,O,Sn,V",4.262992349357083,0.9131000000000005,0.0210412385714287,-2.4081910626190473,False
mp-1290626,Li2MnV3O8,"Li,Mn,O,V",3.8670897236930357,0.6610999999999998,0.04870145062499809,-2.397705779256978,False
mp-1290921,Li2TiV3O8,"Li,O,Ti,V",3.7268141713058918,0.9621999999999997,0.008800318214282399,-2.7218188278571427,False
mp-1290754,Li2TiFe3O8,"Fe,Li,O,Ti",3.908697992031817,0.3517999999999999,0.04595684713605852,-2.1473536528571424,False
mp-1291363,Li2TiCr3O8,"Cr,Li,O,Ti",3.8691975108374246,0.7668999999999997,0.01558467676587405,-2.568535188571429,False
mp-1291671,Li2V3CoO8,"Co,Li,O,V",4.040363216770921,0.0,0.0,-2.4252209340476187,True
mp-1293130,Li2Mn3SbO8,"Li,Mn,O,Sb",4.428114699535185,1.1814999999999998,0.013307264999999013,-2.0989009450328413,False
mp-1293023,Li2MnV3O8,"Li,Mn,O,V",3.8740194241360038,0.5661,0.04992095348214143,-2.396486276399835,False
mp-1296375,Li2V3SnO8,"Li,O,Sn,V",4.268642195668254,0.9118999999999997,0.02209480321428625,-2.40713749797619,False
mp-1296460,Li2SiNiO4,"Li,Ni,O,Si",3.113755480674637,3.7673000000000005,0.03264811156250058,-2.4340444030208337,False
mp-1299584,Li2TiVO4,"Li,O,Ti,V",3.8714483913740994,0.0,0.02727589953124898,-2.7468963000000004,False
mp-1299471,Li2FeCo3O8,"Co,Fe,Li,O",4.308647270652888,0.0,0.043857266333199973,-1.5195703597619052,False
mp-1301347,Li2TiFeO4,"Fe,Li,O,Ti",3.9078105574749036,1.6268999999999996,0.04087662343749532,-2.5659690259375,False
mp-1301502,Li2Mn3NbO8,"Li,Mn,Nb,O",4.12797978494657,1.2763,0.04031716214286618,-2.334823669318555,False
mp-1301741,Li2Mn3TeO8,"Li,Mn,O,Te",4.353258101344402,0.007699999999999818,0.007379987812502264,-1.9950625555090309,False
mp-1302186,Li2TiV3O8,"Li,O,Ti,V",3.7353315662695077,0.8574999999999999,0.009053856785710579,-2.7215652892857145,False
mp-1302768,Li2CrCo3O8,"Co,Cr,Li,O",4.4410067959545065,0.6872,0.0200978428968277,-1.687668572619048,False
mp-1302458,Li2MnV3O8,"Li,Mn,O,V",3.8047375967041095,1.6522999999999999,0.019428579910711008,-2.426978649971264,False
mp-1302892,Li2V3CrO8,"Cr,Li,O,V",3.831395704747852,1.1101999999999999,0.003510130312504245,-2.487203856190476,False
mp-1302630,Li2TiV3O8,"Li,O,Ti,V",3.740880201913321,0.9946999999999999,0.008388569642852062,-2.722230576428572,False
mp-1303020,Li2Mn3TeO8,"Li,Mn,O,Te",4.312640256347064,0.649,0.007906302455358727,-1.994536240866174,False
mp-1302787,Li2Al(NiO2)3,"Al,Li,Ni,O",4.914993715419716,0.3918999999999997,0.01968564881944701,-1.9179876959722222,False
mp-1302404,Li2SiNiO4,"Li,Ni,O,Si",3.1101700628023723,3.8209,0.033339809062500336,-2.433352705520834,False
mp-1303958,Li2Ni3SbO8,"Li,Ni,O,Sb",4.940570368749757,0.5545,0.0007191771428525229,-1.553617382976191,False
mp-1303907,Li2TiFe3O8,"Fe,Li,O,Ti",3.9013218932612133,0.059700000000000086,0.04392605213605805,-2.1493844478571424,False
mp-1304149,Li2Ni3SnO8,"Li,Ni,O,Sn",4.939074249739922,0.044299999999999784,0.025101374345238625,-1.4627126986904773,False
mp-1304017,Li2Mn3CoO8,"Co,Li,Mn,O",4.227441679793962,0.8359999999999999,0.0005618125000141916,-1.9504835582471267,False
mp-1304290,Li2Mn3NbO8,"Li,Mn,Nb,O",4.113586089152471,1.3095999999999999,0.03575825357143714,-2.339382577889983,False
mp-1304584,Li2TiV3O8,"Li,O,Ti,V",3.7383655903419895,1.0657,0.005958819285709183,-2.7246603267857146,False
mp-1304342,Li2TiFeO4,"Fe,Li,O,Ti",3.8975395584676202,0.9995000000000003,0.04658707531249551,-2.5602585740625,False
mp-1304327,Li2Mn3GaO8,"Ga,Li,Mn,O",4.259132353608915,0.3953000000000002,0.001265114999975836,-2.115519857711413,False
mp-1305455,Li2Ni3TeO8,"Li,Ni,O,Te",4.939209002893974,0.0,0.0005546982142856649,-1.528986676309524,False
mp-1304790,Li2FeCo3O8,"Co,Fe,Li,O",4.420697904626424,0.7057999999999998,0.018785575618914585,-1.5446420504761906,False
mp-1306312,Li2TiV3O8,"Li,O,Ti,V",3.7324928788114815,0.6718000000000002,0.00999537321428079,-2.720623772857143,False
mp-1306034,Li2V3WO8,"Li,O,V,W",4.967717612063704,1.5596,0.0022342078571480073,-2.4223505004761896,False
mp-1305888,Li2VNiO4,"Li,Ni,O,V",4.2589495798289,1.6231000000000004,0.049703031874997805,-2.1371165377083345,False
mp-1306478,Li2TiFeO4,"Fe,Li,O,Ti",3.903217237938086,1.7516000000000003,0.03660418812499522,-2.57024146125,False
mp-1306845,Li2Mn3TeO8,"Li,Mn,O,Te",4.342237185522384,0.49960000000000004,0.006097657455359062,-1.996344885866174,False
mp-1306592,Li2Ni3SbO8,"Li,Ni,O,Sb",4.940337885222996,0.20809999999999995,0.01663522321428168,-1.5377013369047623,False
mp-1306720,Li2Ni3SbO8,"Li,Ni,O,Sb",4.945047441626019,0.24940000000000007,0.012939133928568047,-1.5413974261904764,False
mp-1306790,Li2Mn3CoO8,"Co,Li,Mn,O",4.162543419760936,0.25349999999999984,0.03460520785715726,-1.9164401628899839,False
mp-1307565,Li2Cr3SnO8,"Cr,Li,O,Sn",4.419409101659546,0.9602999999999997,0.02078527230159377,-2.259923854761905,False
mp-1307940,Li2Fe3SnO8,"Fe,Li,O,Sn",4.460478218726908,0.16970000000000018,0.02365429643452277,-1.845871288690476,False
mp-1307659,Li2Mn3GaO8,"Ga,Li,Mn,O",4.269324699307399,0.5734000000000004,0.0008616053571186555,-2.11592336735427,False
mp-1309047,Li2V3WO8,"Li,O,V,W",4.98283125922518,1.6544999999999996,0.00031164964286034547,-2.4242730586904773,False
mp-1309214,Li2Mn3GaO8,"Ga,Li,Mn,O",4.273093098701835,0.4180999999999999,0.0049908642856903995,-2.1117941084256984,False
mp-1308402,Li2Fe3TeO8,"Fe,Li,O,Te",4.472993596862174,0.6734999999999998,0.03425441071428459,-1.800866244523809,False
mp-1311252,Li2Mn3SbO8,"Li,Mn,O,Sb",4.432940364689807,0.8902999999999999,0.014820447857141872,-2.097387762175699,False
mp-1312602,Li2V3SnO8,"Li,O,Sn,V",4.278279039273629,1.0719999999999996,0.017717841071428708,-2.4115144601190477,False
mp-1316064,Li2V3SbO8,"Li,O,Sb,V",4.304835458299349,1.1101999999999999,0.003629118214286464,-2.4066067169047622,False
mp-1315650,Li2MnV3O8,"Li,Mn,O,V",3.8626081441598403,0.6141999999999999,0.04966811419642703,-2.3967391156855493,False
mp-1314950,Li2Ni3SnO8,"Li,Ni,O,Sn",4.882096648324813,0.5425,0.024297313988096647,-1.4635167590476195,False
mp-1314918,Li2TiVO4,"Li,O,Ti,V",3.8685528170944368,0.21050000000000058,0.027400933906249314,-2.746771265625,False
mp-1318887,Li2TiCr3O8,"Cr,Li,O,Ti",3.86605419647496,0.6110000000000002,0.016825179265874013,-2.5672946860714285,False
mp-6332,Li2TiSiO5,"Li,O,Si,Ti",2.9937525790871207,3.2152999999999996,0.0,-3.102775733333333,True
mp-6412,Li2CuP2O7,"Cu,Li,O,P",2.7138266428575553,0.0,0.0,-2.450907211746031,True
mp-8294,Cs2Li2TiO4,"Cs,Li,O,Ti",4.234139850336224,3.9553999999999996,0.0,-2.526923392701148,True
mp-9406,Li2La2Ti3O10,"La,Li,O,Ti",4.915751870450319,2.073899999999999,0.020434331617648738,-3.480496879215687,False
mp-13182,Li2TiGeO5,"Ge,Li,O,Ti",3.5267014474955167,3.4593000000000003,0.0015369686111128544,-2.7158954927777788,False
mp-16691,SrLi2Ti6O14,"Li,O,Sr,Ti",3.7273627993688385,2.8389000000000006,0.0,-3.393170181050724,True
mp-17159,Li2CrO4,"Cr,Li,O",2.487465074444365,2.6021,0.0,-2.0882741719047626,True
mp-18809,Li2VGeO5,"Ge,Li,O,V",3.600162612509504,2.1485,0.010562275729168569,-2.3799735346296296,False
mp-18860,Li2VSiO5,"Li,O,Si,V",3.063754286888888,2.3621,0.0,-2.765965153518519,True
mp-18968,Li2FeSiO4,"Fe,Li,O,Si",3.3123144973695706,3.1235999999999997,0.0,-2.5632664336458335,True
mp-21650,Li2NiGe3O8,"Ge,Li,Ni,O",5.060573694666969,3.0431,0.0,-2.114492098869047,True
mp-21778,Li2Fe2(MoO4)3,"Fe,Li,Mo,O",3.3203617554849942,2.7910999999999997,0.0,-2.0266685606140356,True
mp-25393,Li2FePO4F,"F,Fe,Li,O,P",3.127165609041084,4.0613,0.040400714722220954,-2.5916062865343914,False
mp-25395,Li2MnPO4F,"F,Li,Mn,O,P",3.0449813022162435,3.6757,0.0478817102777791,-2.706260182137841,False
mp-25394,Li2MnPCO7,"C,Li,Mn,O,P",2.6593626088727422,0.8778999999999999,0.013499286921291542,-2.3436889132700465,False
mp-25397,Li2NiPO4F,"F,Li,Ni,O,P",3.3316337790209265,0.6458999999999997,0.030360165833331898,-2.5123207162566135,False
mp-25391,Li2CrPO4F,"Cr,F,Li,O,P",2.9567931194216777,2.8005999999999998,0.04091348243054327,-2.6622556451455037,False
mp-25403,Li2VPO4F,"F,Li,O,P,V",3.0165181778404517,1.3885000000000005,0.03654177079218002,-2.7258827223677247,False
mp-25402,Li2VPCO7,"C,Li,O,P,V",2.6348450756706505,2.0513000000000003,0.030499864687498324,-2.45698344219246,False
mp-25457,Li2FePCO7,"C,Fe,Li,O,P",2.6811661939593656,2.4568,0.01878135593749697,-2.284534291984127,False
mp-25456,Li2CuPCO7,"C,Cu,Li,O,P",2.8992780380363157,0.0,0.03392250972221689,-2.074571577609127,False
mp-25455,Li2CrPCO7,"C,Cr,Li,O,P",2.701927486680083,3.132,0.01720705802083522,-2.425300793234126,False
mp-25845,Li2FeP2O7,"Fe,Li,O,P",2.7943165340975478,4.1734,0.03607014680555398,-2.538807486746031,False
mp-25887,Li2Mn(PO3)4,"Li,Mn,O,P",3.070656798801547,5.0535000000000005,0.04054144535088966,-2.6113849725352183,False
mp-25943,Li2CuP2O7,"Cu,Li,O,P",3.099618669940876,0.0,0.03879896374999969,-2.412108247996031,False
mp-25991,Li2Ni3(P2O7)2,"Li,Ni,O,P",3.511941328760288,4.0405,0.0,-2.3811227191407873,True
mp-26025,Li2FeP2O7,"Fe,Li,O,P",2.5494265067734556,4.4681,0.00553975701388687,-2.569337876537698,False
mp-26083,Li2Mn3(P2O7)2,"Li,Mn,O,P",3.1637248921567087,3.7499,0.008266204782617415,-2.6201111447404855,False
mp-26089,Li2CoP2O7,"Co,Li,O,P",2.6325974999707538,2.9977,0.013769648472200302,-2.5147525269543647,False
mp-26095,Li2Mn(PO3)4,"Li,Mn,O,P",2.7475468297209575,4.4103,0.006213659166679264,-2.645712758719428,False
mp-26125,Li2Fe(PO3)4,"Fe,Li,O,P",2.83351667046741,1.5945999999999998,0.009334568377206587,-2.583792996065162,False
mp-26195,Li2Ni(PO3)4,"Li,Ni,O,P",2.900580562551658,4.5469,0.013522848903501306,-2.5381232997493735,False
mp-26165,Li2Ni(PO3)4,"Li,Ni,O,P",2.63019847981436,4.6675,0.012201016798239372,-2.539445131854636,False
mp-26257,Li2MnP2O7,"Li,Mn,O,P",2.5081680134600117,3.1115999999999997,0.023967148749973077,-2.6472773432402845,False
mp-26261,Li2Cu(PO3)4,"Cu,Li,O,P",2.759519399276966,0.8250000000000002,0.015091105745619338,-2.466710169749375,False
mp-26241,Li2V3(P2O7)2,"Li,O,P,V",3.2097676697155006,2.6931000000000003,0.021240333152168667,-2.6338495745755686,False
mp-26255,Li2FeP2O7,"Fe,Li,O,P",2.8975364006697513,4.0294,0.019432894305553283,-2.5554447392460315,False
mp-26267,Li2Cu(PO3)4,"Cu,Li,O,P",2.897389423731138,0.25249999999999995,0.021449327061409562,-2.4603519484335847,False
mp-26305,Li2Cr3(P2O7)2,"Cr,Li,O,P",3.1314108466507093,3.1927000000000003,0.0313873030434646,-2.5630633850103517,False
mp-26333,Li2CoP2O7,"Co,Li,O,P",2.9752376715110556,2.9940999999999995,0.02744300430553359,-2.5010791711210314,False
mp-26365,Li2NiP2O7,"Li,Ni,O,P",3.011028018362229,3.5677999999999996,0.025499805138893272,-2.4864895388293644,False
mp-26359,Li2Co(PO3)4,"Co,Li,O,P",2.5951373580313852,3.2344,0.013010990219297192,-2.5419054763283206,False
mp-26415,Li2V(PO4)2,"Li,O,P,V",2.807039631330544,1.2191,0.028517724294871982,-2.658300478150183,False
mp-26413,Li2MnP2O7,"Li,Mn,O,P",2.820714702799087,3.8876,0.025054616041638944,-2.646189875948618,False
mp-26417,Li2Cr(PO3)4,"Cr,Li,O,P",2.5885038671626535,3.4217,0.030421840724638827,-2.6113049881704247,False
mp-26515,Li2CoP2O7,"Co,Li,O,P",2.996186226577447,3.1796999999999995,0.03621629451386621,-2.492305880912699,False
mp-26553,Li2Mn3(P2O7)2,"Li,Mn,O,P",3.3062096183282814,3.5737000000000005,0.029181609130442432,-2.5991957403926604,False
mp-26689,Li2V(PO3)4,"Li,O,P,V",2.4982998120290394,1.2918000000000003,0.02602554388094891,-2.64202422001253,False
mp-26673,Li2V(PO4)2,"Li,O,P,V",2.816939303663154,1.1535,0.0386978594230758,-2.6481203430219784,False
mp-26731,Li2VP2O7,"Li,O,P,V",2.916213669184794,2.9763,0.036475685842011885,-2.6523787250793656,False
mp-26751,Li2CrP2O7,"Cr,Li,O,P",2.8630926327370605,3.1019999999999994,0.03699403020834069,-2.622539824871031,False
mp-26771,Li2CrP2O7,"Cr,Li,O,P",2.786618505719655,3.4773,0.028816361875006358,-2.630717493204365,False
mp-26789,Li2FeP2O7,"Fe,Li,O,P",2.7787817603608325,4.103,0.035318630555552843,-2.539559002996032,False
mp-26823,Li2Cu3(P2O7)2,"Cu,Li,O,P",3.5576351494404514,0.060499999999999776,0.03666048282608081,-2.2122794017494813,False
mp-26851,Li2CuPO4,"Cu,Li,O,P",3.3123272008225,1.3886000000000003,0.049517606250000235,-2.3066080742261903,False
mp-26957,Li2V2(PO4)3,"Li,O,P,V",2.9429152493163686,0.0037000000000002586,0.005157955811411874,-2.6921169331892227,False
mp-26965,Li2CrP2O7,"Cr,Li,O,P",2.6523899218317872,3.7041000000000004,0.0,-2.6595338550793683,True
mp-26947,Li2V(PO4)2,"Li,O,P,V",2.978637495730623,1.7178000000000002,0.04824545006410208,-2.6385727523809526,False
mp-26985,Li2Fe3(P2O7)2,"Fe,Li,O,P",3.2918323534401224,4.015599999999999,0.004125616956518918,-2.4754309467494817,False
mp-27751,Li2V6O15,"Li,O,V",3.2937408551021905,0.0,0.040506211521735835,-2.3698211239855076,False
mp-31560,Li2Co(PO3)4,"Co,Li,O,P",2.5355452252141757,3.154,0.04835650074561304,-2.5065599658020044,False
mp-31604,Li2CoP2O7,"Co,Li,O,P",3.020007197604605,3.1026,0.03637866805553269,-2.4921435073710323,False
mp-31817,Li2Fe(PO3)4,"Fe,Li,O,P",2.6148918713269915,3.9524,0.02530214679825793,-2.5678254176441104,False
mp-31964,Li2Mn(PO3)4,"Li,Mn,O,P",2.59404467965453,4.101,0.02880249719299588,-2.623123920693112,False
mp-31979,Li2Mn(PO3)4,"Li,Mn,O,P",2.406936270334345,4.1915,0.04227366745615324,-2.6096527504299543,False
mp-32027,Li2Mn3(P2O7)2,"Li,Mn,O,P",3.230384345350443,3.4753,0.023397898913050774,-2.604979450610052,False
mp-31953,Li2MnP2O7,"Li,Mn,O,P",2.8196442413343195,3.8564,0.037520007916639564,-2.6337244840736176,False
mp-32525,Li2V(PO4)2,"Li,O,P,V",2.8559266720812357,2.6334,0.04096303525641076,-2.6458551671886443,False
mp-32383,Li2NiP2O7,"Li,Ni,O,P",3.046964023408752,4.116,0.02434577847222652,-2.4876435654960307,False
mp-32395,Li2Ni3(P2O7)2,"Li,Ni,O,P",3.5659381620040884,3.7280999999999995,0.02778266891304426,-2.3533400502277426,False
mp-504122,Li2FeP2O7,"Fe,Li,O,P",2.8143194601272747,4.2871999999999995,0.038547939513887464,-2.5363296940376974,False
mp-505245,Li2Cr(H2O3)2,"Cr,H,Li,O",2.081781336218237,3.052,0.018963177820514154,-1.6962627578205125,False
mp-532743,Li2Ti4Ni(PO5)4,"Li,Ni,O,P,Ti",3.336417528965005,2.9864999999999995,0.010165957903222278,-2.9567786693087568,False
mp-540011,Li2Ni(PO3)5,"Li,Ni,O,P",2.61546276316117,0.0,0.04774743081521926,-2.43748463434265,False
mp-540231,Li2FeP2O7,"Fe,Li,O,P",2.9355956579424296,4.1959,0.02357681055555272,-2.5513008229960317,False
mp-540179,Li2Cr3(P2O7)2,"Cr,Li,O,P",3.1384006271223517,2.1845,0.030480474347812425,-2.5639702137060034,False
mp-540257,Li2CoP2O7,"Co,Li,O,P",2.9320035026446996,3.2959000000000005,0.015517264305533018,-2.5130049111210315,False
mp-540223,Li2MnP2O7,"Li,Mn,O,P",2.8290837681715124,4.2547999999999995,0.02164043499997259,-2.6496040569902846,False
mp-540312,Li2V(PO4)2,"Li,O,P,V",2.898908841961464,1.4504000000000001,0.044281036987179334,-2.642537165457875,False
mp-540421,Li2MnP2O7,"Li,Mn,O,P",2.8899267725633417,4.1701,0.0400632512499719,-2.631181240740285,False
mp-540330,Li2V(PO3)5,"Li,O,P,V",2.529882516814497,2.2923,0.032200445398563815,-2.646454896733954,False
mp-540431,Li2Fe5(PO4)4,"Fe,Li,O,P",3.4159523723717244,3.5627999999999997,0.03833693499999846,-2.3529711542680776,False
mp-540477,Li2Mn(PO3)4,"Li,Mn,O,P",2.7393302979854,3.8816000000000006,0.04842892508773211,-2.603497492798375,False
mp-540433,Li2Fe3(P2O7)2,"Fe,Li,O,P",3.408466615612086,3.8427,0.03683841869564919,-2.442718145010352,False
mp-540530,Li2Co(PO3)4,"Co,Li,O,P",2.8036630198449863,2.8594999999999997,0.04630253100877013,-2.508613935538847,False
mp-540469,Li2Co3(P2O7)2,"Co,Li,O,P",3.5590467144076317,2.9025999999999996,0.049400032554338225,-2.347840150227744,False
mp-552307,Li2Co(WO4)2,"Co,Li,O,W",6.601208652553051,2.6607,0.00022431884614704245,-2.1518079882051278,False
mp-554446,Li2NiPO4F,"F,Li,Ni,O,P",3.5431017138734946,3.6477,0.029674211249998805,-2.5130066708399466,False
mp-554685,Li2U3V2O15,"Li,O,U,V",5.127805167577444,2.2727,0.0,-3.07520563462121,True
mp-555519,Li2Cu(WO4)2,"Cu,Li,O,W",6.459069242142558,0.42369999999999974,0.020318934711538894,-2.0654983112820515,False
mp-558083,BaLi2Ti6O14,"Ba,Li,O,Ti",3.942498188824059,2.8907999999999996,0.0,-3.392609160507246,True
mp-558619,Li2Ti6PbO14,"Li,O,Pb,Ti",4.441406339791281,2.7640000000000002,0.0,-3.2051081325724637,True
mp-558765,Li2Ni(WO4)2,"Li,Ni,O,W",6.681744269990504,0.0,0.0016228657692245463,-2.1420072912820514,False
mp-559240,Li2MnSiO4,"Li,Mn,O,Si",3.0501893072411517,2.0890000000000004,0.0,-2.6900844140122118,True
mp-559518,Li2FeSiO4,"Fe,Li,O,Si",3.0686564742460742,3.3971,0.0010099634375002609,-2.5622564702083332,False
mp-560212,Li2Ni(SO4)2,"Li,Ni,O,S",3.0241098005670617,4.278599999999999,0.0018033458653841095,-2.0325857244551284,False
mp-561743,Li2CoSiO4,"Co,Li,O,Si",3.204747288587181,0.7507999999999999,0.00011448906249977853,-2.5110290742708337,False
mp-562404,Li2Co3(SeO3)4,"Co,Li,O,Se",4.2195950962805675,2.6422,0.0,-1.4996215740972216,True
mp-566593,Li2MnSn3O8,"Li,Mn,O,Sn",5.426437881191327,1.1909999999999998,0.04591535494047516,-2.1033727398522175,False
mp-581301,Li2MgMn3O8,"Li,Mg,Mn,O",3.8036870488097185,1.3224,0.0,-2.2162592350328407,True
mp-584012,Li2NiP2O7,"Li,Ni,O,P",2.6448900395550874,3.1132,0.021306250763893253,-2.4906830932043644,False
mp-583836,Li2V(PO4)2,"Li,O,P,V",2.920172391327271,1.4940999999999998,0.038764119294871335,-2.648054083150183,False
mp-584122,Li2Co3(P2O7)2,"Co,Li,O,P",3.415698507389095,2.8175999999999997,0.0041466284239035645,-2.3930935543581784,False
mp-584129,Li2NiP2O7,"Li,Ni,O,P",3.117569065295943,4.13,0.026083949513894034,-2.4859053944543636,False
mp-616566,Li2VPO6,"Li,O,P,V",2.980581212924588,3.1365,0.014165039999999962,-2.5720749446309528,False
mp-672959,Li2Cu(PO3)4,"Cu,Li,O,P",2.9023635394166276,0.8002999999999998,0.01816373785088299,-2.4636375376441113,False
mp-689934,Li2CrP2O7,"Cr,Li,O,P",2.751750635470371,3.4910000000000005,0.03641376291667342,-2.6231200921626985,False
mp-694955,NaLi2La3Ti6O18,"La,Li,Na,O,Ti",4.734326137434043,1.9293,0.04875664812499991,-3.4369442967682007,False
mp-694934,Li2TiFe(PO4)3,"Fe,Li,O,P,Ti",2.926493074596468,2.4485,0.0006259700000077473,-2.755892690206766,False
mp-695780,Li2MnP2O7,"Li,Mn,O,P",2.885329803966249,4.2766,0.020348981874972694,-2.650895510115285,False
mp-695805,Li2FeP2O7,"Fe,Li,O,P",2.951704883164271,4.2488,0.01896343680555379,-2.555914196746031,False
mp-696441,Li2Cr2H4O9,"Cr,H,Li,O",2.2930759586073726,0.10200000000000031,0.009942774784315489,-1.6685000233333336,False
mp-697726,Li2CoP2O7,"Co,Li,O,P",3.0673707785082196,3.0107999999999997,0.03415897201386642,-2.494363203412698,False
mp-697754,Li2V(PO3)4,"Li,O,P,V",2.803079070827597,2.8952000000000004,0.025735097828317066,-2.642314666065162,False
mp-697796,Li2Cr5(PO4)4,"Cr,Li,O,P",3.2476320234275837,2.3366999999999996,0.038452394236108134,-2.4790604479717806,False
mp-697811,Li2FeP2O7,"Fe,Li,O,P",2.8994929638639686,3.7642,0.02997413159721951,-2.5449035019543653,False
mp-697855,Li2Cr3(P2O7)2,"Cr,Li,O,P",3.0827965677572164,2.7561000000000004,0.03499162369563713,-2.5594590643581783,False
mp-697850,Li2Cr(PO3)4,"Cr,Li,O,P",2.8050336294958376,0.09609999999999985,0.028201737961479623,-2.6135250909335834,False
mp-704145,Li2Mn2(SO4)3,"Li,Mn,O,S",2.8395084622188826,4.4239,0.007731198157890695,-2.1389495852646703,False
mp-704203,Li2VP4O13,"Li,O,P,V",2.451993917381464,1.8286,0.04583670916665916,-2.6189389630119053,False
mp-704943,Li2Mn3ZnO8,"Li,Mn,O,Zn",4.318832398697502,1.5421,0.0,-2.0181028503899836,True
mp-704942,Li2Cr(PO3)5,"Cr,Li,O,P",2.436918712786504,2.1007,0.04396030231884307,-2.611828072603519,False
mp-705277,Li2Co(PO3)4,"Co,Li,O,P",2.8868939279874177,3.2054,0.016701884166665515,-2.538214582380952,False
mp-705336,Li2Co3(P2O7)2,"Co,Li,O,P",3.484495610717852,2.7885,0.04844249168477255,-2.3487976910973094,False
mp-705334,Li2V(PO3)5,"Li,O,P,V",2.3698140533217775,2.1267,0.0375363899637815,-2.6411189521687364,False
mp-705356,Li2Fe(PO3)5,"Fe,Li,O,P",2.5627500982983555,2.4488,0.03586255083333256,-2.547096333690476,False
mp-705362,Li2Co(PO3)5,"Co,Li,O,P",2.6122453662393577,0.8796999999999999,0.03425842985505767,-2.454015545429607,False
mp-705355,Li2Mn(PO3)5,"Li,Mn,O,P",2.573225242768841,1.5914000000000001,0.03080228289854947,-2.5719540438179136,False
mp-705401,Li2Ni4P4O15,"Li,Ni,O,P",3.2873299984946853,9.999999999976694e-05,0.04715556819999378,-2.2593116890095235,False
mp-705847,Li2(CoO2)3,"Co,Li,O",4.672400314986446,0.0,0.0488707421590906,-1.5445826969696967,False
mp-705887,Li2TiCr(PO4)3,"Cr,Li,O,P,Ti",2.923939826314303,2.4493,0.0008179755263162392,-2.8400685702067667,False
mp-725430,Li2Ti4Ni(PO5)4,"Li,Ni,O,P,Ti",3.344671075033379,2.9429,0.0049250972580612284,-2.962019529953918,False
mp-726129,Li2Ti4Co(PO5)4,"Co,Li,O,P,Ti",3.3777879957758206,1.6172,0.04036161080645151,-2.9339773149539177,False
mp-726294,Li2V2P2O11,"Li,O,P,V",2.366446962365388,2.0181,0.036172157058818044,-2.5152882985854355,False
mp-732284,Li2Ti4Co(AsO5)4,"As,Co,Li,O,Ti",3.8110925464914924,2.7286,0.010862801612901762,-2.459493442741936,False
mp-752523,Li2FeNi3O8,"Fe,Li,Ni,O",4.427390073631588,0.0,0.038804654161930685,-1.3084685740476192,False
mp-752610,Li2CrFeO4,"Cr,Fe,Li,O",4.14513180178909,1.6024000000000003,0.008267917916666256,-2.168909380833334,False
mp-752659,Li2FeP2O7,"Fe,Li,O,P",2.954984706765909,3.8886000000000003,0.047222333680553064,-2.5276552998710318,False
mp-752657,Li2FeP2O7,"Fe,Li,O,P",2.908351149469298,4.3859,0.03177096930555301,-2.543106664246032,False
mp-752703,Li2CoNi3O8,"Co,Li,Ni,O",4.771493122356782,0.0,0.013071243839288371,-1.2801518890476191,False
mp-752716,Li2VNi(PO4)2,"Li,Ni,O,P,V",3.521013204911938,1.6594999999999995,0.041329184732147084,-2.498223306496599,False
mp-752766,Li2CrSiO4,"Cr,Li,O,Si",2.980473297256175,3.0789,0.041415053541667746,-2.613795254583334,False
mp-752799,Li2FeSiO4,"Fe,Li,O,Si",3.1196325626186767,3.0614,0.0312945265625002,-2.5319719070833333,False
mp-752814,Li2TiV2O6,"Li,O,Ti,V",3.7615593487533876,1.2730999999999995,0.03591827738635445,-2.742669439545456,False
mp-752844,Li2MnSiO4,"Li,Mn,O,Si",3.063851989541065,2.7378,0.018262249062498626,-2.671822164949713,False
mp-752820,Li2VP2O7,"Li,O,P,V",2.6675095435578866,2.7746999999999997,0.04162662917534554,-2.647227781746032,False
mp-752828,Li2Si2NiO6,"Li,Ni,O,Si",2.9124571943993813,3.6551,0.03784357295455276,-2.6548543701515155,False
mp-752853,Li2FeSiO4,"Fe,Li,O,Si",3.1245756440906423,3.0781,0.014926680625000799,-2.5483397530208327,False
mp-752869,Li2VP2O7,"Li,O,P,V",2.8072249247568752,2.5888999999999998,0.04359256105034515,-2.645261849871032,False
mp-752900,Li2FeSiO4,"Fe,Li,O,Si",2.958042678795779,2.9645,0.010883400312500235,-2.5523830333333333,False
mp-752913,Li2FeSiO4,"Fe,Li,O,Si",3.0786169025597885,3.0269000000000004,0.004189565937500639,-2.559076867708333,False
mp-752954,Li2CrCo3O8,"Co,Cr,Li,O",4.373982258573085,0.40080000000000005,0.0429927518253983,-1.6647736636904773,False
mp-752946,Li2CoSiO4,"Co,Li,O,Si",3.0761256905246137,2.4566,0.026583773125000043,-2.4845597902083334,False
mp-752965,Li2V3O6,"Li,O,V",3.820495970222588,1.1098000000000003,0.0446870835227271,-2.470883965151515,False
mp-753050,Li2FeNiO4,"Fe,Li,Ni,O",4.464389750836317,0.0,0.0037105638541659047,-1.7177534595833341,False
mp-753118,Li2FeSiO4,"Fe,Li,O,Si",3.1123701093517844,3.2064000000000004,0.048253351770833675,-2.5150130818749994,False
mp-753142,Li2Co(SiO3)2,"Co,Li,O,Si",2.8956812472686755,2.9727,0.01143246742424342,-2.707444126969697,False
mp-753177,Li2MnCo3O8,"Co,Li,Mn,O",4.468502097583329,0.0,0.03485571625000006,-1.6386892903284078,False
mp-753235,Li2Mn3TeO8,"Li,Mn,O,Te",4.57534327988097,0.21819999999999995,0.003369354598215857,-1.9990731887233173,False
mp-753291,Li2Mn(PO4)2,"Li,Mn,O,P",2.8329960567836214,0.9969000000000001,0.00597898472222802,-2.4958293422218016,False
mp-753270,Li2V3(P2O7)2,"Li,O,P,V",3.274492879522695,2.9492000000000003,0.04708021380434246,-2.608009693923395,False
mp-753296,Li2(NiO2)3,"Li,Ni,O",4.629294142769537,0.31079999999999997,0.046873058825753766,-1.2719194065151513,False
mp-753313,Li2Mn(PO4)2,"Li,Mn,O,P",2.889317936226655,0.6466999999999999,0.02643325279915132,-2.4753750741448783,False
mp-753337,Li2VNiO4,"Li,Ni,O,V",4.258518094565287,1.6752999999999996,0.04175627312499941,-2.145063296458333,False
mp-753347,Li2MnNiO4,"Li,Mn,Ni,O",4.431739157074966,0.2562000000000002,0.03084247812500074,-1.9087633943247129,False
mp-753366,Li2CoCuO4,"Co,Cu,Li,O",4.871972979805647,0.0,0.04114462874999969,-1.5569759620833343,False
mp-753482,Li2MnCoO4,"Co,Li,Mn,O",4.363723801643697,0.0,0.03420579968750026,-1.9188365343247131,False
mp-753527,Li2Mn(SiO3)2,"Li,Mn,O,Si",2.672278062453657,3.3968,0.043843479015150955,-2.805171915872519,False
mp-753536,Li2CoNiO4,"Co,Li,Ni,O",4.767091637961695,0.0,0.017019385624997163,-1.6202891802083332,False
mp-753547,Li2NiP2O7,"Li,Ni,O,P",3.131424464708319,4.169,0.0368496826388931,-2.4751396613293646,False
mp-753589,Li2VCrO4,"Cr,Li,O,V",3.9945236122144854,1.6276000000000002,0.004698024374999221,-2.4465034233333345,False
mp-753609,Li2Mn(PO4)2,"Li,Mn,O,P",2.9549472011111786,0.7448999999999999,0.049450893952998065,-2.4523574329910316,False
mp-753634,Li2Fe(SiO3)2,"Fe,Li,O,Si",2.8120238263909076,3.314,0.013097568787880043,-2.743686567651515,False
mp-753728,Li2Cr3SnO8,"Cr,Li,O,Sn",4.647870423810948,0.0,0.014802324801594047,-2.2659068022619047,False
mp-753732,Li2CoSiO4,"Co,Li,O,Si",3.201994322156547,2.957,0.0,-2.5111435633333334,True
mp-753770,Li2FePCO7,"C,Fe,Li,O,P",2.7600256870434134,2.3352999999999997,0.008345267812496893,-2.294970380109127,False
mp-753811,Li2VCrO4,"Cr,Li,O,V",3.994987951493367,1.7173999999999996,0.006382560624999201,-2.4448188870833345,False
mp-753810,Li2SiNiO4,"Li,Ni,O,Si",3.108568775597884,3.461,0.03336771187500087,-2.4333248027083334,False
mp-753828,Li2CoSiO4,"Co,Li,O,Si",3.246784762003227,2.7203,0.004405288124999629,-2.506738275208334,False
mp-753866,Li2VCr(P2O7)2,"Cr,Li,O,P,V",2.883802061227235,2.1866,0.0,-2.7031651750108225,True
mp-753892,Li2Cr2O7,"Cr,Li,O",2.4722107058855536,2.4081,0.03988033330302976,-1.855893267424242,False
mp-753950,Li2Co(CO3)2,"C,Co,Li,O",2.544442409966476,2.8996,0.022726872727271363,-1.9604577328787889,False
mp-753967,Li2Mn3GaO8,"Ga,Li,Mn,O",4.247130807594055,0.0,0.020609287857119796,-2.0961756848542694,False
mp-754015,Li2VCrO4,"Cr,Li,O,V",3.971860820036409,1.5322,0.005153613124999623,-2.446047834583334,False
mp-754029,Li2VCrO4,"Cr,Li,O,V",3.996262934430187,1.7728000000000002,0.0061535762499991264,-2.4450478714583346,False
mp-754032,Li2NiP2O7,"Li,Ni,O,P",2.9057755671934187,4.366,0.03885732305556022,-2.4731320209126975,False
mp-754054,Li2VCrO4,"Cr,Li,O,V",4.02963493368947,0.9269000000000003,0.009842226874999582,-2.441359220833334,False
mp-754097,Li2FeBO4,"B,Fe,Li,O",3.06726045942203,2.5776,0.046753734062500385,-2.303791909166666,False
mp-754083,Li2Ni5O7,"Li,Ni,O",5.846015797687327,0.0,0.016471843690473165,-1.36155974154762,False
mp-754100,Li2FeCuO4,"Cu,Fe,Li,O",4.446169190649148,0.0,0.042483585937499235,-1.655275493333333,False
mp-754139,Li2Cr3TeO8,"Cr,Li,O,Te",4.434422731001763,0.0,0.028997913482143645,-2.164973477380952,False
mp-754183,Li2VNiO4,"Li,Ni,O,V",4.259627133175642,1.7008999999999999,0.04203871749999877,-2.1447808520833336,False
mp-754265,Li2MgMn3O8,"Li,Mg,Mn,O",3.794193896363458,1.3888999999999998,0.01931050249999977,-2.196948732532841,False
mp-754267,Li2MnCu3O8,"Cu,Li,Mn,O",4.51186407716156,0.0,0.038954105836302766,-1.3523702967569784,False
mp-754256,Li2CrFeO4,"Cr,Fe,Li,O",4.122477434950226,1.6838000000000006,0.01110805729166664,-2.1660692414583336,False
mp-754294,Li2VCo3O8,"Co,Li,O,V",4.598148185381622,0.2413000000000003,0.02497324141580748,-1.7983533476190476,False
mp-754320,Li2MnPCO7,"C,Li,Mn,O,P",2.716002754200449,0.40369999999999995,0.02900485275462472,-2.3281833474367133,False
mp-754336,Li2MnFeO4,"Fe,Li,Mn,O",4.200396211451401,0.0,0.023048590312500394,-2.0293547655747126,False
mp-754330,Li2MnSnO4,"Li,Mn,O,Sn",4.836723597480047,0.8182,0.04998518968750165,-2.126672345574712,False
mp-754348,Li2CrFeO4,"Cr,Fe,Li,O",4.1286525750595136,1.9762,0.00015030916666614047,-2.177026989583334,False
mp-754365,Li2Cr2O7,"Cr,Li,O",2.7209150987762944,2.378,0.016351244212120974,-1.879422356515151,False
mp-754386,Li2CrFeO4,"Cr,Fe,Li,O",4.121742260703389,1.9518999999999997,0.006548316249999964,-2.1706289825000002,False
mp-754391,Li2TiFeO4,"Fe,Li,O,Ti",3.938109423309879,0.8302999999999998,0.04592085656249534,-2.5609247928125,False
mp-754607,Li2MnFeO4,"Fe,Li,Mn,O",4.119478458418753,0.2070000000000003,0.030351781562499625,-2.0220515743247134,False
mp-754619,Li2CrP2O7,"Cr,Li,O,P",2.6078684291961554,2.201,0.019689895833339577,-2.6398439592460314,False
mp-754641,Li2MnCrO4,"Cr,Li,Mn,O",4.142970389599219,0.0,0.03469498687500039,-2.2495509218247127,False
mp-754635,Li2MnFe(PO4)2,"Fe,Li,Mn,O,P",3.3935920600331753,3.7761,0.001092972321429464,-2.5555694017059585,False
mp-754669,Li2VP2O7,"Li,O,P,V",2.706415770469956,2.7579000000000002,0.016684068967012244,-2.6721703419543648,False
mp-754682,Li2TiCo3O8,"Co,Li,O,Ti",4.541980604237881,0.0,0.030052680446432944,-1.9736726185714275,False
mp-754716,Li2CuNiO4,"Cu,Li,Ni,O",4.7431259199412485,0.0,0.014933122291665768,-1.4593532327083336,False
mp-754735,Li2Ni3SbO8,"Li,Ni,O,Sb",4.8942053878488645,0.0,0.017181096785710004,-1.5371554633333335,False
mp-754774,Li2Mn3(CoO4)3,"Co,Li,Mn,O",4.257108093605696,1.0678,0.03598939679166868,-1.6822504850229882,False
mp-754784,Li2Mn3CoO8,"Co,Li,Mn,O",4.264317104034229,0.6454,0.03775343607144244,-1.913291934675699,False
mp-754778,Li2CrCuO4,"Cr,Cu,Li,O",4.411919816501506,0.0,0.029186123749999737,-1.9004155083333334,False
mp-754851,Li2CoSnO4,"Co,Li,O,Sn",5.249930142546699,1.0167000000000002,0.026822169062500123,-1.9596507111458337,False
mp-754863,Li2MnFe(BO3)2,"B,Fe,Li,Mn,O",3.2454050346651675,3.1274999999999995,0.00362995854166126,-2.419920157744253,False
mp-754882,Li2Ni3SnO8,"Li,Ni,O,Sn",5.1412386746345655,0.0,0.033400756130953724,-1.4544133169047626,False
mp-754901,Li2CrFeO4,"Cr,Fe,Li,O",4.188669690340952,1.2734,0.030843375416666596,-2.1463339233333336,False
mp-754945,Li2MnNiO4,"Li,Mn,Ni,O",4.461700276972678,0.29559999999999986,0.03873503187500038,-1.9008708405747132,False
mp-754949,Li2Mn(SiO3)2,"Li,Mn,O,Si",2.7651839690721203,3.4868999999999994,0.012182672196969335,-2.836832722690701,False
mp-754952,Li2CrFeO4,"Cr,Fe,Li,O",4.325789201420963,2.1398,0.03251413479166665,-2.1446631639583336,False
mp-754990,Li2VP2HO8,"H,Li,O,P,V",2.89372706321972,2.0854999999999997,0.0009663069817111847,-2.585221349264456,False
mp-755002,Li2NiBiO4,"Bi,Li,Ni,O",6.548384689579484,0.0,0.04228748406249938,-1.666356426458334,False
mp-755008,Li2FeNiO4,"Fe,Li,Ni,O",4.573781684803486,0.0,0.04202552635416623,-1.6794384970833338,False
mp-755006,Li2FeP2O7,"Fe,Li,O,P",2.5414908668048497,3.9051,0.04239298576388695,-2.532484647787698,False
mp-755048,Li2CrFeO4,"Cr,Fe,Li,O",4.1304853176881275,1.7079999999999997,0.00720896666666615,-2.169968332083334,False
mp-755096,Li2TiNiO4,"Li,Ni,O,Ti",4.154688505529949,1.6432999999999995,0.03476921312498682,-2.506217914375,False
mp-755129,Li2MnFe(BO3)2,"B,Fe,Li,Mn,O",3.1966433443919127,3.0258000000000003,0.005130437291661849,-2.4184196789942525,False
mp-755249,Li2NiSnO4,"Li,Ni,O,Sn",5.245992044915411,2.1677999999999997,0.012322317812500039,-1.960714100833334,False
mp-755265,Li2MnCo3O8,"Co,Li,Mn,O",4.533878652860919,0.0,0.045722006250001,-1.627823000328407,False
mp-755278,Li2VCrO4,"Cr,Li,O,V",4.087895470553464,0.7542,0.035957563749999366,-2.4152438839583343,False
mp-755319,Li2MnFe(BO3)2,"B,Fe,Li,Mn,O",3.184845478519341,3.0082,0.005357625624995421,-2.418192490660919,False
mp-755348,Li2TiNi2O5,"Li,Ni,O,Ti",4.7854956831897795,2.1225,0.045268121999993305,-2.23113864,False
mp-755369,Li2VGaO4,"Ga,Li,O,V",4.632383338241718,1.6450000000000005,0.042928871562502025,-2.3933990380208314,False
mp-755365,Li2MnSnO4,"Li,Mn,O,Sn",4.831520124999683,0.0,0.03738372218750019,-2.1392738130747135,False
mp-755379,Li2MnV3O8,"Li,Mn,O,V",3.800733330405307,1.2306,0.03269118955356909,-2.413716040328407,False
mp-755429,Li2TiVO5,"Li,O,Ti,V",3.0796336335173553,2.2828,0.031227467638885287,-2.8083202633333335,False
mp-755443,Li2MnCrO4,"Cr,Li,Mn,O",4.088150540262206,0.9948000000000001,0.01209328687500033,-2.272152621824713,False
mp-755460,Li2AlVO4,"Al,Li,O,V",3.617348788527247,1.6555,0.031629649270834115,-2.763732589375,False
mp-755452,Li2MnCo(PO4)2,"Co,Li,Mn,O,P",3.476352557464032,2.4608999999999996,0.021353588392857503,-2.4974057524202444,False
mp-755501,Li2CoSnO4,"Co,Li,O,Sn",5.154632453354457,1.7113999999999994,0.017970611874999598,-1.9685022683333342,False
mp-755521,Li2Ti3FeO8,"Fe,Li,O,Ti",3.7138699001769147,0.0,0.029922735178573134,-2.9746813176190483,False
mp-755524,Li2AlFeO4,"Al,Fe,Li,O",3.0448143999651007,3.0568,0.03356187999999971,-2.487378211458333,False
mp-755540,Li2VCrO4,"Cr,Li,O,V",4.019077762206649,0.9750000000000001,0.0020487643749991236,-2.4491526833333346,False
mp-755550,Li2CrFeO4,"Cr,Fe,Li,O",4.122968142297806,2.043,0.006201048541666587,-2.1709762502083336,False
mp-755590,Li2Ni3BiO8,"Bi,Li,Ni,O",5.676590158957007,0.0,0.02182855803571737,-1.3444155269047624,False
mp-755630,Li2V6O15,"Li,O,V",3.3522130755206088,0.0696000000000001,0.044502666739127505,-2.3658246687681164,False
mp-755695,Li2CoGeO4,"Co,Ge,Li,O",3.8646359627160023,2.2966999999999995,0.003012456562499821,-2.087375699270834,False
mp-755702,Li2TiVO4,"Li,O,Ti,V",4.025271497640386,0.0,0.03606693203124944,-2.7381052675,False
mp-755710,Li2MnFe(BO3)2,"B,Fe,Li,Mn,O",3.2313837555560623,3.105,0.004013066458329995,-2.4195370498275843,False
mp-755726,Li2FePCO7,"C,Fe,Li,O,P",2.697537962716641,0.7558,0.030147476145830687,-2.2731681717757932,False
mp-755800,Li2MnFe(BO3)2,"B,Fe,Li,Mn,O",3.200731442623001,3.0617,0.005746453958328068,-2.417803662327586,False
mp-755803,Li2AlFeO4,"Al,Fe,Li,O",2.9109595871812917,3.1189999999999998,0.030148464374999406,-2.4907916270833335,False
mp-755819,Li2FePCO7,"C,Fe,Li,O,P",2.722639223545069,2.5029,0.013757390520829915,-2.2895582574007936,False
mp-755842,Li2MnSiO4,"Li,Mn,O,Si",2.888457108013333,2.9620999999999995,0.01380833499999845,-2.6762760790122133,False
mp-755826,Li2FeCuO4,"Cu,Fe,Li,O",4.731953718454504,0.0,0.042613290937499215,-1.655145788333333,False
mp-755848,Li2CrFeO4,"Cr,Fe,Li,O",4.202969281863424,1.9275000000000002,0.013721375833332772,-2.163455922916668,False
mp-755855,Li2Fe3BiO8,"Bi,Fe,Li,O",5.180528910837332,0.0,0.013711571875003159,-1.735695458333333,False
mp-755971,Li2Mn3TeO8,"Li,Mn,O,Te",4.339349046642689,0.0,0.014019094241073837,-1.9884234490804593,False
mp-755986,Li2NbCr3O8,"Cr,Li,Nb,O",4.176384037582349,1.8766000000000003,0.014821801071432716,-2.554107807261904,False
mp-755975,Li2TiV3O8,"Li,O,Ti,V",3.76619138470615,0.006399999999999739,0.021101630357138745,-2.709517515714286,False
mp-755990,Li2MnFe(BO3)2,"B,Fe,Li,Mn,O",3.1904277910773158,3.0858,0.006080984374993825,-2.41746913191092,False
mp-756002,Li2TiFe2O5,"Fe,Li,O,Ti",4.36379675949901,1.4602999999999997,0.03752504950000013,-2.3442553475,False
mp-756067,Li2V3SbO8,"Li,O,Sb,V",4.525311503927026,1.5627000000000004,0.009812615000000413,-2.400423220119048,False
mp-756117,Li2TiTeO6,"Li,O,Te,Ti",4.348690318191457,2.3234000000000004,0.0,-2.418253728166667,True
mp-756107,Li2Fe3SbO8,"Fe,Li,O,Sb",4.491097065558108,1.3362000000000003,0.007566345714286271,-1.921611299047619,False
mp-756125,Li2MnFe(BO3)2,"B,Fe,Li,Mn,O",3.2476951183488367,3.1445999999999996,0.0029550402083300398,-2.4205950760775843,False
mp-756138,Li2V3SbO8,"Li,O,Sb,V",4.321034040202751,1.193,0.0,-2.4102358351190483,True
mp-756158,Li2Ti3VO8,"Li,O,Ti,V",3.6591700475908007,0.0,0.012946026785730425,-3.0987665135119045,False
mp-756154,Li2Cr3BiO8,"Bi,Cr,Li,O",5.151926984309903,0.0,0.015565609980161987,-2.1438346201190472,False
mp-756157,Li2Fe3CoO8,"Co,Fe,Li,O",4.2001492765137645,0.0,0.03822464221387811,-1.639101451190476,False
mp-756196,Li2Co3NiO8,"Co,Li,Ni,O",4.815196309670813,0.9328000000000003,0.004376688124999362,-1.4338890751190487,False
mp-756193,Li2MnNi3O8,"Li,Mn,Ni,O",4.528872085006565,0.0,0.021014426696430277,-1.4404240988998356,False
mp-756200,Li2SiNiO4,"Li,Ni,O,Si",3.281941443423871,3.2176,0.015719058437500877,-2.4509734561458334,False
mp-756192,Li2ZnFe(PO4)2,"Fe,Li,O,P,Zn",3.616881347650976,3.4097000000000004,0.024070144821428663,-2.488912064889455,False
mp-756242,Li2CrFeO4,"Cr,Fe,Li,O",4.123141276877992,1.9855999999999998,0.0,-2.1771772987499998,True
mp-756223,Li2FePCO7,"C,Fe,Li,O,P",2.724617001735425,2.4432,0.01199192718749753,-2.2913237207341264,False
mp-756268,Li2FeNi(PO4)2,"Fe,Li,Ni,O,P",3.6057425505973035,3.0236,0.002365609821428194,-2.420106471139456,False
mp-756280,Li2Ti3CrO8,"Cr,Li,O,Ti",3.706967033592366,0.0,0.0027017785416649787,-3.0643824594047624,False
mp-756294,Li2Ti2O5,"Li,O,Ti",2.4568116995543487,3.7434000000000003,0.028946053055552312,-3.1283753664814813,False
mp-756337,Li2CoCu(PO4)2,"Co,Cu,Li,O,P",3.7275477869194953,0.0,0.04502340642857394,-2.2747528686394562,False
mp-756423,Li2Co3BiO8,"Bi,Co,Li,O",5.931337620412108,1.1113,0.003028473803572851,-1.5635104461904763,False
mp-756409,Li2Ti3NiO8,"Li,Ni,O,Ti",3.7884436212133035,1.7219999999999995,0.0152521864285724,-2.943143192083334,False
mp-756432,Li2Ti(TeO4)3,"Li,O,Te,Ti",4.783024566074215,1.5032999999999999,0.023840130833330697,-1.9159368933333336,False
mp-756486,Li2Mn3NbO8,"Li,Mn,Nb,O",4.304677135557374,0.7198000000000002,0.015383305357151045,-2.35975752610427,False
mp-756536,Li2Ti3MnO8,"Li,Mn,O,Ti",3.5832273319129824,0.6227,0.04480706178570948,-3.045533013542694,False
mp-756582,Li2CoGeO4,"Co,Ge,Li,O",3.829461997168727,2.402,0.0,-2.0903881558333337,True
mp-756596,Li2Mn3CuO8,"Cu,Li,Mn,O",4.206206033989939,0.0,0.020414333904759552,-1.8531830736042707,False
mp-756699,Li2MnPCO7,"C,Li,Mn,O,P",2.6264183228026217,0.6842999999999999,0.010904708587958112,-2.34628349160338,False
mp-756730,Li2V2Si4O11,"Li,O,Si,V",3.0566444535642887,0.0,0.014247621798233467,-2.9034065653508776,False
mp-756796,Li2TiVO4,"Li,O,Ti,V",3.8778368988270473,0.0,0.023515330156248737,-2.7506568693750006,False
mp-756814,Li2Mn5(Si2O7)2,"Li,Mn,O,Si",3.4658513328743696,0.0,0.030034427566667077,-2.676340642652873,False
mp-756879,Li2Mn3FeO8,"Fe,Li,Mn,O",4.055155632870511,0.0,0.02450389529760333,-1.9868562250328412,False
mp-756918,Li2Mn3SnO8,"Li,Mn,O,Sn",4.444469032620691,0.0,0.04936596357143497,-2.056230328961412,False
mp-756969,Li2VFeO4,"Fe,Li,O,V",4.029431374913251,1.1618,0.043745173437500284,-2.2014525570833325,False
mp-756967,Li2CrO4,"Cr,Li,O",2.383615368625614,3.0643000000000002,0.020319052380952662,-2.06795511952381,False
mp-757055,K2Li2CoO4,"Co,K,Li,O",2.7538952451864547,0.35619999999999996,0.038440915092589734,-1.663648937074075,False
mp-757075,Li2TiVO4,"Li,O,Ti,V",3.840080311376981,0.48139999999999983,0.02232152536458276,-2.751850674166666,False
mp-757107,Li2Fe2Si2O7,"Fe,Li,O,Si",3.4031536930033366,3.1294,0.04536107583333315,-2.5292642324358967,False
mp-757294,Li2Fe3Si3O10,"Fe,Li,O,Si",3.4629583009263123,3.0276000000000005,0.0275095257870408,-2.5521641712037044,False
mp-757335,Li2CrP2O7,"Cr,Li,O,P",2.777454631822892,3.361,0.047792381666674544,-2.6117414734126974,False
mp-757337,Li2Ti3Ni(PO4)6,"Li,Ni,O,P,Ti",2.833662941038828,0.013399999999999967,0.04238994460648282,-2.75101111262566,False
mp-757355,Li2MnCr(PO4)2,"Cr,Li,Mn,O,P",3.3086665799387167,2.2089000000000003,0.0022829413839309254,-2.6001265138488145,False
mp-757344,Li2Si4Ni2O11,"Li,Ni,O,Si",3.3564892443856977,0.0,0.027354521929829012,-2.69688122877193,False
mp-757366,Li2CoP2O7,"Co,Li,O,P",3.064380862631205,2.8650999999999995,0.04328639597219919,-2.4852357794543654,False
mp-757408,Li2Fe5(Si2O7)2,"Fe,Li,O,Si",3.5332613105755435,3.0941,0.03162278416666808,-2.470122319466666,False
mp-757413,Li2Si4Ni4O13,"Li,Ni,O,Si",3.91037378446836,3.4440999999999997,0.041194897608697545,-2.425794646594203,False
mp-757429,Li2Fe2Si4O11,"Fe,Li,O,Si",3.1659128609265523,3.4646,0.014071524166667793,-2.781039900614035,False
mp-757421,Li2Cr3Si3O10,"Cr,Li,O,Si",3.3141681356514905,2.1845999999999997,0.04276464009258696,-2.668100568148148,False
mp-757481,Li2FeP2O7,"Fe,Li,O,P",2.9326723019503915,1.7603005322222636,0.03446255118055408,-2.5404150823710308,False
mp-757482,Li2Mn2Si5O13,"Li,Mn,O,Si",2.9817730722406557,3.2859999999999996,0.018802832878787257,-2.93417245238767,False
mp-757513,Li2Mn3CoO8,"Co,Li,Mn,O",4.242763976314206,1.3741,0.0046727658928711335,-1.9463726048542702,False
mp-757523,Li2Fe2Si5O13,"Fe,Li,O,Si",3.085544661931373,3.3943,0.03621107731060569,-2.824043972803032,False
mp-757558,Li2NbCo3O8,"Co,Li,Nb,O",5.023529702965612,0.6339999999999999,0.021924155491075403,-1.9622019844047622,False
mp-757572,Li2MnCo3O8,"Co,Li,Mn,O",4.635717216626625,0.006399999999999961,0.01707366357142881,-1.6564713430069793,False
mp-757611,Li2CoNi(PO4)2,"Co,Li,Ni,O,P",3.6985788001522666,2.5656999999999996,0.015389475892853,-2.369179571853742,False
mp-757613,Li2Co3SbO8,"Co,Li,O,Sb",5.193233883073962,0.7363999999999997,0.0,-1.748696522261904,True
mp-757623,Li2Cr2Si4O11,"Cr,Li,O,Si",3.0373451253695154,2.5679000000000003,0.01876987289474208,-2.8585758558771936,False
mp-757664,Li2CoSiO4,"Co,Li,O,Si",3.1296427506618016,2.6839000000000004,0.04352703281249948,-2.467616530520834,False
mp-757714,Li2CrNi(PO4)2,"Cr,Li,Ni,O,P",3.5035451277703045,1.7405,0.03596327258928245,-2.460693473282313,False
mp-757718,Li2MnV(PO4)2,"Li,Mn,O,P,V",3.3136862708636006,2.5021,0.0033557271428579227,-2.6345500467059586,False
mp-757728,Li2Cr3(SiO3)4,"Cr,Li,O,Si",2.9096304488077,2.1736999999999997,0.008848656587304049,-2.782306284603175,False
mp-757749,Li2Mn(PO4)2,"Li,Mn,O,P",3.1448707284560884,0.48560000000000003,0.011152965587612584,-2.490655361356417,False
mp-757776,Li2CoP2O7,"Co,Li,O,P",3.0095565224607097,2.9887,0.04460281409719968,-2.483919361329365,False
mp-757833,Li2FeSiO4,"Fe,Li,O,Si",3.069793564629931,2.9237,0.013607593437500398,-2.549658840208333,False
mp-757835,Li2VCo3O8,"Co,Li,O,V",4.763068936906741,0.38180000000000014,0.047796038201522784,-1.7755305508333328,False
mp-757875,Li2Co3SnO8,"Co,Li,O,Sn",5.120281283415923,0.0,0.03295536008928668,-1.6706470574404761,False
mp-757895,Li2CrCo(PO4)2,"Co,Cr,Li,O,P",3.4600505166642637,1.0351999999999997,0.04492444857142619,-2.4614927475680273,False
mp-757930,Li2Co3SbO8,"Co,Li,O,Sb",5.414513601491369,0.5583,0.028098295357118275,-1.7205982269047613,False
mp-757968,Li2TiCo3O8,"Co,Li,O,Ti",4.515141655511594,0.02770000000000028,0.02944658437500358,-1.9742787146428569,False
mp-757985,Li2CoSiO4,"Co,Li,O,Si",3.1332561040423808,2.8270999999999997,0.02018735874999944,-2.490956204583334,False
mp-758011,Li2Fe4Si4O13,"Fe,Li,O,Si",3.598906787467246,2.9365,0.03396868793478536,-2.5485584461594213,False
mp-758036,Li2V2Si5O13,"Li,O,Si,V",3.0198920989666775,2.3586,0.0396195391287808,-2.9264678966666664,False
mp-758062,Li2NbCo3O8,"Co,Li,Nb,O",4.900693826221811,0.7380999999999998,0.026300389598217677,-1.9578257502976197,False
mp-758066,Li2V3(P2O7)2,"Li,O,P,V",3.2066953536205056,2.5200000000000005,0.04759185206521277,-2.6074980556625245,False
mp-758079,Li2FeCo3O8,"Co,Fe,Li,O",4.72460514941929,0.3237000000000001,0.029916391690343325,-1.533511234404762,False
mp-758078,Li2Co3(SiO4)2,"Co,Li,O,Si",3.422467451591044,2.4703,0.024176697333331276,-2.3088211108888888,False
mp-758089,Li2Ti3O6,"Li,O,Ti",3.985487176940587,0.0,0.03502193909091034,-3.1141508369696966,False
mp-758095,Li2(NiO2)3,"Li,Ni,O",4.59318780965577,0.5394999999999999,0.023522184280299285,-1.295270281060606,False
mp-758116,Li2Cr3WO8,"Cr,Li,O,W",5.133168122779125,2.3180000000000005,0.023169418392857466,-2.330757987083333,False
mp-758202,Li2NbCr3O8,"Cr,Li,Nb,O",4.3425105710195036,1.9445999999999999,9.010857143287865e-05,-2.568839499761904,False
mp-758209,Li2FeSiO4,"Fe,Li,O,Si",3.063633175684299,3.0894000000000004,0.005195829062500046,-2.5580706045833335,False
mp-758207,Li2Mn3P9O28,"Li,Mn,O,P",3.0768383905329193,1.0598999999999998,0.0492186527380678,-2.5070153310058445,False
mp-758237,Li2Cr2Si5O13,"Cr,Li,O,Si",2.9662982398013065,2.8549,0.021210874848478056,-2.910064710530303,False
mp-758298,Li2NiP2O7,"Li,Ni,O,P",3.111236465715418,4.3009,0.04318886243055964,-2.468800481537698,False
mp-758323,Li2Ti3Co(PO4)6,"Co,Li,O,P,Ti",2.8983010022064857,0.0,0.036213774837965396,-2.768664439847883,False
mp-758338,Li2Co2Si2O7,"Co,Li,O,Si",3.3223513094766557,2.8249,0.04816126070512894,-2.4480929570512826,False
mp-758372,Li2CoSiO4,"Co,Li,O,Si",3.089926767137234,2.8004999999999995,0.009668001875000165,-2.5014755614583333,False
mp-758465,Li2FeSiO4,"Fe,Li,O,Si",3.065793186395371,3.2006999999999994,0.02272471468750048,-2.540541718958333,False
mp-758473,Li2CoSiO4,"Co,Li,O,Si",3.1747287116129903,2.7693000000000003,0.02138534000000014,-2.4897582233333333,False
mp-758511,Li2V2(PO4)3,"Li,O,P,V",2.8783227386393886,1.146,0.004772949495620793,-2.692501939505013,False
mp-758609,Li2Fe(PO3)4,"Fe,Li,O,P",2.449629016468039,4.0099,0.04678192258773173,-2.546345641854637,False
mp-758636,Li2Fe3(P2O7)2,"Fe,Li,O,P",3.345615333323939,3.7628999999999997,0.026547044565215394,-2.4530095191407857,False
mp-758637,Li2CoSiO4,"Co,Li,O,Si",3.194781578167564,2.9336,0.014290099374999699,-2.4968534639583337,False
mp-758640,Li2Cr(Si2O5)2,"Cr,Li,O,Si",2.642087174934555,2.6140000000000003,0.04838999862745208,-2.935426703039217,False
mp-758638,Li2CoSiO4,"Co,Li,O,Si",3.2423657070226883,0.5201000000000002,0.006531590624999417,-2.504611972708334,False
mp-758665,Li2CrO4,"Cr,Li,O",2.322955578131373,2.8805,0.04958520023809587,-2.0386889716666667,False
mp-758684,Li2NiSnO4,"Li,Ni,O,Sn",5.222565651453872,2.1116,0.012366815000000031,-1.960669603645834,False
mp-758722,Li2FeCu(PO4)2,"Cu,Fe,Li,O,P",3.735969541624224,0.0,0.03619518928571175,-2.321484118996598,False
mp-758725,Li2(CoO2)3,"Co,Li,O",4.756763491037116,1.1551999999999998,0.022637624431817827,-1.5708158146969695,False
mp-758726,Li2(NiO2)3,"Li,Ni,O",4.620161057542309,0.0,0.04139290003787455,-1.2773995653030301,False
mp-758770,Li2Mg3Ti6O16,"Li,Mg,O,Ti",3.4329272899935828,3.3131,0.014628327685196396,-3.3005215237654313,False
mp-758798,Li2FePO4F,"F,Fe,Li,O,P",3.167405754192263,3.6955,0.03877094472222087,-2.593236056534392,False
mp-758816,Li2Mn(PO4)2,"Li,Mn,O,P",3.107192919103114,0.6234000000000002,0.042917255491459194,-2.4588910714525705,False
mp-758818,Li2Mn3(PO4)4,"Li,Mn,O,P",3.2506853028756972,0.0,0.04656983796667458,-2.4296193983612477,False
mp-758831,Li2(NiO2)3,"Li,Ni,O",4.6103108600550735,0.3176000000000001,0.03992353064393406,-1.2788689346969706,False
mp-758823,Li2FeSiO4,"Fe,Li,O,Si",3.0100192007377573,2.9464,0.008523985000000067,-2.5547424486458334,False
mp-758865,Li2Fe(PO3)4,"Fe,Li,O,P",2.606632333553129,4.3505,0.02871321206141708,-2.5644143523809517,False
mp-758894,Li2Ti(TeO4)3,"Li,O,Te,Ti",4.808169897666422,1.5785000000000005,0.009614493888886244,-1.930162530277778,False
mp-758903,Li2VP4(H4O5)4,"H,Li,O,P,V",2.081544100822598,1.8897,0.014781171175714647,-1.8898401837264671,False
mp-758963,Li2Cr2CoO6,"Co,Cr,Li,O",4.1097424131188225,0.6529000000000003,0.0441405457575792,-2.0541285887878784,False
mp-758983,Li2Fe(NiO3)2,"Fe,Li,Ni,O",4.376428133514343,0.0,0.047071803432335635,-1.4383718087878785,False
mp-758969,Li2Mn(SO4)2,"Li,Mn,O,S",2.761969808912619,4.3788,0.013533118653845655,-2.180368591315208,False
mp-759051,Li2FeCo9O20,"Co,Fe,Li,O",4.4051284440302485,0.008199999999999985,0.03308648281249127,-1.2620671352083344,False
mp-759106,Li2Fe3(SiO4)2,"Fe,Li,O,Si",3.2041987053165224,2.2295999999999996,0.049815508500001826,-2.391226659111112,False
mp-759126,Li2Mn2(PO4)3,"Li,Mn,O,P",3.0027202911670114,0.32699999999999996,0.023949268172519744,-2.4610043938924915,False
mp-759138,Li2MnFe(PO4)2,"Fe,Li,Mn,O,P",3.3980509060353157,3.7336,0.0010833816071436075,-2.5555789924202443,False
mp-759220,Li2MnPO4F,"F,Li,Mn,O,P",3.096428488622239,3.6651,0.04132020611111287,-2.7128216863045065,False
mp-759229,Li2FePO4F,"F,Fe,Li,O,P",3.1767773544747526,3.7155,0.03174669638888705,-2.6002603048677253,False
mp-759228,Li2FeP4(H4O5)4,"Fe,H,Li,O,P",2.1371367874048333,2.6388,0.014989369069764003,-1.8613846516334434,False
mp-759299,Li2MnP4(H4O5)4,"H,Li,Mn,O,P",2.1048398691682975,4.1786,0.015288130348834805,-1.8861513976318396,False
mp-759293,Li2CrPO4F,"Cr,F,Li,O,P",3.070304216213302,2.6172999999999997,0.02672120437498826,-2.676447923201059,False
mp-759308,Li2Mn2(PO4)3,"Li,Mn,O,P",2.995341461729565,0.8459,0.014336468304098737,-2.4706171937609125,False
mp-759347,Li2V(SO4)2,"Li,O,S,V",2.769023706237313,3.4122000000000003,0.03629283257085092,-2.191077170705128,False
mp-759380,Li2VCrO4,"Cr,Li,O,V",4.0065888525838504,1.7347000000000006,0.02251682999999982,-2.428684617708334,False
mp-759428,Li2VFe(P2O7)2,"Fe,Li,O,P,V",2.899922530456903,1.8673000000000002,0.0007510434090907125,-2.6282609445562772,False
mp-759437,Li2Fe2(PO4)3,"Fe,Li,O,P",2.907349280530962,0.0,0.03429201624999667,-2.390384560557644,False
mp-759481,Li2V2(PO4)3,"Li,O,P,V",2.893141839786241,0.8700000000000001,0.006728658969306522,-2.690546230031328,False
mp-759506,Li2VCr(P2O7)2,"Cr,Li,O,P,V",2.9046288588452778,2.2571,0.0008918361363638994,-2.7022733388744586,False
mp-759523,Li2VFe(P2O7)2,"Fe,Li,O,P,V",2.892659925231117,1.8512,0.0005016647727273948,-2.628510323192641,False
mp-759552,Li2CrP4(H4O5)4,"Cr,H,Li,O,P",2.093670481498621,2.7064,0.015225835377907337,-1.8756471572148388,False
mp-759575,Li2FeSiO4,"Fe,Li,O,Si",3.1268415481241045,3.1210999999999993,0.00016572000000003584,-2.5631007136458335,False
mp-759605,Li2Fe(CO3)2,"C,Fe,Li,O",2.241245175103557,4.0751,0.031392951818181025,-2.0079907442424254,False
mp-759630,Li2VCr(P2O7)2,"Cr,Li,O,P,V",2.8951971415029227,2.1060999999999996,0.0005140065909099434,-2.7026511684199126,False
mp-759663,Li2VCr(P2O7)2,"Cr,Li,O,P,V",2.8986115934923156,2.1997,0.0005733163636367777,-2.7025918586471858,False
mp-759671,Li2CoSiO4,"Co,Li,O,Si",3.164094370536044,2.9941999999999993,0.0058024940624994414,-2.505341069270834,False
mp-759723,Li2Zr7Fe(PO4)12,"Fe,Li,O,P,Zr",2.9941043203394613,0.0,0.021589836428571374,-3.0046915157483,False
mp-759726,Li2MnSiO4,"Li,Mn,O,Si",3.0207594020141983,3.0698999999999996,0.00018559562499831372,-2.6898988183872135,False
mp-759753,Li2VCr(P2O7)2,"Cr,Li,O,P,V",2.8959682921018914,2.1773999999999996,0.0003998084090923726,-2.70276536660173,False
mp-759760,Li2VFe(P2O7)2,"Fe,Li,O,P,V",2.9044073529169103,1.6987,0.0010965177272730386,-2.6279154702380954,False
mp-759781,Li2Co(CO3)2,"C,Co,Li,O",2.297496345716065,2.1152,0.03963180045454351,-1.9435528051515158,False
mp-759813,Li2TiVO4,"Li,O,Ti,V",3.8821285689511043,0.27309999999999945,0.02340325171874902,-2.7507689478125004,False
mp-759849,Li2Ti6Zn3O16,"Li,O,Ti,Zn",4.122407635287762,2.8292,0.0,-3.0193851969135808,True
mp-759942,Li2FeSiO4,"Fe,Li,O,Si",3.045068933903498,3.1532999999999998,0.007311315625000425,-2.555955118020833,False
mp-759938,Li2Cu3(P2O7)2,"Cu,Li,O,P",3.580642355677635,0.11569999999999991,0.047758408695645294,-2.201181475879917,False
mp-760004,Li2VCr(P2O7)2,"Cr,Li,O,P,V",2.902225831826924,2.133,0.0005941541666683037,-2.7025710208441542,False
mp-760025,Li2MnCu3O8,"Cu,Li,Mn,O",4.488903195311375,0.0,0.04054167958630295,-1.3507827230069782,False
mp-760105,Li2VCr(P2O7)2,"Cr,Li,O,P,V",2.8939726410437454,2.2926,0.000538036590909563,-2.7026271384199134,False
mp-760164,Li2VFe(P2O7)2,"Fe,Li,O,P,V",2.8968925505360534,1.7203999999999997,0.0008858640909092941,-2.628126123874459,False
mp-760219,Li2MgCo13O28,"Co,Li,Mg,O",4.259262155898096,0.9273,0.02804946789772167,-1.2551274202651514,False
mp-760356,Li2MnV(P2O7)2,"Li,Mn,O,P,V",2.880073039834398,0.3428,0.013091201060590585,-2.6512629454470824,False
mp-760364,Li2NbFe3O8,"Fe,Li,Nb,O",4.193234853516932,1.6136,0.049105383660716484,-2.159492217440476,False
mp-760516,Li2CoSiO4,"Co,Li,O,Si",3.317158017207737,2.6928,0.014630896249999914,-2.4965126670833335,False
mp-760774,Li2Ni3SnO8,"Li,Ni,O,Sn",5.0347244081849345,0.5037000000000003,0.018244565238096477,-1.4695695077976194,False
mp-761070,Li2VP2O7,"Li,O,P,V",2.9223026242011523,2.8095000000000003,0.03734031865451293,-2.6515140922668645,False
mp-761069,Li2CrP2O7,"Cr,Li,O,P",2.9182652386251706,2.3913,0.03092011843750697,-2.628613736641865,False
mp-761121,Li2VCr(P2O7)2,"Cr,Li,O,P,V",2.9016371051069894,2.0869,0.0006632862878799273,-2.7025018887229426,False
mp-761112,Li2VCr(P2O7)2,"Cr,Li,O,P,V",2.89653794407122,2.1081000000000003,0.0006902963636372661,-2.7024748786471857,False
mp-761238,Li2MnV(P2O7)2,"Li,Mn,O,P,V",2.8759974228840695,0.39260000000000006,0.01162722878786493,-2.652726917719809,False
mp-761245,K2Li2CoO4,"Co,K,Li,O",2.7401074123741114,1.2409,0.01966767453703433,-1.6824221776296302,False
mp-761240,Li2MnV(P2O7)2,"Li,Mn,O,P,V",2.88237050837198,0.1770999999999998,0.011954930454531443,-2.652399216053141,False
mp-761246,Li2MnFe(PO4)2,"Fe,Li,Mn,O,P",3.394031415235839,3.4593,0.0005341430357148624,-2.5561282309916726,False
mp-761247,Li2CoSiO4,"Co,Li,O,Si",3.191415625293645,2.9181,0.006242333437500136,-2.5049012298958333,False
mp-761669,Li2Ti3CoO8,"Co,Li,O,Ti",3.807862186211408,1.8695,0.035322828392857275,-2.9472504785119042,False
mp-761676,Li2Co3SbO8,"Co,Li,O,Sb",5.200713346264055,0.5744000000000002,0.00945806607140387,-1.7392384561904757,False
mp-761763,Li2FeCo3O8,"Co,Fe,Li,O",4.561761977456477,0.42969999999999997,0.03971707383319956,-1.5237105522619052,False
mp-761748,Li2CrCo3O8,"Co,Cr,Li,O",4.578331725826642,0.0,0.019597835753971005,-1.688168579761905,False
mp-761911,Li2Cu(PO3)4,"Cu,Li,O,P",2.6239130929872148,0.869,0.043051901798253134,-2.4387493736967416,False
mp-761940,Li2MnCo3O8,"Co,Li,Mn,O",4.636425945020977,0.0,0.0,-1.6735450065784079,True
mp-761944,Li2FeCo3O8,"Co,Fe,Li,O",4.55395772437849,0.20150000000000023,0.0029849516903421858,-1.5604426744047626,False
mp-762142,Li2Fe3CoO8,"Co,Fe,Li,O",4.166458211614104,0.0,0.03201320507102157,-1.6453128883333332,False
mp-762240,K2Li2TiO4,"K,Li,O,Ti",2.552916350291928,4.2118,0.019962810000002662,-2.5400236488333334,False
mp-762391,Li2(NiO2)3,"Li,Ni,O",4.589472078977703,0.0,0.03477722473484324,-1.2840152406060616,False
mp-762507,Li2CrNiO4,"Cr,Li,Ni,O",4.435240773573037,0.0,0.03842296968749981,-1.958333740833334,False
mp-762412,Li2Mn3O6,"Li,Mn,O",4.010233845698031,0.8406000000000002,0.031172986818175374,-2.0739090204963433,False
mp-762609,Li2CrCo3O8,"Co,Cr,Li,O",4.578129081140415,0.0,0.03562500628968479,-1.6721414092261913,False
mp-762624,Li2Mn(NiO3)2,"Li,Mn,Ni,O",4.412343817063373,0.5479000000000003,0.04088207676136424,-1.5944354840543369,False
mp-763186,Li2Mn3SbO8,"Li,Mn,O,Sb",4.610096508889316,1.0902000000000003,0.0,-2.1122082100328408,True
mp-763993,Li2TiVO4,"Li,O,Ti,V",3.852494176996911,0.0,0.03429069328124967,-2.7398815062499993,False
mp-764019,Li2TiNiO4,"Li,Ni,O,Ti",4.1686979211317565,1.6021999999999998,0.03501228687498692,-2.505974840625,False
mp-764152,Li2NiP2O7,"Li,Ni,O,P",3.1831727502185414,0.9031000000000002,0.009931346597226387,-2.502057997371031,False
mp-764098,Li2Ni3TeO8,"Li,Ni,O,Te",4.934533930633002,0.0,0.00044132928571460894,-1.5291000452380945,False
mp-764236,Li2MnCO5,"C,Li,Mn,O",3.288948849624918,1.0819999999999999,0.04742732851851805,-2.0585830235664115,False
mp-764248,Li2VCr(P2O7)2,"Cr,Li,O,P,V",2.896065325764806,2.1292,0.0005669584090917112,-2.7025982166017313,False
mp-764340,Li2FeSiO4,"Fe,Li,O,Si",2.9855501521865535,2.9573,0.019516443437500364,-2.543749990208333,False
mp-764299,Li2VFe(P2O7)2,"Fe,Li,O,P,V",2.8839685683829392,1.8138999999999998,0.00019014106060666336,-2.628821846904762,False
mp-764344,Li2FeSiO4,"Fe,Li,O,Si",3.0653656801436218,2.9306,0.021603718750000667,-2.541662714895833,False
mp-764346,Li2FeSiO4,"Fe,Li,O,Si",3.0654656878122344,2.9932,0.005463445937500033,-2.5578029877083335,False
mp-764318,Li2VFe(P2O7)2,"Fe,Li,O,P,V",2.891397823475524,1.7145,0.0007029410606067543,-2.628309046904762,False
mp-764642,Li2CoSiO4,"Co,Li,O,Si",3.25390379119193,2.5197,0.025687036562500154,-2.4854565267708333,False
mp-764791,Li2Mn(SiO3)2,"Li,Mn,O,Si",2.698791201524823,3.4471,0.04115507946969643,-2.8078603154179733,False
mp-764857,Li2Ni2(SO4)3,"Li,Ni,O,S",3.157572944597516,3.6558,0.03846968756578928,-1.8939109151535092,False
mp-764957,Li2CoSiO4,"Co,Li,O,Si",3.226078368402757,2.7567,0.015476484687499514,-2.495667078645834,False
mp-765293,Li2CrCo3O8,"Co,Cr,Li,O",4.705823625092744,0.0,0.03922868182539929,-1.6685377336904768,False
mp-765354,Li2Co2(SO4)3,"Co,Li,O,S",3.060645648760912,2.7744,0.03242996203947435,-1.917036441732456,False
mp-765474,Li2Ni3(P2O7)2,"Li,Ni,O,P",3.544356442731209,3.5965000000000003,0.03768256152174043,-2.343440157619047,False
mp-765592,Li2NiP2O7,"Li,Ni,O,P",3.1421413461061793,4.5175,0.03088128930555989,-2.481108054662698,False
mp-765574,Li2MnCu(PO4)2,"Cu,Li,Mn,O,P",3.5496281592411925,0.0,0.0326591294642844,-2.4017865381345294,False
mp-765697,Li2TiFeO4,"Fe,Li,O,Ti",3.9094213450044375,0.9123999999999999,0.04766072624999573,-2.5591849231249997,False
mp-765986,Li2Mn5Si5O16,"Li,Mn,O,Si",2.98452416005974,2.1642,0.04878599610119316,-2.71828081772578,False
mp-765973,Li2Mn(CO3)2,"C,Li,Mn,O",2.3496384699817985,3.4213999999999998,0.03781619727272734,-2.103223128145246,False
mp-766036,Li2VSiO5,"Li,O,Si,V",3.0214435109095583,2.2561999999999998,0.029706001944443727,-2.7362591515740746,False
mp-766032,Li2Ni(CO3)2,"C,Li,Ni,O",2.6903049233309124,3.8297,0.0423084706818182,-1.9356557040151523,False
mp-766101,Li2FeP2HO8,"Fe,H,Li,O,P",2.9784011096894107,2.3839,0.0,-2.4218931510501696,True
mp-766119,Li2V2Si2O9,"Li,O,Si,V",3.3409128711442606,1.5602999999999998,0.04690198761112363,-2.771737008611111,False
mp-766132,Li2ZrFe(PO4)3,"Fe,Li,O,P,Zr",3.043916438927202,2.4196999999999997,0.0030173771052623977,-2.8212436348997487,False
mp-766444,Li2Mn(PO4)2,"Li,Mn,O,P",3.0470234157663327,0.6995,0.04114394818376699,-2.460664378760263,False
mp-766496,Li2SiNiO4,"Li,Ni,O,Si",3.186098319989018,3.4758999999999998,0.02770010156250091,-2.4389924130208334,False
mp-766582,Li2SiNiO4,"Li,Ni,O,Si",3.181923048347427,2.9164000000000003,0.040035222187500885,-2.4266572923958334,False
mp-766583,Li2SiNiO4,"Li,Ni,O,Si",3.2821703009746557,3.2426,0.017618571875000377,-2.449073942708334,False
mp-766701,Li2SiNiO4,"Li,Ni,O,Si",3.2373458940210473,3.1113999999999997,0.02269596781250094,-2.4439965467708333,False
mp-766710,Li2SiNiO4,"Li,Ni,O,Si",3.2252362955891667,3.3558000000000003,0.020939771875000623,-2.4457527427083336,False
mp-766812,Li2SiNiO4,"Li,Ni,O,Si",3.178793093467811,3.5472,0.026418243750000237,-2.440274270833334,False
mp-766967,Li2Mn3(Si3O8)2,"Li,Mn,O,Si",3.0119036883018526,2.8647,0.04753698941357953,-2.87671320112814,False
mp-767036,Li2Co(CO3)2,"C,Co,Li,O",2.6215689208591124,2.4529,0.047895850227271275,-1.9352887553787885,False
mp-767053,Li2Co(CO3)2,"C,Co,Li,O",2.6047387624803737,2.3682999999999996,0.04403045204545286,-1.9391541535606067,False
mp-767151,Li2CuNi(PO4)2,"Cu,Li,Ni,O,P",3.767103250294447,0.0,0.029456800178567555,-2.2707985743537416,False
mp-767720,Li2V4Si4O13,"Li,O,Si,V",3.4463298059940874,1.9006999999999996,0.019753298043488243,-2.76679714115942,False
mp-767709,Li2Mn3Si3O10,"Li,Mn,O,Si",3.349602248246082,2.5783,0.016499442453707047,-2.7334601714144307,False
mp-767711,Li2Mn2Si4O11,"Li,Mn,O,Si",3.0596480378154998,0.0,0.013352190087720928,-2.889119506975197,False
mp-767778,Li2V3Si3O10,"Li,O,Si,V",3.3413096012089927,1.9249999999999998,0.02997326784721821,-2.7439643487037038,False
mp-1638873,Li3Fe2P4HO14,"Fe,H,Li,O,P",2.861180151714272,4.1461,0.039411484444412004,-2.4402908537425585,False
mp-1638962,Li3Co2(CO3)4,"C,Co,Li,O",2.4959382684671185,0.6923,0.036708924503968454,-1.852658561428572,False
mp-1640104,Li3Co2(CO3)4,"C,Co,Li,O",2.497793863278847,0.7432,0.036691794027777114,-1.8526756919047636,False
mp-1641018,Li3Co2(CO3)4,"C,Co,Li,O",2.503513478525447,0.7746,0.03731649355158684,-1.852050992380954,False
mp-1661932,Li3Cr(PO4)2,"Cr,Li,O,P",3.1405623252665626,2.625,0.022840351249996615,-2.6691904099489796,False
mp-1663233,Li3Mn(PO4)2,"Li,Mn,O,P",3.0425253250739286,0.9321000000000002,0.01762691000001304,-2.602952995872625,False
mp-1663957,Li3Mn(PO4)2,"Li,Mn,O,P",3.0575095577814304,1.0274999999999999,0.025037017500013192,-2.595542888372625,False
mp-1666401,Li3MnV4O12,"Li,Mn,O,V",2.9288293513162738,1.3841,0.04978171400000786,-2.379801367146552,False
mp-2767662,Li3Ni5O8,"Li,Ni,O",5.397487531794966,0.0,0.0021255521874987693,-1.4822497487500002,False
mp-767955,Li3Fe2(NiO4)2,"Fe,Li,Ni,O",4.31203565968276,0.0,0.03602384893103583,-1.573516122,False
mp-768531,Li3MnV(PO4)3,"Li,Mn,O,P,V",2.825723951091585,0.8828999999999998,0.02612996018750202,-2.6435534835929793,False
mp-768557,Li3Fe2P2(CO7)2,"C,Fe,Li,O,P",2.8110934892032304,0.0,0.04838828138587381,-2.176286699968944,False
mp-768551,Li3MnV(PO4)3,"Li,Mn,O,P,V",2.814504814016695,0.9115,0.04509968018750232,-2.6245837635929794,False
mp-768553,Li3Cu2(SO4)3,"Cu,Li,O,S",3.0119681347542677,0.023900000000000254,0.04401886956249523,-1.848495716875,False
mp-768565,Li3MnV(PO4)3,"Li,Mn,O,P,V",2.8609897151675594,0.34609999999999985,0.04388881318750126,-2.62579463059298,False
mp-768560,Li3MnV(PO4)3,"Li,Mn,O,P,V",2.81394867840514,0.7475999999999998,0.04751147018750146,-2.6221719735929803,False
mp-768561,Li3MnV(PO4)3,"Li,Mn,O,P,V",2.8122513052788727,0.8614999999999999,0.03645346193750232,-2.6332299818429794,False
mp-768564,Li3MnV(PO4)3,"Li,Mn,O,P,V",2.8239311435346766,0.6852999999999998,0.035717758687501266,-2.6339656850929805,False
mp-768593,Li3Fe2P2(CO7)2,"C,Fe,Li,O,P",2.644314254560004,0.013800000000000007,0.04475620855978679,-2.179918772795031,False
mp-768587,Li3MnV(PO4)3,"Li,Mn,O,P,V",2.8348366669083362,0.0121,0.046201738687501326,-2.62348170509298,False
mp-768577,Li3MnV(PO4)3,"Li,Mn,O,P,V",2.8128085113904056,0.6676999999999997,0.04720100043750186,-2.6224824433429794,False
mp-768601,Li3VSiCO7,"C,Li,O,Si,V",2.706977819894164,2.1406999999999994,0.03403948812500257,-2.5347669813461544,False
mp-768634,Li3Cr4O8,"Cr,Li,O",4.007917776476846,0.7363,0.0336959141481481,-2.3157531700000002,False
mp-768623,Li3Fe2P2(CO7)2,"C,Fe,Li,O,P",2.638727559377905,0.0,0.045196420951091554,-2.179478560403726,False
mp-768618,Li3Fe2P2(CO7)2,"C,Fe,Li,O,P",2.6499463130862666,0.0,0.04726929921196099,-2.177405682142856,False
mp-768653,Li3Fe2P2(CO7)2,"C,Fe,Li,O,P",2.645219965858181,0.0,0.045610015733699605,-2.179064965621117,False
mp-768737,Li3Mn2P2(CO7)2,"C,Li,Mn,O,P",2.6905951548133227,0.0,0.037586808876787,-2.2566759113107735,False
mp-768750,Li3Mn2P2(CO7)2,"C,Li,Mn,O,P",2.7028132402115737,0.0,0.03857006518113515,-2.255692655006426,False
mp-768733,Li3Mn2P2(CO7)2,"C,Li,Mn,O,P",2.691291146013125,0.0,0.03881630257243973,-2.2554464176151217,False
mp-768752,Li3Mn2P2(CO7)2,"C,Li,Mn,O,P",2.6901166226665096,0.0,0.03837070670287357,-2.2558920134846874,False
mp-768753,Li3Mn2P2(CO7)2,"C,Li,Mn,O,P",2.7010072905036187,0.0,0.03843944778983133,-2.2558232723977296,False
mp-768782,Li3Mn2P2(CO7)2,"C,Li,Mn,O,P",2.6835758463145543,0.9409,0.028048463876786833,-2.2662142563107737,False
mp-768837,Li3Mn2P2(CO7)2,"C,Li,Mn,O,P",2.6979265713311773,0.4526000000000001,0.03464037822461297,-2.259622341962948,False
mp-768836,Li3Mn2P2(CO7)2,"C,Li,Mn,O,P",2.67571806304873,0.28559999999999997,0.03332626735504807,-2.260936452832513,False
mp-769530,Li3Mn4(FeO6)2,"Fe,Li,Mn,O",4.076148724519199,0.5451999999999999,0.006135628730165266,-1.9863090841297204,False
mp-769583,Li3VCr3O8,"Cr,Li,O,V",3.9532022938496354,1.5089000000000006,0.039295504354169175,-2.3944112193333336,False
mp-769596,Li3V3CrO8,"Cr,Li,O,V",3.8909248644280714,0.9017,0.04467150224999461,-2.4423797609999998,False
mp-770155,Li3V3(BO5)2,"B,Li,O,V",3.4636516819823715,1.2932000000000001,0.04920753166667069,-2.577923281018519,False
mp-770486,Li3Ni2SnO6,"Li,Ni,O,Sn",5.029837394147734,0.0,0.03067406131944761,-1.784013984166667,False
mp-770608,Li3Mn3O8,"Li,Mn,O",3.676272111021084,0.0,0.031071843380946262,-1.9771587759852227,False
mp-770607,Li3VSi4(HO6)2,"H,Li,O,Si,V",2.474364581131361,2.3287000000000004,0.033962581496207456,-2.7282356455681818,False
mp-770632,Li3CrO4,"Cr,Li,O",2.74951486552935,1.1236000000000002,0.0,-2.180159844375,True
mp-770710,Li3Mn7O16,"Li,Mn,O",3.941391138308389,0.0,0.04100566215545154,-1.8866407590583565,False
mp-770727,Li3Al2FeO6,"Al,Fe,Li,O",3.5967202369107234,2.6281000000000003,0.030261219583333165,-2.682679986458334,False
mp-770786,Li3Ni(BO3)2,"B,Li,Ni,O",3.040666654489271,0.01849999999999996,0.049782941111116585,-2.2869838511111116,False
mp-770825,Li3Fe(BO3)2,"B,Fe,Li,O",2.833867554812591,2.5723000000000003,0.013018377083334975,-2.4727302313194452,False
mp-770904,Li3Mn(BO3)2,"B,Li,Mn,O",2.656214493092382,1.4244,0.03678547166666757,-2.520607542188698,False
mp-770903,Li3Mn(BO3)2,"B,Li,Mn,O",2.6128449324557903,1.2378,0.03276261437498995,-2.5125210678136987,False
mp-770906,Li3Mn(BO3)2,"B,Li,Mn,O",2.6660647942966915,1.3438999999999999,0.041338128750001424,-2.516054885105364,False
mp-770910,Li3Mn(BO3)2,"B,Li,Mn,O",2.8416043318234783,1.3618999999999999,0.024560782916666746,-2.5328322309386984,False
mp-770939,Li3FeAsCO7,"As,C,Fe,Li,O",3.1316197109464916,2.5381,0.048485174615385596,-2.0360516713461534,False
mp-771015,Li3NiAsCO7,"As,C,Li,Ni,O",3.2696556863973236,3.3238999999999996,0.04733123230769376,-1.9852352494230767,False
mp-771093,Li3Cr10Fe5O24,"Cr,Fe,Li,O",4.386725092544833,1.4123,0.012006175714283529,-2.170312636428571,False
mp-771310,Li3MnNi3O8,"Li,Mn,Ni,O",4.4338428415468565,0.0,0.039865960250002,-1.562240633195402,False
mp-771339,Li3CoPCO7,"C,Co,Li,O,P",2.7845667746298015,2.9138999999999995,0.03951314980769638,-2.295435367472528,False
mp-771340,Li3MnPCO7,"C,Li,Mn,O,P",2.6554373149383523,3.8050999999999995,0.04733827346153863,-2.421179622121069,False
mp-771345,Li3NiPCO7,"C,Li,Ni,O,P",2.869737611743714,3.7963000000000005,0.04534965942307867,-2.2851815701648337,False
mp-771344,Li3FePCO7,"C,Fe,Li,O,P",2.7170050585440104,4.0108,0.045829259423075364,-2.3366723343956037,False
mp-771398,Li3Fe3CuO8,"Cu,Fe,Li,O",4.247022503668178,0.0,0.043616936433332754,-1.6664933893333322,False
mp-771733,Li3MgV8O16,"Li,Mg,O,V",3.8405671709342255,0.28110000000000035,0.02293002906249697,-2.544384515178572,False
mp-772004,Li3Co3TeO8,"Co,Li,O,Te",4.7615395592350955,0.7909000000000002,0.03600403933333407,-1.6967597891111106,False
mp-772131,Li3Fe3SbO8,"Fe,Li,O,Sb",4.5155888213527104,0.7864,0.043171925833333624,-1.905005969999999,False
mp-772427,Li3Fe(PO4)2,"Fe,Li,O,P",3.0822859853980127,2.5233000000000003,0.034923311785715505,-2.546171346913265,False
mp-772439,Li3AlFeO4,"Al,Fe,Li,O",2.84862601659748,2.4242,0.026613282361113377,-2.3942506309722225,False
mp-772435,Li3Al2FeO6,"Al,Fe,Li,O",3.107285168129062,2.6607999999999996,0.04547439354166638,-2.6674668125000007,False
mp-772492,Li3V12O29,"Li,O,V",3.4344502574227667,0.0,0.042285380454544,-2.373684585340908,False
mp-772628,Li3V(BO3)2,"B,Li,O,V",2.886062312802517,2.3124000000000002,0.039146213750004044,-2.629550492777778,False
mp-772668,Li3MnSiCO7,"C,Li,Mn,O,Si",2.773202985798425,0.8431000000000002,0.04134151003924291,-2.430324807533157,False
mp-772738,Li3Fe2(PO4)3,"Fe,Li,O,P",2.9827720668283524,2.2874,0.047559606374998786,-2.4646824428214287,False
mp-772755,Li3CuPCO7,"C,Cu,Li,O,P",2.9355670692813276,0.15739999999999998,0.04938646192307683,-2.198118876510989,False
mp-772865,Li3V6Fe4(CuO12)2,"Cu,Fe,Li,O,V",3.6177277487103567,0.0,0.038225279487176245,-2.048156287692307,False
mp-772982,Li3Ti6Co3O16,"Co,Li,O,Ti",4.070256494323027,0.0,0.02981946955357273,-2.8648615298214293,False
mp-773015,K2Li3MnO4,"K,Li,Mn,O",2.7860142664385785,0.8517000000000001,0.03448304795833934,-1.8817559944931026,False
mp-773055,Li3Mg3Ti6O16,"Li,Mg,O,Ti",3.4752482668539932,0.0,0.014435979464282767,-3.2376800508928576,False
mp-773057,Li3Mn2(PO4)3,"Li,Mn,O,P",2.947227713900966,0.9762,0.011282807124988636,-2.556238588114533,False
mp-773081,Li3Ti6Zn3O16,"Li,O,Ti,Zn",4.152012465585112,0.0,0.013107922946419492,-2.9704990396428568,False
mp-773399,Li3Fe(PO4)2,"Fe,Li,O,P",3.0761224233563715,2.474,0.019487391607143856,-2.561607267091837,False
mp-773709,Li3Fe(NiO3)2,"Fe,Li,Ni,O",4.447991325379007,0.0,0.013340260347224131,-1.6336328550000008,False
mp-774236,Li3CrSiCO7,"C,Cr,Li,O,Si",2.7574072676488717,3.113,0.03758497576923414,-2.498921508269231,False
mp-774219,Li3MnCo3O8,"Co,Li,Mn,O",4.69039210803147,0.4676999999999998,0.030266861428576597,-1.7593521778620698,False
mp-774249,Li3MnCr2O6,"Cr,Li,Mn,O",4.07275070966926,0.5482999999999998,0.022598141250003145,-2.30310641566092,False
mp-774300,Li3CoNi3O8,"Co,Li,Ni,O",4.684937333763312,0.0,0.014818170805557251,-1.4260631924444447,False
mp-774297,Li3MnV(PO4)3,"Li,Mn,O,P,V",2.881368193416488,0.0,0.03364236668750209,-2.6360410770929796,False
mp-774317,Li3VP2H2O9,"H,Li,O,P,V",2.594646767155304,2.4006000000000003,0.030413018389521262,-2.4544688762815126,False
mp-774346,Li3V2(PO4)3,"Li,O,P,V",2.872615584693555,0.02190000000000003,0.044280078000006995,-2.6833265581964283,False
mp-774334,Na5Li3V8O24,"Li,Na,O,V",2.809247492193412,3.1045000000000003,0.012301732875000582,-2.383024326172415,False
mp-774353,Li3Ti(NiO3)2,"Li,Ni,O,Ti",4.29531087472016,0.0,0.03920542986110842,-2.154116421527777,False
mp-774348,Li3MnFe2(BO3)3,"B,Fe,Li,Mn,O",3.2477039577253914,2.8263,0.006200621805549922,-2.386879661690613,False
mp-774373,Li3MnFe2(BO3)3,"B,Fe,Li,Mn,O",3.4432618186934794,2.7431,0.0062313601388837014,-2.3868489233572796,False
mp-774378,Li3Mn2Fe(BO3)3,"B,Fe,Li,Mn,O",3.2110236641405616,2.6337,0.004066909722221013,-2.4499530393534497,False
mp-774432,K2Li3NiO4,"K,Li,Ni,O",2.958787666158133,1.8090000000000002,0.0,-1.66320836995,True
mp-774474,Li3Y14Ti14(S2O5)7,"Li,O,S,Ti,Y",4.14232804845389,0.0,0.017413365637496625,-3.2043593225833336,False
mp-774463,Li3Cr2(PO4)3,"Cr,Li,O,P",2.9640774563005676,2.8011,0.042389934249986716,-2.6251626584464285,False
mp-774609,Na5Li3Ti5O14,"Li,Na,O,Ti",3.3603135738388397,3.1152999999999995,0.01956464519841905,-2.909459797539378,False
mp-774662,Li3Mn5Cr3O16,"Cr,Li,Mn,O",4.062362210343376,1.3377999999999999,0.009054339567901692,-2.1280222992464877,False
mp-774685,Li3Mn5FeO12,"Fe,Li,Mn,O",4.065929558056403,0.2355999999999998,0.004385363769830342,-2.0258901640311997,False
mp-774814,Li3Mn2V3O12,"Li,Mn,O,V",3.0758155983734645,1.0912,0.022540299875009495,-2.3046385689181035,False
mp-774897,Li3Mn2CrO6,"Cr,Li,Mn,O",4.099103497748633,0.21760000000000002,0.028181667916667763,-2.2146055925718398,False
mp-774905,Li3CrH12(CO3)6,"C,Cr,H,Li,O",1.7729002763211064,0.019200000000000106,0.044479035562495994,-1.5909603677500008,False
mp-774918,Li3La14(CuO7)4,"Cu,La,Li,O",6.812884346040451,0.4793000000000003,0.030629995127553045,-3.137072320204082,False
mp-774938,Na7Li3V10O30,"Li,Na,O,V",2.7956431169437366,3.1340000000000003,0.012092767200001298,-2.3793176156931035,False
mp-775021,NaLi3Fe4(SiO3)8,"Fe,Li,Na,O,Si",3.3338436478359577,2.6744,0.010607619437490001,-2.7460849592844836,False
mp-775132,NaLi3Fe4(SiO3)8,"Fe,Li,Na,O,Si",3.3276334660938636,2.5606000000000004,0.010428853437491448,-2.746263725284483,False
mp-775182,Li3Mn4(BO3)4,"B,Li,Mn,O",3.163083778528596,0.4193,0.045419572065211966,-2.463992101886557,False
mp-775205,Li3MnP2HO8,"H,Li,Mn,O,P",2.9387380986734004,4.1739999999999995,0.03532155933333492,-2.513076170397783,False
mp-775234,Li3V3(FeO6)2,"Fe,Li,O,V",3.1043810973494423,2.46,0.012780040499999146,-2.23852642925,False
mp-775267,Li3MnV(PO4)3,"Li,Mn,O,P,V",2.89966984698143,0.3627,0.03303859343750126,-2.63664485034298,False
mp-775597,Li3Cr2(PO4)3,"Cr,Li,O,P",2.9621163298468276,2.8496999999999995,0.004679508874986915,-2.6628730838214274,False
mp-775523,Li3Fe2(PO4)3,"Fe,Li,O,P",2.985270159081648,2.2652,0.04956682924999978,-2.4626752199464277,False
mp-775921,Li3V2(PO4)3,"Li,O,P,V",2.858261401955752,2.0174000000000003,0.030075037250007597,-2.6975315989464277,False
mp-775982,Li3V2P4(HO8)2,"H,Li,O,P,V",2.917820813735784,0.7027999999999999,0.0,-2.597799440039682,True
mp-776472,Li3Mn4(BO3)4,"B,Li,Mn,O",3.149608235143137,0.04989999999999983,0.04763800576086297,-2.4617736681909053,False
mp-776634,Li3Mn4(BO3)4,"B,Li,Mn,O",3.1465869422773376,0.3217000000000003,0.03940824112318175,-2.470003432828586,False
mp-776982,Li3Mn4(BO3)4,"B,Li,Mn,O",3.171082487323945,0.46950000000000025,0.0399606696739081,-2.4694510042778606,False
mp-776994,Li3Mn4(BO3)4,"B,Li,Mn,O",3.156439211644287,0.2498999999999998,0.03676238286231204,-2.472649291089456,False
mp-777271,Li3Mn4(BO3)4,"B,Li,Mn,O",3.157978533128947,0.36729999999999996,0.04610831112318259,-2.463303362828586,False
mp-777301,Li3Mn4(BO3)4,"B,Li,Mn,O",3.1542929202308483,0.2843000000000002,0.04703309431158864,-2.46237857964018,False
mp-777414,Na7Li3V10O30,"Li,Na,O,V",2.8003043054978405,3.1505,0.012467478200000492,-2.3789429046931043,False
mp-777445,Li3Fe4(BO3)4,"B,Fe,Li,O",3.2754484651577744,1.8239999999999998,0.03217078206523105,-2.304198290072464,False
mp-777431,Li3MnFe2(BO3)3,"B,Fe,Li,Mn,O",3.2496385735278763,2.7981,0.005685954027772944,-2.3873943294683904,False
mp-777767,Li3Cu2(SO4)3,"Cu,Li,O,S",3.0432615802704204,0.0,0.03666910981249494,-1.855845476625,False
mp-777816,Li3MnV(PO4)3,"Li,Mn,O,P,V",2.89614916529911,0.0,0.045458559187501635,-2.62422488459298,False
mp-777882,Li3MnV(PO4)3,"Li,Mn,O,P,V",2.877750054682607,0.38480000000000025,0.04959366093750184,-2.6200897828429794,False
mp-778000,Li3MnV(PO4)3,"Li,Mn,O,P,V",2.855485325356838,0.9356,0.014632692187501739,-2.65505075159298,False
mp-778011,Li3Cr(Si2O5)3,"Cr,Li,O,Si",2.5437433655264097,4.0629,0.04711741220000043,-2.9963533053000004,False
mp-778271,Li3MnFe2(BO3)3,"B,Fe,Li,Mn,O",3.2480783843761043,2.7535,0.0057873751388841654,-2.387292908357279,False
mp-778458,Li3Cu2(SO4)3,"Cu,Li,O,S",2.948270237758319,0.0,0.045743848562494804,-1.846770737875,False
mp-778471,Li3MnV(PO4)3,"Li,Mn,O,P,V",3.017296346214312,0.6243000000000003,0.03106149918750134,-2.6386219445929804,False
mp-778493,Li3Mn2Fe(BO3)3,"B,Fe,Li,Mn,O",3.2117052164404125,2.6594999999999995,0.004823786666666052,-2.449196162409004,False
mp-778607,Li3MnV(PO4)3,"Li,Mn,O,P,V",3.036254264455342,0.06810000000000027,0.03747237281250193,-2.63221107096798,False
mp-778723,Li3MnFe2(BO3)3,"B,Fe,Li,Mn,O",3.2468036084296665,2.7702999999999998,0.006267559305549675,-2.386812724190614,False
mp-778832,Li3Mn4(BO3)4,"B,Li,Mn,O",3.134986867726497,0.47809999999999997,0.043042241413038695,-2.4663694325387304,False
mp-778821,Li3MnFe2(BO3)3,"B,Fe,Li,Mn,O",3.251931257159683,2.7687999999999997,0.005699700972217059,-2.3873805825239467,False
mp-778859,Li3Mn2Fe(BO3)3,"B,Fe,Li,Mn,O",3.213330236582794,2.6271,0.004212725277777274,-2.4498072237978925,False
mp-778867,Li3Mn4(BO3)4,"B,Li,Mn,O",3.163581176640368,0.34830000000000005,0.045860890543472976,-2.4635507834082966,False
mp-778856,Li3Mn4(BO3)4,"B,Li,Mn,O",3.1374912467935134,0.5298,0.04324776728260282,-2.466163906669166,False
mp-779006,Li3Mn2Fe(BO3)3,"B,Fe,Li,Mn,O",3.2062048336700455,2.6426999999999996,0.004640543888887905,-2.4493794051867823,False
mp-779038,Li3MnV(PO4)3,"Li,Mn,O,P,V",3.00685030562796,0.6344999999999998,0.0292789625625014,-2.64040448121798,False
mp-779087,Li3Mn2Fe(BO3)3,"B,Fe,Li,Mn,O",3.210730540430898,2.6445,0.0042045316666659005,-2.4498154174090043,False
mp-779299,Li3Mn4(BO3)4,"B,Li,Mn,O",3.1695096749205747,0.0,0.04812110793477764,-2.461290566016991,False
mp-779341,Li3Mn4(BO3)4,"B,Li,Mn,O",3.1420812353112284,0.40069999999999983,0.04184988880434304,-2.467561785147426,False
mp-779404,Li3Cr2(AsO4)3,"As,Cr,Li,O",4.0245195890176015,2.6701999999999995,0.015214599458331257,-2.0723980584999993,False
mp-779446,Li3MnFe2(BO3)3,"B,Fe,Li,Mn,O",3.244697273219938,2.7882,0.005833513472217611,-2.3872467700239457,False
mp-779888,Li3Mn2Fe(BO3)3,"B,Fe,Li,Mn,O",3.2112596328741434,2.6541999999999994,0.004704129999998585,-2.4493158190756716,False
mp-779905,Li3Mn2Fe(BO3)3,"B,Fe,Li,Mn,O",3.220151475960918,2.6487000000000003,0.00474839277777761,-2.4492715562978926,False
mp-779959,Li3Co2(NiO4)2,"Co,Li,Ni,O",4.712621785185187,0.0,0.020122075666670014,-1.4924672886666674,False
mp-780136,Li3Mn4(BO3)4,"B,Li,Mn,O",3.157175933787258,0.20330000000000004,0.04751122836955979,-2.461900445582209,False
mp-780137,Li3Mn4(BO3)4,"B,Li,Mn,O",3.322465128788306,0.7077,0.039946708586951374,-2.469464965364817,False
mp-780180,Li3Mn4(BO3)4,"B,Li,Mn,O",3.1548002022890733,0.2946,0.04209057097825486,-2.467321102973514,False
mp-780182,Li3Mn4(BO3)4,"B,Li,Mn,O",3.1530668406095277,0.36670000000000025,0.04208973213767564,-2.467321941814093,False
mp-780294,Li3Mn2Fe(BO3)3,"B,Fe,Li,Mn,O",3.216253667931523,2.6411000000000002,0.004511553333331975,-2.449508395742338,False
mp-780297,Li3Mn2Fe(BO3)3,"B,Fe,Li,Mn,O",3.3928931968985085,2.6528,0.004684451111112153,-2.4493354979645585,False
mp-780319,Li3MnP2H2O9,"H,Li,Mn,O,P",2.709918984088632,0.8976,0.037398278088234704,-2.3635849085127507,False
mp-780335,Li3Mn4(BO3)4,"B,Li,Mn,O",3.1486154199671024,0.0,0.04698305945651704,-2.462428614495252,False
mp-780417,Li3MnNb4O12,"Li,Mn,Nb,O",4.649792685478316,0.0,0.03236190756249435,-2.7976185608965523,False
mp-780474,Li3MnFe2(BO3)3,"B,Fe,Li,Mn,O",3.252236167089255,2.8421,0.006492032916662005,-2.3865882505795017,False
mp-780509,Li3Mn4(BO3)4,"B,Li,Mn,O",3.1367232741702256,0.17179999999999995,0.044449646630429385,-2.464962027321339,False
mp-780529,Li3Mn4(BO3)4,"B,Li,Mn,O",3.14250549478726,0.0,0.0454273718478202,-2.463984302103948,False
mp-780579,Li3V3P8O29,"Li,O,P,V",2.5499196757714713,1.2389,0.04605620296510882,-2.5258000370265776,False
mp-780571,Li3Mn4(BO3)4,"B,Li,Mn,O",3.131417040276826,0.46619999999999995,0.040474603369560214,-2.4689370705822085,False
mp-780606,Li3Cr2(PO4)3,"Cr,Li,O,P",2.9521620974600493,2.9720999999999997,0.0,-2.6675525926964276,True
mp-780659,Li3Mn4(BO3)4,"B,Li,Mn,O",3.1300862425395795,0.021300000000000097,0.04938520880434183,-2.460026465147427,False
mp-780655,Li3Mn4(BO3)4,"B,Li,Mn,O",3.133147542227334,0.0,0.04906525576086551,-2.460346418190904,False
mp-780675,Li3MnV(PO4)3,"Li,Mn,O,P,V",3.0117417072511485,0.49070000000000014,0.0318618105625017,-2.6378216332179796,False
mp-780669,Li3Mn4(BO3)4,"B,Li,Mn,O",3.132940128672919,0.0,0.04794119902173399,-2.4614704749300356,False
mp-780668,Li3Mn4(BO3)4,"B,Li,Mn,O",3.13130961139123,0.6231000000000002,0.041761222717386914,-2.4676504512343826,False
mp-780674,Li3Mn4(BO3)4,"B,Li,Mn,O",3.142028804574979,0.043300000000000116,0.04863389293477738,-2.4607777810169913,False
mp-780765,Li3V3P8O29,"Li,O,P,V",2.4998680227460124,1.1435,0.04891922575580576,-2.5229370142358802,False
mp-780791,Li3ZnFe2(PO4)3,"Fe,Li,O,P,Zn",3.587918728956749,4.097099999999999,0.017161523928574063,-2.484791954115646,False
mp-780850,Li3Mn4(BO3)4,"B,Li,Mn,O",3.139893425788484,0.029900000000000038,0.04293113249999436,-2.4664805414517743,False
mp-781079,Li3Mn4(BO3)4,"B,Li,Mn,O",3.1687134129651118,0.34420000000000006,0.04113996199274794,-2.4682717119590216,False
mp-781598,Li3Mn4(BO3)4,"B,Li,Mn,O",3.141868500183618,0.2206999999999999,0.04449780576086404,-2.464913868190905,False
mp-781610,Li3Mn4(BO3)4,"B,Li,Mn,O",3.1355266794261265,0.17069999999999985,0.04070515793477725,-2.468706516016991,False
mp-781619,Li3Mn4(BO3)4,"B,Li,Mn,O",3.1643821686713984,0.4673999999999998,0.04156167778984887,-2.4678499961619194,False
mp-781754,Li3Mn2(P2O7)2,"Li,Mn,O,P",2.8264710068186565,0.0,0.004387376413030886,-2.616199904975369,False
mp-781957,Li3Mn4(BO3)4,"B,Li,Mn,O",3.1393739232974447,0.03970000000000007,0.045388880760864225,-2.464022793190904,False
mp-782640,K8Li3Cr4O16,"Cr,K,Li,O",2.54225793428647,0.0,0.03772648338709228,-2.012457104129032,False
mp-831152,Li3V2(PO4)3,"Li,O,P,V",2.858668146297398,0.0,0.035619689250006026,-2.691986946946429,False
mp-831255,Li3V3P8O29,"Li,O,P,V",2.4974209119843223,1.1291,0.045537055639527146,-2.5263191843521593,False
mp-849264,Li3Mn4(BO3)4,"B,Li,Mn,O",3.1216460506241304,0.0,0.04802243880434176,-2.4613892351474265,False
mp-849269,Li3Mn4(BO3)4,"B,Li,Mn,O",3.1369822283290256,0.3268000000000002,0.04288937489129907,-2.466522299060469,False
mp-849395,Li3Fe2(PO4)3,"Fe,Li,O,P",2.9485511373241673,2.5377,0.02016043874999962,-2.492081610446428,False
mp-849506,Li3Fe2(P2O7)2,"Fe,Li,O,P",3.016908760976305,1.3206000000000002,0.033204983442032265,-2.518181311133539,False
mp-849528,Li3FeO4,"Fe,Li,O",3.6199736362198465,0.3288,0.01649530375000019,-1.8045167099999997,False
mp-849573,Li3V3P8O29,"Li,O,P,V",2.4816820143232383,0.9522999999999999,0.04985724215115539,-2.521998997840531,False
mp-849644,Li3Mn2(P2O7)2,"Li,Mn,O,P",2.9646298255714942,0.0,0.04796187619563863,-2.572625405192761,False
mp-849650,Li3Mn2(P2O7)2,"Li,Mn,O,P",2.9532347139036697,0.16060000000000008,0.028107538369551932,-2.5924797430188478,False
mp-849655,Li3Mn2(P2O7)2,"Li,Mn,O,P",2.9582486721509196,0.1725000000000001,0.02946291978259552,-2.5911243616058046,False
mp-849701,Li3Fe4(BO3)4,"B,Fe,Li,O",3.265145336482672,1.7144000000000001,0.035482991195666,-2.300886080942029,False
mp-849745,Li3Mn2(P2O7)2,"Li,Mn,O,P",2.965907451056622,0.10089999999999999,0.030960546304335423,-2.5896267350840647,False
mp-849996,Li3Mn2(P2O7)2,"Li,Mn,O,P",2.959711111317716,0.11430000000000007,0.02849587358694272,-2.592091407801457,False
mp-850786,Li3Mn4(BO3)4,"B,Li,Mn,O",3.1235216974616553,0.0,0.04803391771738674,-2.461377756234383,False
mp-850951,Li3MnV(P2O7)2,"Li,Mn,O,P,V",2.779933719384088,2.1375,0.0,-2.6993697535435843,True
mp-851091,Li3Mn4(BO3)4,"B,Li,Mn,O",3.134097433220857,0.03550000000000009,0.04834322445651651,-2.4610684494952517,False
mp-860887,Li3Mn(PO4)2,"Li,Mn,O,P",2.9202471757860224,1.1943000000000001,0.038024080833347185,-2.5825558250392917,False
mp-861240,Li3Al2CrO6,"Al,Cr,Li,O",3.570735424256072,4.188700000000001,0.025014271250000775,-2.842488636666667,False
mp-861850,Li3CuNi3O8,"Cu,Li,Ni,O",4.616780878512015,0.0,0.03315840547222315,-1.320777778666666,False
mp-863360,Li3V3P8O29,"Li,O,P,V",2.4842251062473766,1.2494,0.04335162703487505,-2.5285046129568105,False
mp-863361,Li3V3P8O29,"Li,O,P,V",2.486707758417517,1.0123,0.0495425920348751,-2.5223136479568105,False
mp-863375,Li3V3P8O29,"Li,O,P,V",2.4731794943379564,0.8987999999999999,0.04796320656975972,-2.5238930334219263,False
mp-863385,Li3V3P8O29,"Li,O,P,V",2.4798002837870468,0.6214,0.0470253406395269,-2.524830899352159,False
mp-863388,Li3V3P8O29,"Li,O,P,V",2.49376876729753,1.2464,0.0430103780813873,-2.5288458619102987,False
mp-863379,Li3V3P8O29,"Li,O,P,V",2.5126750746772375,1.0634000000000001,0.046320647267433124,-2.525535592724253,False
mp-863394,Li3V3P8O29,"Li,O,P,V",2.49807333546914,1.2196,0.04171159180231765,-2.5301446481893684,False
mp-863396,Li3V3P8O29,"Li,O,P,V",2.4789128650507104,1.0019,0.04727888854650342,-2.5245773514451826,False
mp-863393,Li3V3P8O29,"Li,O,P,V",2.4913099235741956,0.7020000000000001,0.04445691180231659,-2.5273993281893694,False
mp-863398,Li3V3P8O29,"Li,O,P,V",2.4927920311424945,1.0131000000000001,0.04844219738371258,-2.5234140426079734,False
mp-863426,Li3Mn(PO4)2,"Li,Mn,O,P",3.071365089706086,1.5109,0.01847618821429986,-2.6021037176583386,False
mp-867526,Li3Mn(NiO3)2,"Li,Mn,Ni,O",4.326864507638579,0.0,0.03801139694444888,-1.754389617744253,False
mp-867962,Li3Cr4(PO4)6,"Cr,Li,O,P",2.9171660522284824,0.07020000000000004,0.04697242954053493,-2.5066185437258683,False
mp-881278,Li3Mn(PO4)2,"Li,Mn,O,P",2.5993199239514273,1.3018,0.030672746607156576,-2.5899071592654823,False
mp-1045540,Li3Mn4O8,"Li,Mn,O",4.049491870982463,0.4809000000000001,0.03736710400000742,-2.0849702134482766,False
mp-1045574,Li3(NiO2)4,"Li,Ni,O",4.82866702878169,0.0,0.014759915694445347,-1.3518189053333325,False
mp-1101551,Li3Mn3(PO4)4,"Li,Mn,O,P",2.8135646450095995,0.8884,0.023066405576886773,-2.5158850223986358,False
mp-1101725,Na6Li3Fe6(PO4)8,"Fe,Li,Na,O,P",2.957187869978458,1.4336,0.03993108495454578,-2.433602145916704,False
mp-1102490,Li3Ni2SbO6,"Li,Ni,O,Sb",5.0682201573915835,2.8087110464841527,0.0,-1.9143695316666676,True
mp-1173184,SrLi3La11(CoO8)3,"Co,La,Li,O,Sr",6.5783919742153,0.1966000000000001,0.03186837148809296,-3.1610498255952386,False
mp-1173947,Li3Mn2O5,"Li,Mn,O",3.8634820698806345,1.2586999999999997,0.022656905999987487,-2.1493587175862077,False
mp-1173936,Li3Mn2CoO6,"Co,Li,Mn,O",4.247676374809321,0.0,0.03806763437500482,-1.9839172429885068,False
mp-1173950,Li3Mn2CoO6,"Co,Li,Mn,O",4.167875815132233,1.1193,0.04731769687500531,-1.9746671804885068,False
mp-1173952,Li3Mn2O5,"Li,Mn,O",3.869999662290309,1.4069000000000003,0.022786131999987802,-2.1492294915862074,False
mp-1173959,Li3Mn2CoO6,"Co,Li,Mn,O",4.163054950100986,1.0324999999999998,0.04700954854167261,-1.9749753288218397,False
mp-1173968,Li3Mn2CoO6,"Co,Li,Mn,O",4.249518963667384,0.0,0.046003160208338834,-1.9759817171551735,False
mp-1173984,Li3MnCoO5,"Co,Li,Mn,O",4.004442561644974,1.7259000000000002,0.04906843249999948,-1.957263113793104,False
mp-1173987,Li3Mn2O5,"Li,Mn,O",3.860283747589223,0.5742000000000003,0.04304988349998684,-2.1289657400862083,False
mp-1173960,Li3Co2O5,"Co,Li,O",4.28420352007331,1.0581,0.027677708999999773,-1.7368159920000004,False
mp-1173969,Li3Mn2O5,"Li,Mn,O",3.803582455594715,0.9598,0.04617642699998825,-2.1258391965862073,False
mp-1173962,Li3Mn2O5,"Li,Mn,O",3.866080380809528,1.2723,0.021640222999987913,-2.1503754005862077,False
mp-1173988,Li3Mn2CoO6,"Co,Li,Mn,O",4.151122124083136,0.387,0.04279330604167253,-1.9791915713218398,False
mp-1174015,Li3Mn2O5,"Li,Mn,O",3.840252366889199,0.005900000000000016,0.047992715999988,-2.1240229075862076,False
mp-1177489,Li3V3P8O29,"Li,O,P,V",2.450491769363667,1.1284,0.04401098563952566,-2.52784525435216,False
mp-1177512,Li3VFe(P2O7)2,"Fe,Li,O,P,V",2.8178919320593145,1.8982999999999999,0.0002882958333305652,-2.643208330807454,False
mp-1177499,Li3V3P8O29,"Li,O,P,V",2.4248804555817736,0.4183,0.0462709407558064,-2.5255852992358796,False
mp-1177546,Li3MnV(PO4)3,"Li,Mn,O,P,V",2.923152314893411,0.6126999999999998,0.026348862062500977,-2.6433345817179807,False
mp-1177536,Li3Ni3TeO8,"Li,Ni,O,Te",4.8913757776529945,0.0,0.018573801499997877,-1.640244211777778,False
mp-1177528,Li3Ti7O14,"Li,O,Ti",3.6363693509763917,0.0,0.012840214895833313,-3.266100809722223,False
mp-1177542,Li3MnV(PO4)3,"Li,Mn,O,P,V",3.0149955621554296,0.5447,0.031746029562500944,-2.637937414217981,False
mp-1177532,Li3V3P8O29,"Li,O,P,V",2.457426582434218,0.29969999999999997,0.04982956645347958,-2.5220266735382064,False
mp-1177560,Li3MnV(PO4)3,"Li,Mn,O,P,V",2.892294999648168,0.3131999999999999,0.0306157888125016,-2.63906765496798,False
mp-1177564,Li3MnV(PO4)3,"Li,Mn,O,P,V",3.012858205900295,0.5853000000000002,0.03130241168750114,-2.6383810320929806,False
mp-1177575,Li3Nb(FeO2)4,"Fe,Li,Nb,O",4.696793550118089,1.9741,0.04018570921875053,-2.059122376874999,False
mp-1177579,Li3MnV(PO4)3,"Li,Mn,O,P,V",2.922738817154793,0.33130000000000015,0.02902613706250179,-2.64065730671798,False
mp-1177577,Li3MnV(PO4)3,"Li,Mn,O,P,V",3.0105487858034365,0.5802,0.032386961312501406,-2.6372964824679803,False
mp-1177572,Li3MnV(PO4)3,"Li,Mn,O,P,V",2.8945838470667145,0.2549000000000001,0.03263531556250143,-2.6370481282179803,False
mp-1177582,Li3V3P8O29,"Li,O,P,V",2.4417303730751247,1.2229,0.03935355726743328,-2.5325026827242523,False
mp-1177601,Li3MnV(PO4)3,"Li,Mn,O,P,V",2.9234866560888673,0.4852000000000003,0.024201899437501062,-2.64548154434298,False
mp-1177598,Li3V3P8O29,"Li,O,P,V",2.5303849089207127,0.6187,0.049047909941852375,-2.5228083300498336,False
mp-1177586,Li3MnV(PO4)3,"Li,Mn,O,P,V",2.8969238730268203,0.6335,0.030557385312500962,-2.6391260584679808,False
mp-1177609,Li3Mn5(PO4)6,"Li,Mn,O,P",2.7119694406346877,0.2808999999999999,0.049014320526312716,-2.459863457697691,False
mp-1177621,Li3V24O58,"Li,O,V",3.3877127812722865,0.9003000000000001,0.0308666761764691,-2.3403480432941173,False
mp-1177616,Li3MnV(PO4)3,"Li,Mn,O,P,V",2.9184401662618624,0.49029999999999996,0.028350197312501102,-2.6413332464679806,False
mp-1177618,Li3MnCr3O8,"Cr,Li,Mn,O",4.047041579891867,1.7173000000000003,0.017146290666665287,-2.3066942911954027,False
mp-1177664,Li3Mn2(P2O7)2,"Li,Mn,O,P",2.959901573406066,0.10550000000000015,0.02990821847824776,-2.590679062910152,False
mp-1177665,Li3Fe2P2(O4F)2,"F,Fe,Li,O,P",3.2353028386592877,1.7061,0.028238239558829648,-2.5674305652521006,False
mp-1177646,Li3Mn2P2(CO7)2,"C,Li,Mn,O,P",2.650843182550411,0.6622,0.026958309311569728,-2.267304410875991,False
mp-1177634,Li3V3P8O29,"Li,O,P,V",2.4422045240437162,0.8619,0.04370787226743378,-2.5281483677242518,False
mp-1177638,Li3Mn4(BO3)4,"B,Li,Mn,O",3.1341047541617177,0.0,0.04752791923912447,-2.461883754712644,False
mp-1177654,Li3MgTi8O16,"Li,Mg,O,Ti",3.7041995581654326,0.0,0.03357255821428673,-3.2093207997023816,False
mp-1177669,Li3MnV(PO4)3,"Li,Mn,O,P,V",2.879501321024395,0.12309999999999999,0.02416607218750233,-2.6455173715929794,False
mp-1177698,Li3Mn2(P2O7)2,"Li,Mn,O,P",2.9595070481584034,0.20320000000000005,0.023256951195638642,-2.5973303301927615,False
mp-1177673,Li3Fe2P2(CO7)2,"C,Fe,Li,O,P",2.677369998196924,0.0,0.04715634160326587,-2.1775186397515514,False
mp-1177702,Li3Fe2(SiO4)2,"Fe,Li,O,Si",2.9551679952302363,1.5291000000000001,0.03353625800000337,-2.5228280970000005,False
mp-1177679,Li3Fe2(SiO4)2,"Fe,Li,O,Si",2.929551223915901,1.5393000000000001,0.037866472000003704,-2.5184978829999998,False
mp-1177684,Li3MnV(PO4)3,"Li,Mn,O,P,V",2.8884938771808826,0.03980000000000006,0.03500406856250127,-2.63467937521798,False
mp-1177718,Li3Fe2P2(CO7)2,"C,Fe,Li,O,P",2.657171833776087,0.0,0.049080362907613306,-2.175594618447204,False
mp-1177736,Li3Cu2Ni5O12,"Cu,Li,Ni,O",4.913961580803706,0.09109999999999996,0.04514875199810575,-1.2030989837878798,False
mp-1177725,Li3Al(FeO3)2,"Al,Fe,Li,O",3.391857137748969,2.1557000000000004,0.04756391187500153,-2.281375065,False
mp-1177735,Li3Fe2(P2O7)2,"Fe,Li,O,P",3.036620376072056,1.4918,0.0457919942029017,-2.5055943003726697,False
mp-1177761,Li3Fe2(CoO4)2,"Co,Fe,Li,O",4.318665741759287,0.0,0.03919726700000048,-1.7061623179999998,False
mp-1177912,Li3Fe2(P2O7)2,"Fe,Li,O,P",2.999932982781433,1.3198000000000003,0.039124474963769806,-2.5122618196118007,False
mp-1193122,Li3V(H6O5)2,"H,Li,O,V",1.6866897984288973,4.1095,0.008036281346163854,-1.6481950975,False
mp-1194301,Li3CuB3O7,"B,Cu,Li,O",2.630986714008937,0.4354695065746601,0.045933832321432,-2.4511693355357136,False
mp-1198234,Li3V(H4O3)4,"H,Li,O,V",1.5941935296303849,3.992401518173642,0.009969585156249572,-1.5757189714062498,False
mp-1199210,Li3MnP2(O3F2)2,"F,Li,Mn,O,P",2.7375184446447065,1.7227000000000001,0.0,-2.8025025071697978,True
mp-1201415,Li3V(H4O3)4,"H,Li,O,V",1.6249728289697498,4.085100000000001,0.005819847499999753,-1.5798687090624997,False
mp-1202865,Li3V2(PO4)3,"Li,O,P,V",2.8855389833370064,1.9273,0.024901213500006847,-2.702705422696428,False
mp-1204473,Li3V5(H8O11)2,"H,Li,O,V",2.4267244389904787,2.4457,0.02405300434782376,-1.7838290601086961,False
mp-1211552,Li3Mn2(SeO3)4,"Li,Mn,O,Se",3.63691076573232,0.7033047623927575,0.0,-1.737886894058909,True
mp-1211546,KLi3TiO4,"K,Li,O,Ti",2.5723380828747437,4.6824,0.0,-2.6511318892314812,True
mp-1220781,NaLi3V4O12,"Li,Na,O,V",2.8283286532713414,3.0399,0.022405236750000945,-2.3924992030689665,False
mp-1220801,NaLi3Fe4(SiO3)8,"Fe,Li,Na,O,Si",3.3381467751533225,2.7039999999999997,0.01166278868749071,-2.7450297900344838,False
mp-1220829,Na5Li3V8O24,"Li,Na,O,V",2.810000615177772,3.060403074628333,0.012107732625000978,-2.3832183264224143,False
mp-1220832,NaLi3Fe4(SiO3)8,"Fe,Li,Na,O,Si",3.336206178841069,2.7475000000000005,0.011378560437490748,-2.7453140182844833,False
mp-1222513,Li3Fe2CoO6,"Co,Fe,Li,O",4.400807354021594,2.0765999999999996,0.011140180416662204,-1.8673709083333339,False
mp-1222510,Li3MnCoNiO6,"Co,Li,Mn,Ni,O",4.444532880388622,1.1081000000000003,0.04906116708333741,-1.8258960048275863,False
mp-1222531,Li3V8ZnO16,"Li,O,V,Zn",4.162166416081224,0.0,0.041041624970235446,-2.4347480703571427,False
mp-1222507,Li3Co2NiO6,"Co,Li,Ni,O",4.596346835235902,0.0,0.03830195083334065,-1.6351236833333325,False
mp-1222545,Li3Ti8O16,"Li,O,Ti",3.632472414161425,0.0,0.023483140740733432,-3.2809150424691356,False
mp-1222562,Li3Mn8O16,"Li,Mn,O",4.02268498813869,0.0,0.043231763743827756,-1.9741099104980835,False
mp-1222591,Li3Al2CoO6,"Al,Co,Li,O",3.736788781847373,2.4135,0.03567877291666566,-2.610836774166667,False
mp-1222601,Li3Al2CoO6,"Al,Co,Li,O",3.7191069412479365,2.5686,0.03275804874999988,-2.6137574983333334,False
mp-1222641,Li3Nb4CuO12,"Cu,Li,Nb,O",4.791927875801494,1.0371000000000001,0.031938102874997654,-2.722790548500001,False
mp-1222636,Li3Co2RuO6,"Co,Li,O,Ru",4.867661447588485,0.2808999999999999,0.02043882770833605,-1.7028692883333332,False
mp-1222630,Li3FeIrO5,"Fe,Ir,Li,O",6.160905479337056,0.0,0.01399536934999901,-1.803864161,False
mp-1222709,Li3(CuO2)2,"Cu,Li,O",4.077147777896104,0.0,0.010326508888889308,-1.5847087977777774,False
mp-1222986,Li3Fe(MoO4)3,"Fe,Li,Mo,O",3.757457527500026,2.304,0.017847879671050393,-2.0872104719736853,False
mp-1223005,Li3FeNi2(PO4)3,"Fe,Li,Ni,O,P",3.661292374086604,3.4838,0.0036052747619024217,-2.3997254949489792,False
mp-1223044,Li3ZnFe2(PO4)3,"Fe,Li,O,P,Zn",3.5791307658087326,3.6957999999999998,0.017139692380954585,-2.4848137856632655,False
mp-1253145,Li3VSi2O7,"Li,O,Si,V",2.837335293910268,2.2957,0.02513740818909227,-2.836812147435898,False
mp-1265172,Li3V(Si2O5)3,"Li,O,Si,V",2.6760332681688253,2.3996999999999997,0.03346825788333252,-3.0275178103999996,False
mp-1266205,Li3VSi4(HO6)2,"H,Li,O,Si,V",2.4633348135058677,2.3965000000000005,0.01906904422348088,-2.7431291828409083,False
mp-1273419,Li3TiV2O6,"Li,O,Ti,V",3.8991259887549994,0.3327,0.021760523020831535,-2.658947957361112,False
mp-1275017,Li3Ti(NiO3)2,"Li,Ni,O,Ti",4.2985325472168165,0.07279999999999998,0.0388869090277737,-2.1544349423611115,False
mp-1275606,Li3Mn2CoO6,"Co,Li,Mn,O",4.206023586520718,0.8129999999999997,0.02236898645833918,-1.9996158909051729,False
mp-1275559,Li3V4O8,"Li,O,V",3.818118340844979,0.8917999999999999,0.047568098250007296,-2.462192281999999,False
mp-1275879,Li3TiV2O6,"Li,O,Ti,V",3.891508083083631,0.3804999999999996,0.022118330104165196,-2.658590150277778,False
mp-1275688,Li3Mn2CoO6,"Co,Li,Mn,O",4.169416895156743,0.8526000000000002,0.04669901729167236,-1.9752858600718397,False
mp-1276403,Li3Co2NiO6,"Co,Li,Ni,O",4.685579136269289,0.0,0.041605549583339396,-1.6318200845833335,False
mp-1284801,Li3V4O8,"Li,O,V",3.8251791476856813,1.1042999999999998,0.04398070525000719,-2.465779674999999,False
mp-1289227,Li3V4O8,"Li,O,V",3.7978041627150656,0.9327000000000001,0.04513067891667344,-2.4646297013333327,False
mp-1289276,Li3Ni2SnO6,"Li,Ni,O,Sn",5.033925040983869,0.3442000000000003,0.029587886736114122,-1.7851001587500008,False
mp-1290870,Li3Mn(PO4)2,"Li,Mn,O,P",3.1101135316661783,1.2630000000000003,0.02461357107144213,-2.5959663348011963,False
mp-1292604,Li3Ni2SnO6,"Li,Ni,O,Sn",5.0212309434332525,0.3567999999999998,0.02889716881944704,-1.7857908766666675,False
mp-1299593,Li3Mn3TeO8,"Li,Mn,O,Te",4.301586525602987,0.8439000000000005,0.04396483508333837,-2.0185809233639844,False
mp-1301359,Li3Co2NiO6,"Co,Li,Ni,O",4.7592908944105075,0.0,0.0195302266666717,-1.6538954075000014,False
mp-1303115,Li3Fe2CoO6,"Co,Fe,Li,O",4.3048048085612995,1.8732000000000002,0.027212539583329587,-1.8512985491666665,False
mp-1303127,Li3Fe2(SiO4)2,"Fe,Li,O,Si",2.9124294247865556,1.8254,0.04114810633333654,-2.515216248666667,False
mp-1302608,Li3Co4SnO8,"Co,Li,O,Sn",5.280392383879964,0.6652999999999998,0.04822606593750134,-1.6993831034375004,False
mp-1302334,Li3V4O8,"Li,O,V",3.8150345901739864,1.0954000000000006,0.04329746358334052,-2.4664629166666656,False
mp-1302799,Li3Mn3TeO8,"Li,Mn,O,Te",4.29679595845167,0.8445,0.042323869750005905,-2.0202218886973173,False
mp-1303223,Li3TiNi3O8,"Li,Ni,O,Ti",4.3511603711554665,0.35309999999999997,0.03495444458333008,-1.8878888182222227,False
mp-1304294,Li3Mn2CoO6,"Co,Li,Mn,O",4.251761650506496,0.9128000000000003,0.020599040208338693,-2.001385837155173,False
mp-1304514,Li3Mn2CoO6,"Co,Li,Mn,O",4.17005653968388,0.15339999999999998,0.04693146520833924,-1.9750534121551724,False
mp-1305541,Li3TiNi3O8,"Li,Ni,O,Ti",4.335414065728319,0.0,0.03574442958333002,-1.8870988332222225,False
mp-1305999,Li3Ti(NiO2)4,"Li,Ni,O,Ti",4.908201146528888,0.2639999999999998,0.022602838958328597,-1.926909874583334,False
mp-1306670,Li3TiNi3O8,"Li,Ni,O,Ti",4.342654175929241,0.3003,0.036163635916663495,-1.886679626888889,False
mp-1306526,Li3Mn2CoO6,"Co,Li,Mn,O",4.234166839530034,1.2429000000000006,0.025839933125006098,-1.996144944238506,False
mp-1306409,Li3Fe2(SiO4)2,"Fe,Li,O,Si",2.9137044833260433,1.5111999999999999,0.04395580966667012,-2.5124085453333334,False
mp-1307896,Li3V4O8,"Li,O,V",3.826256311281196,1.0612,0.04498499191667271,-2.464775388333334,False
mp-1308156,Li3Fe2(SiO4)2,"Fe,Li,O,Si",2.916503622761251,1.7309,0.0424601206666706,-2.513904234333333,False
mp-1310833,Li3Mn2CoO6,"Co,Li,Mn,O",4.164423902813312,0.47250000000000014,0.04939616270833813,-1.9725887146551735,False
mp-1311345,Li3(NiO2)5,"Li,Ni,O",4.608003688520672,0.3967999999999998,0.03295658337962948,-1.2460139188888892,False
mp-1311690,Li3Mn3TeO8,"Li,Mn,O,Te",4.331963799374467,0.8273999999999999,0.045747429750005786,-2.016798328697318,False
mp-1313661,Li3Mn3TeO8,"Li,Mn,O,Te",4.303806921413157,0.7950000000000004,0.04863687141667139,-2.0139088870306514,False
mp-1313788,Li3(NiO2)4,"Li,Ni,O",4.827155875983739,0.007700000000000706,0.013605467027778317,-1.3529733539999995,False
mp-6373,Li3Fe2(PO4)3,"Fe,Li,O,P",2.9622870510163595,2.3762,0.0064324766250001275,-2.5058095725714282,False
mp-6396,Li3V2(PO4)3,"Li,O,P,V",2.8905116853357855,1.9731000000000003,0.0,-2.727606636196428,True
mp-16955,K2Li3FeO4,"Fe,K,Li,O",2.7824858706605085,3.0637,0.0,-1.8775089627,True
mp-19219,Li3VO4,"Li,O,V",2.6975068595904634,4.0337,0.0,-2.502745246250001,True
mp-19430,Li3Fe2(PO4)3,"Fe,Li,O,P",2.9621012385667713,2.473,0.010260171749999714,-2.501981877446428,False
mp-25317,Li3(CuO2)2,"Cu,Li,O",3.517247903487615,0.0,0.030003342222223672,-1.5650319644444437,False
mp-25446,Li3NiPCO7,"C,Li,Ni,O,P",2.915385482039844,4.0127,0.03721470519230863,-2.293316524395604,False
mp-25461,Li3MnPCO7,"C,Li,Mn,O,P",2.7027806945932467,3.6835000000000004,0.049749888076924265,-2.4187680075056837,False
mp-25458,Li3CoPCO7,"C,Co,Li,O,P",2.87388796422584,2.7458,0.0393351588461579,-2.2956133584340668,False
mp-25445,Li3FePCO7,"C,Fe,Li,O,P",2.7824113269649207,4.2226,0.03993691788461451,-2.3425646759340646,False
mp-25460,Li3CuPCO7,"C,Cu,Li,O,P",2.951634819682713,0.1737000000000002,0.04006742307692335,-2.2074379153571426,False
mp-25811,Li3V2P5O16,"Li,O,P,V",2.7317940394180686,2.4835000000000003,0.035266063094186784,-2.6440845760851652,False
mp-25837,Li3Cr2(PO4)3,"Cr,Li,O,P",3.040230108636559,3.0526999999999997,0.0361631664999873,-2.631389426196427,False
mp-25871,Li3Cu2P5O16,"Cu,Li,O,P",2.95736736118791,0.2537999999999998,0.03841264134617006,-2.3866440628159333,False
mp-25993,Li3Fe2(PO4)3,"Fe,Li,O,P",2.9999704152134568,2.5937,0.005395785000000153,-2.5068462641964273,False
mp-25996,Li3Co(PO4)2,"Co,Li,O,P",2.631109178723675,0.8078,0.025655958749998042,-2.456484207984694,False
mp-26045,Li3Cr2(PO4)3,"Cr,Li,O,P",3.0739395591536254,3.0299000000000005,0.0036250047499875038,-2.6639275879464273,False
mp-26039,Li3Mn2(PO4)3,"Li,Mn,O,P",2.9896812497585854,1.3066000000000002,0.003902910249988345,-2.563618484989533,False
mp-26069,Li3Fe2(PO4)3,"Fe,Li,O,P",3.0795078436163243,2.5235000000000003,0.011562695624999897,-2.500679353571428,False
mp-26056,Li3Fe(PO4)2,"Fe,Li,O,P",2.5704310326646302,2.3294,0.03259832732142964,-2.5484963313775504,False
mp-26087,Li3Co2(PO4)3,"Co,Li,O,P",3.0515240094145852,1.1106000000000003,0.032696838624997504,-2.341008921821429,False
mp-26077,Li3Fe3(PO4)4,"Fe,Li,O,P",2.990256037347308,1.7880999999999998,0.016787193750000817,-2.4583803734065928,False
mp-26079,Li3Cr2(PO4)3,"Cr,Li,O,P",2.945937730218824,3.1825,0.005214419499986356,-2.662338173196428,False
mp-26101,Li3V3(PO4)4,"Li,O,P,V",2.9417789622822297,1.8787999999999998,0.013054908076931326,-2.7083412757142846,False
mp-26143,Li3Mn3(PO4)4,"Li,Mn,O,P",2.976942982515313,1.0226,0.004176978076887217,-2.5347744498986353,False
mp-26187,Li3Mn2P5O16,"Li,Mn,O,P",2.7294307968362053,3.9853000000000005,0.014541953782062578,-2.6382306659260144,False
mp-26191,Li3Ni2P5O16,"Li,Ni,O,P",2.9257953249795676,4.314,0.014403235128236602,-2.491245693777473,False
mp-26205,Li3Cr3(PO4)4,"Cr,Li,O,P",2.910820990577805,2.7754000000000003,0.018320069230754576,-2.632813293791209,False
mp-26203,Li3Co2P5O16,"Co,Li,O,P",2.8624646796621667,3.2819999999999996,0.017535839391024766,-2.496773487623627,False
mp-26307,Li3Fe3(PO4)4,"Fe,Li,O,P",3.1541817722041077,2.3379,0.03156394548076946,-2.443603621675824,False
mp-26289,Li3Cr3(PO4)4,"Cr,Li,O,P",3.0396040362303145,2.0069999999999997,0.025833723461524016,-2.6252996395604393,False
mp-26337,Li3Cr3(PO4)4,"Cr,Li,O,P",3.0372949151514717,1.9048,0.027969059423061715,-2.6231643035989025,False
mp-26367,Li3Mn2(PO4)3,"Li,Mn,O,P",3.1971145453051535,1.1331000000000002,0.0234020634999883,-2.544119331739533,False
mp-26421,Li3V3(PO4)4,"Li,O,P,V",2.802813785443255,1.8451999999999997,0.027551315961545697,-2.693844867829671,False
mp-26399,Li3V(PO4)2,"Li,O,P,V",3.0978365514164854,2.0699000000000005,0.026473023035713972,-2.708453483520408,False
mp-26425,Li3Cr2P5O16,"Cr,Li,O,P",2.745501003285439,2.7887,0.0367112031089567,-2.605251735508242,False
mp-26453,Li3Mn2(PO4)3,"Li,Mn,O,P",3.2924884676638904,0.09030000000000005,0.029551771249988867,-2.5379696239895324,False
mp-26489,Li3Cr2(PO4)3,"Cr,Li,O,P",3.3627312322577763,1.8925000000000005,0.04357401674998673,-2.6239785759464276,False
mp-26539,Li3V(PO4)2,"Li,O,P,V",3.065077899166546,2.1261,0.02990071482142831,-2.7050257917346943,False
mp-26481,Li3Cr(PO4)2,"Cr,Li,O,P",3.158104966715502,2.787,0.029129117321425646,-2.6629016438775506,False
mp-26575,Li3Fe(PO4)2,"Fe,Li,O,P",3.144240585444081,1.9266999999999999,0.034495895892858286,-2.546598762806122,False
mp-26601,Li3Mn2(PO4)3,"Li,Mn,O,P",2.8971749126960074,2.7995094205035542e-06,0.038556580249988315,-2.528964814989533,False
mp-26605,Li3Cr2(PO4)3,"Cr,Li,O,P",2.986885852502331,3.034,0.033247400374986746,-2.6343051923214285,False
mp-26619,Li3V(PO4)2,"Li,O,P,V",3.064848300270749,2.1454,0.030482326785714164,-2.7044441797704084,False
mp-26617,Li3Cr(PO4)2,"Cr,Li,O,P",3.106172444319019,2.6333999999999995,0.030810064107139823,-2.6612206970918373,False
mp-26677,Li3Fe2(PO4)3,"Fe,Li,O,P",3.3318047164304523,1.484,0.04071292074999899,-2.4715291284464285,False
mp-26705,Li3Cr2(PO4)3,"Cr,Li,O,P",3.0481413054368187,2.9029,0.030528881749987136,-2.6370237109464276,False
mp-26711,Li3V2(PO4)3,"Li,O,P,V",2.966690507062431,1.9519999999999995,0.03484218900000702,-2.6927644471964287,False
mp-26739,Li3Cr2(PO4)3,"Cr,Li,O,P",3.3710055286819864,3.1279,0.03480835662498638,-2.632744236071428,False
mp-26773,Li3Fe(PO4)2,"Fe,Li,O,P",3.1416234429486605,2.2211,0.039316120178572334,-2.541778538520408,False
mp-26805,Li3Fe(PO4)2,"Fe,Li,O,P",3.1358596439267603,2.1811999999999996,0.037975563750000774,-2.5431190949489797,False
mp-26807,Li3Fe3(PO4)4,"Fe,Li,O,P",2.896181675363446,2.2854,0.04527056990384626,-2.429896997252747,False
mp-26825,Li3Fe2(PO4)3,"Fe,Li,O,P",3.217113789141384,2.2235,0.04270288224999952,-2.4695391669464284,False
mp-26845,Li3Mn2(PO4)3,"Li,Mn,O,P",2.9938383732453366,1.4003999999999999,0.032290300749989065,-2.535231094489532,False
mp-26869,Li3Cr2(PO4)3,"Cr,Li,O,P",3.2544095035263783,2.6059000000000005,0.037706821249986255,-2.6298457714464285,False
mp-26903,Li3V2(PO4)3,"Li,O,P,V",3.134922992284588,2.0511999999999997,0.042418175000007,-2.685188461196428,False
mp-26971,Li3Cr2(PO4)3,"Cr,Li,O,P",2.9912491468388773,3.0446,9.601124998681598e-05,-2.667456581446428,False
mp-27027,Li3Fe3(PO4)4,"Fe,Li,O,P",2.959692609245587,2.0788,0.019153014903846355,-2.456014552252747,False
mp-31729,Li3Cr2(PO4)3,"Cr,Li,O,P",2.950814526269043,3.1470000000000002,0.014164325499987918,-2.6533882671964273,False
mp-31723,Li3Cr(PO4)2,"Cr,Li,O,P",3.3110938783750368,2.7819000000000003,0.026246598749997574,-2.665784162448979,False
mp-31885,Li3Fe2P5O16,"Fe,Li,O,P",2.790137809408271,4.0751,0.014971874551286568,-2.5503281945467036,False
mp-32017,Li3Mn3(PO4)4,"Li,Mn,O,P",3.145737300164239,0.6178999999999999,0.03942078596150278,-2.49953064201402,False
mp-31972,Li3Mn(PO4)2,"Li,Mn,O,P",3.0805061342895543,1.0943,0.028939885000013987,-2.5916400208726245,False
mp-32024,Li3Mn2(PO4)3,"Li,Mn,O,P",2.8923415657814626,0.9513,0.03392182274998845,-2.533599572489533,False
mp-31969,Li3Mn2(PO4)3,"Li,Mn,O,P",3.0523891288687808,1.1628,0.011066997874988438,-2.556454397364533,False
mp-32495,Li3V3(PO4)4,"Li,O,P,V",3.113661662439381,1.8287,0.03136745673077712,-2.6900287270604397,False
mp-32528,Li3V3(PO4)4,"Li,O,P,V",2.904278314488592,2.0374,0.011393101538470063,-2.7100030822527468,False
mp-32530,Li3V2(PO4)3,"Li,O,P,V",2.883599730816316,2.0047,0.03853630162500643,-2.6890703345714284,False
mp-504385,Li3Fe2(PO4)3,"Fe,Li,O,P",3.025188797806843,2.5163,0.04278007237499981,-2.469461976821428,False
mp-504854,Na2Li3CoO4,"Co,Li,Na,O",2.877314290659638,1.4597,0.0,-1.795610525525862,True
mp-531365,Li3Mn8O16,"Li,Mn,O",4.028403652735129,0.0,0.03182563855864107,-1.9855160356832702,False
mp-531914,Li3Ti8O16,"Li,O,Ti",3.610295403649531,0.0,0.023169062777771643,-3.2812291204320982,False
mp-540965,Na2Li3FeO4,"Fe,Li,Na,O",2.766456859739631,2.9156,0.0,-1.8958083285258618,True
mp-542008,Li3Fe2(AsO4)3,"As,Fe,Li,O",3.675282686030769,2.6231,0.00830461824996842,-1.9191242343750006,False
mp-545467,Li3(CuO2)2,"Cu,Li,O",4.09298670343586,0.0,0.01249471555555548,-1.582540591111112,False
mp-581162,Li3VO4,"Li,O,V",2.6299764801248373,3.939,0.005268439374999545,-2.4974768068750013,False
mp-585338,Li3Mn3(PO4)4,"Li,Mn,O,P",2.9435846745277443,0.7289000000000001,0.005696296602527795,-2.5332551313729956,False
mp-585226,Li3Fe2(PO4)3,"Fe,Li,O,P",3.0340446451296104,2.4816000000000003,0.03488034549999952,-2.4773617036964284,False
mp-643154,Li3V2(PO4)3,"Li,O,P,V",2.8660855867579977,2.0469,0.007098522500006865,-2.720508113696428,False
mp-695021,Li3Ti3Fe(PO4)6,"Fe,Li,O,P,Ti",2.821447372183438,2.3884,0.016035556891877967,-2.8677860348069513,False
mp-695469,Li3Cr13Ni3(SO4)24,"Cr,Li,Ni,O,S",2.9707881482045253,2.2487,0.028480406825536875,-1.9690070150359706,False
mp-697753,Li3Cr2(PO4)3,"Cr,Li,O,P",2.928287849215388,2.8872000000000004,0.024193213749986953,-2.6433593789464274,False
mp-704962,Li3Mn3(PO4)4,"Li,Mn,O,P",3.1903856136377056,0.3909,0.04881185192304116,-2.490139576052482,False
mp-705002,Li3V4P9O32,"Li,O,P,V",2.799431312053293,1.4124999999999999,0.0343862259028036,-2.618811850349702,False
mp-705329,Li3Fe2(PO4)3,"Fe,Li,O,P",2.928239498815862,2.5284999999999997,0.033042433000000315,-2.4791996161964276,False
mp-705314,Li3V3P8O29,"Li,O,P,V",2.554100562121706,1.2772999999999999,0.04885059633720079,-2.5230056436544848,False
mp-705293,Li3V2(PO4)3,"Li,O,P,V",2.8320899693165393,1.9338000000000002,0.025548431500006963,-2.702058204696428,False
mp-705468,Li3Mn3(PO4)4,"Li,Mn,O,P",2.838455467279882,0.6397999999999999,0.028235751538425724,-2.510715676437097,False
mp-743603,Li3Ti3Fe(PO4)6,"Fe,Li,O,P,Ti",2.799048026584871,2.4446000000000003,0.028939022567556094,-2.8548825691312727,False
mp-752491,Li3VCr(P2O7)2,"Cr,Li,O,P,V",2.810898877927293,0.6295999999999999,0.01863270326992783,-2.6695378186335406,False
mp-752510,Li3Ti2V3O10,"Li,O,Ti,V",3.727818474729283,1.6465,0.03858114618054209,-2.8019852825925926,False
mp-752621,Li3FeB4O9,"B,Fe,Li,O",2.6463284712379305,3.0827,0.041618749595589755,-2.579986830980392,False
mp-752646,Li3Fe(BO3)2,"B,Fe,Li,O",2.5773053843253044,2.4444000000000004,0.025683682708335986,-2.4600649256944447,False
mp-752696,Li3FePCO7,"C,Fe,Li,O,P",2.7694752493803647,4.2992,0.04064143576922952,-2.3418601580494496,False
mp-752750,Li3Ni4O4F3,"F,Li,Ni,O",4.899204957932788,2.2384,0.04563562357142725,-2.0065825996428575,False
mp-752794,Li3Mn2CoO6,"Co,Li,Mn,O",4.254736439418659,0.0,0.047064525208338814,-1.9749203521551728,False
mp-752864,Li3Co2(CO3)4,"C,Co,Li,O",2.6529305424451395,0.673,0.045402838313492566,-1.843964647619048,False
mp-752879,Li3Ti4O8,"Li,O,Ti",3.7640979607945546,0.0,0.045010171000001264,-3.058878384222223,False
mp-753035,Li3Ti2Mn3O10,"Li,Mn,O,Ti",3.7960439302867846,0.9013,0.04286166482639153,-2.579832453081098,False
mp-753028,Li3Mn4O8,"Li,Mn,O",4.062417239409665,0.7410999999999999,0.02742557800000789,-2.0949117394482766,False
mp-753081,Li3(CuO)4,"Cu,Li,O",4.109560348347538,0.0,0.043869513409091176,-1.2999585954545447,False
mp-753219,Li3MnNi3O8,"Li,Mn,Ni,O",4.481341353899204,0.0,0.018566930916668944,-1.583539662528735,False
mp-753263,Li3Cr2CuO6,"Cr,Cu,Li,O",4.350909766317157,0.1721999999999997,0.037809809166668984,-2.0514652300000003,False
mp-753275,Li3FeNi3O8,"Fe,Li,Ni,O",4.459692252070084,0.0,0.020682104902778775,-1.4681355993333332,False
mp-753513,Li3Mn(PO4)2,"Li,Mn,O,P",3.0393235971702515,1.6196,0.019195806964299678,-2.6013840989083383,False
mp-753504,Li3Nb4VO12,"Li,Nb,O,V",4.681512891219227,0.0,0.028146736468748657,-2.810518531499999,False
mp-753590,Li3Fe3CoO8,"Co,Fe,Li,O",4.228481555836637,0.0,0.017006114166668418,-1.781493998,False
mp-753674,Li3Mn4O8,"Li,Mn,O",4.022280345974713,0.7442000000000002,0.02657652433334068,-2.0957607931149433,False
mp-753687,Li3Cr2CoO6,"Co,Cr,Li,O",4.2195944555879175,0.7767,0.02508451166666603,-2.162549980833333,False
mp-753725,Li3Mn2(P2O7)2,"Li,Mn,O,P",2.938768337865285,0.0,0.03089061543476923,-2.589696665953631,False
mp-753812,Li3Co2(CO3)4,"C,Co,Li,O",2.4888942700785552,0.6341,0.039377326408729374,-1.8499901595238109,False
mp-754094,Li3Fe3NiO8,"Fe,Li,Ni,O",4.195717785925162,0.0,0.037310396028733095,-1.6898984113333333,False
mp-754087,Li3Fe2(SiO4)2,"Fe,Li,O,Si",2.950774909088103,1.6259,0.04121337566667016,-2.5151509793333333,False
mp-754193,Li3TiCr3O8,"Cr,Li,O,Ti",3.8937992658473792,2.3315,0.03882574083333523,-2.592767026222222,False
mp-754273,Li3Co(CuO2)4,"Co,Cu,Li,O",5.2571400655319795,0.0,0.042279298124999976,-1.3551250856249997,False
mp-754325,Li3Fe4(BO3)4,"B,Fe,Li,O",3.319979452261347,1.5164,0.03507665054349207,-2.3012924215942028,False
mp-754316,Li3Co(NiO3)2,"Co,Li,Ni,O",4.715701110421413,0.0,0.01676979111111354,-1.574099685833333,False
mp-754458,Li3Cu(NiO3)2,"Cu,Li,Ni,O",4.779157352911752,0.0,0.04131691972222207,-1.4408710833333334,False
mp-754552,Li3Mn4(BO3)4,"B,Li,Mn,O",3.1280616526863874,0.7007000000000001,0.04028416619564723,-2.4691275077561223,False
mp-754615,Li3VCr2O6,"Cr,Li,O,V",4.036312916391267,1.874,0.0015298279166708895,-2.435478421666667,False
mp-754753,Li3Mn(PO4)2,"Li,Mn,O,P",3.043866840960511,0.28300000000000036,0.02053244178572733,-2.6000474640869107,False
mp-754791,Li3Mn2Fe(BO3)3,"B,Fe,Li,Mn,O",3.21773932469392,3.0229,0.002692058888888127,-2.451327890186782,False
mp-754896,Li3(NiO2)4,"Li,Ni,O",4.874182969958347,0.030100000000000016,0.012351140361111845,-1.3542276806666658,False
mp-754956,Li3Ni4SbO8,"Li,Ni,O,Sb",5.482550340281829,1.6713000000000005,0.04494584125000056,-1.6953526324999997,False
mp-754968,Li3FePCO7,"C,Fe,Li,O,P",2.7398400144970876,4.0809,0.046245170576921346,-2.3362564232417578,False
mp-754987,Li3FePCO7,"C,Fe,Li,O,P",2.7187808840439898,4.056500000000001,0.037946439807690524,-2.3445551540109886,False
mp-755051,Li3Cr2FeO6,"Cr,Fe,Li,O",4.118292068291346,1.8841,0.006717638472220067,-2.2478201708333336,False
mp-755134,Li3V4CrO8,"Cr,Li,O,V",4.236760515967819,0.5968,0.04684845755208755,-2.344421494375,False
mp-755151,Li3Al2VO6,"Al,Li,O,V",3.507932610986393,1.9795999999999996,0.03682818625000106,-2.8590611179166676,False
mp-755201,Li3Fe(CuO3)2,"Cu,Fe,Li,O",4.548672629233368,0.07679999999999998,0.049326528958332005,-1.5660399941666672,False
mp-755180,Li3Fe2CuO6,"Cu,Fe,Li,O",4.30965072833447,0.6053000000000001,0.027527612083331654,-1.7526240233333326,False
mp-755223,Li3Ni4SnO8,"Li,Ni,O,Sn",5.47781216934434,0.0,0.01814380630208401,-1.6473935528124999,False
mp-755272,Li3V5O8,"Li,O,V",4.232071787115938,0.7822000000000005,0.03325996223958505,-2.3651065887500007,False
mp-755332,Li3MnFe2(BO3)3,"B,Fe,Li,Mn,O",3.2541869152916405,2.7735000000000003,0.0044731795833286014,-2.3886071039128347,False
mp-755383,Li3FeP2HO8,"Fe,H,Li,O,P",3.1627592492732655,4.1768,0.03416103700000672,-2.44258809070238,False
mp-755577,Li3Mn4CoO8,"Co,Li,Mn,O",4.506350465441193,0.0,0.029649516406250243,-2.003303070732759,False
mp-755734,Li3Ti(FeO2)4,"Fe,Li,O,Ti",4.471900011781217,0.7958000000000003,0.044718928281247905,-2.1153179302083336,False
mp-755739,Li3VP2HO8,"H,Li,O,P,V",2.929513777547004,3.0833,0.040697833048782606,-2.5245886123690466,False
mp-755839,Li3VCr3O8,"Cr,Li,O,V",3.9608759555335085,1.2581000000000002,0.038419861020836166,-2.3952868626666666,False
mp-755972,Li3(NiO2)4,"Li,Ni,O",4.840248643783246,0.24839999999999973,0.008851531027777249,-1.3577272900000006,False
mp-756159,Li3Ni5O8,"Li,Ni,O",5.1901455590397925,0.0,0.011688770625000622,-1.4163260287499995,False
mp-756169,Li3Cu(NiO2)4,"Cu,Li,Ni,O",5.24822239495505,0.0,0.03932750229166704,-1.3768348249999995,False
mp-756199,Li3Mn2P2(CO7)2,"C,Li,Mn,O,P",2.758826678872873,0.0,0.037661831702874515,-2.2566008884846864,False
mp-756197,Li3Fe2P2(CO7)2,"C,Fe,Li,O,P",2.651039680712334,0.0,0.04723829312500438,-2.1774366882298133,False
mp-756225,Li3Co4SbO8,"Co,Li,O,Sb",5.279143364885469,1.2620999999999993,0.02051116687499821,-1.7222631781250008,False
mp-756288,Li3Cu4SnO8,"Cu,Li,O,Sn",5.402396292644504,0.0,0.0486032951562505,-1.501847707812499,False
mp-756320,Li3Fe4SbO8,"Fe,Li,O,Sb",4.92175251028305,1.3748,0.0,-1.8499160906249994,True
mp-756307,Li3TiV3O8,"Li,O,Ti,V",3.7925791084293965,1.5812,0.02971181774999998,-2.6729274525555553,False
mp-756351,Li3Mn4NiO8,"Li,Mn,Ni,O",4.602389171899272,0.0,0.022362403125000263,-2.0038719532327596,False
mp-756355,Li3V4CuO12,"Cu,Li,O,V",3.1211588919666506,1.1290000000000002,0.04373121700000038,-2.249886024000001,False
mp-756343,Li3Cu4NiO8,"Cu,Li,Ni,O",5.060814929120383,0.0,0.04705463906249907,-1.3109914493750008,False
mp-756352,Li3Cr(NiO2)4,"Cr,Li,Ni,O",5.0361763764926355,0.0,0.043749318437500406,-1.6553732537499997,False
mp-756364,Li3Mn(NiO3)2,"Li,Mn,Ni,O",4.482934208550118,0.0,0.024979301944449084,-1.7674217127442529,False
mp-756397,Li3V6O16,"Li,O,V",3.5437768664947407,0.0,0.021704391799997502,-2.3786919144,False
mp-756498,Li3FeNi3O8,"Fe,Li,Ni,O",4.467173989603614,0.0,0.036468478902778934,-1.452349225333333,False
mp-756592,Li3Fe4CoO8,"Co,Fe,Li,O",4.65529151216551,0.0,0.025826339453124625,-1.7790986918750002,False
mp-756610,Li3Mg(NiO2)4,"Li,Mg,Ni,O",4.737522773813793,0.0,0.011569811250000228,-1.6457964028125005,False
mp-756692,Li3Cr(FeO3)2,"Cr,Fe,Li,O",4.1160629478563475,1.706,0.00477238256944279,-2.0949913991666667,False
mp-756694,Li3Ti(NiO2)4,"Li,Ni,O,Ti",4.880874842192416,0.0,0.027077901770828916,-1.9224348117708336,False
mp-756753,Li3La7(FeO8)2,"Fe,La,Li,O",6.116690856825685,0.9455,0.0473053218749957,-3.0642625416071434,False
mp-756749,Li3V2(PO4)3,"Li,O,P,V",3.2689351418028063,0.0,0.04662196137500718,-2.6809846748214285,False
mp-756803,Li3Fe4NiO8,"Fe,Li,Ni,O",4.697989383391319,1.1938999999999997,0.027855519687498997,-1.7788873187499998,False
mp-756800,Li3Cr(CuO2)4,"Cr,Cu,Li,O",4.965188184272839,0.0,0.0322740387499989,-1.5308708656250003,False
mp-756789,Li3V(Si2O5)3,"Li,O,Si,V",2.7143743997001275,2.4479,0.04004314218333249,-3.0209429261,False
mp-756787,Li3Co(NiO2)4,"Co,Li,Ni,O",5.2802619152895875,0.0,0.019836509583333495,-1.4778369231250004,False
mp-756842,Li3Cr2NiO6,"Cr,Li,Ni,O",4.260123830193632,0.0,0.02668236979167027,-2.1073627216666666,False
mp-756831,Li3Mn2NiO6,"Li,Mn,Ni,O",4.2803951809603085,0.0,0.04202448000000647,-1.9710027563218393,False
mp-756870,Li3Mn(NiO2)4,"Li,Mn,Ni,O",5.063143348165589,0.0,0.018378449895833704,-1.63044363612069,False
mp-757010,Li3Fe(NiO2)4,"Fe,Li,Ni,O",5.058101506159508,0.0,0.013044885885417301,-1.5267062756249992,False
mp-757012,Li3TiV3O8,"Li,O,Ti,V",3.9618080228505965,1.509,0.049881632750000904,-2.6527576375555553,False
mp-757072,Li3Mn(FeO3)2,"Fe,Li,Mn,O",4.119006660439073,0.6681999999999997,0.022612654166666246,-1.9939684989942528,False
mp-757071,Li3Fe4SnO8,"Fe,Li,O,Sn",5.0067835101525535,1.0881000000000007,0.03401882125000011,-1.8420426828125,False
mp-757121,Li3V2FeO6,"Fe,Li,O,V",4.0210332606990855,1.0766999999999998,0.01417555187499886,-2.313883282500001,False
mp-757135,Li3Fe2NiO6,"Fe,Li,Ni,O",4.322492012919277,0.0,0.009853574027775203,-1.786101357499999,False
mp-757161,Li3Fe3NiO8,"Fe,Li,Ni,O",4.233803496337995,0.9040000000000004,0.01848697136206745,-1.708721835999999,False
mp-757208,Li3V2CrO6,"Cr,Li,O,V",3.9915984234574204,1.8865999999999996,0.0012800816666613812,-2.464114564166667,False
mp-757216,Li3MnFe3O8,"Fe,Li,Mn,O",4.1021207129075785,1.6051000000000002,0.02286779649999726,-1.9368575458620692,False
mp-757225,Li3TiCr3O8,"Cr,Li,O,Ti",3.92973734711862,1.9035999999999995,0.04568604183333491,-2.585906725222222,False
mp-757278,Li3V(PO4)2,"Li,O,P,V",2.9291877678284135,1.7604999999999995,0.04425027470238074,-2.690676231853741,False
mp-757269,Li3Fe4(BO3)4,"B,Fe,Li,O",3.271564224123188,1.2874000000000003,0.038884521413057094,-2.2974845507246378,False
mp-757321,Li3V2(PO4)3,"Li,O,P,V",2.9798700179852484,2.1369,0.0030450123750069835,-2.7245616238214283,False
mp-757329,Li3V3P8O29,"Li,O,P,V",2.507641903416948,1.2644000000000002,0.04601475552324796,-2.525841484468438,False
mp-757334,Li3V(PO4)2,"Li,O,P,V",2.998736585285154,2.0582000000000003,0.028430997678571934,-2.706495508877551,False
mp-757427,Li3Fe(Si2O5)3,"Fe,Li,O,Si",2.7350607780469596,3.2133000000000003,0.0419320369999987,-2.935589038900001,False
mp-757522,Li3V3P8O29,"Li,O,P,V",2.485128361239547,0.9734,0.04556660284882952,-2.526289637142857,False
mp-757550,Li3V3P8O29,"Li,O,P,V",2.490244154419738,0.5877,0.04559538808138708,-2.526260851910299,False
mp-757589,Li3V3P8O29,"Li,O,P,V",2.4717714444021985,0.9857,0.047883682034874475,-2.523972557956811,False
mp-757622,Li3V3P8O29,"Li,O,P,V",2.4963362375012186,1.1088,0.04721371726743406,-2.524642522724252,False
mp-757633,Li3V3P8O29,"Li,O,P,V",2.46770466547524,1.1095,0.04792616668603866,-2.523930073305648,False
mp-757646,Li3Mn(PO4)2,"Li,Mn,O,P",3.121693355811569,0.5757999999999996,0.04114108767858493,-2.579438818194053,False
mp-757761,Li3V(Si2O5)3,"Li,O,Si,V",2.611142458018904,2.4198,0.03580135388333261,-3.0251847144,False
mp-757868,K2Li3CoO4,"Co,K,Li,O",2.9110545721027226,1.4536999999999998,0.0,-1.7700962439500003,True
mp-757871,Li3CoNi3O8,"Co,Li,Ni,O",4.622947591895508,0.0,0.01494522591666847,-1.425936137333334,False
mp-757904,Li3V3P8O29,"Li,O,P,V",2.4970820882324545,0.836,0.045241740174410516,-2.526614499817275,False
mp-757987,Li3Mn3NiO8,"Li,Mn,Ni,O",4.239723951342534,0.37840000000000007,0.032722156833336236,-1.9717787602528745,False
mp-758030,Li3V3P8O29,"Li,O,P,V",2.503591458576923,1.1765999999999999,0.049282814244177686,-2.5225734257475083,False
mp-758041,Li3V(CO3)3,"C,Li,O,V",2.3486004024616562,2.9532,0.04795916937500433,-2.1331119349999996,False
mp-758143,Li3Ni5O8,"Li,Ni,O",5.207918246519246,0.0,0.011582087083333192,-1.4164327122916671,False
mp-758155,K8Li3Mn4O16,"K,Li,Mn,O",2.588005643203556,0.0286,0.029885689274189886,-1.8245088370878761,False
mp-758186,Li3Fe(PO4)2,"Fe,Li,O,P",2.5888837760391437,1.0627,0.03382143267857263,-2.5472732260204083,False
mp-758173,Li3Fe2(SiO4)2,"Fe,Li,O,Si",2.9212932786137693,1.5027,0.040818136000003946,-2.515546219,False
mp-758244,Li3TiNi3O8,"Li,Ni,O,Ti",4.332020828958491,0.0,0.03692546724999701,-1.8859177955555557,False
mp-758411,Li3CoSiO5,"Co,Li,O,Si",2.9198150858162912,1.1762000000000001,0.043687516000005644,-2.384313344,False
mp-758480,Li3Mn3(PO4)4,"Li,Mn,O,P",3.232852722534527,0.6286999999999998,0.02780985442304118,-2.511141573552482,False
mp-758588,K4Li3(FeO4)2,"Fe,K,Li,O",2.664803651012265,0.14089999999999997,0.049241815220583796,-1.659533854941176,False
mp-758654,Li3Fe2(PO4)3,"Fe,Li,O,P",2.9645097748540765,0.8344,0.011152120999999404,-2.5010899281964285,False
mp-758764,Li3Ni2P2(O4F)2,"F,Li,Ni,O,P",3.30341830070915,0.043199999999999905,0.029996649117650875,-2.4106786033403353,False
mp-758792,Li3CrSi2O7,"Cr,Li,O,Si",2.898833394255801,2.715,0.04368622326923077,-2.785963346923076,False
mp-758803,Li3(NiO2)5,"Li,Ni,O",4.691671534464606,0.49629999999999974,0.03360531949074108,-1.2453651827777779,False
mp-758937,Li3Mn2(PO4)3,"Li,Mn,O,P",2.943871663018915,0.8159000000000001,0.019356769999989254,-2.548164625239532,False
mp-758961,Li3Fe4(BO3)4,"B,Fe,Li,O",3.2972474122739435,1.3159999999999998,0.03888091119566628,-2.2974881609420286,False
mp-758956,Li3Mn2(PO4)3,"Li,Mn,O,P",2.996547492550454,0.7760999999999998,0.04950038562498804,-2.5180210096145332,False
mp-759061,Li3Cr3CoO8,"Co,Cr,Li,O",4.143443758816845,0.9782000000000002,0.025083037555558185,-2.155946822,False
mp-759065,Li3V2(PO4)3,"Li,O,P,V",2.86463214577162,1.8559,0.004271954500006281,-2.7233346816964286,False
mp-759239,Li3Fe4(BO3)4,"B,Fe,Li,O",3.2491476129161896,1.5781000000000003,0.037607883152188215,-2.298761188985507,False
mp-759282,Li3Fe2(PO4)3,"Fe,Li,O,P",2.972478467657147,2.33,0.009421301249999736,-2.5028207479464286,False
mp-759310,Li3Cr2P2(O4F)2,"Cr,F,Li,O,P",3.096566772800607,1.8569000000000004,0.014460678676473826,-2.714902419369749,False
mp-759305,Li3Mn2P2(O4F)2,"F,Li,Mn,O,P",3.0946576171714533,0.6420999999999997,0.022491312941177455,-2.671705667214576,False
mp-759320,Li3Mn3(PO4)4,"Li,Mn,O,P",2.865661115456192,0.8985000000000001,0.02853463096150133,-2.5104167970140217,False
mp-759348,Li3Cr(Si2O5)3,"Cr,Li,O,Si",2.6018517514516275,3.7861999999999996,0.04325500980000019,-3.0002157077000002,False
mp-759383,Li3FeSi2O7,"Fe,Li,O,Si",2.9053603008293303,1.0735000000000001,0.03611878673077484,-2.666704549615384,False
mp-759418,Li3V3P8O29,"Li,O,P,V",2.447899220071923,0.6655,0.049665739360456485,-2.52219050063123,False
mp-759411,Li3TiV2O6,"Li,O,Ti,V",3.9088342787392483,0.0,0.028235025520831236,-2.6524734548611115,False
mp-759639,Li3Fe(PO4)2,"Fe,Li,O,P",2.5588497674485042,0.5248,0.03903923964285827,-2.542055419056122,False
mp-759656,Li3MnP2HO8,"H,Li,Mn,O,P",2.808406894407588,4.417,0.040862552166667676,-2.50753517756445,False
mp-759826,Li3Mn(PO4)2,"Li,Mn,O,P",3.072708107188159,0.2591999999999999,0.028871960178585176,-2.5917079456940533,False
mp-760008,Li3Fe(PO4)2,"Fe,Li,O,P",3.0879736832002096,2.4322999999999997,0.024506550357143553,-2.556588108341837,False
mp-760081,Li3V3P8O29,"Li,O,P,V",2.490154461665885,0.8964,0.04957523133719999,-2.5222810086544856,False
mp-760123,Li3V3P8O29,"Li,O,P,V",2.4810023193339537,0.9065,0.04874654796510747,-2.523109692026578,False
mp-760195,Li3Fe4(BO3)4,"B,Fe,Li,O",3.2865557787299156,1.6829000000000003,0.03487387315218893,-2.3014951989855064,False
mp-760261,Li3Cr(BO3)2,"B,Cr,Li,O",2.69461199794434,3.0780000000000003,0.04829884187499811,-2.5920114684027773,False
mp-760283,Li3Cr(BO3)2,"B,Cr,Li,O",2.862677875216387,3.1140000000000003,0.04046060270833163,-2.599849707569444,False
mp-760955,Li3V3P8O29,"Li,O,P,V",2.491969679666737,1.2143000000000002,0.04837638122092258,-2.5234798587707634,False
mp-760964,Li3V3P8O29,"Li,O,P,V",2.501745889722611,1.2344,0.04908754168603746,-2.522768698305648,False
mp-760969,Li3V3P8O29,"Li,O,P,V",2.4954464184638665,0.9383999999999999,0.04692432133720015,-2.5249319186544854,False
mp-760997,Li3Mn(PO4)2,"Li,Mn,O,P",2.5921681579068374,0.9067999999999999,0.03340764464287105,-2.5871722612297674,False
mp-761007,Li3V3P8O29,"Li,O,P,V",2.5004291740167597,0.8056000000000001,0.045372161802316846,-2.5264840781893687,False
mp-761011,Li3V3P8O29,"Li,O,P,V",2.5391921741201045,1.2772,0.04871864482557342,-2.523137595166112,False
mp-761008,Li3V3P8O29,"Li,O,P,V",2.4917830046562224,0.6852,0.046335010174409774,-2.525521229817276,False
mp-761023,Li3V3P8O29,"Li,O,P,V",2.527755779046759,0.5666,0.0472963508720845,-2.5245598891196015,False
mp-761029,Li3V3P8O29,"Li,O,P,V",2.494592459995491,1.2239,0.04758154494185174,-2.524274695049834,False
mp-761040,Li3V3P8O29,"Li,O,P,V",2.5095339156055463,1.0079,0.046094020174410666,-2.5257622198172753,False
mp-761211,Li3Fe4(BO3)4,"B,Fe,Li,O",3.2846869914411623,1.6499000000000001,0.03163183532610159,-2.3047372368115937,False
mp-761209,Li3Fe4(BO3)4,"B,Fe,Li,O",3.2794334612615574,1.344,0.0388766505434921,-2.2974924215942027,False
mp-761202,Li3Fe4(BO3)4,"B,Fe,Li,O",3.2696443226381278,1.8227,0.035419005543492865,-2.300950066594203,False
mp-761222,Li3Fe4(BO3)4,"B,Fe,Li,O",3.2980838400226387,1.6431999999999998,0.03544953010871055,-2.3009195420289847,False
mp-761592,Li3Fe2CoO6,"Co,Fe,Li,O",4.397238813680486,0.43059999999999965,0.012285007083328914,-1.8662260816666674,False
mp-761602,Li3Fe(CoO3)2,"Co,Fe,Li,O",4.826818466696404,0.5338000000000003,0.03325781479166601,-1.7788276150000002,False
mp-761849,Na5Li3Ti5O14,"Li,Na,O,Ti",3.4009614682190876,2.9587000000000003,0.04040977297619719,-2.8886146697616,False
mp-761891,Li3Ti4O8,"Li,O,Ti",3.9574509576302757,0.0,0.04668368833333503,-3.0572048668888887,False
mp-762165,Li3(NiO2)5,"Li,Ni,O",4.585142190938815,0.0,0.035434682268518536,-1.2435358200000006,False
mp-762840,Li3CrP2HO8,"Cr,H,Li,O,P",2.9104379069193986,2.822,0.04723190558888657,-2.4845481767023814,False
mp-763241,Li3Cr2P2(CO7)2,"C,Cr,Li,O,P",2.6873901650855747,0.11119999999999997,0.04810254202898534,-2.324397854751551,False
mp-763832,Li3MnPCO7,"C,Li,Mn,O,P",2.6134668824563114,3.7331000000000003,0.04880427384615427,-2.419713621736453,False
mp-764068,Li3V3P8O29,"Li,O,P,V",2.4695983735158458,0.825,0.04762669238371231,-2.5242295476079737,False
mp-764341,Li3FeSiO5,"Fe,Li,O,Si",2.868511009174061,2.3144,0.009521189250003559,-2.4981904615000006,False
mp-764459,Li3Fe4(BO3)4,"B,Fe,Li,O",3.2830709885480673,1.8891000000000002,0.03103694119566569,-2.305332130942029,False
mp-764502,Li3Fe4(BO3)4,"B,Fe,Li,O",3.2839193838615346,1.6932,0.034306252065231746,-2.302062820072463,False
mp-764888,Li3Fe4(BO3)4,"B,Fe,Li,O",3.2651017043999517,1.3589,0.04005861858697113,-2.2963104535507237,False
mp-764932,Li3Fe4(BO3)4,"B,Fe,Li,O",3.2700843502472683,1.2706,0.03668398076088408,-2.2996850913768108,False
mp-764983,Li3VCr3O8,"Cr,Li,O,V",3.975082317085155,1.5066000000000002,0.037799564687502674,-2.3959071589999996,False
mp-764994,Li3V3P8O29,"Li,O,P,V",2.48213260385435,0.9544999999999999,0.0499513533139444,-2.521904886677741,False
mp-765207,Li3Cr(Si2O5)3,"Cr,Li,O,Si",2.7677028821246257,3.748,0.043008054600001344,-3.0004626628999995,False
mp-765285,Li3Fe(Si2O5)3,"Fe,Li,O,Si",2.592169399967228,3.3823999999999996,0.03763139419999817,-2.939889681700001,False
mp-765407,Li3V3P8O29,"Li,O,P,V",2.4857553862565624,1.0606,0.04971997215115476,-2.5221362678405312,False
mp-765483,Li3V3P8O29,"Li,O,P,V",2.47673682719192,0.8481,0.0485649597092932,-2.523291280282393,False
mp-765488,Li3V3P8O29,"Li,O,P,V",2.4861647539896246,1.2134999999999998,0.04456730168603862,-2.527288938305647,False
mp-765538,Li3Co2NiO6,"Co,Li,Ni,O",4.785000135291027,0.0,0.014471151666673343,-1.6589544824999998,False
mp-766047,K5Li3Ti8(AsO5)8,"As,K,Li,O,Ti",3.176025504518058,3.0181,0.008487034687499673,-2.5529591094205735,False
mp-766125,Li3V4(PO4)6,"Li,O,P,V",2.941500980663672,0.6562000000000001,0.011405816768025545,-2.665296253455599,False
mp-766120,Li3VSi2O7,"Li,O,Si,V",2.824875894231762,2.2777000000000003,0.028108769086528262,-2.8338407865384623,False
mp-766211,Li3Mn4(PO4)6,"Li,Mn,O,P",3.0951829167561966,0.013299999999999867,0.024951978018014742,-2.410813007826521,False
mp-766229,Li3VSiO5,"Li,O,Si,V",2.731606507912381,1.6548999999999996,0.04964644375000393,-2.6776029247500004,False
mp-766372,Li3V4(PO4)6,"Li,O,P,V",2.8568912733468297,0.8201,0.01589476244370136,-2.6608073077799235,False
mp-766399,Li3Cr4(PO4)6,"Cr,Li,O,P",3.003402194715837,0.007099999999999884,0.04105729305404893,-2.512533680212355,False
mp-766472,Li3SiNiO5,"Li,Ni,O,Si",2.9855940150992057,0.9584000000000001,0.04884361458333597,-2.2800898567500014,False
mp-766502,Li3Mn4(PO4)6,"Li,Mn,O,P",3.1718489903479052,0.3498000000000001,0.021406440450445707,-2.41435854539409,False
mp-766527,Li3Mn4(PO4)6,"Li,Mn,O,P",3.174157418893417,0.48850000000000016,0.017549003153149556,-2.418215982691386,False
mp-766571,Li3Cr4(PO4)6,"Cr,Li,O,P",3.0838538995581843,0.023199999999999887,0.040735467783779455,-2.5128555054826243,False
mp-766682,Li3V4(PO4)6,"Li,O,P,V",3.0026231514772728,0.7901000000000002,0.012781119605863367,-2.6639209506177615,False
mp-767395,Li3CuSbO5,"Cu,Li,O,Sb",4.766096967758348,0.4336000000000002,0.020955898499997794,-1.9385771249999997,False
mp-767480,Li3Cu2SbO6,"Cu,Li,O,Sb",5.053083464873925,0.029800000000000715,0.040085652499993074,-1.7499910241666672,False
mp-767456,Li3Ta5Cu2O15,"Cu,Li,O,Ta",7.749897151582993,1.2712999999999997,0.04881235859999933,-2.840781232866667,False
mp-767614,Li3Mn4(PO4)6,"Li,Mn,O,P",3.0028342814881483,0.03922966941059025,0.029408689639635277,-2.4063562962049003,False
mp-1566890,Li4V(TeO4)3,"Li,O,Te,V",4.689770621861491,1.3136999999999999,0.031697057750001534,-1.9358135714166664,False
mp-1639499,Li4TiCo5O12,"Co,Li,O,Ti",4.517347677536629,1.2226,0.03593387755681565,-1.8739494112121209,False
mp-1641494,Li4TiCo5O12,"Co,Li,O,Ti",4.455732739308579,1.1244,0.04832184982954235,-1.8615614389393935,False
mp-1645230,Li4TiCo5O12,"Co,Li,O,Ti",4.55289293927589,0.6272000000000002,0.03536601642045234,-1.8745172723484842,False
mp-1650315,Li4Fe(BO3)2,"B,Fe,Li,O",2.6959799849238792,3.7594,0.016128482884618656,-2.43625138724359,False
mp-1650136,Li4Fe(BO3)2,"B,Fe,Li,O",2.699062422954186,3.7648,0.016264473461541584,-2.436115396666667,False
mp-1661403,Li4Mn3Co3(SnO8)2,"Co,Li,Mn,O,Sn",4.823516609966247,0.5623999999999998,0.045991255811685505,-1.8839201091830873,False
mp-1653381,Li4TiCrO6,"Cr,Li,O,Ti",3.443590809681321,1.4588999999999999,0.01582251020832981,-2.603311615138889,False
mp-1661768,Li4Co3Sn5O16,"Co,Li,O,Sn",5.445872877682547,0.7703999999999995,0.027836045714288105,-1.9426967602976188,False
mp-1661736,Li4Co3Sn5O16,"Co,Li,O,Sn",5.442757783373693,0.5714000000000006,0.03103590660714506,-1.9394968994047619,False
mp-1664575,Li4Co3Sn5O16,"Co,Li,O,Sn",5.455102628805149,0.7385999999999999,0.03897426767857315,-1.9315585383333331,False
mp-1666215,Li4Fe3Sn3(SbO8)2,"Fe,Li,O,Sb,Sn",5.228801580498489,0.0,0.01674610044643199,-1.9936459347619047,False
mp-1978851,Li4TiCo5O12,"Co,Li,O,Ti",4.507565912809746,1.1273,0.04932725914772451,-1.8605560296212114,False
mp-2897108,Li4MnCo5O12,"Co,Li,Mn,O",4.8905055601566785,0.0,0.021086304772719444,-1.7165808011886101,False
mp-768041,Li4MnCr3(PO4)4,"Cr,Li,Mn,O,P",3.2952729932644944,1.9097999999999997,0.004848581540181307,-2.5820512346369924,False
mp-768106,Li4MnV(PO4)3,"Li,Mn,O,P,V",2.8254749200789604,1.9026,0.028258668333336345,-2.6728352471520447,False
mp-768091,Li4Ni7O11,"Li,Ni,O",5.237083498651035,0.0,0.00653865083333649,-1.415114648560606,False
mp-768185,Ba4Li4Ti19O44,"Ba,Li,O,Ti",4.340559149645809,2.2457000000000003,0.04738539804577968,-3.3920590543192484,False
mp-768354,Li4Mn5Co3O16,"Co,Li,Mn,O",4.554719545439056,0.0,0.040241357837295766,-1.8428926993924475,False
mp-768386,Li4TiCrO6,"Cr,Li,O,Ti",3.464296205010959,1.2276000000000002,0.01405308854166254,-2.6050810368055557,False
mp-768387,Li4TiCrO6,"Cr,Li,O,Ti",3.452058283981146,1.2269,0.013229578333329606,-2.605904547013889,False
mp-768404,Li4TiCrO6,"Cr,Li,O,Ti",3.460818534550167,1.3111,0.017734174999996632,-2.601399950347222,False
mp-768403,Li4TiCrO6,"Cr,Li,O,Ti",3.4597360235469936,1.1997999999999998,0.01902796854166322,-2.6001061568055555,False
mp-768438,Li4TiCrO6,"Cr,Li,O,Ti",3.461402753334527,1.2774999999999999,0.015535531249995849,-2.6035985940972224,False
mp-768583,Li4MnV(PO4)3,"Li,Mn,O,P,V",2.8352367176033044,1.8183999999999998,0.028141952142861193,-2.6729519633425203,False
mp-768584,Li4MnV(PO4)3,"Li,Mn,O,P,V",2.8286953727443307,2.0378,0.025754849285717363,-2.6753390661996637,False
mp-768594,Li4MnCrO6,"Cr,Li,Mn,O",3.632122688311643,0.9946000000000002,0.03770428562500072,-2.2056528848970305,False
mp-768602,Li4Fe5Sb3O16,"Fe,Li,O,Sb",4.803637796173516,0.9514000000000005,0.04031501517854785,-1.900214839761904,False
mp-768603,Li4Ni3Sn5O16,"Li,Ni,O,Sn",5.538080377835974,0.8671000000000006,0.031111429702376903,-1.8638340552976196,False
mp-768620,Li4MnCrO6,"Cr,Li,Mn,O",3.651244419465103,1.0507,0.03786508041666625,-2.2054920901053645,False
mp-768657,Li4CrFe3O8,"Cr,Fe,Li,O",4.129546451635497,1.7019000000000002,0.0042866805208330305,-2.056770342708333,False
mp-768649,Li4MnCrO6,"Cr,Li,Mn,O",3.659294054155909,0.9886999999999997,0.038244086666666455,-2.2051130838553643,False
mp-768668,Li4Ti3V3(WO8)2,"Li,O,Ti,V,W",5.1019270550423155,0.13140000000000018,0.046578865267857594,-2.6695900144047613,False
mp-768647,Li4MnCrO6,"Cr,Li,Mn,O",3.649511296753899,1.0387,0.03882192687499941,-2.2045352436470314,False
mp-768686,Li4Cr3GaO8,"Cr,Ga,Li,O",4.295350598711377,3.0346,0.021769087656250186,-2.3794159966145827,False
mp-768691,Li4Cr3CoO8,"Co,Cr,Li,O",4.301277786113596,0.8301000000000003,0.012257426875000199,-2.2306239058333333,False
mp-768687,Li4Cr3FeO8,"Cr,Fe,Li,O",4.211845142658687,2.3039000000000005,0.017363800937499896,-2.275854263645833,False
mp-768694,Li4AlCr3O8,"Al,Cr,Li,O",3.916100339345884,3.1083,0.0166665167187503,-2.564035732083333,False
mp-768690,Li4Cr3GaO8,"Cr,Ga,Li,O",4.293562881415707,3.1165999999999996,0.021757569218750383,-2.3794275150520825,False
mp-768692,Li4CrFe3O8,"Cr,Fe,Li,O",4.118031505651971,1.6796999999999995,0.004008613333332356,-2.0570484098958337,False
mp-768717,Li4Cr3NiO8,"Cr,Li,Ni,O",4.252282677752505,0.0,0.02347515765625019,-2.1792141242708336,False
mp-768701,Li4CrFe3O8,"Cr,Fe,Li,O",4.145214349997513,1.8474000000000004,0.003802921145832805,-2.0572541020833333,False
mp-768704,Li4Cr3FeO8,"Cr,Fe,Li,O",4.214938663683315,2.4179,0.019527197187500178,-2.2736908673958327,False
mp-768700,Li4Cr3NiO8,"Cr,Li,Ni,O",4.236921625579153,0.0,0.02523868890625014,-2.1774505930208337,False
mp-768718,Li4Cr3CoO8,"Co,Cr,Li,O",4.300676242610598,0.8600999999999996,0.011637068437500453,-2.231244264270833,False
mp-768712,Li4MnCrO6,"Cr,Li,Mn,O",3.6528944736074496,1.0543000000000002,0.0,-2.243357170522031,True
mp-768703,Li4Cr3FeO8,"Cr,Fe,Li,O",4.214581830897846,2.3743000000000003,0.019467322499999717,-2.273750742083333,False
mp-768721,Li4MnV(PO4)3,"Li,Mn,O,P,V",2.8463429720493116,1.2855999999999996,0.036120300238099645,-2.664973615247282,False
mp-768748,Li4Cr3GaO8,"Cr,Ga,Li,O",4.293946382652794,3.1494,0.02176302359375004,-2.379422060677083,False
mp-768728,Li4Cr3GaO8,"Cr,Ga,Li,O",4.290418211051604,3.0726999999999998,0.01880291359375086,-2.382382170677082,False
mp-768741,Li4Cr3CoO8,"Co,Cr,Li,O",4.300675375680326,0.8064,0.012344507812500183,-2.2305368248958333,False
mp-768746,Li4Cr3GaO8,"Cr,Ga,Li,O",4.293700042612066,3.2245000000000004,0.02169389734375038,-2.3794911869270825,False
mp-768749,Li4AlCr3O8,"Al,Cr,Li,O",3.9129440723982185,3.2438,0.016298589843749767,-2.5644036589583337,False
mp-768763,Li4AlCr3O8,"Al,Cr,Li,O",3.9070849170423347,3.0624,0.010203793281250206,-2.5704984555208332,False
mp-768769,Li4Cr3NiO8,"Cr,Li,Ni,O",4.220707461475404,0.0,0.023878150156249944,-2.178811131770834,False
mp-768808,Li4AlCr3O8,"Al,Cr,Li,O",3.913258314296873,3.2039999999999997,0.01654749984375048,-2.564154748958333,False
mp-768805,Li4Cr3FeO8,"Cr,Fe,Li,O",4.209523511915467,2.3087,0.018690081249999935,-2.274527983333333,False
mp-768851,Li4AlCr3O8,"Al,Cr,Li,O",3.916167579853974,3.3975,0.016656749218750377,-2.564045499583333,False
mp-768872,Li4Cr3GaO8,"Cr,Ga,Li,O",4.293777735032222,3.1699,0.02195242703125011,-2.3792326572395828,False
mp-768874,Li4CrFe3O8,"Cr,Fe,Li,O",4.124010201706461,1.8326999999999996,0.004053795208332822,-2.0570032280208332,False
mp-768894,Li4Cr3FeO8,"Cr,Fe,Li,O",4.236946875018897,1.7827000000000006,0.02430228531249945,-2.2689157792708334,False
mp-768934,Li4Cr3CoO8,"Co,Cr,Li,O",4.301177417150469,0.0,0.01166853718750005,-2.2312127955208334,False
mp-768946,Li4Cr3CoO8,"Co,Cr,Li,O",4.263025416800088,0.8859000000000004,0.011532009999999815,-2.2313493227083336,False
mp-769502,Li4Nb2Fe3O10,"Fe,Li,Nb,O",4.291969478253638,2.0898000000000003,0.033155679342102395,-2.3422684830701757,False
mp-769563,Li4V3Cr3(TeO8)2,"Cr,Li,O,Te,V",4.50000651039244,0.8393999999999995,0.04426345673582244,-2.226278001666667,False
mp-769585,Li4Mn3Co3(TeO8)2,"Co,Li,Mn,O,Te",4.79191636959184,0.0,0.007826314846940186,-1.822767525373564,False
mp-769595,Li4VCr3O8,"Cr,Li,O,V",4.058067744795059,1.6083000000000003,0.01010457593750047,-2.419807074583333,False
mp-769593,Li4VCr3O8,"Cr,Li,O,V",4.037699590141031,1.7184,0.013814274375000046,-2.4160973761458333,False
mp-769609,Li4VCr3O8,"Cr,Li,O,V",4.040842596995365,1.5588000000000002,0.009863449687499859,-2.4200482008333335,False
mp-769614,Li4V3CrO8,"Cr,Li,O,V",3.9547632486203543,1.8720999999999997,0.010764225624999568,-2.4617270192708336,False
mp-769611,Li4V3CrO8,"Cr,Li,O,V",3.961235263556794,1.9371999999999998,0.005031964375000086,-2.467459280520833,False
mp-769608,Li4VCr3O8,"Cr,Li,O,V",4.054910655902089,1.9310999999999998,0.014486798124999645,-2.4154248523958337,False
mp-769615,Li4V3CrO8,"Cr,Li,O,V",3.948917879047039,0.0,0.01106767468750025,-2.461423570208333,False
mp-769628,Li4V3CrO8,"Cr,Li,O,V",3.9579990911086775,1.9995000000000003,0.011154772500000298,-2.461336472395833,False
mp-769605,Li4VCr3O8,"Cr,Li,O,V",4.054989116626412,1.5099999999999998,0.010066834687499693,-2.4198448158333337,False
mp-769613,Li4Ti3Ni3(WO8)2,"Li,Ni,O,Ti,W",5.361677112930049,1.084,0.047721274017859194,-2.4317261115476185,False
mp-769856,Li4Fe3NiO8,"Fe,Li,Ni,O",4.272895737193636,0.0,0.00825239036458214,-1.8249479952083343,False
mp-769870,Li4Fe3Sb5O16,"Fe,Li,O,Sb",4.985639510751717,1.1154000000000002,0.04735363522321556,-1.9071713858333328,False
mp-769962,Li4TiFe3O8,"Fe,Li,O,Ti",4.0548368582814565,0.6277000000000004,0.029877081874998268,-2.2460141166666663,False
mp-770152,Li4Ti2Mn3Cr3O16,"Cr,Li,Mn,O,Ti",4.073043003258846,0.6166999999999998,0.03542865747768076,-2.490164277992611,False
mp-770341,Li4AlCr3O8,"Al,Cr,Li,O",3.893778568992662,3.0815999999999995,0.012810277968750228,-2.567891970833333,False
mp-770328,Li4Cr3FeO8,"Cr,Fe,Li,O",4.098811247023087,2.1696999999999997,0.006994694687500136,-2.2862233698958327,False
mp-770495,Li4Ti2Mn3Fe3O16,"Fe,Li,Mn,O,Ti",4.091169333552919,0.6628000000000003,0.03863681026528809,-2.2876120197783263,False
mp-770508,Li4Ti3Mn3(FeO8)2,"Fe,Li,Mn,O,Ti",3.9882116741557714,0.4335,0.047155161437073545,-2.4782656152545166,False
mp-770521,Li4V3Fe3(WO8)2,"Fe,Li,O,V,W",5.184981184395746,1.0868000000000002,0.017306481127233653,-2.204269110833333,False
mp-770549,Li4Cr3Cu3(TeO8)2,"Cr,Cu,Li,O,Te",4.933656103549177,0.0,0.020383031011903086,-1.8111360502380944,False
mp-770612,Li4CrH8SO7,"Cr,H,Li,O,S",2.146719330154172,2.5109,0.03610671174107072,-1.6061238621825398,False
mp-770625,Li4Al3Cr3(SbO8)2,"Al,Cr,Li,O,Sb",4.454088765117469,2.5052000000000003,0.003031566160707655,-2.5971130297619047,False
mp-770685,Li4Mn3Ni3(SbO8)2,"Li,Mn,Ni,O,Sb",4.962164999434003,0.0,0.04280803482142481,-1.8736068220402302,False
mp-770688,Li4CrO5,"Cr,Li,O",2.6502916832265364,1.3916,0.020737729166665275,-2.0595335653333335,False
mp-770744,Li4Nb2Fe3Sn3O16,"Fe,Li,Nb,O,Sn",4.9435989886289535,1.5534,0.020082941160710632,-2.269829564940476,False
mp-770954,Li4Nb2V3Cr3O16,"Cr,Li,Nb,O,V",4.259924636836819,1.2736,0.009534310066969809,-2.6043845636904766,False
mp-770958,Li4NbFe3O8,"Fe,Li,Nb,O",4.339955260488309,0.7286999999999999,0.046178072187500696,-2.168984353958333,False
mp-770951,Li4Mn3Ni3(TeO8)2,"Li,Mn,Ni,O,Te",4.903748217148134,0.09860000000000024,0.0013124479960335833,-1.8122294064449918,False
mp-770952,Li4Co3Ni(PO4)4,"Co,Li,Ni,O,P",3.686915394711084,2.5693,0.030601925803566132,-2.363727572210885,False
mp-770941,Li4Mn3Nb2Fe3O16,"Fe,Li,Mn,Nb,O",4.337916679637297,0.7705000000000002,0.023918606250004082,-2.270507981325945,False
mp-771000,Li4Ti5Ni3O16,"Li,Ni,O,Ti",4.061816656412033,0.3708,0.03980896940594647,-2.6343655746428576,False
mp-771058,Li4Cr3CoO8,"Co,Cr,Li,O",4.291981270176332,0.5942999999999996,0.0127359475000004,-2.230145385208333,False
mp-771059,Li4Nb2Co3Sn3O16,"Co,Li,Nb,O,Sn",5.095089664020222,1.6597999999999997,0.029386628214282062,-2.217645777440477,False
mp-771063,Li4Fe3Ni(PO4)4,"Fe,Li,Ni,O,P",3.5292189865040497,3.0439999999999996,0.002965603482143031,-2.448218444353742,False
mp-771082,Li4CrFe3O8,"Cr,Fe,Li,O",4.151070465293906,1.7126000000000001,0.003907232083332879,-2.057149791145833,False
mp-771065,Li4CrFe3O8,"Cr,Fe,Li,O",4.1359813851118785,1.7779000000000003,0.004397672708332578,-2.0566593505208335,False
mp-771120,Li4Ti3Cr5O16,"Cr,Li,O,Ti",3.960521450219299,0.16530000000000022,0.035043585347221295,-2.700224681547619,False
mp-771129,Li4Ti3Nb2Ni3O16,"Li,Nb,Ni,O,Ti",4.3241864026008745,1.8728000000000002,0.01214342249999234,-2.6767940847619056,False
mp-771148,Li4Mn3Cr5O16,"Cr,Li,Mn,O",4.200716008599152,0.24029999999999996,0.03910503400793708,-2.201561506683087,False
mp-771646,Li4VGa3O8,"Ga,Li,O,V",3.7766448493571834,1.6165999999999998,0.03994570015624266,-2.367655643177083,False
mp-771777,Li4Mn3O8,"Li,Mn,O",3.653047746168162,1.0079,0.038543417333329444,-2.0826769924750956,False
mp-771909,Li4Mn2P4H3O16,"H,Li,Mn,O,P",2.77802660341061,0.5505,0.030728530474134708,-2.40538627074196,False
mp-771917,Li4Fe3Ni3(WO8)2,"Fe,Li,Ni,O,W",5.564392351170413,0.0,0.042358236071426525,-1.8613111333333328,False
mp-772071,Li4Mn3Fe5O16,"Fe,Li,Mn,O",4.272067302591539,0.0,0.04962161865475778,-1.849154527040231,False
mp-772076,Sr4Li4Nb5FeO20,"Fe,Li,Nb,O,Sr",4.761302333343756,1.2550000000000001,0.023345751617640076,-2.980317368921568,False
mp-772090,Li4Ti9O20,"Li,O,Ti",3.2992890382116333,3.1247,0.0317401615909052,-3.285005818131313,False
mp-772169,Li4Fe3Ni3(TeO8)2,"Fe,Li,Ni,O,Te",4.940781378718132,0.0,0.008913143348212138,-1.7012991416666665,False
mp-772300,Li4Cr3P4O15,"Cr,Li,O,P",2.949007698418345,2.7011000000000003,0.04695203225961553,-2.565119842380952,False
mp-772319,Li4Co3Ni5O16,"Co,Li,Ni,O",4.831925610935653,0.6710000000000003,0.03374918334821242,-1.2978889501190471,False
mp-772434,Li4CrO4,"Cr,Li,O",2.7827906306336057,1.7266000000000001,0.013167364722225017,-2.1782411714814813,False
mp-772511,Li4Co3Sn5O16,"Co,Li,O,Sn",5.4344017206426045,0.5381,0.027447545000002016,-1.943085261011905,False
mp-772715,Li4Ti3V3Cr2O16,"Cr,Li,O,Ti,V",3.898772189768817,0.8841999999999999,0.029935229642861216,-2.778582677619048,False
mp-772830,Li4V2SiGeO10,"Ge,Li,O,Si,V",3.340163075876465,2.1785,0.007175905920135506,-2.5710745760185176,False
mp-772925,Li4Ti5O12,"Li,O,Ti",3.2861299849331296,3.0153,0.028435129642856438,-3.1789911516666662,False
mp-772945,Li4Mn2(PO4)3,"Li,Mn,O,P",2.844822133674333,0.33919999999999995,0.027718293452378084,-2.5971445549106664,False
mp-772960,Li4Cr2(PO4)3,"Cr,Li,O,P",2.8692215318358927,1.3157,0.03083421773811157,-2.624568921060091,False
mp-772975,Li4Fe2(PO4)3,"Fe,Li,O,P",2.923192826990003,1.5435999999999999,0.030435973214283152,-2.5169258041553286,False
mp-772971,Li4Ti3Mn5O16,"Li,Mn,O,Ti",3.9423272729965553,0.2923,0.04289187500000047,-2.536331334035304,False
mp-772990,Li4Ti2V3Cr3O16,"Cr,Li,O,Ti,V",3.9669973524367483,0.9931999999999999,0.030051971763391805,-2.658513355714286,False
mp-773002,Li4Ti3Co3(SbO8)2,"Co,Li,O,Sb,Ti",4.6157808182437865,0.6356999999999999,0.03836830357142862,-2.399832043869048,False
mp-773180,Li4Mn3Sn5O16,"Li,Mn,O,Sn",5.202913229190238,0.0048000000000003595,0.004673643392856697,-2.1387707932902305,False
mp-773182,Li4Cr3Sn5O16,"Cr,Li,O,Sn",5.211292689197205,0.0,0.02784830658482118,-2.204320371726191,False
mp-773508,Li4Cu3Ni3(WO8)2,"Cu,Li,Ni,O,W",5.732488854877131,0.0,0.04262060247767785,-1.6230989029761898,False
mp-773519,Li4Mn3Fe(PO4)4,"Fe,Li,Mn,O,P",3.3718441888046664,3.4465,0.0025132141964281374,-2.5925323394892104,False
mp-773518,Li4Cr3Fe3(TeO8)2,"Cr,Fe,Li,O,Te",4.652640450296731,0.0015999999999998238,0.03515539130952128,-1.980987941666667,False
mp-773674,Li4Ti3V3(FeO8)2,"Fe,Li,O,Ti,V",3.9083232777526957,1.1950000000000003,0.041776653571425015,-2.6542306344047626,False
mp-773707,Li4Ti3Mn2V3O16,"Li,Mn,O,Ti,V",3.7608658927601875,0.9531000000000001,0.03843019821428406,-2.7378953981855503,False
mp-774230,Li4Ti5V3O16,"Li,O,Ti,V",3.7885484331473487,0.6295000000000002,0.023476110267861117,-3.0013609335714286,False
mp-774232,Li4Cr3Ni3(SbO8)2,"Cr,Li,Ni,O,Sb",4.874049253490875,0.0,0.032050858035707286,-1.9455057944047616,False
mp-774323,Li4MnV3(P2O7)4,"Li,Mn,O,P,V",2.8674663249648993,0.5027000000000001,0.00023062727272638028,-2.6918956963274367,False
mp-774389,Li4MnV3(P2O7)4,"Li,Mn,O,P,V",2.8615724296188514,0.31710000000000016,0.0003748606818172462,-2.691751462918346,False
mp-774377,Li4Mn3Fe(BO3)4,"B,Fe,Li,Mn,O",3.2087048935721865,3.0120000000000005,0.0059091742708270445,-2.4633456911997116,False
mp-774458,Li4MnV3(P2O7)4,"Li,Mn,O,P,V",2.8706744006432374,0.5732000000000002,0.0007966540909087882,-2.6913296695092543,False
mp-774587,Li4Mn3Ni3(SnO8)2,"Li,Mn,Ni,O,Sn",4.94676411767428,0.005700000000000038,0.018744679107142836,-1.8402736738259446,False
mp-774602,Li4V3Fe3(SbO8)2,"Fe,Li,O,Sb,V",4.721538054890224,0.26229999999999976,0.043850817812495,-2.1300700861904764,False
mp-774605,Li4Co3Sn2Sb3O16,"Co,Li,O,Sb,Sn",5.312458663444284,0.0,0.047535375044645,-1.9039553926190476,False
mp-774600,Li4(NiO2)7,"Li,Ni,O",4.650014463428434,0.006800000000000139,0.030503403183328004,-1.2309454353333331,False
mp-774669,Li4V2Cr3Sn3O16,"Cr,Li,O,Sn,V",4.782907720116785,1.2387000000000006,0.04532704051339831,-2.29530597279762,False
mp-774670,Li4Mn3Cu3(SnO8)2,"Cu,Li,Mn,O,Sn",4.929250771467515,0.0,0.04583444808035608,-1.7616003931116586,False
mp-774791,Li4Mn3Cr3(TeO8)2,"Cr,Li,Mn,O,Te",4.6124039903345135,0.0484,0.03216432967634475,-2.0784023410878487,False
mp-774806,Li4Mn3Cr3(SbO8)2,"Cr,Li,Mn,O,Sb",4.669166852101881,0.5144000000000002,0.005120749821428738,-2.2140175416830865,False
mp-774855,Li4Fe3Ni3(SnO8)2,"Fe,Li,Ni,O,Sn",4.887966435856253,0.0,0.028938609651044445,-1.657284767261903,False
mp-774881,Li4Ti3Nb2V3O16,"Li,Nb,O,Ti,V",4.111048390337868,0.0,0.038506816339282324,-2.878586430119047,False
mp-774891,Li4Fe2Co3Ni3O16,"Co,Fe,Li,Ni,O",4.611799895106539,0.0,0.042691397213879156,-1.4221120011904762,False
mp-774933,Li4NbFe(TeO6)2,"Fe,Li,Nb,O,Te",5.10207393048203,1.7473999999999998,0.02992037081250043,-2.0873911998333328,False
mp-775073,Li4Cr3Fe3(SnO8)2,"Cr,Fe,Li,O,Sn",4.647402077220655,0.46819999999999995,0.027676922896811895,-2.0740220283333337,False
mp-775013,Li4Mn3Fe3(SbO8)2,"Fe,Li,Mn,O,Sb",4.6624688923298105,0.5973000000000002,0.005047093928570945,-2.0156458334688017,False
mp-775136,Li4Cr3Co3(TeO8)2,"Co,Cr,Li,O,Te",4.883551735903516,0.0,0.03477845133927904,-1.9012525909523805,False
mp-775133,Li4Ti3Fe3(WO8)2,"Fe,Li,O,Ti,W",5.147693856304056,0.9939,0.0383531715029779,-2.49144564797619,False
mp-775173,Li4V3P8O29,"Li,O,P,V",2.5193973614471097,0.9314,0.04750010015151318,-2.574037222056278,False
mp-775258,Li4MnFe3(BO3)4,"B,Fe,Li,Mn,O",3.1983480758371807,3.2538000000000005,0.004954548229164857,-2.3728908188721256,False
mp-775256,Li4MnV3(P2O7)4,"Li,Mn,O,P,V",2.868611963457909,0.10920295279607517,0.0003258659090903393,-2.6918004576910732,False
mp-775239,Li4Mn3Fe(BO3)4,"B,Fe,Li,Mn,O",3.139241418434547,2.9219999999999997,0.007440060937494053,-2.461814804533045,False
mp-775383,Li4V3P8O29,"Li,O,P,V",2.5485980545961673,1.1562,0.04878004867424135,-2.5727572735335498,False
mp-775424,Na5Li4Ti5O14,"Li,Na,O,Ti",3.4579247884385125,0.0484,0.016759601755952147,-2.8406343702463053,False
mp-775441,Li4V3Fe3(SbO8)2,"Fe,Li,O,Sb,V",4.59368118479128,1.1125000000000003,0.016804403883923236,-2.157116500119048,False
mp-775656,Li4Mn3Nb2V3O16,"Li,Mn,Nb,O,V",4.227223168656896,0.5272000000000001,0.04548828860118981,-2.5151334859688013,False
mp-775631,Li4Fe3Cu3(SnO8)2,"Cu,Fe,Li,O,Sn",4.831525827311475,0.0,0.04138643969345157,-1.616184848333333,False
mp-775755,Li4Ti3Ni3(SbO8)2,"Li,Ni,O,Sb,Ti",4.6808116012553915,1.0106000000000002,0.030520622232143246,-2.3897652540476195,False
mp-775771,Li4Mn3V3(SnO8)2,"Li,Mn,O,Sn,V",4.534308296545505,0.7739000000000003,0.049534334821431436,-2.2730134859688027,False
mp-775818,Li4V3Cr5O16,"Cr,Li,O,V",4.047060444928383,0.7725999999999997,0.048387334174105234,-2.3973373869047614,False
mp-775949,Li4Ni(BO3)2,"B,Li,Ni,O",2.826693393194592,3.4657,0.04423935961538383,-2.3672132064743585,False
mp-775999,Li4Ti3Nb2Fe3O16,"Fe,Li,Nb,O,Ti",4.118093227085809,1.5704000000000002,0.017762527410711826,-2.738667987797619,False
mp-776005,Li4FeBi(TeO6)2,"Bi,Fe,Li,O,Te",5.603332011477984,0.9091,0.035517860749997965,-1.7657390303333336,False
mp-776061,Li4Ti3Mn3Nb2O16,"Li,Mn,Nb,O,Ti",4.024650164867065,1.0360999999999998,0.04141929741071948,-2.83549590704023,False
mp-776073,Li4Ti3Nb2Co3O16,"Co,Li,Nb,O,Ti",4.273398936686867,1.4451,0.020826237857143326,-2.687692597797619,False
mp-776096,Li4Mn3Cr3(SnO8)2,"Cr,Li,Mn,O,Sn",4.683530876244317,0.0,0.00942646741071318,-2.208629169183087,False
mp-776121,Li4V3Fe3(SnO8)2,"Fe,Li,O,Sn,V",4.64459776425984,0.30379999999999985,0.04132270337053079,-2.167268956190477,False
mp-776134,Li4MnV3(P2O7)4,"Li,Mn,O,P,V",2.8724025549580334,0.29000000000000004,0.0006594005681819226,-2.6914669230319817,False
mp-776240,Li4Co3Sn3(SbO8)2,"Co,Li,O,Sb,Sn",5.387996682552761,0.375,0.01765126267857209,-1.9494320160119056,False
mp-776237,Li4Mn3Co3(SnO8)2,"Co,Li,Mn,O,Sn",5.077002659411741,0.0,0.03473089688311326,-1.8951804681116593,False
mp-776367,Li4V3Ni3(WO8)2,"Li,Ni,O,V,W",5.430928682365657,1.0464999999999995,0.02280533582589328,-2.1448080826190474,False
mp-776390,Li4Nb2V3Ni3O16,"Li,Nb,Ni,O,V",4.4548118098316145,1.589,0.02179171285714343,-2.3530969776190482,False
mp-776460,Li4Fe(WO4)3,"Fe,Li,O,W",6.428085150344253,1.4726000000000004,0.043587492499998604,-2.209880723166666,False
mp-776595,Li4V3Cr3(SbO8)2,"Cr,Li,O,Sb,V",4.5990986647883965,1.3902,0.014090125357142824,-2.3540619786904773,False
mp-776615,Li4VCr3O8,"Cr,Li,O,V",4.037307388054628,1.8257000000000003,0.0048439034375000745,-2.4250677470833333,False
mp-776618,Li4VCr3O8,"Cr,Li,O,V",4.046568796883829,1.9194,0.004159185937499643,-2.4257524645833337,False
mp-776639,Li4Ti3Cr3(FeO8)2,"Cr,Fe,Li,O,Ti",3.962585530175245,0.7337000000000002,0.040245797281750484,-2.5758893140476196,False
mp-776806,Li4V3Fe3(SnO8)2,"Fe,Li,O,Sn,V",4.580057786807197,0.9881999999999995,0.01957632694196043,-2.189015332619048,False
mp-776780,Li4Ti3Cr3(SnO8)2,"Cr,Li,O,Sn,Ti",4.500065184380541,0.0,0.029405409441966235,-2.6631625072619047,False
mp-776978,Li4Mn3V3(SbO8)2,"Li,Mn,O,Sb,V",4.563068498396258,0.35230000000000006,0.027285605491077725,-2.2555392602545163,False
mp-777002,Li4V5Cr3O16,"Cr,Li,O,V",3.9880689995458223,1.0910000000000002,0.027895431718748753,-2.4478221329761913,False
mp-777041,Li4Mn3Co3(SnO8)2,"Co,Li,Mn,O,Sn",4.948137403310293,0.28880000000000017,0.02866962277597107,-1.901241742218802,False
mp-777185,Li4V2(PO4)3,"Li,O,P,V",2.834497234037572,0.5211999999999999,0.020691915714292186,-2.683386693441044,False
mp-777395,Li4MnV3(P2O7)4,"Li,Mn,O,P,V",2.858975022035684,0.4958,0.0,-2.6921263236001636,True
mp-777417,Li4Ti5Mn3O16,"Li,Mn,O,Ti",3.7896163273806316,0.39970000000000017,0.040235199285723056,-2.8797325872783253,False
mp-777429,Li4Mn3Fe(BO3)4,"B,Fe,Li,Mn,O",3.1514102871536918,2.8846999999999996,0.007290572604159884,-2.4619642928663787,False
mp-777464,Li4Ti5Cr3O16,"Cr,Li,O,Ti",3.8788072485853444,0.0,0.026406340699404396,-2.9503441125000003,False
mp-777461,Li4V3Cr2Sn3O16,"Cr,Li,O,Sn,V",4.7493678423962935,1.3282000000000003,0.04553608375000007,-2.3088776627976193,False
mp-777462,Li4Ni3Sn3(SbO8)2,"Li,Ni,O,Sb,Sn",5.504785014348078,0.7593999999999994,0.024319338749998032,-1.9440737699404766,False
mp-777591,Li4Ti5Fe3O16,"Fe,Li,O,Ti",3.8591727856359053,1.1951999999999998,0.03484480140306445,-2.788818240714286,False
mp-777637,Li4MnFe3(BO3)4,"B,Fe,Li,Mn,O",3.257606351375589,3.3969,0.015669162604163844,-2.362176204497126,False
mp-777670,Li4V3Cr3(SnO8)2,"Cr,Li,O,Sn,V",4.556881580928642,1.017,0.0,-2.38737555297619,True
mp-777746,Li4Mn3Fe(BO3)4,"B,Fe,Li,Mn,O",3.220235180903794,3.0094000000000003,0.006155624062493814,-2.4630992414080453,False
mp-777779,Li4Mn(TeO4)3,"Li,Mn,O,Te",4.774717607256654,0.4299999999999997,0.0451048712500004,-1.8336554125632183,False
mp-777790,Li4MnFe3(BO3)4,"B,Fe,Li,Mn,O",3.202498541383447,3.1295,0.00552278218749791,-2.3723225849137926,False
mp-777852,Li4Mn3Fe(BO3)4,"B,Fe,Li,Mn,O",3.20095000967333,3.0309,0.006214662604160814,-2.4630402028663787,False
mp-777850,Li4Co3(NiO4)3,"Co,Li,Ni,O",4.6257264783381755,0.0,0.0326292350000017,-1.4346076924242426,False
mp-777916,Li4Fe3Cu3(TeO8)2,"Cu,Fe,Li,O,Te",4.880672741447771,0.0,0.023237858861607563,-1.6196795234523802,False
mp-777961,Li4V(BO3)2,"B,Li,O,V",2.6351398368747097,2.7351,0.0,-2.6151367372435907,True
mp-777998,Li4Mn3Fe(BO3)4,"B,Fe,Li,Mn,O",3.1430937470098583,2.9659999999999997,0.007607488229161241,-2.4616473772413783,False
mp-778007,Li4Mn3Fe(BO3)4,"B,Fe,Li,Mn,O",3.2165011942396426,3.024,0.005928578645826299,-2.4633262868247123,False
mp-778219,Li4Cr3Co3(SnO8)2,"Co,Cr,Li,O,Sn",4.93955000712808,0.0,0.033520835595237664,-1.9720136165476185,False
mp-778223,Li4Ti3Mn2Cr3O16,"Cr,Li,Mn,O,Ti",3.9675963406817916,0.4196,0.04848538982142969,-2.6423383081855514,False
mp-778265,Li4Mn3Fe(BO3)4,"B,Fe,Li,Mn,O",3.141396295712974,2.9699999999999998,0.007493085729159965,-2.4617617797413787,False
mp-778382,Li4Mn3Fe(BO3)4,"B,Fe,Li,Mn,O",3.206464920394197,2.9966999999999997,0.006913168437493233,-2.4623416970330454,False
mp-778398,Li4MnFe3(BO3)4,"B,Fe,Li,Mn,O",3.262968639686323,3.1372,0.002465352812497379,-2.3753800142887926,False
mp-778824,Li4Cr(WO4)3,"Cr,Li,O,W",6.4300537120594585,1.6962000000000006,0.03293257850000053,-2.298027052666666,False
mp-778866,Li4Mn3Fe(BO3)4,"B,Fe,Li,Mn,O",3.208937840689143,2.997,0.005930236562494251,-2.4633246289080453,False
mp-778994,Li4MnFe3(BO3)4,"B,Fe,Li,Mn,O",3.206462745060606,3.1573999999999995,0.004851311354164167,-2.372994055747126,False
mp-779008,Li4Mn3O8,"Li,Mn,O",3.691150648935924,1.6716,0.026494299333328364,-2.0947261104750963,False
mp-779055,Li4Mn3P4(HO8)2,"H,Li,Mn,O,P",2.8969025888207662,3.5630999999999995,0.04850572077585724,-2.4639123332137216,False
mp-779066,Li4Mn3Fe(BO3)4,"B,Fe,Li,Mn,O",3.196848388500534,2.9713,0.006332405729160939,-2.462922459741378,False
mp-779072,Li4MnFe3(BO3)4,"B,Fe,Li,Mn,O",3.1972563783176366,3.1540999999999997,0.004804833020831012,-2.3730405340804595,False
mp-779210,Li4Mn3Fe2Cu3O16,"Cu,Fe,Li,Mn,O",4.486952118385175,0.0,0.04990060327529111,-1.6198004027545159,False
mp-779200,Li4Nb2Cr3Ni3O16,"Cr,Li,Nb,Ni,O",4.514043105870319,0.0,0.04183417345238194,-2.2004761719047616,False
mp-779625,Li4Mn2(PO4)3,"Li,Mn,O,P",2.930610200469122,0.027000000000000135,0.0309045510714272,-2.5939582972916178,False
mp-779789,Li4Mn3Fe(BO3)4,"B,Fe,Li,Mn,O",3.1581628825768395,2.9000000000000004,0.00780731593749362,-2.461447549533046,False
mp-779783,Li4MnFe3(BO3)4,"B,Fe,Li,Mn,O",3.2689741886107293,3.2005,0.004096846979163793,-2.3737485201221262,False
mp-780005,Li4MnV3(P2O7)4,"Li,Mn,O,P,V",2.8812908563956707,0.2310000000000001,0.0006007640909082568,-2.691525559509255,False
mp-780134,Li4Ti3V2Cr3O16,"Cr,Li,O,Ti,V",3.924725250254157,1.1816999999999998,0.028126399464285967,-2.7668628094047625,False
mp-780175,Li4Fe3P4(HO8)2,"Fe,H,Li,O,P",2.7968377000021247,3.8515,0.043702387931030096,-2.3575368008415434,False
mp-780303,Li4Fe3SbO8,"Fe,Li,O,Sb",4.574142446437964,1.2768999999999995,0.015012720468750018,-1.949608897708334,False
mp-780568,Li4Fe2(PO4)3,"Fe,Li,O,P",2.923116881358849,0.006000000000000227,0.049339944761903176,-2.498021832607709,False
mp-780652,Li4V3P8O29,"Li,O,P,V",2.5308998348581264,0.8285999999999999,0.04827408981060444,-2.573263232397187,False
mp-780938,Li4MnFe3(BO3)4,"B,Fe,Li,Mn,O",3.2702272965021244,3.2324,0.002593855520830246,-2.3752515115804598,False
mp-780977,Li4MnFe3(BO3)4,"B,Fe,Li,Mn,O",3.2128676652954864,3.1115000000000004,0.004624853645831095,-2.373220513455459,False
mp-781050,Li4CrSb(TeO6)2,"Cr,Li,O,Sb,Te",5.161609982702425,1.2358000000000002,0.04758692306250012,-1.960649933833333,False
mp-781603,Li4Mn3Fe(BO3)4,"B,Fe,Li,Mn,O",3.2087043901201615,3.0329000000000006,0.006062962395827043,-2.463191903074712,False
mp-782668,Li4VP2(O4F)2,"F,Li,O,P,V",2.72085958932671,1.5804999999999998,0.024474681519605745,-2.7747146389775916,False
mp-783908,Li4Cr3Cu3(SbO8)2,"Cr,Cu,Li,O,Sb",4.924305590733724,0.0,0.03990621483630452,-1.8710716411904766,False
mp-783919,Li4MnFe3(PO4)4,"Fe,Li,Mn,O,P",3.4273788718088496,3.8643,0.0020428677678641094,-2.516236326601278,False
mp-787524,Li4Fe(WO4)3,"Fe,Li,O,W",6.000772419527672,0.6177000000000001,0.04163102624999837,-2.2118371894166664,False
mp-849356,Li4Mn3Fe(PO4)4,"Fe,Li,Mn,O,P",3.3661698938677955,3.566,0.0021032933035716184,-2.592942260382067,False
mp-849378,Li4Co3Ni3(SnO8)2,"Co,Li,Ni,O,Sn",5.128965888529367,0.0,0.022098084642853344,-1.5823342165476189,False
mp-849405,Li4Cu2Ni5O12,"Cu,Li,Ni,O",4.961005391822814,0.1131000000000002,0.028288320742756667,-1.318829488188406,False
mp-849411,Li4V3P8O29,"Li,O,P,V",2.520722638244317,0.8601999999999999,0.04831629412878602,-2.5732210280790047,False
mp-849997,Li4V3P8O29,"Li,O,P,V",2.5240429400056663,0.8993,0.04860191867424124,-2.5729354035335494,False
mp-850022,Li4V3P8O29,"Li,O,P,V",2.537303130611186,1.1273,0.047556014924240664,-2.5739813072835505,False
mp-850190,Li4Ti(TeO4)3,"Li,O,Te,Ti",4.648699497179103,1.7283000000000004,0.029881727374995393,-2.085944838333333,False
mp-850217,Li4V2Si4O13,"Li,O,Si,V",3.039191667362858,2.2681999999999998,0.031085923206504162,-2.8801819185144923,False
mp-850362,Li4MnFe3(BO3)4,"B,Fe,Li,Mn,O",3.2137497209767982,3.163,0.005302378437496813,-2.372542988663793,False
mp-850338,Li4VCr3O8,"Cr,Li,O,V",4.033762053289855,0.0,0.004817712187500156,-2.425093938333333,False
mp-850408,Li4CoNi3(PO4)4,"Co,Li,Ni,O,P",3.7384807394963158,2.813,0.012443338839280393,-2.362365258639456,False
mp-850462,Li4MnV3(P2O7)4,"Li,Mn,O,P,V",2.8620259386199205,0.5190000000000001,0.00015994045454537087,-2.6919663831456186,False
mp-850537,Li4V3Fe2Sb3O16,"Fe,Li,O,Sb,V",4.646352374937624,0.0,0.03916626678569468,-2.1418926833333347,False
mp-850958,Li4Mn3Fe(BO3)4,"B,Fe,Li,Mn,O",3.1446988773287554,2.9509000000000007,0.007580945729160682,-2.461673919741378,False
mp-851029,Li4Ti3Ni3(SnO8)2,"Li,Ni,O,Sn,Ti",4.673514201149287,0.5354999999999999,0.03241876422739498,-2.341632898333333,False
mp-851113,Li4V3P8O29,"Li,O,P,V",2.525054444000355,0.8301999999999998,0.04704180128787794,-2.5744955209199136,False
mp-851256,Li4V3P8O29,"Li,O,P,V",2.5306655760838024,0.8644,0.048503178901513344,-2.5730341433062778,False
mp-851334,Li4V3P8O29,"Li,O,P,V",2.5007714863867694,1.1247999999999998,0.041033291060604604,-2.580504031147186,False
mp-851253,Li4V3P8O29,"Li,O,P,V",2.5181520663047663,0.4524,0.04647953696969598,-2.5750577852380956,False
mp-851247,Li4V3P8O29,"Li,O,P,V",2.5030379152542452,0.7346,0.04851191537878652,-2.573025406829004,False
mp-851255,Li4V3P8O29,"Li,O,P,V",2.5219066133258674,1.0219999999999998,0.046096152083332065,-2.575441170124459,False
mp-851349,Li4Fe3Sn2Sb3O16,"Fe,Li,O,Sb,Sn",5.217498852291374,0.0,0.04202855455357213,-1.9509609290476178,False
mp-861746,Li4V3CrO8,"Cr,Li,O,V",3.942822200298385,1.0314,0.022606281874999468,-2.4498849630208337,False
mp-863380,Li4V3P8O29,"Li,O,P,V",2.524136560831608,0.8466999999999999,0.04975746117424151,-2.5717798610335496,False
mp-863409,Li4FeCo3(PO4)4,"Co,Fe,Li,O,P",3.596733954312626,2.3104999999999998,0.028427630892856826,-2.394613833996599,False
mp-865132,Li4Ti3Fe3(SbO8)2,"Fe,Li,O,Sb,Ti",4.464723263195799,0.1629000000000005,0.04813796482142951,-2.431969152619047,False
mp-867537,Li4Co3NiO8,"Co,Li,Ni,O",4.85643506900524,0.0,0.01023988312500368,-1.681244285208333,False
mp-867640,Li4CoNi3O8,"Co,Li,Ni,O",4.698034638476178,0.0690000000000004,0.009927231041666928,-1.5577227014583341,False
mp-868646,Li4V5Sn3O16,"Li,O,Sn,V",4.678014941117532,1.3602000000000003,0.03440549625000067,-2.3457307717261906,False
mp-1174185,Li4Mn3CoO8,"Co,Li,Mn,O",4.139529605210389,0.0,0.04640567859375189,-2.010050470445403,False
mp-1174183,Li4Mn3CoO8,"Co,Li,Mn,O",4.11933210538195,1.0659999999999998,0.04018415859375235,-2.0162719904454027,False
mp-1174149,Li4Mn3CoO8,"Co,Li,Mn,O",4.142002288674435,0.4838,0.045339042343751856,-2.0111171066954032,False
mp-1174173,Li4Mn3CoO8,"Co,Li,Mn,O",4.145304947030963,0.8424999999999998,0.032599283593752304,-2.0238568654454028,False
mp-1174192,Li4Mn3CoO8,"Co,Li,Mn,O",4.202367361473449,0.8420000000000001,0.036469890468752375,-2.0199862585704027,False
mp-1174205,Li4Mn3CoO8,"Co,Li,Mn,O",4.1031910967207095,0.026800000000000157,0.045198297968751966,-2.011257851070403,False
mp-1174190,Li4Mn3CoO8,"Co,Li,Mn,O",4.150786583214634,0.8628,0.03362313421875207,-2.022833014820403,False
mp-1174204,Li4Mn3CoO8,"Co,Li,Mn,O",4.156613452921319,0.7460999999999998,0.04874005921875213,-2.007716089820403,False
mp-1174203,Li4Mn3CoO8,"Co,Li,Mn,O",4.200592183888116,0.3466,0.03099472546875237,-2.0254614235704027,False
mp-1174187,Li4Mn3CoO8,"Co,Li,Mn,O",4.118188519725272,1.1311,0.04054082296875183,-2.0159153260704032,False
mp-1174216,Li4Mn3CoO8,"Co,Li,Mn,O",4.1804474091474235,0.8137000000000003,0.04025784109375241,-2.0161983079454027,False
mp-1174214,Li4Mn3CoO8,"Co,Li,Mn,O",4.156177780380105,0.8230999999999997,0.033120950468751964,-2.023335198570403,False
mp-1174215,Li4Mn3CoO8,"Co,Li,Mn,O",4.130623352918487,1.0518999999999998,0.040420319843751606,-2.0160358291954035,False
mp-1174220,Li4Mn3O7,"Li,Mn,O",3.90939210672832,0.0,0.024999051428558516,-2.1435463837233177,False
mp-1174238,Li4Mn3CoO8,"Co,Li,Mn,O",4.127804052327746,0.9166999999999996,0.03288218421875211,-2.023573964820403,False
mp-1174279,Li4Mn3CoO8,"Co,Li,Mn,O",4.157989231277675,0.9116,0.03425627671875198,-2.022199872320403,False
mp-1174275,Li4Mn3O7,"Li,Mn,O",3.893008945129998,0.7262,0.03275003678570165,-2.135795398366174,False
mp-1174259,Li4Mn3CoO8,"Co,Li,Mn,O",4.179711223671242,0.6049000000000002,0.041854340468751694,-2.0146018085704034,False
mp-1174248,Li4Mn3O7,"Li,Mn,O",3.9061420361141974,0.8759999999999999,0.025308212142843622,-2.1432372230090317,False
mp-1174244,Li4Mn3O7,"Li,Mn,O",3.915428033781867,1.0555999999999996,0.025868720357130393,-2.142676714794746,False
mp-1174283,Li4Mn3O7,"Li,Mn,O",3.9149809778041336,0.0,0.04666651499998675,-2.121878920151889,False
mp-1174270,Li4Mn3CoO8,"Co,Li,Mn,O",4.175370459314691,0.5674000000000001,0.03239101421875201,-2.024065134820403,False
mp-1174262,Li4Mn3CoO8,"Co,Li,Mn,O",4.101372365686587,0.015600000000000058,0.0448279185937519,-2.011628230445403,False
mp-1174288,Li4Mn3O7,"Li,Mn,O",3.9033966068472528,0.9137,0.026384535714273127,-2.1421608994376027,False
mp-1174308,Li4Mn3O7,"Li,Mn,O",3.8866535158190247,0.8441999999999998,0.02891549964284401,-2.139629935509032,False
mp-1174294,Li4Mn3O7,"Li,Mn,O",3.8833550040768876,0.8471000000000002,0.028428437857130007,-2.1401169972947462,False
mp-1174296,Li4Mn3O7,"Li,Mn,O",3.922284196982723,0.9933000000000001,0.023999256785701917,-2.144546178366174,False
mp-1174326,Li4Mn3O7,"Li,Mn,O",3.9313620302043035,0.5547999999999997,0.0476925224999869,-2.120852912651889,False
mp-1174287,Li4Mn3O7,"Li,Mn,O",3.9243125291352348,0.8866999999999998,0.029939179285701556,-2.1386062558661743,False
mp-1174285,Li4Mn3O7,"Li,Mn,O",3.9170857280166476,0.9326999999999996,0.02769631035712994,-2.140849124794746,False
mp-1174299,Li4Mn3O7,"Li,Mn,O",3.8896974322568667,1.1980999999999997,0.04472366642855885,-2.1238217687233174,False
mp-1174297,Li4Mn3O7,"Li,Mn,O",3.911542522221263,0.8592,0.030429804999986487,-2.1381156301518893,False
mp-1174295,Li4Mn3O7,"Li,Mn,O",3.919106107297984,0.6769000000000003,0.040404910714273434,-2.1281405244376024,False
mp-1174320,Li4Mn3O7,"Li,Mn,O",3.879313920597837,0.7222,0.03354823357141612,-2.13499720158046,False
mp-1174312,Li4Mn3O7,"Li,Mn,O",3.87296992210984,0.6667000000000001,0.028373041428558565,-2.1401723937233177,False
mp-1174316,Li4Mn3O7,"Li,Mn,O",3.907914989092328,0.4890000000000003,0.04783362321427287,-2.1207118119376034,False
mp-1174337,Li4Mn3O7,"Li,Mn,O",3.8900666704805604,0.9809000000000001,0.025670404999987184,-2.1428750301518886,False
mp-1174330,Li4Mn3O7,"Li,Mn,O",3.8890717156097847,0.6903000000000001,0.044460297142844496,-2.1240851380090313,False
mp-1174336,Li4Mn3O7,"Li,Mn,O",3.899619510489667,0.6400999999999999,0.04087829249998709,-2.1276671426518883,False
mp-1174351,Li4Mn3O7,"Li,Mn,O",3.8850534201521305,1.2643999999999997,0.04058194249998692,-2.127963492651889,False
mp-1174373,Li4Mn3O7,"Li,Mn,O",3.8722303795933746,1.065,0.04525275464284473,-2.1232926805090315,False
mp-1174348,Li4Mn3O7,"Li,Mn,O",3.8857795295347906,0.7911999999999999,0.04029926857141586,-2.1282461665804604,False
mp-1174359,Li4Mn3O7,"Li,Mn,O",3.8932491996372023,1.1623999999999999,0.043028229642844806,-2.125517205509031,False
mp-1174410,Li4Mn3O7,"Li,Mn,O",3.867102729647016,0.8977000000000004,0.04217956964284397,-2.126365865509032,False
mp-1174378,Li4Mn3O7,"Li,Mn,O",3.8699388736937,1.1789,0.03999011249998752,-2.1285553226518883,False
mp-1174387,Li4Mn3O7,"Li,Mn,O",3.881920583749604,0.8574999999999999,0.043112327857130595,-2.1254331072947457,False
mp-1177164,Li4VAs2O9,"As,Li,O,V",3.1617158070369733,2.9741,0.045154135468750134,-2.1825237019270842,False
mp-1177182,Li4VCo3(PO4)4,"Co,Li,O,P,V",3.5743775526321477,1.1076000000000006,0.039252464107148555,-2.4374489807823116,False
mp-1177183,Li4V3P8O29,"Li,O,P,V",2.4668193756000507,0.9138999999999999,0.047627296856059154,-2.573910025351732,False
mp-1177200,Li4V3P8O29,"Li,O,P,V",2.5096178338872877,0.7556999999999999,0.048132732992423044,-2.5734045892153685,False
mp-1177192,Li4V3P8O29,"Li,O,P,V",2.504655526620661,1.1918000000000002,0.04618983003787758,-2.575347492169914,False
mp-1177198,Li4V3P8O29,"Li,O,P,V",2.4960255126779267,0.8648999999999999,0.047762182424240684,-2.57377513978355,False
mp-1177203,Li4V3P8O29,"Li,O,P,V",2.504009849485808,1.0894,0.04786572651515009,-2.5736715956926415,False
mp-1177197,Li4V3P8O29,"Li,O,P,V",2.5059530982808393,0.9103000000000001,0.04754170856060469,-2.5739956136471864,False
mp-1177210,Li4V3P8O29,"Li,O,P,V",2.5346129343110104,1.1583,0.046920022651514515,-2.574617299556277,False
mp-1177218,Li4V3P8O29,"Li,O,P,V",2.5321168176332476,0.2899999999999999,0.04868508106060432,-2.572852241147187,False
mp-1177208,Li4V3P8O29,"Li,O,P,V",2.5126099693605197,0.8543999999999999,0.049656535833331183,-2.57188078637446,False
mp-1177204,Li4V3P8O29,"Li,O,P,V",2.5309147085153576,0.9118999999999999,0.04581794060605926,-2.5757193816017323,False
mp-1177221,Li4V3Fe3(WO8)2,"Fe,Li,O,V,W",5.224228060203741,1.307,0.03519575469866254,-2.186379837261904,False
mp-1177215,Li4V3P8O29,"Li,O,P,V",2.5004765070354042,0.8526,0.04814895776515016,-2.5733883644426414,False
mp-1177216,Li4V3P8O29,"Li,O,P,V",2.5104358875424486,1.0751,0.04307762015151351,-2.578459702056278,False
mp-1177207,Li4V5Cr3O16,"Cr,Li,O,V",4.025423161420693,1.0979,0.03449146136160586,-2.4412261033333342,False
mp-1177212,Li4V3P8O29,"Li,O,P,V",2.523126386553845,0.7001999999999999,0.04685261446969502,-2.574684707738096,False
mp-1177243,Li4TiFe3O8,"Fe,Li,O,Ti",3.2698373032829124,1.4904,0.04194648687499836,-2.233944711666666,False
mp-1177226,Li4V3P8O29,"Li,O,P,V",2.505470375565415,0.5949,0.04450289799242313,-2.577034424215368,False
mp-1177229,Li4V3P8O29,"Li,O,P,V",2.5207090325963626,0.6816,0.0473242381060599,-2.5742130841017317,False
mp-1177236,Li4V3Ni(PO4)4,"Li,Ni,O,P,V",3.411830035574893,1.896,0.04872532325594836,-2.566097194710885,False
mp-1177280,Li4Ti3Mn3(SnO8)2,"Li,Mn,O,Sn,Ti",4.4026625126236425,0.4062999999999999,0.031066647890628296,-2.587722428468801,False
mp-1177300,Li4VCr3O8,"Cr,Li,O,V",4.0362642679999015,1.9406999999999996,0.01499591156250002,-2.4149157389583333,False
mp-1177314,Li4NbCr(TeO6)2,"Cr,Li,Nb,O,Te",4.882016697559046,1.5385000000000004,0.03733182468750229,-2.1662359208333344,False
mp-1177304,Li4Si2NiO7,"Li,Ni,O,Si",2.9196301340687514,3.6284,0.03207989107143128,-2.6129850827380943,False
mp-1177334,Li4MnFe3(BO3)4,"B,Fe,Li,Mn,O",3.2275280116028453,3.153931586240532,0.01823423843749783,-2.359611128663792,False
mp-1177344,Li4VFe3O8,"Fe,Li,O,V",4.0909668752366946,1.2818,0.039351344843749914,-2.068635312083334,False
mp-1177321,Li4Nb2V3Ni3O16,"Li,Nb,Ni,O,V",4.410548662919019,1.0596999999999999,0.0312127653571439,-2.3436759251190478,False
mp-1177331,Li4MnCrO6,"Cr,Li,Mn,O",3.651978649248517,1.1303999999999998,0.038158649583333926,-2.2051985209386973,False
mp-1177345,Li4MnNi3O8,"Li,Mn,Ni,O",4.542817074777509,0.0,0.008294953854167453,-1.7105036319540226,False
mp-1177349,Li4MnV3(P2O7)4,"Li,Mn,O,P,V",2.8542959915556914,0.5625,0.00016631863636273891,-2.691960004963801,False
mp-1177335,Li4V3P8O29,"Li,O,P,V",2.494069743753778,0.518,0.04946821981060445,-2.5720691023971867,False
mp-1177332,Li4MnFe3(BO3)4,"B,Fe,Li,Mn,O",3.2853676691021247,0.0,0.0020235151041640975,-2.375821851997126,False
mp-1177388,Li4MnFe3(BO3)4,"B,Fe,Li,Mn,O",3.2655855447704067,3.1160999999999994,0.0020889898958316166,-2.375756377205459,False
mp-1177382,Li4MnCo5O12,"Co,Li,Mn,O",4.396458307164714,0.0,0.0,-1.726797840966563,True
mp-1177393,Li4V3P8O29,"Li,O,P,V",2.5151797107880514,0.6427,0.043792680151514496,-2.577744642056277,False
mp-1177369,Li4Mn3Fe(BO3)4,"B,Fe,Li,Mn,O",3.166708852329913,0.0,0.007521328229159963,-2.461733537241379,False
mp-1177363,Li4Mn3Sn3(SbO8)2,"Li,Mn,O,Sb,Sn",5.124415505489024,0.0,0.03328458544642565,-2.094195003647372,False
mp-1177371,Li4V3CrO8,"Cr,Li,O,V",3.958236592196245,1.4942999999999995,0.023091352812500077,-2.449399892083333,False
mp-1177387,Li4V3P8O29,"Li,O,P,V",2.535643044832855,1.1729,0.045941257424241044,-2.5755960647835505,False
mp-1177394,Li4Mn3CrO8,"Cr,Li,Mn,O",4.043241224769255,0.9579,0.01930344156250019,-2.202754494820402,False
mp-1177397,Li4Mn3Fe(BO3)4,"B,Fe,Li,Mn,O",3.2192853421567076,2.9946,0.0064251463541609155,-2.462829719116378,False
mp-1177364,Li4MnV3(P2O7)4,"Li,Mn,O,P,V",2.8789308707179413,0.5267999999999997,0.0007281095454541031,-2.6913982140547095,False
mp-1177383,Li4V3P8O29,"Li,O,P,V",2.5192221192811997,0.8007000000000001,0.04778139890151323,-2.573755923306278,False
mp-1177405,Li4FeP6(HO2)12,"Fe,H,Li,O,P",2.1450960067508977,4.1488,0.04864180178192079,-2.0852686899189474,False
mp-1177402,Li4FeCu3(PO4)4,"Cu,Fe,Li,O,P",3.704047323919646,0.0,0.04749944785713822,-2.2490715072108847,False
mp-1177425,Li4Fe3Co3(TeO8)2,"Co,Fe,Li,O,Te",4.849414883161262,0.24880000000000013,0.01923150624999348,-1.7219477223809523,False
mp-1177422,Li4Fe2P4H3O16,"Fe,H,Li,O,P",2.822670937348519,1.5845,0.021426870258618003,-2.3518109360570594,False
mp-1177407,Li4Fe5Sn3O16,"Fe,Li,O,Sn",4.8491988820709295,0.0,0.04589309080654669,-1.8962276849404753,False
mp-1177430,Li4Fe2(PO4)3,"Fe,Li,O,P",3.004826299781918,2.1513999999999998,0.03887317297618864,-2.508488604393424,False
mp-1177445,Li4Cr3CoO8,"Co,Cr,Li,O",4.177946137889895,1.7071999999999998,0.021244941875000478,-2.221636390833333,False
mp-1177448,Li4Cr(TeO4)3,"Cr,Li,O,Te",4.803402652598774,0.0,0.042551372249999275,-1.889486811166666,False
mp-1177485,Li4Fe3Cu(PO4)4,"Cu,Fe,Li,O,P",3.538178645811526,0.3192999999999997,0.02258314392857219,-2.396204517568027,False
mp-1177475,Li4MnP2O9,"Li,Mn,O,P",2.775326294877693,1.3127000000000002,0.04360973994791806,-2.5272263609718792,False
mp-1177503,Li4Cr3FeO8,"Cr,Fe,Li,O",4.131816191791137,2.4434000000000005,0.0006573356250001439,-2.2925607289583327,False
mp-1177550,Li4V3P8O29,"Li,O,P,V",2.4792274635019838,1.1401,0.03857232901515051,-2.582964993192641,False
mp-1177650,Li4Co2Ni5O12,"Co,Li,Ni,O",5.007572727793444,0.0045999999999999375,0.04704734595108917,-1.4126311723188414,False
mp-1211177,Li4CuSbO6,"Cu,Li,O,Sb",4.338826825230213,0.5709,0.018739111249999496,-1.940599721527778,False
mp-1222462,Li4CoTeO6,"Co,Li,O,Te",4.4320929392007935,2.2623000000000006,0.0,-1.986755662500001,True
mp-1222534,Li4AlNi3O8,"Al,Li,Ni,O",4.31881161454558,0.0,0.02088422296874981,-1.8768451102083334,False
mp-1222544,Li4CoRuO6,"Co,Li,O,Ru",4.446352085730585,0.6254999999999997,0.004944509999995184,-1.870368831944445,False
mp-1222547,Li4VFe3(PO4)4,"Fe,Li,O,P,V",3.421880095710991,2.7265999999999995,0.00693864633929131,-2.517141590068028,False
mp-1222629,Li4ScFe3(SiO3)8,"Fe,Li,O,Sc,Si",3.20767136638185,2.8003,0.009845771854158691,-2.900402700458335,False
mp-1223569,Li4Zr8V3(P3O16)3,"Li,O,P,V,Zr",3.0572780354699614,3.1293,0.00637703388889399,-3.0935633581266537,False
mp-1273442,Li4Mn3CoO8,"Co,Li,Mn,O",4.147952466237035,0.49949999999999983,0.034979671406252244,-2.021476477632903,False
mp-1273461,Li4Si2NiO7,"Li,Ni,O,Si",2.9211283980252922,3.6686,0.03222188589285935,-2.6128430879166658,False
mp-1277563,Li4TiNi3O8,"Li,Ni,O,Ti",4.374384207346613,0.17749999999999977,0.021042426354162203,-1.9984467869791667,False
mp-1280637,Li4MgNi3O8,"Li,Mg,Ni,O",4.268026916247242,0.3117000000000001,0.012679001527779121,-1.7115389430208339,False
mp-1282789,Li4MgNi3O8,"Li,Mg,Ni,O",4.2464212063980185,0.22699999999999987,0.010455400277779248,-1.7137625442708337,False
mp-1290409,Li4Mn3SbO8,"Li,Mn,O,Sb",4.406950578774868,0.7800000000000002,0.045134823749999775,-2.1098338807579022,False
mp-1290471,Li4Ni3BiO8,"Bi,Li,Ni,O",5.67939922221274,0.03469999999999995,0.007323497239583254,-1.615302088958333,False
mp-1290930,Li4Cr3NiO8,"Cr,Li,Ni,O",4.227067628568009,0.0,0.01793777703124988,-2.184751504895834,False
mp-1290742,Li4MgNi3O8,"Li,Mg,Ni,O",4.257928673609468,0.22979999999999956,0.011676919652779283,-1.7125410248958337,False
mp-1290983,Li4Y3VO8,"Li,O,V,Y",4.078740651782252,2.2997,0.04271735234375118,-3.016320093958333,False
mp-1291817,Li4Fe3CoO8,"Co,Fe,Li,O",4.256123194917598,1.5204999999999997,0.029731786718749653,-1.8653857167708336,False
mp-1296443,Li4Fe3CoO8,"Co,Fe,Li,O",4.258807363458596,1.5010999999999997,0.026512710156249675,-1.8686047933333336,False
mp-1297796,Li4Mn3CoO8,"Co,Li,Mn,O",4.2021145946550735,0.5897999999999999,0.029935628281251958,-2.026520520757903,False
mp-1298695,Li4TiNi3O8,"Li,Ni,O,Ti",4.388421802930621,0.24400000000000022,0.02336963541666215,-1.9961195779166667,False
mp-1301464,Li4Mn3CoO8,"Co,Li,Mn,O",4.187846550084933,0.5523000000000002,0.029974882343752007,-2.026481266695403,False
mp-1302740,Li4Ni3SbO8,"Li,Ni,O,Sb",4.975271953322283,0.0,0.026161036145833982,-1.7841139373958326,False
mp-1303805,Li4Cr3CoO8,"Co,Cr,Li,O",4.182082005934637,0.7262,0.027716569062500085,-2.2151647636458334,False
mp-1303744,Li4TiNi3O8,"Li,Ni,O,Ti",4.37766254880472,0.0,0.022792047604162313,-1.9966971657291666,False
mp-1304002,Li4Ni3BiO8,"Bi,Li,Ni,O",5.693197341608595,0.0,0.010722062864583215,-1.611903523333333,False
mp-1305983,Li4Cr3CoO8,"Co,Cr,Li,O",4.223748433954705,1.936,0.01848067437500056,-2.224400658333333,False
mp-1306001,Li4Ni3SbO8,"Li,Ni,O,Sb",4.986428129427626,0.22140000000000004,0.023231194583333448,-1.787043778958333,False
mp-1305992,Li4Ni3SbO8,"Li,Ni,O,Sb",4.965788422980484,0.06449999999999978,0.022306339895833638,-1.787968633645833,False
mp-1305882,Li4Mn3CoO8,"Co,Li,Mn,O",4.139208134563759,0.45130000000000026,0.03926707484375225,-2.017189074195403,False
mp-1306908,Li4Si2NiO7,"Li,Ni,O,Si",2.916003764381731,3.6002000000000005,0.03266216410714495,-2.61240280970238,False
mp-1306771,Li4TiNi3O8,"Li,Ni,O,Ti",4.374888524341246,0.0794999999999999,0.021297701041661732,-1.9981915122916671,False
mp-1307356,Li4Ni3BiO8,"Bi,Li,Ni,O",5.695776270438894,0.13009999999999966,0.008730298489583177,-1.613895287708333,False
mp-1308768,Li4Mn3CoO8,"Co,Li,Mn,O",4.134671465019362,0.0,0.04472218265625205,-2.011733966382903,False
mp-1308674,Li4Cr3CoO8,"Co,Cr,Li,O",4.180378699036392,1.7527999999999997,0.02436703437500043,-2.218514298333333,False
mp-1311728,Li4Ni3SbO8,"Li,Ni,O,Sb",4.96331240297251,0.0,0.023913310208333982,-1.7863616633333326,False
mp-1311864,Li4Cr3NiO8,"Cr,Li,Ni,O",4.2059166663770675,0.3054999999999999,0.01856749453124973,-2.184121787395834,False
mp-1317623,Li4Cr3CoO8,"Co,Cr,Li,O",4.188975181759476,1.6271000000000004,0.022702914062500135,-2.2201784186458333,False
mp-1315046,Li4Mn3SbO8,"Li,Mn,O,Sb",4.436021407460996,0.9177999999999997,0.047096693749999474,-2.1078720107579025,False
mp-9172,Li4TiO4,"Li,O,Ti",2.6246173745431527,4.5573,0.0,-2.7075447612962966,True
mp-25248,Li4(CuO2)3,"Cu,Li,O",3.791993498963618,0.0,0.020071756538462715,-1.5305161975641026,False
mp-25857,Li4Mn5(P3O11)2,"Li,Mn,O,P",3.046155830761943,3.3204000000000002,0.03496470702701959,-2.5953239769147465,False
mp-25903,Li4Cr(PO4)2,"Cr,Li,O,P",2.563158808220247,2.1161000000000003,0.04376450579166402,-2.624604874174603,False
mp-25995,Li4Co(PO4)2,"Co,Li,O,P",2.694889596014201,3.2951,0.0013683034999942834,-2.5889276363412694,False
mp-26081,Li4Mn(PO4)2,"Li,Mn,O,P",2.605871571232647,4.124,0.010621523999998495,-2.6866991822033386,False
mp-26223,Li4Cu(PO4)2,"Cu,Li,O,P",2.776195960818031,0.03980000000000006,0.025518256499998948,-2.4860849216746024,False
mp-26313,Li4Ni5(P3O11)2,"Li,Ni,O,P",3.4040611490745527,3.845,0.023072689594588525,-2.351967759086229,False
mp-26312,Li4Cu(PO4)2,"Cu,Li,O,P",2.7848848890282283,0.0,0.04562225299999856,-2.4659809251746028,False
mp-26369,Li4Ni(PO4)2,"Li,Ni,O,P",2.710718369673763,3.7745999999999995,0.019272508999996774,-2.5528039236746034,False
mp-26471,Li4Fe5(P3O11)2,"Fe,Li,O,P",3.2165655495593923,3.7527000000000004,0.040637108918918585,-2.43904789570785,False
mp-26911,Li4CrP2O9,"Cr,Li,O,P",2.7318111474851086,0.4519000000000001,0.042060777991071774,-2.5791329998511907,False
mp-31890,Li4Fe(PO4)2,"Fe,Li,O,P",2.628848096572622,3.9187000000000003,0.008993655666666989,-2.6166784485079355,False
mp-32384,Li4Ni7(PO4)6,"Li,Ni,O,P",3.7245863145887657,3.512,0.04695824975610652,-2.2376323449070834,False
mp-531820,Li4Ti7O16,"Li,O,Ti",3.4309348210347856,2.8296,0.012034039166666233,-3.2621987245061725,False
mp-540518,Li4Ni3P4O15,"Li,Ni,O,P",3.2429875489570605,3.9360999999999997,0.03517039419871626,-2.3976967669001823,False
mp-685194,Li4Ti5O12,"Li,O,Ti",3.5007308700536575,2.6703,0.0043052279761912615,-3.2031210533333323,False
mp-691115,Li4Mn5O12,"Li,Mn,O",4.131443215851306,0.9998,0.0,-2.053914901094687,True
mp-698705,Li4Mn13O24,"Li,Mn,O",4.121756499988082,0.1575000000000002,0.029626181502027116,-2.0106386743033364,False
mp-705404,Li4Fe3P4O15,"Fe,Li,O,P",3.069223541719427,3.7823,0.04633095785255925,-2.4774027270924908,False
mp-752430,Li4MnSi2O7,"Li,Mn,O,Si",2.768780019679871,3.653,0.010976736964281919,-2.7617407508045986,False
mp-752582,Li4VO4F,"F,Li,O,V",2.298410858952359,3.8303000000000003,0.02915057449999825,-2.6059247133333328,False
mp-752615,Li4(CuO2)3,"Cu,Li,O",3.6430117914614955,0.0,0.02773456000000074,-1.5228533941025644,False
mp-752655,Li4Nb2Fe3Ni3O16,"Fe,Li,Nb,Ni,O",4.586942731129215,0.0,0.04197822452678679,-1.9808559726190467,False
mp-752722,Li4MnSi2O7,"Li,Mn,O,Si",2.804285129504077,3.2934000000000005,0.023302023571424968,-2.7494154641974555,False
mp-752777,Li4Fe3CoO8,"Co,Fe,Li,O",4.329857103914912,1.7590999999999997,0.011689987031250126,-1.8834275164583332,False
mp-752796,Li4Ti2Mn3O10,"Li,Mn,O,Ti",3.7635932741333,0.4941,0.04162589263157468,-2.59712766125227,False
mp-752957,Li4CrSb(WO6)2,"Cr,Li,O,Sb,W",6.00293267588426,1.5482,0.03800070287499757,-2.2476684736666663,False
mp-752967,Li4V2P4H3O16,"H,Li,O,P,V",2.7288735095766024,0.5921000000000003,0.026877941072330103,-2.4727623288156817,False
mp-752986,Li4CuNi3O8,"Cu,Li,Ni,O",4.623583841137677,0.019000000000000128,0.01783925187500035,-1.4682995752083334,False
mp-752993,Li4Mn3Ni3(WO8)2,"Li,Mn,Ni,O,W",5.526639596012063,0.5236000000000001,0.029279784178583235,-1.9755684006116587,False
mp-753039,Li4Cr3(CoO4)3,"Co,Cr,Li,O",4.25810374329491,0.7501000000000002,0.0458099812121171,-1.9319205928787881,False
mp-753065,Li4Mn3V3(WO8)2,"Li,Mn,O,V,W",5.079745784778724,0.8083999999999998,0.03606389633929119,-2.307249125611659,False
mp-753100,Li4Ni3Sn(PO4)4,"Li,Ni,O,P,Sn",3.775617098775447,1.9586999999999994,0.04888206202380996,-2.342508054889456,False
mp-753104,Li4Fe3CuO8,"Cu,Fe,Li,O",4.307884427711105,0.05169999999999986,0.0367214626562502,-1.7846264508333327,False
mp-753146,Li4Mn3O6F,"F,Li,Mn,O",3.886270837888826,0.0,0.0439810682142836,-2.2593925372947448,False
mp-753172,Li4Cr5O10,"Cr,Li,O",4.020966161329009,0.0,0.03496833748537842,-2.326938171754387,False
mp-753186,Li4Mn3(NiO4)3,"Li,Mn,Ni,O",4.343949651606002,0.1532,0.034126727954541636,-1.7571288107784746,False
mp-753412,Li4TiCrO6,"Cr,Li,O,Ti",3.456005174814801,1.1431,0.017872870624995763,-2.6012612547222225,False
mp-753426,Li4Ti3Co3(TeO8)2,"Co,Li,O,Te,Ti",4.528728424627682,1.1118999999999999,0.03880675205358042,-2.2963845980952393,False
mp-753494,Li4FeSb(WO6)2,"Fe,Li,O,Sb,W",6.001921197343248,2.116,0.03253988065625002,-2.164475514916667,False
mp-753500,Li4V(PO4)2,"Li,O,P,V",2.7895909939787926,3.2091999999999996,0.04783220133334787,-2.6536670760079364,False
mp-753616,Li4VCr3O8,"Cr,Li,O,V",4.046646150376218,1.9196999999999997,0.005659835312499695,-2.4242518152083337,False
mp-753713,Li4FeSi2O7,"Fe,Li,O,Si",2.8294778691048825,3.4419999999999997,0.018937133214286916,-2.6813129372023803,False
mp-753715,Li4Si2NiO7,"Li,Ni,O,Si",2.9191469340667986,3.3812000000000006,0.03163634785714464,-2.6134286259523805,False
mp-753744,Li4MnCu3(PO4)4,"Cu,Li,Mn,O,P",3.6659756558736314,0.0,0.043184879374996044,-2.2917692553512787,False
mp-753765,Li4Cr3NiO8,"Cr,Li,Ni,O",4.2098678997114,0.0,0.02255270796875042,-2.1801365739583334,False
mp-753889,Li4CuNi3(PO4)4,"Cu,Li,Ni,O,P",3.7919337817550174,0.1019000000000001,0.01773264973214239,-2.314919111139456,False
mp-753970,Li4V3CrO8,"Cr,Li,O,V",3.9302019447412406,0.9635000000000002,0.013429385312499598,-2.4590618595833336,False
mp-753972,Li4Ti2Ni3Sn3O16,"Li,Ni,O,Sn,Ti",4.97277035033663,0.21760000000000002,0.049811546730772704,-2.168366610178571,False
mp-754006,Li4AlCr3O8,"Al,Cr,Li,O",3.8958899452156217,3.1048,0.012245825156250056,-2.5684564236458334,False
mp-754088,Li4CrFe3O8,"Cr,Fe,Li,O",4.127947079945937,1.6734000000000004,0.004619057395832904,-2.056437965833333,False
mp-754105,Li4TiCrO6,"Cr,Li,O,Ti",3.4578394307515135,1.2953,0.021581383124996023,-2.597552742222222,False
mp-754195,Li4Cr3CoO8,"Co,Cr,Li,O",4.216189004767793,0.7871999999999999,0.019276601875000132,-2.2236047308333333,False
mp-754209,Li4Cr3NiO8,"Cr,Li,Ni,O",4.268369468225759,0.4365999999999999,0.017318326093749725,-2.185370955833334,False
mp-754228,Li4Ni3SbO8,"Li,Ni,O,Sb",4.972847770254191,0.0,0.024295114583333444,-1.785979858958333,False
mp-754241,Li4Cr3FeO8,"Cr,Fe,Li,O",4.124055826002512,2.3412999999999995,0.0002388818750000965,-2.292979182708333,False
mp-754247,Li4Cr3GaO8,"Cr,Ga,Li,O",4.291364992209274,3.0366,0.01824036828125042,-2.3829447159895825,False
mp-754279,Li4Cr3NiO8,"Cr,Li,Ni,O",4.218380004966924,0.0,0.018489882968750315,-2.1841993989583335,False
mp-754314,Li4Cr3NiO8,"Cr,Li,Ni,O",4.202813884883335,0.0,0.02246147671874965,-2.180227805208334,False
mp-754321,Li4V3CrO8,"Cr,Li,O,V",3.9387499909785033,0.9862000000000002,0.027655478437499603,-2.4448357664583336,False
mp-754324,Li4V3CrO8,"Cr,Li,O,V",3.9939571425250247,2.0092999999999996,0.011943537187500297,-2.460547707708333,False
mp-754340,Li4Ti3Cr3(WO8)2,"Cr,Li,O,Ti,W",5.196530910432064,0.0,0.04098608816071092,-2.639841913690477,False
mp-754416,Li4Mn(BO3)2,"B,Li,Mn,O",2.6513995450792343,3.5788,0.01166995576922858,-2.525087912853669,False
mp-754424,Li4NbNi3O8,"Li,Nb,Ni,O",4.734028179969656,0.0,0.04628695505208302,-1.9912805870833337,False
mp-754562,Li4Mn3Fe(BO3)4,"B,Fe,Li,Mn,O",3.1411451805928743,2.9623,0.007636582812494019,-2.4616182826580455,False
mp-754570,Li4Ti3V3(SnO8)2,"Li,O,Sn,Ti,V",4.399695051293434,0.5294999999999996,0.03030422459822013,-2.7009794865476198,False
mp-754576,Li4MgCo3O8,"Co,Li,Mg,O",4.426974567455034,0.0,0.02920025281250105,-1.8898118992708328,False
mp-754680,Li4Mn3Fe(BO3)4,"B,Fe,Li,Mn,O",3.131603554567108,2.9603,0.007697554479160651,-2.461557310991379,False
mp-754877,Li4Mn3Cr3O12,"Cr,Li,Mn,O",4.035475358421567,0.5694999999999997,0.04347659454544317,-2.2047301935057475,False
mp-754898,Li4Fe3Sn3(SbO8)2,"Fe,Li,O,Sb,Sn",5.253202156986879,0.1651000000000007,0.013560966875004077,-1.9968310683333326,False
mp-755149,Li4TiMn(WO6)2,"Li,Mn,O,Ti,W",5.61837397866853,1.1055000000000001,0.034728406499995756,-2.4153982399798863,False
mp-755153,Li4Cr3FeO8,"Cr,Fe,Li,O",4.11643802517266,2.4395,6.418687499998299e-05,-2.293153877708333,False
mp-755204,Li4MnFe3(BO3)4,"B,Fe,Li,Mn,O",3.1917347866789743,3.1491000000000002,0.004851774270830944,-2.372993592830459,False
mp-755203,Li4NbFe(WO6)2,"Fe,Li,Nb,O,W",5.692818362222221,2.2989999999999995,0.02156497699999793,-2.3732628551666672,False
mp-755224,Li4Nb2Cr3Fe3O16,"Cr,Fe,Li,Nb,O",4.35889545034395,1.7983000000000002,0.01772764785714287,-2.3745511347619046,False
mp-755247,Li4Mn(WO4)3,"Li,Mn,O,W",5.929820922471366,1.9286000000000003,0.04865544100000285,-2.2629745895632185,False
mp-755320,Li4CrFe3O8,"Cr,Fe,Li,O",4.1275283284756945,1.7401,0.00428596364583278,-2.0567710595833333,False
mp-755387,Li4Cr3CoO8,"Co,Cr,Li,O",4.192633977674433,0.5846999999999998,0.023356252812500422,-2.219525079895833,False
mp-755500,Li4AlCr3O8,"Al,Cr,Li,O",3.894722451440399,3.1818000000000004,0.01009249828125025,-2.570609750520833,False
mp-755496,Li4Ni3SnO8,"Li,Ni,O,Sn",4.963758126083072,0.0,0.01764860651041822,-1.7178652523958329,False
mp-755522,Li4Cr3GaO8,"Cr,Ga,Li,O",4.290743791644791,3.1792000000000002,0.018193997031250575,-2.3829910872395823,False
mp-755626,Li4Mn3Fe(BO3)4,"B,Fe,Li,Mn,O",3.143397938445101,2.9671,0.007459761145827137,-2.4617951043247124,False
mp-755639,Li4MnFe3(BO3)4,"B,Fe,Li,Mn,O",3.2702613959207283,3.2715,0.0033907830208308454,-2.374454584080459,False
mp-755661,Li4Cr3NiO8,"Cr,Li,Ni,O",4.19664061444395,0.3233999999999999,0.017036284843750416,-2.1856529970833334,False
mp-755680,Li4NbCr(WO6)2,"Cr,Li,Nb,O,W",5.696544593045119,1.8451,0.022651293374995163,-2.455900816166667,False
mp-755674,Li4V(TeO4)3,"Li,O,Te,V",4.710247093137764,0.9344000000000001,0.0367809155000014,-1.930729713666667,False
mp-755675,Li4AlCr3O8,"Al,Cr,Li,O",3.898211303933076,3.1125,0.011572869218750448,-2.569129379583333,False
mp-755688,Li4MnSb(WO6)2,"Li,Mn,O,Sb,W",5.997146684957832,0.27649999999999997,0.04209906890865245,-2.1947662700632184,False
mp-755720,Li4Fe(TeO4)3,"Fe,Li,O,Te",4.796334839528305,0.0,0.041647575874999454,-1.8041344326666668,False
mp-755721,Li4Cr3FeO8,"Cr,Fe,Li,O",4.122778990791351,2.3623000000000003,0.0,-2.293218064583333,True
mp-755815,Li4CrFe3O8,"Cr,Fe,Li,O",4.154741609659154,1.7147999999999999,0.004375262395832635,-2.0566817608333334,False
mp-755859,Li4MnFe3(BO3)4,"B,Fe,Li,Mn,O",3.2085289694346146,3.1839000000000004,0.005620768020830447,-2.3722245990804596,False
mp-755913,Li4FeSb(TeO6)2,"Fe,Li,O,Sb,Te",5.142605800401995,1.6130999999999998,0.04016851318750003,-1.8818121688333336,False
mp-755967,Li4Mn3Fe(BO3)4,"B,Fe,Li,Mn,O",3.209210776140621,3.0413000000000006,0.005784103229160564,-2.4634707622413785,False
mp-756027,Li4Cr(WO4)3,"Cr,Li,O,W",6.122589835069138,2.2378,0.035643979999999686,-2.2953156511666664,False
mp-756061,Li4Cr3NiO8,"Cr,Li,Ni,O",4.233156780939733,0.0,0.023320254843749666,-2.179369027083334,False
mp-756092,Li4Cr2P4H3O16,"Cr,H,Li,O,P",2.7635581350295877,0.9188000000000001,0.03346297844827628,-2.4291759246777507,False
mp-756252,Li4Cr3CoO8,"Co,Cr,Li,O",4.205932438368984,0.8529,0.02091944624999975,-2.2219618864583337,False
mp-756264,Li4MnFe3(BO3)4,"B,Fe,Li,Mn,O",3.216557283617765,0.06219999999999981,0.005499154687496954,-2.372346212413793,False
mp-756266,Li4Cr3GaO8,"Cr,Ga,Li,O",4.278789731773332,3.0916,0.01867997484375028,-2.3825051094270826,False
mp-756308,Li4Ti3Fe3(SnO8)2,"Fe,Li,O,Sn,Ti",4.475263960453745,1.1995999999999998,0.02251687660714552,-2.499353323333333,False
mp-756312,Li4MgNi3O8,"Li,Mg,Ni,O",4.281408162500082,0.0,0.019112574027779772,-1.7051053705208332,False
mp-756405,Li4Fe3CoO8,"Co,Fe,Li,O",4.336668897220941,1.6510999999999996,0.016329335156250124,-1.8787881683333332,False
mp-756412,Li4V3Cr3(WO8)2,"Cr,Li,O,V,W",5.288286661500797,1.5726,0.006191012678570473,-2.3842331879761898,False
mp-756399,Li4Mn3Nb2Cr3O16,"Cr,Li,Mn,Nb,O",4.339671171182096,0.6616,0.018464434714287492,-2.4681959984688016,False
mp-756422,Li4CuSi2O7,"Cu,Li,O,Si",2.976918344037149,0.6356999999999997,0.038047897857141244,-2.567689882023809,False
mp-756503,Li4Fe(BO3)2,"B,Fe,Li,O",2.720547054258291,3.7795000000000005,0.01961698173077231,-2.4327628883974364,False
mp-756528,Li4Fe3WO8,"Fe,Li,O,W",5.193527328991384,2.1771999999999996,0.047959242500000165,-1.9892737145833328,False
mp-756558,Li4Cr3CuO8,"Cr,Cu,Li,O",4.254095413543248,0.0,0.03725914312500045,-2.1318525995833326,False
mp-756561,KLi4FeO5,"Fe,K,Li,O",2.9332391626115153,0.0,0.04857370250000059,-1.776893787325758,False
mp-756577,Li4MnNb(WO6)2,"Li,Mn,Nb,O,W",5.689685485514747,0.4554,0.028506432187498376,-2.404083534563218,False
mp-756601,Li4TiNi3O8,"Li,Ni,O,Ti",4.373941935137487,0.0,0.027527374791661785,-1.991961838541667,False
mp-756671,Li4Cr3Fe3(SbO8)2,"Cr,Fe,Li,O,Sb",4.7583366544778105,1.678,0.011029183749999838,-2.1165938251190477,False
mp-756711,Li4CrO4,"Cr,Li,O",2.742242314120675,2.0888,0.01778489583333709,-2.1736236403703697,False
mp-756712,Li4Co5SnO12,"Co,Li,O,Sn",5.007493675102827,0.0,0.04786267017046075,-1.6710333303787885,False
mp-756761,Li4V3Ni3(SbO8)2,"Li,Ni,O,Sb,V",4.789440822166421,0.4476,0.0282329991071526,-2.080614489047619,False
mp-756806,Li4Mn3Cr(PO4)4,"Cr,Li,Mn,O,P",3.319022303624947,2.3950000000000005,0.0032498769419673224,-2.6146692173463526,False
mp-756871,Li4Ni3TeO8,"Li,Ni,O,Te",4.979890023319547,0.6478999999999999,0.04362431906249942,-1.7283107531250002,False
mp-756926,Li4Ni3BiO8,"Bi,Li,Ni,O",5.715333332013948,0.0,0.009990739739582644,-1.6126348464583335,False
mp-756944,Li4MnCr3O8,"Cr,Li,Mn,O",4.098847767715715,0.6756000000000002,0.016716239062500193,-2.329717641954023,False
mp-756961,Li4Mn5Sb3O16,"Li,Mn,O,Sb",4.686162178548133,0.0,0.03814394017857037,-2.0678393793924466,False
mp-756980,Li4Y3VO8,"Li,O,V,Y",4.074855430601437,1.7863999999999995,0.04438359203125142,-3.0146538542708328,False
mp-757068,Li4CrNi3(PO4)4,"Cr,Li,Ni,O,P",3.627721645850247,1.5358999999999998,0.021278391116073436,-2.40957405542517,False
mp-757099,Li4MnNi3(PO4)4,"Li,Mn,Ni,O,P",3.679491041267532,2.9959,0.005918952678572786,-2.4262243410655637,False
mp-757104,Li4MnCo3(PO4)4,"Co,Li,Mn,O,P",3.582119981914701,2.3728000000000002,0.026012322053572845,-2.4354123224941353,False
mp-757137,Li4CrNi3O8,"Cr,Li,Ni,O",4.535847478201529,0.0,0.03807952989583363,-1.7310195420833328,False
mp-757170,Li4Mn3Sn(PO4)4,"Li,Mn,O,P,Sn",3.471731456074294,3.2141,0.03250156738095278,-2.5601739891320667,False
mp-757193,Li4Cr3Ni(PO4)4,"Cr,Li,Ni,O,P",3.3771244822096262,1.8564999999999996,0.04254447687499496,-2.5113751968537414,False
mp-757190,Li4Cr3Ni3(TeO8)2,"Cr,Li,Ni,O,Te",4.950455022496557,0.0,0.007087811785715381,-1.8911254355952372,False
mp-757199,Li4MnNb2WO12,"Li,Mn,Nb,O,W",5.05660370567767,1.2585,0.046973073124998876,-2.503374487063219,False
mp-757257,Li4CrCo3(PO4)4,"Co,Cr,Li,O,P",3.551165890267619,1.0944000000000003,0.0394407317857155,-2.4158128404251706,False
mp-757279,Li4Co3Ni3(TeO8)2,"Co,Li,Ni,O,Te",5.167576693390964,0.0,0.035525111294640865,-1.5717333013095234,False
mp-757313,Li4V(PO4)2,"Li,O,P,V",2.5585262205974555,2.6180999999999996,0.04929830350001474,-2.65220097384127,False
mp-757332,Li4Mn3V(PO4)4,"Li,Mn,O,P,V",3.3170462454996072,0.8172999999999995,0.003168419107143272,-2.6324988344892097,False
mp-757409,Li4Mn3SnO8,"Li,Mn,O,Sn",4.467501706961623,0.3849,0.038928927968751026,-2.1293348216954024,False
mp-757393,Li4Mn3Cu3(TeO8)2,"Cu,Li,Mn,O,Te",4.876077642988579,0.0,0.029375233329605344,-1.7079555307307064,False
mp-757423,Li4VNi3(PO4)4,"Li,Ni,O,P,V",3.6344688143835544,1.9017,0.022796248437506605,-2.4295040707823126,False
mp-757417,Li4Mn3Ni(PO4)4,"Li,Mn,Ni,O,P",3.4529792851313146,2.7518,0.005478267321422869,-2.56085531948921,False
mp-757438,Li4Fe2Si3O10,"Fe,Li,O,Si",2.986310587807785,3.1586000000000003,0.020921605350880057,-2.654381393070175,False
mp-757477,Li4MnV3(PO4)4,"Li,Mn,O,P,V",3.2978799826475744,0.7046000000000001,0.005918405178572783,-2.634225888922706,False
mp-757489,Li4CoCu3(PO4)4,"Co,Cu,Li,O,P",3.7760342290499445,0.0,0.04978886303571706,-2.22783057542517,False
mp-757602,Li4Cr3Co(PO4)4,"Co,Cr,Li,O,P",3.3722490138445718,1.0618999999999996,0.037345471249994766,-2.514839845068028,False
mp-757635,Li4MnP2O9,"Li,Mn,O,P",2.8337453703478226,1.4716000000000002,0.02217796057291732,-2.5486581403468795,False
mp-757670,Li4Mn2Si3O10,"Li,Mn,O,Si",2.9383012383886387,3.0154000000000005,0.015076769824562852,-2.767020317326074,False
mp-757691,Li4Mn3Fe3(TeO8)2,"Fe,Li,Mn,O,Te",4.605151706119809,0.12069999999999936,0.030796276640624676,-1.8895447214449927,False
mp-757721,Li4Mn3Cu(PO4)4,"Cu,Li,Mn,O,P",3.4272228155461244,0.0,0.015717724196429472,-2.518219476274924,False
mp-757731,Li4Nb2Fe3Co3O16,"Co,Fe,Li,Nb,O",4.696694031313623,0.835,0.04137504250000479,-2.063779784047619,False
mp-757744,Li4Cu3Ni3(TeO8)2,"Cu,Li,Ni,O,Te",5.1161771673295755,0.0,0.01815726359375258,-1.4587970005952384,False
mp-757757,Li4Cu3Ni(PO4)4,"Cu,Li,Ni,O,P",3.8053255915228705,0.0,0.04261581276785442,-2.22524317542517,False
mp-757815,Li4Cr3Ni3(WO8)2,"Cr,Li,Ni,O,W",5.528587843934848,0.2578999999999998,0.03405968513888524,-2.052763793333334,False
mp-757913,Li4(NiO2)5,"Li,Ni,O",4.781718199373491,0.10650000000000004,0.04944217414473684,-1.344802431754386,False
mp-757921,Li4Co2Si3O10,"Co,Li,O,Si",3.060648037767779,2.8755,0.03855748219298327,-2.592852572807016,False
mp-757961,Li4Fe3Ni3(SbO8)2,"Fe,Li,Ni,O,Sb",5.034288030877734,0.0,0.03701595254285461,-1.71378470154762,False
mp-757988,Li4FeSi2O7,"Fe,Li,O,Si",2.8133882548008633,3.415,0.010361173035714266,-2.6898888973809525,False
mp-758017,Li4Mn3Co(PO4)4,"Co,Li,Mn,O,P",3.408519959574562,1.9345000000000003,0.014558424017857341,-2.5615356130606393,False
mp-758042,Li4Fe3Co3(SbO8)2,"Co,Fe,Li,O,Sb",5.031711552123546,0.5400999999999998,0.025261809107142597,-1.8136752744047624,False
mp-758093,Li4Mn3Co3(SbO8)2,"Co,Li,Mn,O,Sb",4.856533406653571,0.2503000000000002,0.039928443392856394,-1.890523922754516,False
mp-758153,Li4Cr3Co3(SbO8)2,"Co,Cr,Li,O,Sb",5.026859499192452,0.0,0.025532389285713997,-2.011850058333333,False
mp-758187,Li4Ni3(SnO5)2,"Li,Ni,O,Sn",5.113153046922794,0.009200000000000319,0.045599509298244634,-1.7486707820175427,False
mp-758275,Li4Ni7O12,"Li,Ni,O",5.056890478324439,0.024900000000000144,0.033761948931161356,-1.329846255942029,False
mp-758282,Li4Cr3(CO3)6,"C,Cr,Li,O",2.892892268091164,0.6537999999999999,0.049609425120968886,-2.0601490004301075,False
mp-758308,Li4V5(P3O11)2,"Li,O,P,V",3.0185665584532133,0.9134000000000002,0.048407794559951256,-2.605321216113255,False
mp-758406,Li4V3P8O29,"Li,O,P,V",2.5403979756765365,0.5437000000000001,0.049401146287877395,-2.572136175919914,False
mp-758475,Li4(CuO2)3,"Cu,Li,O",4.01950795971932,0.0,0.008213397307693882,-1.542374556794872,False
mp-758487,Li4Mn2Ni5O12,"Li,Mn,Ni,O",4.891547033200446,0.0118999999999998,0.04279323366847976,-1.6258016075737134,False
mp-758581,Li4Mn3Nb2Sn3O16,"Li,Mn,Nb,O,Sn",4.837251991278058,0.9693000000000005,0.042437696428570426,-2.368863157218802,False
mp-758591,Li4Mn3Nb2Ni3O16,"Li,Mn,Nb,Ni,O",4.604035553662312,0.4386000000000001,0.03948821696428695,-2.14539265704023,False
mp-758615,Li4Cr2Si3O10,"Cr,Li,O,Si",2.920778573343185,2.3486,0.026292400087720047,-2.727876355701755,False
mp-758641,Li4Fe2Ni5O12,"Fe,Li,Ni,O",4.829995879047856,0.0,0.04604665492753046,-1.4802642003623183,False
mp-758663,Li4Mn(Ni2O5)2,"Li,Mn,Ni,O",4.58696460257482,0.0,0.033785258267547746,-1.5464023258560196,False
mp-758838,Li4Mn5(NiO6)2,"Li,Mn,Ni,O",4.544563540180482,0.6299999999999999,0.041865209347834664,-1.931463427303848,False
mp-758852,Li4Mn3(PO4)4,"Li,Mn,O,P",3.204716212764648,0.17589999999999995,0.022999276759263942,-2.5616092061369584,False
mp-758853,Li4Fe3Co(PO4)4,"Co,Fe,Li,O,P",3.5238998848926504,1.5836999999999999,0.010956821964286156,-2.4499876761394552,False
mp-759041,Li4Ti2Fe3O10,"Fe,Li,O,Ti",3.92034936407107,1.4487999999999999,0.042835493421044646,-2.445688105526316,False
mp-759056,Li4Ti2Mn3O10,"Li,Mn,O,Ti",3.991863966555106,0.8577999999999997,0.04776521815789092,-2.590988335725954,False
mp-759199,Li4Cr3FeO8,"Cr,Fe,Li,O",4.229043060770796,2.1058000000000003,0.01777922187500014,-2.2754388427083327,False
mp-759213,Li4MnV3O8,"Li,Mn,O,V",3.9604643710673755,0.6019000000000001,0.045186917343750466,-2.393183766329023,False
mp-759373,Li4Co13O28,"Co,Li,O",4.401892020015062,0.5632000000000001,0.049000082777769904,-1.24584180362963,False
mp-759372,Li4Cr2Si4O13,"Cr,Li,O,Si",3.113933276769667,3.2693000000000003,0.040423533043478344,-2.834331281666667,False
mp-759505,Li4Ti2Co3Ni3O16,"Co,Li,Ni,O,Ti",4.462857660388495,0.0,0.046993330160417734,-1.8677468632142862,False
mp-759501,Li4Fe2Si4O13,"Fe,Li,O,Si",3.103990292704177,2.8004000000000002,0.0444694473913021,-2.6869165812318854,False
mp-759547,Li4FeCo9O20,"Co,Fe,Li,O",4.490486429037186,0.0242,0.03324046198529018,-1.4275366365686282,False
mp-759620,Li4V3P8O29,"Li,O,P,V",2.5307131909395224,1.1693,0.049511513219695935,-2.5720258089880956,False
mp-759745,Li4V3P8O29,"Li,O,P,V",2.53986935310633,0.7093,0.048316660378786125,-2.573220661829005,False
mp-759919,Li4CrFe3O8,"Cr,Fe,Li,O",4.120030681883914,1.7114000000000003,0.004852499270832311,-2.0562045239583338,False
mp-760100,Li4Cr2(PO4)3,"Cr,Li,O,P",2.852676450756339,0.8370000000000002,0.04204268869049166,-2.61336045010771,False
mp-760113,Li4V3P8O29,"Li,O,P,V",2.528216425319934,0.5426,0.04735720481060479,-2.5741801173971863,False
mp-760111,Li4V3P8O29,"Li,O,P,V",2.5337041002747123,0.9538,0.0473944740151504,-2.5741428481926407,False
mp-760127,Li4Mn2(PO4)3,"Li,Mn,O,P",2.8692920251586957,0.20540000000000003,0.03598460095237854,-2.588878247410666,False
mp-760176,Li4V3P8O29,"Li,O,P,V",2.496907347582605,0.9159999999999999,0.04481352049242293,-2.5767238017153686,False
mp-760224,Li4V3P8O29,"Li,O,P,V",2.514128400206018,1.0429,0.04681533526514947,-2.5747219869426416,False
mp-760206,Li4Mn3NiO8,"Li,Mn,Ni,O",4.274068231855528,0.20429999999999993,0.026144067187502174,-2.0235938510704026,False
mp-760208,Li4V3(FeO6)2,"Fe,Li,O,V",3.0859993943363278,1.8134000000000001,0.04121864369047756,-2.258228061468254,False
mp-760234,Li4V2(PO4)3,"Li,O,P,V",2.816470454672799,0.10529999999999973,0.0305784169047687,-2.673500192250567,False
mp-760278,Li4V3P8O29,"Li,O,P,V",2.527351042267746,0.9968000000000001,0.04752650867424091,-2.5740108135335507,False
mp-760315,Li4Nb2Ni3Sn3O16,"Li,Nb,Ni,O,Sn",5.194307841345711,2.0723,0.021570460089284538,-2.2109371249404766,False
mp-760347,Li4Ti3VO8,"Li,O,Ti,V",3.8593032886151963,0.0,0.04874034695312357,-2.854964547083333,False
mp-760357,Li4VFe3O8,"Fe,Li,O,V",4.0990087163392666,1.0627,0.03796537296874991,-2.070021283958334,False
mp-760683,Li4Cu(PO3)6,"Cu,Li,O,P",2.73278851350978,0.8013000000000001,0.04628936267240924,-2.5116932983169145,False
mp-760770,Li4V3P8O29,"Li,O,P,V",2.495766609649298,0.6878000000000002,0.04749432583333135,-2.5740429963744593,False
mp-760830,Li4Fe2O5,"Fe,Li,O",3.063795377752164,2.1431999999999998,0.04840466238636676,-1.9406634475757572,False
mp-760844,Li4Mn2V3O12,"Li,Mn,O,V",3.0384819764244324,0.7412000000000001,0.03311383278274338,-2.3471608497235907,False
mp-760975,Li4TiV3O8,"Li,O,Ti,V",4.037116131322052,0.25319999999999965,0.0418838941406241,-2.5920927266666673,False
mp-761449,Li4Mn3Cr3(FeO8)2,"Cr,Fe,Li,Mn,O",4.195870099084848,0.6196999999999999,0.04569337126984241,-2.0735213559688015,False
mp-761969,Li4Fe3Ni3(SbO8)2,"Fe,Li,Ni,O,Sb",4.904465271801414,0.0,0.017598521471427375,-1.7332021326190474,False
mp-762032,Ba4Li4Ti19O44,"Ba,Li,O,Ti",4.331442709982107,2.3023,0.04545754705986482,-3.393986905305164,False
mp-762067,Li4Ti3V3(SbO8)2,"Li,O,Sb,Ti,V",4.159112635026624,1.0980000000000003,0.04488798976190633,-2.6552164147619046,False
mp-762351,Li4Ti7O16,"Li,O,Ti",3.5398971408435878,2.4521000000000006,0.034871068981480846,-3.239361694691358,False
mp-762292,Li4V5O10,"Li,O,V",3.865612496967359,1.2627000000000002,0.048838411513163926,-2.45755789754386,False
mp-762676,Li4Nb2V3Fe3O16,"Fe,Li,Nb,O,V",4.25443232812461,1.5942000000000003,0.01989245354911162,-2.4188633511904762,False
mp-762932,Li4(NiO2)5,"Li,Ni,O",4.393579161495082,0.3227000000000002,0.04820981309210559,-1.3460347928070178,False
mp-763178,Li4Ti3Ni3(TeO8)2,"Li,Ni,O,Te,Ti",4.589815288193929,1.3917000000000002,0.03053121187500185,-2.287136176130953,False
mp-763519,Li4Mn3Nb2Co3O16,"Co,Li,Mn,Nb,O",4.54351780922888,0.5063,0.04572768779220482,-2.158112120611658,False
mp-763578,Li4(NiO2)5,"Li,Ni,O",4.843265768290738,0.48960000000000026,0.012038484671053062,-1.3822061212280703,False
mp-763910,Li4MnFe3O8,"Fe,Li,Mn,O",4.130322057537734,1.0999000000000003,0.012612817343748972,-1.986057234454023,False
mp-764005,Li4TiV3O8,"Li,O,Ti,V",3.8928341575599,0.5023,0.02252585476562441,-2.611450766041667,False
mp-764048,Li4Fe2Ni3Sb3O16,"Fe,Li,Ni,O,Sb",5.0260347919894235,0.6627000000000005,0.04735693764285642,-1.7991075869047626,False
mp-764125,Li4Mn2(PO4)3,"Li,Mn,O,P",2.869131666904366,0.8595999999999999,0.04164154083333038,-2.583221307529714,False
mp-764385,Li4Fe3Cu3(SbO8)2,"Cu,Fe,Li,O,Sb",4.886364281330244,0.0,0.035282842433038475,-1.6689839844047611,False
mp-764613,Li4MnFe3(PO4)4,"Fe,Li,Mn,O,P",3.438447322475736,3.7836000000000003,0.0021687600892930092,-2.5161104342798493,False
mp-764988,Li4V3P8O29,"Li,O,P,V",2.5396412958725074,0.8348,0.04811278481060466,-2.573424537397187,False
mp-764990,Li4V3P8O29,"Li,O,P,V",2.516966374207362,0.9821,0.04780062083333192,-2.573736701374459,False
mp-765025,Li4V3P8O29,"Li,O,P,V",2.500944846380205,0.8325,0.04747845435605935,-2.574058867851732,False
mp-765052,Li4Co3Cu3(TeO8)2,"Co,Cu,Li,O,Te",5.291377563220183,0.0,0.028285354808670782,-1.5034821720238096,False
mp-765395,Li4V3P8O29,"Li,O,P,V",2.5493161701372626,0.8334,0.04694558992424103,-2.5745917322835505,False
mp-765412,Li4V3P8O29,"Li,O,P,V",2.5184732910126963,0.4864,0.04611989549242246,-2.5754174267153687,False
mp-765417,Li4V3P8O29,"Li,O,P,V",2.5314801060859367,0.4415,0.049574907196968,-2.571962415010823,False
mp-765408,Li4V3P8O29,"Li,O,P,V",2.5248019168002562,0.8598,0.046928401856058954,-2.5746089203517326,False
mp-765426,Li4V3P8O29,"Li,O,P,V",2.505773774901545,1.0314,0.04318043356060475,-2.578356888647187,False
mp-765428,Li4V3P8O29,"Li,O,P,V",2.5218004747308753,0.8514,0.042067864356059026,-2.5794694578517325,False
mp-765430,Li4V3P8O29,"Li,O,P,V",2.531758714685593,1.0967,0.04933164833333148,-2.5722056738744596,False
mp-765479,Li4V3P8O29,"Li,O,P,V",2.5139907780576225,0.6910999999999999,0.04556251981060466,-2.575974802397187,False
mp-765701,Li4V3FeO8,"Fe,Li,O,V",3.979219133145763,1.5136999999999996,0.03840588046874949,-2.331083505833334,False
mp-765712,Li4FeNi3O8,"Fe,Li,Ni,O",4.521126696256468,0.0,0.00782950921874992,-1.6018981520833337,False
mp-765741,Li4Mn2V3Sb3O16,"Li,Mn,O,Sb,V",4.576234878471051,0.0,0.031044272142850993,-2.2239528599712637,False
mp-765840,Li4V3Co(PO4)4,"Co,Li,O,P,V",3.4253100593695223,0.6162999999999998,0.047002768345234536,-2.566085392210884,False
mp-765980,Li4CuSi2O7,"Cu,Li,O,Si",2.946524054074021,0.12529999999999974,0.04931166392856845,-2.556426115952381,False
mp-765979,Li4Si3(NiO5)2,"Li,Ni,O,Si",3.1495284130428667,3.5327999999999995,0.035389636315787065,-2.5642689593859656,False
mp-766022,Li4FeNi3(PO4)4,"Fe,Li,Ni,O,P",3.688002769080319,3.0109000000000004,0.003357258660713569,-2.3904028554251715,False
mp-766048,Li4V2SiGeO10,"Ge,Li,O,Si,V",3.357090131185837,2.2327,0.007237126475689415,-2.5710133554629633,False
mp-766037,Li4ScFe3(SiO3)8,"Fe,Li,O,Sc,Si",3.213224367626456,2.7685999999999997,0.009738886479160769,-2.9005095858333334,False
mp-766043,Li4MnFe3(PO4)4,"Fe,Li,Mn,O,P",3.4248207145026015,3.7374,0.0019837522321504153,-2.5162954421369923,False
mp-766080,Li4Mn2Cr3Sb3O16,"Cr,Li,Mn,O,Sb",4.668146892674883,0.12300000000000022,0.04539629535714251,-2.1675171056855507,False
mp-766112,Li4MnV3(P2O7)4,"Li,Mn,O,P,V",2.758642509797625,0.0,0.007900828863635745,-2.6842254947365274,False
mp-766091,Li4La5Ti6Nb2O26,"La,Li,Nb,O,Ti",5.134061181862977,0.0,0.04901829509689826,-3.4264083555426357,False
mp-766130,Li4MnFe3(PO4)4,"Fe,Li,Mn,O,P",3.431425343105967,3.8727,0.012851812232150372,-2.5054273821369923,False
mp-766206,SrLi4La15(CoO8)4,"Co,La,Li,O,Sr",6.625629493485889,0.0,0.025210059598217427,-3.186298736041667,False
mp-766376,Li4Mn3Fe(PO4)4,"Fe,Li,Mn,O,P",3.3654740211537604,3.585,0.00236038562499985,-2.592685168060638,False
mp-766548,Li4Ti11O24,"Li,O,Ti",3.582636662652719,2.5241,0.044183230576923194,-3.3019949756410267,False
mp-766808,Li4Mn8O13F3,"F,Li,Mn,O",3.8881994573114538,0.4683999999999999,0.04120197823659755,-2.232794978099343,False
mp-766892,Li4Ni5O9,"Li,Ni,O",5.1308114256534125,0.0,0.015506800740744175,-1.4513838318518526,False
mp-767687,Li4Si2NiO7,"Li,Ni,O,Si",2.9185734280756113,3.4341999999999997,0.021389111071430378,-2.6236758627380943,False
mp-767719,Li4Ti2Mn3Ni3O16,"Li,Mn,Ni,O,Ti",4.286246384718722,0.014699999999999935,0.045535965703171755,-2.123967623349754,False
mp-1638622,Li5Fe3(SbO5)2,"Fe,Li,O,Sb",4.753792751232115,0.9805999999999999,0.04330284324999756,-1.930044100083333,False
mp-1638896,Li5Mn6O12,"Li,Mn,O",4.009266495777603,1.1652,0.027114572826088867,-2.110002701054474,False
mp-768667,Li5Fe2P2(CO7)2,"C,Fe,Li,O,P",2.7464613743113437,1.2533,0.03485574234999689,-2.309636597438095,False
mp-768672,Li5Fe2P2(CO7)2,"C,Fe,Li,O,P",2.7574125553395583,1.2535999999999998,0.034746452549996754,-2.3097458872380954,False
mp-768689,Li5Fe2P2(CO7)2,"C,Fe,Li,O,P",2.749188052587642,1.207,0.03984901174999678,-2.3046433280380945,False
mp-768720,Li5Fe2P2(CO7)2,"C,Fe,Li,O,P",2.74326800178088,1.5793,0.03160186554999722,-2.3128904742380945,False
mp-768722,Li5Fe2P2(CO7)2,"C,Fe,Li,O,P",2.743556274005502,1.4253,0.031390402349996016,-2.3131019374380952,False
mp-768787,Li5Mn2P2(CO7)2,"C,Li,Mn,O,P",2.724396622895865,0.0,0.04858981892222314,-2.366489822872578,False
mp-768854,Li5Mn2P2(CO7)2,"C,Li,Mn,O,P",2.732122162570463,0.0,0.04792755932222281,-2.367152082472578,False
mp-768862,Li5Fe2P2(CO7)2,"C,Fe,Li,O,P",2.7379890217218557,1.3763999999999998,0.03312098314999634,-2.311371356638095,False
mp-768855,Li5Mn2P2(CO7)2,"C,Li,Mn,O,P",2.6991180839831466,0.0,0.04600847892222237,-2.3690711628725785,False
mp-768858,Li5Mn2P2(CO7)2,"C,Li,Mn,O,P",2.7159293372345514,0.0,0.04492736072222314,-2.370152281072578,False
mp-768852,Li5Mn2P2(CO7)2,"C,Li,Mn,O,P",2.7398713525934535,0.0,0.04876483232222295,-2.3663148094725783,False
mp-768859,Li5Mn2P2(CO7)2,"C,Li,Mn,O,P",2.733808409029649,2.241704906661062,0.048139712122222456,-2.3669399296725784,False
mp-768935,Li5Mn2P2(CO7)2,"C,Li,Mn,O,P",2.7219891988194815,0.5976052400168999,0.045849004322222164,-2.3692306374725787,False
mp-769300,Li5Mn2P2(CO7)2,"C,Li,Mn,O,P",2.712974915116142,0.3433999999999997,0.04397168452222289,-2.3711079572725784,False
mp-769553,Li5Co2Ni3O10,"Co,Li,Ni,O",4.8144915333854605,0.0,0.03824794566666778,-1.5711971668333333,False
mp-769566,Li5Fe2Co3O10,"Co,Fe,Li,O",4.712430265709245,3.264566955607506e-05,0.020010105999999972,-1.8053604555833331,False
mp-769637,Li5Ti6FeO16,"Fe,Li,O,Ti",3.503329795870849,2.6955,0.0,-3.0683376697023803,True
mp-769763,Li5Cu(HO2)2,"Cu,H,Li,O",2.4556840384155034,2.7186,0.03913628083333354,-1.7239562051388884,False
mp-770138,Li5Fe2P2(CO7)2,"C,Fe,Li,O,P",2.7310893078617693,1.4098,0.033608519549996885,-2.3108838202380952,False
mp-770493,Li5V2Fe5O12,"Fe,Li,O,V",4.390345970892584,1.0949000000000004,0.04608925197916314,-2.0303982027777785,False
mp-770510,Li5MnO4,"Li,Mn,O",2.5728045468299054,0.6945000000000001,0.04315689324999994,-2.0577498407097705,False
mp-770539,Li5Ti2Ni5O12,"Li,Ni,O,Ti",4.720124519421172,0.08430000000000026,0.03044910263888312,-2.11622174888889,False
mp-770679,Li5CrP2(O4F)2,"Cr,F,Li,O,P",2.7507127240364957,3.1341000000000006,0.04383468916665034,-2.75681885755291,False
mp-770834,Li5FeO4,"Fe,Li,O",2.521236702175351,2.7818,0.04590376500000204,-1.996121979666666,False
mp-771140,Li5Mn5(SnO6)2,"Li,Mn,O,Sn",4.803423336679541,0.09750000000000014,0.0403066162500032,-2.1095383623467434,False
mp-771191,Li5Co7O16,"Co,Li,O",4.358906204479548,0.5879000000000001,0.0347047781513794,-1.4771705302380949,False
mp-771232,Li5Mn2Ni5O12,"Li,Mn,Ni,O",4.972845348937556,0.0,0.02586411138889133,-1.719885903438697,False
mp-771236,Li5Fe5(NiO6)2,"Fe,Li,Ni,O",4.628397951929884,1.6764999999999994,0.02746773697916627,-1.7963271027777772,False
mp-771281,Li5V4(PO4)6,"Li,O,P,V",2.8792589521748484,0.9077,0.007917201362178439,-2.705903194859585,False
mp-771319,Li5Fe2Ni5O12,"Fe,Li,Ni,O",4.870588572309751,0.0,0.016575660625001376,-1.5837464548611113,False
mp-771355,Li5Ti2Mn8O20,"Li,Mn,O,Ti",3.920717036183489,0.0,0.01844730614286494,-2.322254698622333,False
mp-771876,Li5NiO4,"Li,Ni,O",2.7419823483755574,1.8688000000000002,0.010654286083332742,-1.8255009819166665,False
mp-772084,Li5Cu6(P2O7)4,"Cu,Li,O,P",3.5554113453307132,0.0,0.024552969893619547,-2.2520281483789253,False
mp-772522,Li5V5(FeO6)2,"Fe,Li,O,V",4.265094326114212,1.355,0.04950965354166481,-2.2755611127777784,False
mp-772729,Li5V3P8O29,"Li,O,P,V",2.5566653019278816,0.9293000000000001,0.03388252681480619,-2.6184891948624345,False
mp-772939,Li5Cu(PO4)2,"Cu,Li,O,P",2.8963091028126544,2.0388999999999995,0.03366039609375093,-2.5210155353720243,False
mp-772998,Li5Ni5(SnO6)2,"Li,Ni,O,Sn",5.474512717479788,0.12299999999999933,0.014998214513887831,-1.75303883111111,False
mp-773027,Li5V18O44,"Li,O,V",3.4229317934058106,0.0,0.046381271417907044,-2.3676516720398015,False
mp-773042,Li5V3P8O29,"Li,O,P,V",2.557167283763915,0.0,0.04161718103702938,-2.6107545406402113,False
mp-773083,Li5V3P8O29,"Li,O,P,V",2.5385014926494245,0.7483,0.037217144925917545,-2.615154576751323,False
mp-773095,Li5V3P8O29,"Li,O,P,V",2.5445597305981833,0.9723999999999999,0.034120777592584695,-2.618250944084656,False
mp-773108,Li5V3P8O29,"Li,O,P,V",2.5669267888622818,0.9977,0.03520904937036118,-2.6171626723068795,False
mp-773232,Li5V3P8O29,"Li,O,P,V",2.5698992509047396,0.5131,0.035415078370362174,-2.6169566433068785,False
mp-773422,Li5V3P8O29,"Li,O,P,V",2.550777630691199,0.7513,0.03802106759258361,-2.614350654084657,False
mp-773438,Li5Cu(PO4)2,"Cu,Li,O,P",2.903461915449309,1.6448999999999998,0.03166959890625165,-2.5230063325595236,False
mp-773479,Li5V3P8O29,"Li,O,P,V",2.5763107587949126,1.1453,0.037137133703695646,-2.6152345879735455,False
mp-773480,Li5V3P8O29,"Li,O,P,V",2.572688637597444,0.5845999999999999,0.035379161814806714,-2.616992559862434,False
mp-773571,Li5V3P8O29,"Li,O,P,V",2.567005203256473,1.0087,0.034187460148140225,-2.618184261529101,False
mp-773580,Li5V3P8O29,"Li,O,P,V",2.561037208886163,0.9096000000000001,0.03465237881480565,-2.6177193428624346,False
mp-773559,Li5V3P8O29,"Li,O,P,V",2.5651722654210554,0.3209000000000001,0.03654086514813937,-2.6158308565291013,False
mp-774237,Li5Cr2Ni5O12,"Cr,Li,Ni,O",4.831121463569106,0.0,0.049607249270832376,-1.748726702361111,False
mp-774245,Li5Mn5(NiO6)2,"Li,Mn,Ni,O",4.564602913635277,0.5302000000000002,0.027876850208330417,-1.975029003180077,False
mp-774500,Li5NiO4,"Li,Ni,O",2.669790717194597,1.6658,0.03167591458333252,-1.8044793534166672,False
mp-774621,Li5MnO4,"Li,Mn,O",2.5266278358487106,1.2669000000000001,0.041395214000001346,-2.05951151995977,False
mp-774656,Li5Ti6FeO16,"Fe,Li,O,Ti",3.499315922082924,2.1950000000000003,0.03388123696428558,-3.0344564327380943,False
mp-774707,Li5Mn5(SeO3)8,"Li,Mn,O,Se",3.701998509370312,0.7946,9.546416665973112e-05,-1.740780731906472,False
mp-774871,Li5V6(CuO4)6,"Cu,Li,O,V",4.110645655161556,0.007299999999999862,0.048042442088417125,-1.9111585549186991,False
mp-775172,Li5Sc2Fe3(SiO3)10,"Fe,Li,O,Sc,Si",3.1584682184561563,2.7932000000000006,0.009303844116661963,-2.9876240383333332,False
mp-775382,Li5V3P8O29,"Li,O,P,V",2.5732889295791774,0.5988,0.034416918481473324,-2.6179548031957673,False
mp-776558,Li5Mn6(BO3)6,"B,Li,Mn,O",3.180108305015952,0.2924,0.03926559735714896,-2.4720482276929405,False
mp-777338,Li5Ni2(PO4)3,"Li,Ni,O,P",3.1334813469429963,4.1002,0.04890068636363054,-2.457303110027056,False
mp-777373,Li5Fe8(BO3)8,"B,Fe,Li,O",3.2664691368505476,1.3798,0.04777327714583812,-2.287911891333333,False
mp-777985,Li5Mn6(BO3)6,"B,Li,Mn,O",3.1608702925122785,0.0,0.042541574928577575,-2.4687722501215115,False
mp-777991,Li5Mn6(BO3)6,"B,Li,Mn,O",3.146918171601771,0.0,0.042357643928577104,-2.468956181121512,False
mp-778500,Li5TiMn9O20,"Li,Mn,O,Ti",3.9854683109937548,0.0,0.015265664571423976,-2.1891385091822664,False
mp-778743,Li5Cu(PO4)2,"Cu,Li,O,P",2.8939981543090108,1.7069,0.03310538859375178,-2.5215705428720234,False
mp-779046,Li5Cu(PO4)2,"Cu,Li,O,P",2.8938105926878817,2.0374000000000003,0.03447407359375099,-2.520201857872024,False
mp-779337,Li5V6O5F19,"F,Li,O,V",2.8451971639793308,1.1397,0.04747755758729433,-2.95529683104762,False
mp-779472,Li5Cu(PO4)2,"Cu,Li,O,P",2.904133119950802,1.9918999999999998,0.032404090781251504,-2.5222718406845237,False
mp-779755,Li5Mn7Fe3O20,"Fe,Li,Mn,O",4.034881380730756,0.0,0.010085790214264811,-1.9899250856338264,False
mp-780156,Li5Mn6(BO3)6,"B,Li,Mn,O",3.1375230416221287,0.7233,0.02995483307143587,-2.481358991978654,False
mp-780199,Li5Mn6(BO3)6,"B,Li,Mn,O",3.1413381160374123,0.0717000000000001,0.03471721507143499,-2.4765966099786545,False
mp-780192,Li5FeO4,"Fe,Li,O",2.505205946053054,2.5873,0.04704792450000106,-1.9949778201666668,False
mp-780308,Li5Mn6(BO3)6,"B,Li,Mn,O",3.13108722290813,0.49540000000000006,0.028899697642865263,-2.4824141274072256,False
mp-780392,Li5Cu(PO4)2,"Cu,Li,O,P",2.8978487774538237,1.8461999999999996,0.03166187421875133,-2.523014057247024,False
mp-780419,Li5Mn6(BO3)6,"B,Li,Mn,O",3.1329083671343705,0.0,0.037841366785720254,-2.4734724582643692,False
mp-780433,Li5Mn6(BO3)6,"B,Li,Mn,O",3.150232259692173,0.0,0.03675377107143696,-2.4745600539786534,False
mp-781617,Li5Mn6(BO3)6,"B,Li,Mn,O",3.1282623500414384,0.0,0.033420162214293114,-2.4778936628357964,False
mp-781670,Li5Mn6(BO3)6,"B,Li,Mn,O",3.1380065274421125,0.0,0.03772684992858011,-2.4735869751215107,False
mp-782643,Li5Mn6(BO3)6,"B,Li,Mn,O",3.130696406309616,0.44179999999999997,0.030886772214293146,-2.4804270528357977,False
mp-782654,Li5Mn6(BO3)6,"B,Li,Mn,O",3.144892568566052,0.20520000000000005,0.03557892707143573,-2.4757348979786538,False
mp-782820,Li5Mn6(BO3)6,"B,Li,Mn,O",3.1698626167018733,0.41079999999999983,0.03653437007143623,-2.474779454978654,False
mp-831261,Li5Mn6(BO3)6,"B,Li,Mn,O",3.1593626910499037,0.0,0.04197110650000724,-2.4693427185500827,False
mp-831270,Li5Mn6(BO3)6,"B,Li,Mn,O",3.15216992577657,0.0,0.04172405235715004,-2.4695897726929403,False
mp-849333,Li5Mn6(BO3)6,"B,Li,Mn,O",3.1286320582513882,0.0,0.03795572021429372,-2.473358104835797,False
mp-849398,Li5Mn2(PO4)3,"Li,Mn,O,P",2.9191728665829495,3.9072999999999998,0.03917676806817649,-2.637814674043514,False
mp-849413,Li5Mn6(BO3)6,"B,Li,Mn,O",3.1554650159920903,0.0,0.04138944421429258,-2.4699243808357974,False
mp-849414,Li5Mn6(BO3)6,"B,Li,Mn,O",3.156344316254421,0.0,0.04082311092857793,-2.4704907141215116,False
mp-849426,Li5V4(PO4)6,"Li,O,P,V",2.90666378859645,0.923,0.004546468157051287,-2.7092739280647127,False
mp-849458,Li5Mn6(BO3)6,"B,Li,Mn,O",3.168918856959467,0.1871177329004161,0.039913916785721426,-2.471399908264368,False
mp-849498,Li5Mn6(BO3)6,"B,Li,Mn,O",3.151917285237762,0.0,0.041945189357150525,-2.46936863569294,False
mp-849497,Li5Mn6(BO3)6,"B,Li,Mn,O",3.1648166300700944,0.36170000000000013,0.03594245478572056,-2.475371370264369,False
mp-849508,Li5Mn6(BO3)6,"B,Li,Mn,O",3.153766246902161,0.0,0.042263809357148574,-2.469050015692941,False
mp-849492,Li5Fe4(P2O7)4,"Fe,Li,O,P",3.023787094023543,1.6310000000000002,0.04866716837036211,-2.4901904120846554,False
mp-849568,Li5Mn6(BO3)6,"B,Li,Mn,O",3.1657572217354777,0.33319999999999994,0.03730192950000699,-2.474011895550083,False
mp-849548,Li5Mn6(BO3)6,"B,Li,Mn,O",3.151548627146206,0.0,0.04113160278572181,-2.4701822222643677,False
mp-849567,Li5Mn6(BO3)6,"B,Li,Mn,O",3.150944491726926,0.1251,0.03716140550000624,-2.4741524195500832,False
mp-849571,Li5Mn6(BO3)6,"B,Li,Mn,O",3.149931142428123,0.0,0.040109318785722436,-2.471204506264368,False
mp-849589,Li5Fe8(BO3)8,"B,Fe,Li,O",3.253726362930684,1.5365000000000002,0.04917400247917225,-2.2865111659999995,False
mp-849585,Li5Mn6(BO3)6,"B,Li,Mn,O",3.16224049848675,0.14759999999999995,0.03857687635714946,-2.47273694869294,False
mp-849580,Li5Mn6(BO3)6,"B,Li,Mn,O",3.162831937691543,0.4080999999999999,0.03623903535715023,-2.4750747896929397,False
mp-849613,Li5Mn6(BO3)6,"B,Li,Mn,O",3.1666497650055123,0.44679999999999986,0.036652300928578185,-2.4746615241215117,False
mp-849607,Li5Mn4(P2O7)4,"Li,Mn,O,P",2.990171436349513,0.18199999999999994,0.04530670949998683,-2.5482633929007483,False
mp-849625,Li5Mn6(BO3)6,"B,Li,Mn,O",3.1501180864077933,0.0,0.04225916478572067,-2.469054660264369,False
mp-849632,Li5Fe8(BO3)8,"B,Fe,Li,O",3.2524412218111163,1.5931000000000002,0.047772741812504904,-2.287912426666667,False
mp-849726,Li5Mn4(P2O7)4,"Li,Mn,O,P",2.976938927292416,0.00869999999999993,0.04379054705554264,-2.5497795553451925,False
mp-849999,Li5V3P8O29,"Li,O,P,V",2.575793588573257,0.41380000000000006,0.03629545270369583,-2.6160762689735453,False
mp-850001,Li5V3P8O29,"Li,O,P,V",2.570690099583785,0.9140999999999999,0.03490369325925169,-2.617468028417989,False
mp-850209,Li5Mn(Ni2O5)2,"Li,Mn,Ni,O",4.558094725190247,0.0,0.016416010249999502,-1.658221118229885,False
mp-850959,Li5Mn6(BO3)6,"B,Li,Mn,O",3.128589686497925,0.1641999999999999,0.03295827250000549,-2.4783555525500836,False
mp-851088,Li5V3P8O29,"Li,O,P,V",2.562575592488867,1.1888,0.038163505148139265,-2.6142082165291014,False
mp-886210,Li5Ni6(P2O7)4,"Li,Ni,O,P",3.531397826566555,0.9115034342414408,0.037844027748225706,-2.3513603539108408,False
mp-1173979,Li5Mn2CoO8,"Co,Li,Mn,O",3.9444045052521424,1.1484999999999999,0.04691070750000126,-2.0245887826580464,False
mp-1173996,Li5Co3O8,"Co,Li,O",4.0628654493728105,0.0,0.03994961062500124,-1.729252572916666,False
mp-1173973,Li5Mn2CoO8,"Co,Li,Mn,O",3.937406362947784,1.0715999999999997,0.046811903750000994,-2.0246875864080467,False
mp-1174000,Li5Mn(CoO4)2,"Co,Li,Mn,O",4.003562772893442,0.8935,0.037388565937500395,-1.8829622709123566,False
mp-1174003,Li5Co3O8,"Co,Li,O",4.061100428692936,0.0,0.041267556250001114,-1.727934627291666,False
mp-1174009,Li5Mn2CoO8,"Co,Li,Mn,O",3.965313557649894,0.9091,0.04533271625000168,-2.026166773908046,False
mp-1174011,Li5Mn(CoO4)2,"Co,Li,Mn,O",3.948452126801939,0.6816,0.043535864062500984,-1.876814972787356,False
mp-1174049,Li5Mn2CoO8,"Co,Li,Mn,O",3.935320299823325,0.7913000000000001,0.04816577250000087,-2.023333717658047,False
mp-1174153,Li5Co3O8,"Co,Li,O",4.08019912475169,0.2711000000000001,0.0421792737500013,-1.7270229097916658,False
mp-1174134,Li5Mn2CoO8,"Co,Li,Mn,O",3.927937250740471,0.9723999999999999,0.04846314375000116,-2.0230363464080465,False
mp-1174329,Li5Mn2CoO8,"Co,Li,Mn,O",3.8925920373670024,1.3357,0.039641641250001136,-2.0318578489080465,False
mp-1174375,Li5Mn2CoO8,"Co,Li,Mn,O",3.932617625020457,1.5785999999999998,0.040572435000001406,-2.0309270551580463,False
mp-1174385,Li5Mn2CoO8,"Co,Li,Mn,O",3.9035472672425255,1.2736,0.03894562250000089,-2.032553867658047,False
mp-1174382,Li5Mn2CoO8,"Co,Li,Mn,O",3.9230981880014895,0.972,0.042205354062501144,-2.0292941360955465,False
mp-1174383,Li5Mn2CoO8,"Co,Li,Mn,O",3.9440220869651608,1.4664000000000001,0.04472440000000155,-2.026775090158046,False
mp-1174498,Li5Mn3O8,"Li,Mn,O",3.813740546023627,0.6991,0.03660697218748954,-2.1384450662787353,False
mp-1174519,Li5Mn3O8,"Li,Mn,O",3.8297438289608126,0.0045999999999999375,0.03635254218748951,-2.1386994962787353,False
mp-1174554,Li5Mn3O8,"Li,Mn,O",3.8114756344842657,0.9511999999999996,0.038401015937489014,-2.136651022528736,False
mp-1174646,Li5Mn3O8,"Li,Mn,O",3.8071886472352157,0.0,0.03832175843748953,-2.1367302800287353,False
mp-1174741,Li5Mn3O8,"Li,Mn,O",3.8178678377798576,0.7907000000000002,0.030264895937489378,-2.1447871425287355,False
mp-1174737,Li5Mn3O8,"Li,Mn,O",3.813369542162501,0.006200000000000205,0.031739005937488685,-2.143313032528736,False
mp-1177030,Li5V6O5F19,"F,Li,O,V",2.8768029075412827,0.3494,0.04287944901586549,-2.959894939619048,False
mp-1177029,Li5V6O5F19,"F,Li,O,V",2.8723752506927775,0.4375,0.04426426215872237,-2.9585101264761917,False
mp-1177051,Li5V3P8O29,"Li,O,P,V",2.5614521422431116,1.1636,0.036909193148139785,-2.615462528529101,False
mp-1177046,Li5V3P8O29,"Li,O,P,V",2.5638842632116132,1.1555,0.03463764381480683,-2.6177340778624343,False
mp-1177065,Li5V3P8O29,"Li,O,P,V",2.532209391608149,1.0039,0.0348482052592507,-2.61752351641799,False
mp-1177058,Li5V3P8O29,"Li,O,P,V",2.535439033394919,0.8553000000000001,0.03313019214813906,-2.6192415295291016,False
mp-1177064,Li5V3P8O29,"Li,O,P,V",2.554550178968062,1.3175000000000001,0.03232102459258446,-2.620050697084656,False
mp-1177053,Li5V3P8O29,"Li,O,P,V",2.5287563599601404,0.928,0.035480970814806057,-2.6168907508624346,False
mp-1177055,Li5V3P8O29,"Li,O,P,V",2.543258647731431,0.848,0.038227201814806655,-2.614144519862434,False
mp-1177067,Li5V3P8O29,"Li,O,P,V",2.5217783421430515,1.1198,0.03528187937036176,-2.617089842306879,False
mp-1177056,Li5V3P8O29,"Li,O,P,V",2.5497657133081533,0.9708,0.03625269381480578,-2.616119027862435,False
mp-1177062,Li5V3P8O29,"Li,O,P,V",2.5596324594212025,0.9511999999999999,0.03772405192591766,-2.6146476697513226,False
mp-1177059,Li5V3P8O29,"Li,O,P,V",2.5617980365557416,1.1562,0.03485667925925018,-2.61751504241799,False
mp-1177092,Li5V3P8O29,"Li,O,P,V",2.5459512153216295,1.0516,0.03477492925925052,-2.6175967924179906,False
mp-1177091,Li5V3P8O29,"Li,O,P,V",2.5427265898913585,0.9159,0.03586956214814041,-2.6165021595291003,False
mp-1177086,Li5V3P8O29,"Li,O,P,V",2.5592411170939053,1.1703000000000001,0.03394315525925151,-2.618428566417989,False
mp-1177077,Li5V3P8O29,"Li,O,P,V",2.5370535611067098,0.9783999999999999,0.03787143125925052,-2.61450029041799,False
mp-1177080,Li5V3P8O29,"Li,O,P,V",2.5453169794681014,0.9453999999999999,0.034846974370362105,-2.6175247473068786,False
mp-1177073,Li5V3P8O29,"Li,O,P,V",2.5233340790080137,1.1219000000000001,0.03510120359258462,-2.617270518084656,False
mp-1177093,Li5V3P8O29,"Li,O,P,V",2.5388616780604574,0.6322,0.03301360381480656,-2.6193581178624346,False
mp-1177088,Li5V3P8O29,"Li,O,P,V",2.5320479299601626,1.057,0.03448428403702852,-2.617887437640212,False
mp-1177116,Li5FeO4F,"F,Fe,Li,O",2.5600221415038633,0.9018,0.04885004545454308,-2.11687428969697,False
mp-1177123,Li5Ti2Fe3O10,"Fe,Li,O,Ti",3.9705585064653186,1.7744000000000004,0.020322358874999225,-2.454141510166667,False
mp-1177108,Li5Fe4(Si3O10)2,"Fe,Li,O,Si",2.8570671330382487,1.4691999999999998,0.048365587523819364,-2.627666443904762,False
mp-1177126,Li5V3P8O29,"Li,O,P,V",2.561361403972992,1.2208999999999999,0.03512934770369469,-2.6172423739735455,False
mp-1177157,Li5Mn4(P2O7)4,"Li,Mn,O,P",2.9850820419429023,0.01760000000000006,0.042007615166652634,-2.551562487234082,False
mp-1177139,Li5Fe2P5O18,"Fe,Li,O,P",3.0581740084260267,2.1125,0.03566717966666744,-2.5507500138293646,False
mp-1177130,Li5V3P8O29,"Li,O,P,V",2.5587689036441628,0.3427,0.03810722548147272,-2.614264496195768,False
mp-1177155,Li5Fe2P2(CO7)2,"C,Fe,Li,O,P",2.7472898817893276,1.295116775408218,0.039673939749996556,-2.304818400038095,False
mp-1177149,Li5Mn4(P2O7)4,"Li,Mn,O,P",2.9815608963672933,0.2669999999999999,0.03729560438887525,-2.55627449801186,False
mp-1177128,Li5Mn4(P2O7)4,"Li,Mn,O,P",3.0002492189322036,0.24970000000000003,0.0466914679444308,-2.546878634456304,False
mp-1177151,Li5Fe2P2(CO7)2,"C,Fe,Li,O,P",2.7615056194754963,1.6246999999999998,0.0298098367499966,-2.314682503038095,False
mp-1177165,Li5V3P8O29,"Li,O,P,V",2.5511285457668964,1.0487,0.03437364259258402,-2.6179980790846566,False
mp-1177181,Li5V3P8O29,"Li,O,P,V",2.5485684415772663,1.1934,0.03646370281480671,-2.6159080188624335,False
mp-1177170,Li5V3P8O29,"Li,O,P,V",2.529792486897403,1.0213,0.03638552937036277,-2.615986192306878,False
mp-1177173,Li5Mn4(P2O7)4,"Li,Mn,O,P",2.9737848871355768,0.19090000000000007,0.0420853488333206,-2.5514847535674146,False
mp-1177175,Li5Fe2P2(CO7)2,"C,Fe,Li,O,P",2.732050437808011,1.2674026856152736,0.03714721894999595,-2.3073451208380953,False
mp-1177180,Li5V3P8O29,"Li,O,P,V",2.5549485116376123,1.0168,0.034169638814806724,-2.618202082862434,False
mp-1177169,Li5V3P8O29,"Li,O,P,V",2.5399811741715244,1.1117000000000001,0.03697970170369569,-2.615392019973545,False
mp-1177186,Li5V3P8O29,"Li,O,P,V",2.561792442905105,0.0,0.043181785481473334,-2.609189936195768,False
mp-1177217,Li5V3P8O29,"Li,O,P,V",2.5361433971936043,1.2186,0.032067448703696044,-2.620304272973545,False
mp-1177238,Li5V3P8O29,"Li,O,P,V",2.5526202150419537,0.9305000000000001,0.032015349259250314,-2.62035637241799,False
mp-1177248,Li5V3P8O29,"Li,O,P,V",2.54450189833265,1.0207,0.03784633581480623,-2.6145253858624344,False
mp-1177250,Li5V3P8O29,"Li,O,P,V",2.5531221639001394,0.6288000000000001,0.04062398481480667,-2.6117477368624344,False
mp-1177392,Li5Mn4(P2O7)4,"Li,Mn,O,P",2.9661036472830595,0.4683999999999999,0.03840092849998644,-2.5551691739007487,False
mp-1177416,Li5Mn4(P2O7)4,"Li,Mn,O,P",2.995766656014834,0.17849999999999988,0.04497703638887529,-2.5485930660118594,False
mp-1195536,CsLi5Mn(P2O7)2,"Cs,Li,Mn,O,P",2.8780444591025427,4.2638,0.0,-2.7004721526129716,True
mp-1222526,Li5Mn2NiO8,"Li,Mn,Ni,O",3.9666398053218686,0.8813999999999997,0.03009595864583403,-1.979486413595546,False
mp-1222520,Li5Mn2CrO8,"Cr,Li,Mn,O",3.8195548537640702,0.8614999999999999,0.047958289375000795,-2.1892817214080464,False
mp-1222580,Li5Cr3(PO4)4,"Cr,Li,O,P",3.041700744868995,2.1681999999999997,0.0024058910156155022,-2.63333872197279,False
mp-1222667,Li5Mn2Co(NiO5)2,"Co,Li,Mn,Ni,O",4.4373116020715875,1.0403000000000002,0.03764678900000451,-1.863169863126437,False
mp-1222691,Li5Fe2(IrO5)2,"Fe,Ir,Li,O",5.988287142244331,0.0,0.01905748465789081,-1.7298388029824565,False
mp-1222696,Li5Mn5(SeO3)8,"Li,Mn,O,Se",3.678847014450689,0.8681999999999999,0.0,-1.7408761960731387,True
mp-1223507,Li5CrFe4(P2O7)5,"Cr,Fe,Li,O,P",2.9471559278812047,2.4695,0.005086535545453685,-2.550389814965368,False
mp-1275686,Li5Fe3(SbO5)2,"Fe,Li,O,Sb",4.766827159558989,1.0323000000000002,0.04414498274999801,-1.9292019605833333,False
mp-1277600,Li5Mn3O8,"Li,Mn,O",3.809894877006046,0.8373999999999997,0.02611196062498955,-2.1489400778412353,False
mp-1284734,Li5Mn3O8,"Li,Mn,O",3.8035259262985277,1.1759,0.02496711906248894,-2.150084919403736,False
mp-1289239,Li5Ti2V3O10,"Li,O,Ti,V",3.8870719834518805,0.5090000000000003,0.018507981875001356,-2.6995859861666673,False
mp-1290794,Li5Mn3O8,"Li,Mn,O",3.810263659802418,0.7119,0.025091993749988717,-2.149960044716236,False
mp-1297800,Li5Mn3O8,"Li,Mn,O",3.794512341314252,0.9864000000000002,0.03515641687498938,-2.1398956215912355,False
mp-1302313,Li5Mn2Fe3O10,"Fe,Li,Mn,O",4.148163280463589,1.1454999999999997,0.04297059037499995,-1.9879394438764364,False
mp-1303877,Li5Mn2Fe3O10,"Fe,Li,Mn,O",4.166374427449735,0.8765999999999998,0.042436617875000415,-1.9884734163764364,False
mp-1304518,Li5Mn2Fe3O10,"Fe,Li,Mn,O",4.148873926412126,1.0133999999999999,0.03998798837499962,-1.9909220458764367,False
mp-1304822,Li5Fe3(SbO5)2,"Fe,Li,O,Sb",4.725829340097637,0.6353999999999997,0.049540020249997596,-1.9238069230833332,False
mp-1305527,Li5Ti2V3O10,"Li,O,Ti,V",3.8845613157291297,0.9222000000000001,0.014797977375001103,-2.7032959906666676,False
mp-1306566,Li5Fe3(SbO5)2,"Fe,Li,O,Sb",4.741016946226966,1.0031000000000008,0.04376563874999828,-1.9295813045833328,False
mp-1311067,Li5Ti2Mn3O10,"Li,Mn,O,Ti",3.8665150136461124,1.3729,0.02966056250000637,-2.5980000256063223,False
mp-1312304,Li5Ni3(SnO5)2,"Li,Ni,O,Sn",5.1644200061619845,0.6194999999999999,0.010530371666664706,-1.8674970230833332,False
mp-1314325,Li5Mn3O8,"Li,Mn,O",3.8136252727225766,0.6535000000000002,0.039361514062489,-2.135690524403736,False
mp-1316353,Li5Mn3O8,"Li,Mn,O",3.8235532803274914,0.44650000000000034,0.04319980093748921,-2.1318522375287356,False
mp-1315117,Li5Mn3O8,"Li,Mn,O",3.7969699538890085,0.7989999999999999,0.025730658124989425,-2.1493213803412354,False
mp-1320203,Li5Co2Ni3O10,"Co,Li,Ni,O",4.691933703327899,0.48829999999999973,0.01844488391666843,-1.591000228583333,False
mp-1318211,Li5Fe3(SbO5)2,"Fe,Li,O,Sb",4.73803681022025,0.8139000000000003,0.04586200449999733,-1.9274849388333337,False
mp-19511,Li5FeO4,"Fe,Li,O",2.7301725409511324,3.0546,0.0,-2.0420257446666676,True
mp-26247,Li5Cu(PO4)2,"Cu,Li,O,P",2.896045228558405,1.7933,0.03218137515625141,-2.522494556309524,False
mp-26311,Li5Cu(PO4)2,"Cu,Li,O,P",2.8377173803273523,1.9666000000000001,0.034909110781251584,-2.5197668206845236,False
mp-26595,Li5V2P5O18,"Li,O,P,V",2.9732773138495805,1.9323000000000001,0.020359484777787706,-2.707321444662698,False
mp-26683,Li5Cr2P5O18,"Cr,Li,O,P",3.0320862360453855,0.0,0.03442113266666702,-2.6621721131626987,False
mp-530177,Li5Mn7O16,"Li,Mn,O",4.2311150956931725,0.7793000000000001,0.0,-2.0672671941851397,True
mp-540023,Li5Mn9(P2O7)8,"Li,Mn,O,P",2.8302481375810844,0.48629999999999995,0.019926350203481213,-2.5134840010736244,False
mp-554656,Li5VP2(O4F)2,"F,Li,O,P,V",2.8037380621516808,2.4559,0.0061142279166661595,-2.830326954775133,False
mp-683616,Li5Ti7In(PO4)12,"In,Li,O,P,Ti",2.938809193362207,2.4695,0.008645864486304333,-2.950378404005219,False
mp-685809,Li5Ti12O24,"Li,O,Ti",3.6186255813667527,0.0,0.01674519097561067,-3.2677839904065054,False
mp-690572,Li5(NiO2)6,"Li,Ni,O",4.852506110512187,0.21390000000000065,0.016577096177536887,-1.3957104128985507,False
mp-705961,Li5Mn12O24,"Li,Mn,O",4.004919849783116,0.0,0.02604306608739204,-2.010304827687134,False
mp-752479,Li5Mn3Cr2O10,"Cr,Li,Mn,O",4.094040097510652,0.9105000000000003,0.03591767524999856,-2.223453044522988,False
mp-752704,Li5V(SiO4)2,"Li,O,Si,V",2.5445734953781205,0.21829999999999972,0.04490597468750135,-2.740710475416666,False
mp-752782,Li5Ti2Mn3O10,"Li,Mn,O,Ti",3.865336957128993,1.4794999999999998,0.03224480075000713,-2.595415787356322,False
mp-753204,Li5Si2NiO8,"Li,Ni,O,Si",2.701293358752499,1.1171000000000002,0.04480331833333384,-2.4918656960416676,False
mp-753710,Li5Fe(SiO4)2,"Fe,Li,O,Si",2.6321056792141206,2.4664,0.014251512968750824,-2.634153863541667,False
mp-753750,Li5Mn5(FeO6)2,"Fe,Li,Mn,O",4.372054723255745,0.6700999999999997,0.04227717583333401,-2.0247316831800775,False
mp-753971,Li5Fe(Ni2O5)2,"Fe,Li,Ni,O",4.593221010573164,0.0,0.012233045541666598,-1.5751473433333332,False
mp-754280,Li5CoO4,"Co,Li,O",2.8015977619139396,1.5084,0.0169941714999986,-1.9182284851666658,False
mp-754301,Li5Ti2V5O12,"Li,O,Ti,V",4.158868525881309,0.17720000000000002,0.04577894583333464,-2.5777702922222225,False
mp-754449,Li5Cu2Ni5O12,"Cu,Li,Ni,O",4.979052828700632,0.2508999999999997,0.013139647083331596,-1.4223973561111112,False
mp-754486,Li5Mn2P2(CO7)2,"C,Li,Mn,O,P",2.683889098235805,0.0,0.04687264612222375,-2.3682069956725775,False
mp-754554,Li5Fe2P2(CO7)2,"C,Fe,Li,O,P",2.7497594586901273,1.4239,0.044461533549997156,-2.3000308062380945,False
mp-754679,Li5V2Fe3O10,"Fe,Li,O,V",4.102879092706334,1.0231999999999997,0.049037584375000165,-2.146443483833333,False
mp-754927,Li5Mn2Ni3O10,"Li,Mn,Ni,O",4.492124684255454,0.18159999999999998,0.01490844316666795,-1.8363745146264379,False
mp-755014,Li5Ti2Ni3O10,"Li,Ni,O,Ti",4.2776534353852,0.5196000000000001,0.014683742666664834,-2.3177042191666657,False
mp-755033,Li5Mn2P2(CO7)2,"C,Li,Mn,O,P",2.699930138142363,0.0,0.03659662372222261,-2.3784830180725782,False
mp-755090,Li5Cr2Fe5O12,"Cr,Fe,Li,O",4.604569866793681,0.9676,0.04558369017360153,-1.9769438648611117,False
mp-755112,Li5Mn3(PO4)4,"Li,Mn,O,P",3.1768553342328136,0.0,0.012393553571429905,-2.614610766036829,False
mp-755306,Li5Ni3(SnO5)2,"Li,Ni,O,Sn",5.152136607276826,0.05679999999999996,0.01201346366666467,-1.866013931083333,False
mp-755409,Li5Mn2Cu3O10,"Cu,Li,Mn,O",4.458887842765127,0.0,0.046727353249996106,-1.7400155553764372,False
mp-755397,Li5Mn3(SnO5)2,"Li,Mn,O,Sn",4.72059326616914,0.9559000000000002,0.027673447750003355,-2.145626573272989,False
mp-755514,Li5Mn2Fe3O10,"Fe,Li,Mn,O",4.117305002397958,0.18659999999999988,0.026849489624999556,-2.0040605446264363,False
mp-755607,Li5Co2Ni3O10,"Co,Li,Ni,O",4.678148176680163,0.2908000000000004,0.011035912166668105,-1.598409200333333,False
mp-755786,Li5Fe3(NiO5)2,"Fe,Li,Ni,O",4.569952116695066,0.22719999999999985,0.0449887829583302,-1.7211697853333334,False
mp-755821,Li5Cu(PO4)2,"Cu,Li,O,P",2.9151683214304165,1.8895,0.02897283421875141,-2.525703097247024,False
mp-755824,Li5Fe2Ni3O10,"Fe,Li,Ni,O",4.474938494278041,0.0,0.01743698275000316,-1.6593324958333326,False
mp-756021,Li5Cu2Ni3O10,"Cu,Li,Ni,O",4.664795236829593,0.0,0.031247639000000937,-1.4477797048333323,False
mp-756143,Li5Mn6O12,"Li,Mn,O",4.014931482721579,0.0,0.04237103717391477,-2.0947462367066483,False
mp-756326,Li5Fe2P2(CO7)2,"C,Fe,Li,O,P",2.747339149343451,1.1784,0.03480430654999722,-2.309688033238095,False
mp-756553,Li5Cu3(SbO5)2,"Cu,Li,O,Sb",5.11186712777606,0.021600000000000286,0.04613319243750169,-1.7837684923333335,False
mp-756645,Li5Ti3O8,"Li,O,Ti",3.4536558408613054,0.0,0.02244760843749738,-2.9588574310416664,False
mp-756675,Li5Fe3(SnO5)2,"Fe,Li,O,Sn",4.883265457892727,1.4391000000000007,0.019263503624999956,-2.0008397983333333,False
mp-756740,Li5Fe2P2(CO7)2,"C,Fe,Li,O,P",2.7388626461646854,1.3572,0.030383957949996265,-2.314108381838095,False
mp-756825,Li5Ti2Fe5O12,"Fe,Li,O,Ti",4.298185926782311,1.5239999999999996,0.028728224479163345,-2.2802448976388887,False
mp-756826,Li5V3Cr2O10,"Cr,Li,O,V",3.9859731122277453,1.7064,0.03637391224999753,-2.423343454333333,False
mp-756856,Li5Fe7O12,"Fe,Li,O",4.516351706497027,1.221,0.02492669989583085,-1.8427738211111115,False
mp-756855,Li5Cr2Ni3O10,"Cr,Li,Ni,O",4.440971571957902,0.0,0.04491908312499859,-1.8694645988333327,False
mp-756931,Li5Ni7O12,"Li,Ni,O",5.295216262112065,0.0,0.015147986944443304,-1.4361923123611124,False
mp-757035,Li5FeP3O11,"Fe,Li,O,P",2.736081517270332,4.1409,0.04954918024999522,-2.601704117029761,False
mp-757148,Li5Fe5(CuO6)2,"Cu,Fe,Li,O",4.570342296724345,0.2864,0.049920832395828896,-1.727992281111111,False
mp-757564,Li5Mn3(FeO5)2,"Fe,Li,Mn,O",4.110183579772021,1.0806,0.027606276499993143,-2.046290401022989,False
mp-757792,Li5Fe8(BO3)8,"B,Fe,Li,O",3.236282671792051,1.3013000000000001,0.04796546181250516,-2.287719706666666,False
mp-758044,Li5Ti8O16,"Li,O,Ti",3.878911200330756,0.0,0.02091280224137826,-3.151682846666666,False
mp-758105,Li5Fe11O16,"Fe,Li,O",4.927178669930404,0.5926,0.04969733179687541,-1.7214579058333337,False
mp-758384,Li5VO4F,"F,Li,O,V",2.4502011086139626,1.1479,0.04590801886363671,-2.4551945010606064,False
mp-758589,Li5V3P8O29,"Li,O,P,V",2.5720895824125036,0.8131999999999999,0.036732811592584014,-2.615638910084656,False
mp-758751,Li5(NiO2)8,"Li,Ni,O",4.6265913449329865,0.0,0.03445576682471252,-1.2596196179885055,False
mp-758807,Li5MnP2(O4F)2,"F,Li,Mn,O,P",2.7850223637678218,1.6278000000000001,0.04125132842591661,-2.701452671512041,False
mp-758864,Li5V3P8O29,"Li,O,P,V",2.573202306586453,1.1831999999999998,0.033631682703695986,-2.618740038973545,False
mp-759175,Li5V3P8O29,"Li,O,P,V",2.5708684523839525,0.7532999999999999,0.03744042970369588,-2.6149312919735452,False
mp-759272,Li5Cr3NiO8,"Cr,Li,Ni,O",4.1049917362848785,3.0171,0.049870436470588864,-2.157448774215687,False
mp-759298,Li5V3P8O29,"Li,O,P,V",2.5531697235034576,1.1766,0.03535330825925165,-2.6170184134179895,False
mp-759335,Li5V3P8O29,"Li,O,P,V",2.542960515660557,1.1308,0.03351042170369567,-2.618861299973545,False
mp-759548,Li5V3P8O29,"Li,O,P,V",2.5581159295198788,0.9103,0.03426453492591808,-2.618107186751323,False
mp-759609,Li5VO4F,"F,Li,O,V",2.661382857381196,1.48,0.04551652431818276,-2.4555859956060604,False
mp-759626,Li5V3P8O29,"Li,O,P,V",2.555313359234305,0.7699999999999999,0.0361789577036955,-2.616192763973545,False
mp-759762,Li5V3P8O29,"Li,O,P,V",2.5726800436370256,0.614,0.03707888092591727,-2.615292840751323,False
mp-759789,Li5V3P8O29,"Li,O,P,V",2.578032299229396,1.2480000000000002,0.03599989814813931,-2.6163718235291014,False
mp-759834,Li5V3P8O29,"Li,O,P,V",2.541124822755663,1.2467000000000001,0.03535709503702922,-2.6170146266402114,False
mp-759905,Li5V3P8O29,"Li,O,P,V",2.555225536969846,0.8421,0.034074699703696254,-2.618297021973545,False
mp-759944,Li5V3P8O29,"Li,O,P,V",2.5937186311900873,0.01650000000000007,0.0415864834814732,-2.610785238195767,False
mp-759995,Li5V3P8O29,"Li,O,P,V",2.5581387010136827,0.9863,0.03230713114813977,-2.620064590529101,False
mp-759994,Li5V3P8O29,"Li,O,P,V",2.5203681989786366,1.3305,0.03248200770369536,-2.6198897139735453,False
mp-760071,Li5V3P8O29,"Li,O,P,V",2.571925859435809,0.9505999999999999,0.03544248503702896,-2.6169292366402113,False
mp-760076,Li5V3P8O29,"Li,O,P,V",2.5362488503163942,0.6908000000000001,0.03737561059258354,-2.6149961110846567,False
mp-760147,Li5CoO4,"Co,Li,O",2.6889940709183726,1.6006000000000002,0.014425184499997634,-1.9207974721666665,False
mp-760183,Li5V3P8O29,"Li,O,P,V",2.584165956712809,1.121,0.03814549459258387,-2.614226227084657,False
mp-760268,Li5Fe8(BO3)8,"B,Fe,Li,O",3.2756537297959163,1.4195,0.04881502914583802,-2.2868701393333337,False
mp-760590,Li5(CuO2)3,"Cu,Li,O",3.719553325270749,0.0,0.01895859758928431,-1.6052986583333337,False
mp-760779,Li5V3P8O29,"Li,O,P,V",2.5852402758868656,1.2528000000000001,0.037819708370361305,-2.614552013306879,False
mp-760954,Li5Ti2V3O10,"Li,O,Ti,V",3.9087446099680827,0.29849999999999977,0.014795043875001745,-2.703298924166667,False
mp-761103,Li5VO4F,"F,Li,O,V",2.4429645332864194,1.9100000000000001,0.04760829704545522,-2.453494222878788,False
mp-761142,Li5Ti2Co3O10,"Co,Li,O,Ti",4.2728068317354015,0.8963999999999999,0.037903091750005835,-2.354767733666667,False
mp-761198,Li5Fe8(BO3)8,"B,Fe,Li,O",3.26643782543266,1.4214000000000002,0.04452820759028242,-2.2911569608888884,False
mp-761227,Li5Fe8(BO3)8,"B,Fe,Li,O",3.258091056754835,1.3468999999999998,0.04843278692361608,-2.287252381555555,False
mp-761250,Li5FeO3F,"F,Fe,Li,O",2.4841677939839353,1.9363,0.04658769075000535,-2.1538016879166677,False
mp-762692,Li5Fe11O16,"Fe,Li,O",4.807903247916924,0.36409999999999965,0.04243356148437538,-1.7287216761458337,False
mp-764554,Li5Fe8(BO3)8,"B,Fe,Li,O",3.2396151128741564,1.3078,0.04991849136806081,-2.2857666771111105,False
mp-764654,Li5Fe8(BO3)8,"B,Fe,Li,O",3.245797684832038,1.3898000000000001,0.04840912781250495,-2.2872760406666663,False
mp-764733,Li5Ni5O9F,"F,Li,Ni,O",4.7279765620416105,0.042300000000000004,0.037402396916670355,-1.5992387178333332,False
mp-764798,Li5Fe8(BO3)8,"B,Fe,Li,O",3.2420078381469057,1.4374,0.04983219981250464,-2.285852968666666,False
mp-765045,Li5V3P8O29,"Li,O,P,V",2.55485891818854,0.7796000000000001,0.03817417359258446,-2.614197548084656,False
mp-765080,Li5V3P8O29,"Li,O,P,V",2.5799556610248637,0.3294999999999999,0.03882776148147382,-2.6135439601957673,False
mp-765086,Li5V3P8O29,"Li,O,P,V",2.5640894054528998,0.0,0.041098107370362236,-2.611273614306878,False
mp-765083,Li5V3P8O29,"Li,O,P,V",2.5330440584220413,0.9784,0.03539910014813952,-2.616972621529101,False
mp-765084,Li5V3P8O29,"Li,O,P,V",2.5635151233070372,0.9696,0.03589140048147321,-2.616480321195768,False
mp-765130,Li5V3P8O29,"Li,O,P,V",2.551628390246562,0.9794,0.03645708914813994,-2.6159146325291007,False
mp-765088,Li5V3P8O29,"Li,O,P,V",2.5789034335234535,1.1449000000000003,0.03699621670369524,-2.6153755049735454,False
mp-765155,Li5V3P8O29,"Li,O,P,V",2.577068378816842,0.6093,0.032881519703694906,-2.6194902019735453,False
mp-765137,Li5V3P8O29,"Li,O,P,V",2.54811965018553,0.8053999999999999,0.034087403370362424,-2.6182843183068782,False
mp-765148,Li5V3P8O29,"Li,O,P,V",2.5872624663748747,1.2546,0.034568577814805934,-2.6178031438624347,False
mp-765158,Li5V3P8O29,"Li,O,P,V",2.5725074749098686,1.1622999999999999,0.0371473890370293,-2.615224332640212,False
mp-765199,Li5V3P8O29,"Li,O,P,V",2.547414803071505,0.8265000000000001,0.037338352259251195,-2.615033369417989,False
mp-765197,Li5V3P8O29,"Li,O,P,V",2.5636957359957098,0.5618,0.03864842881480701,-2.613723292862434,False
mp-765196,Li5V3P8O29,"Li,O,P,V",2.5646696475542528,0.9659000000000001,0.03449700537036193,-2.6178747163068787,False
mp-765219,Li5V3P8O29,"Li,O,P,V",2.550465710508444,1.1747999999999998,0.03612145337036221,-2.616250268306878,False
mp-765231,Li5V3P8O29,"Li,O,P,V",2.559392857676003,0.8481000000000001,0.03239881392591748,-2.619972907751323,False
mp-765629,Li5Mn5(CoO6)2,"Co,Li,Mn,O",4.547171200175193,0.5187999999999997,0.044001447916663494,-1.9678620465134102,False
mp-765709,Li5Ti2Fe3O10,"Fe,Li,O,Ti",3.99410076784167,1.4627,0.025776160374999968,-2.4486877086666667,False
mp-765750,Li5Cr2Fe3O10,"Cr,Fe,Li,O",4.140958212618973,1.0364,0.03956849470833124,-2.091160693833333,False
mp-765985,Li5Ti12O24,"Li,O,Ti",3.74507908884586,0.0,0.03662864609756333,-3.247900535284553,False
mp-766028,K4Li5Ti8(PO5)8,"K,Li,O,P,Ti",2.7360135918827333,0.011400000000000077,0.04381534547290311,-2.992316805684249,False
mp-766385,Li5V12O32,"Li,O,V",3.367790061145163,0.0,0.014197118877550707,-2.3600024736054435,False
mp-766500,Li5Mn3(BO3)4,"B,Li,Mn,O",3.028629653538452,0.0,0.0401574827083353,-2.4960188315469343,False
mp-766508,Li5Mn2Fe(BO3)4,"B,Fe,Li,Mn,O",3.0548027748673237,0.0,0.04844174348958141,-2.453822000174809,False
mp-766507,Li5Fe3(BO3)4,"B,Fe,Li,O",3.059147851045904,1.1480000000000001,0.03132863781249906,-2.377615975347222,False
mp-766536,Li5Mn6(BO3)6,"B,Li,Mn,O",3.145520490609565,0.0,0.03563328535715016,-2.4756805396929393,False
mp-766589,Li5(CoO2)8,"Co,Li,O",4.653228450440103,0.43100000000000005,0.031350225732758474,-1.5411092366091963,False
mp-766637,Li5Fe6(BO3)6,"B,Fe,Li,O",3.3070115966028255,1.6005000000000003,0.025283452214285518,-2.309635864190476,False
mp-766727,Li5Fe11O16,"Fe,Li,O",4.777174348561909,1.1468000000000003,0.02260375023437522,-1.7485514873958339,False
mp-767086,Li5MgTi12O24,"Li,Mg,O,Ti",3.6782658532915518,0.0,0.022020969999999807,-3.2219780659920643,False
mp-767762,Li5Mn6(BO3)6,"B,Li,Mn,O",3.1547888811276636,0.0,0.034561079928579375,-2.4767527451215106,False
mp-1568601,Li6NiO4,"Li,Ni,O",2.6896630331954507,3.2295,0.03768359454545411,-1.8705483895454549,False
mp-1570562,Li6NiO4,"Li,Ni,O",2.6865366083853415,3.1994000000000002,0.021338538181817412,-1.8868934459090914,False
mp-1639020,Li6Mn5SbO12,"Li,Mn,O,Sb",3.999315745061311,0.7326000000000001,0.043310297291668576,-2.1132921604022994,False
mp-1641670,Li6NiO4,"Li,Ni,O",2.6858364087866944,3.0631000000000004,0.0237609799999996,-1.8844710040909094,False
mp-1643730,Li6NiO4,"Li,Ni,O",2.683780836671625,3.2768,0.021817094999999398,-1.8864148890909098,False
mp-1648716,Li6Mn5SbO12,"Li,Mn,O,Sb",3.9963138866988563,0.9330000000000003,0.040125329166669665,-2.1164771285272987,False
mp-2763586,Li6Ti2O7,"Li,O,Ti",3.084394365323085,2.8577000000000004,0.004465396333364069,-2.7265346983055556,False
mp-768104,Li6(NiO2)13,"Li,Ni,O",4.62510767358184,0.0,0.048902046023155066,-1.1412805608888883,False
mp-768114,Li6Ti9O20,"Li,O,Ti",3.4814438328925275,0.0,0.003677804071438473,-3.2199438308571433,False
mp-769109,Li6V3Ni(PO4)6,"Li,Ni,O,P,V",2.966847650378498,0.9196,0.04314232826561071,-2.6116117824464298,False
mp-769575,Li6Co5(P2O7)4,"Co,Li,O,P",3.3288391475060757,2.9488,0.015354510620575468,-2.449707859939209,False
mp-769569,Li6MgNi7O16,"Li,Mg,Ni,O",4.483703609235162,0.43530000000000024,0.0335970580648155,-1.4536359738333335,False
mp-770456,Li6Ti2O7,"Li,O,Ti",2.9681381327814385,2.3765,0.019160892666667095,-2.7981477254444447,False
mp-770489,Li6Cr3Fe(PO4)6,"Cr,Fe,Li,O,P",2.97450572495329,2.3775999999999997,0.043275714375003105,-2.585449242446429,False
mp-770533,Li6MnO4,"Li,Mn,O",2.681139291339976,2.6186,0.005511122272728208,-2.0508089466300947,False
mp-771835,Li6V3P8O29,"Li,O,P,V",2.5811126293266424,0.8370000000000001,0.024225347889505144,-2.656244622763975,False
mp-771874,Li6V3P8O29,"Li,O,P,V",2.594197269792366,0.9501999999999999,0.02817085571559197,-2.6522991149378883,False
mp-772026,Li6V3P8O29,"Li,O,P,V",2.593908456034044,1.0766999999999998,0.025947317346027177,-2.654522653307453,False
mp-772055,Li6Ti2O7,"Li,O,Ti",3.0812393743306714,2.9524,0.011396074333335449,-2.8059125437777768,False
mp-772075,Li6V3P8O29,"Li,O,P,V",2.5887805343935137,0.875,0.022142779846027416,-2.6583271908074533,False
mp-772092,Li6V3P8O29,"Li,O,P,V",2.5895653464305286,1.5497999999999998,0.02378405321559196,-2.6566859174378883,False
mp-772081,Li6V3P8O29,"Li,O,P,V",2.590166896957961,1.3295,0.027544977454723174,-2.652924993198758,False
mp-772078,Li6V3P8O29,"Li,O,P,V",2.588045601648974,1.2014999999999998,0.027935092998200517,-2.65253487765528,False
mp-772112,Li6V3P8O29,"Li,O,P,V",2.5948783882311695,1.0057999999999998,0.026519333976462,-2.6539506366770182,False
mp-772104,Li6V3P8O29,"Li,O,P,V",2.5699834044750127,0.49139999999999984,0.023214802346026353,-2.6572551683074543,False
mp-772139,Li6V3P8O29,"Li,O,P,V",2.594273277962751,1.1743999999999999,0.02443773832428775,-2.656032232329193,False
mp-772196,Li6V3P8O29,"Li,O,P,V",2.5794371420780746,1.2773,0.021736141367766137,-2.6587338292857146,False
mp-772227,Li6V3P8O29,"Li,O,P,V",2.5942773894979045,1.3586,0.026702945172113246,-2.653767025481367,False
mp-772239,Li6V3P8O29,"Li,O,P,V",2.567174673760831,1.4447,0.025634535715592044,-2.654835434937888,False
mp-772407,Li6V3P8O29,"Li,O,P,V",2.587383481327866,1.1848999999999998,0.022533481041678627,-2.657936489611802,False
mp-772361,Li6V3P8O29,"Li,O,P,V",2.594301578446885,1.3512,0.020620217889505632,-2.659849752763975,False
mp-772557,Li6V3P8O29,"Li,O,P,V",2.580199118576954,1.3950999999999998,0.02145259723733073,-2.6590173734161495,False
mp-772646,Li6V3P8O29,"Li,O,P,V",2.5901405644246753,1.1088,0.023915010715592544,-2.656554959937888,False
mp-772642,Li6V3P8O29,"Li,O,P,V",2.585611243507769,1.1301999999999999,0.022336594193852477,-2.6581333764596278,False
mp-772675,Li6V3P8O29,"Li,O,P,V",2.5752040061569192,1.216,0.019354428759070785,-2.66111554189441,False
mp-772709,Li6V3P8O29,"Li,O,P,V",2.582383995705206,1.1525,0.019181023976461375,-2.661288946677019,False
mp-772719,Li6V3P8O29,"Li,O,P,V",2.587411064135904,1.103,0.02067043288950554,-2.659799537763975,False
mp-772963,Li6V3P8O29,"Li,O,P,V",2.5988910108821854,1.0571000000000002,0.02150279408515754,-2.658967176568323,False
mp-772961,Li6V3P8O29,"Li,O,P,V",2.597159584694176,0.7631999999999999,0.02325665549820144,-2.6572133151552793,False
mp-772985,Li6V3P8O29,"Li,O,P,V",2.5887777957437286,1.4081,0.022011558759070127,-2.65845841189441,False
mp-773684,Li6V3P8O29,"Li,O,P,V",2.5757881184278695,1.3481,0.02236645723733055,-2.6581035134161497,False
mp-773693,Li6V3P8O29,"Li,O,P,V",2.5943604972335432,0.8649,0.021669010606896855,-2.6588009600465843,False
mp-774273,Li6V3P8O29,"Li,O,P,V",2.590792098400791,1.458,0.022927312128635968,-2.6575426585248447,False
mp-774303,Li6Mn5Fe(BO3)6,"B,Fe,Li,Mn,O",3.189430895797272,2.6115999999999997,0.0037391110416624684,-2.4807506708237543,False
mp-774324,Li6MnFe5(BO3)6,"B,Fe,Li,Mn,O",3.2673254332480535,2.8479,0.005768713680554427,-2.356841737025863,False
mp-774349,Li6MnFe5(BO3)6,"B,Fe,Li,Mn,O",3.273972539346155,2.8355999999999995,0.00580940423610965,-2.3568010464703075,False
mp-774368,Li6Mn5Fe(BO3)6,"B,Fe,Li,Mn,O",3.187704891525263,2.6076,0.0037375525694400835,-2.4807522292959763,False
mp-774370,Li6Mn5Fe(BO3)6,"B,Fe,Li,Mn,O",3.190484894813787,2.6092000000000004,0.0037476775694402775,-2.4807421042959765,False
mp-774362,Li6Mn5Fe(BO3)6,"B,Fe,Li,Mn,O",3.1889007529289928,2.6041999999999996,0.004023962013885551,-2.4804658198515313,False
mp-774674,Li6Ti7Cr5O24,"Cr,Li,O,Ti",3.7730740850260975,0.0,0.0006060241567471536,-2.946033167460318,False
mp-775263,Li6CoNi9O20,"Co,Li,Ni,O",4.542787152372934,0.0,0.043299782361116534,-1.2666301124999992,False
mp-775325,Li6MnV3(PO4)6,"Li,Mn,O,P,V",2.8800309381381144,0.5724000000000002,0.020737435640611146,-2.680983277644706,False
mp-776277,Li6Mn3P8O29,"Li,Mn,O,P",2.667580788626956,0.6496000000000001,0.012285561014492075,-2.5095025714333907,False
mp-776423,Li6Ni2C4SO16,"C,Li,Ni,O,S",2.8758641654018002,3.6761,0.04172341818965819,-2.0166936928448282,False
mp-777372,Li6MnV3(PO4)6,"Li,Mn,O,P,V",2.8552329680939414,0.0,0.041429321140613595,-2.6602913921447033,False
mp-777520,Li6MnFe5(BO3)6,"B,Fe,Li,Mn,O",3.2705071565211554,2.8181000000000003,0.006354693680554746,-2.3562557570258633,False
mp-777582,Li6MnV3(PO4)6,"Li,Mn,O,P,V",2.9333570554201605,0.027900000000000036,0.02547894301561282,-2.676241770269704,False
mp-777761,Li6MnV3(PO4)6,"Li,Mn,O,P,V",2.8660737023302936,0.0,0.024978624140612027,-2.6767420891447053,False
mp-777774,Li6MnFe5(BO3)6,"B,Fe,Li,Mn,O",3.268833003600532,2.8451999999999993,0.005787570902776373,-2.3568228798036412,False
mp-777835,Li6MnV3(PO4)6,"Li,Mn,O,P,V",2.8997265527739264,0.5203000000000002,0.016624576515612333,-2.6850961367697046,False
mp-777874,Li6MnV3(PO4)6,"Li,Mn,O,P,V",3.000351931588316,0.34850000000000003,0.0206092595156111,-2.681111453769706,False
mp-778149,Li6Ti3P8O29,"Li,O,P,Ti",2.548570399662136,2.3633,0.02658477012681182,-2.8674357754813666,False
mp-778215,Li6MnV3(PO4)6,"Li,Mn,O,P,V",2.870597573544954,0.13640000000000008,0.0301011061406129,-2.6716196071447036,False
mp-778260,Li6Mn5Fe(BO3)6,"B,Fe,Li,Mn,O",3.1893495056516086,2.6031,0.0037225581249957784,-2.480767223740421,False
mp-778476,Li6Mn5Fe(BO3)6,"B,Fe,Li,Mn,O",3.1902920770898153,2.6043999999999996,0.003979069236107691,-2.480510712629309,False
mp-778494,Li6MnFe5(BO3)6,"B,Fe,Li,Mn,O",3.273805970669243,2.8303000000000003,0.006520941458331819,-2.3560895092480854,False
mp-778872,Li6Mn5Fe(BO3)6,"B,Fe,Li,Mn,O",3.1884591293855253,2.6098,0.0023252302083287546,-2.4821645516570876,False
mp-779011,Li6MnFe5(BO3)6,"B,Fe,Li,Mn,O",3.277680058728659,2.8588,0.006597747291666067,-2.3560127034147516,False
mp-779627,Li6MnFe5(BO3)6,"B,Fe,Li,Mn,O",3.273589884593876,2.8379000000000003,0.00562430951388837,-2.3569861411925297,False
mp-779719,Li6Mn5O12,"Li,Mn,O",3.8727551633126027,0.7221000000000002,0.04248003586956628,-2.10174843541979,False
mp-779784,Li6MnFe5(BO3)6,"B,Fe,Li,Mn,O",3.266809012730345,2.8636,0.005850718819443657,-2.3567597318869735,False
mp-779877,Li6MnFe5(BO3)6,"B,Fe,Li,Mn,O",3.2743473726640797,2.7977000000000003,0.005734742847221419,-2.3568757078591966,False
mp-779891,Li6Mn5Fe(BO3)6,"B,Fe,Li,Mn,O",3.1907780146438594,2.6001000000000003,0.003965211458329065,-2.4805245704070873,False
mp-780188,Li6Fe5O12,"Fe,Li,O",3.9200935763572673,0.0,0.035164930791925286,-1.8099457421739127,False
mp-780426,Li6Co2C4SO16,"C,Co,Li,O,S",2.8256715761124696,0.0,0.042529975086206484,-2.0198474628448286,False
mp-850228,Li6Mn5Fe(BO3)6,"B,Fe,Li,Mn,O",3.190956332635607,2.6117000000000004,0.0037343620138852174,-2.4807554198515316,False
mp-861128,Li6Mn5CoO12,"Co,Li,Mn,O",3.8642360883935916,0.7322000000000002,0.04947057947916811,-2.041456841235633,False
mp-867666,Li6CoNi5O12,"Co,Li,Ni,O",4.547626177113503,0.059499999999999886,0.03942137305555793,-1.505009015,False
mp-867994,Li6Mn9O20,"Li,Mn,O",3.950895790662511,0.0,0.0214406509999856,-2.0459943728965526,False
mp-882809,Li6MnV3(PO4)6,"Li,Mn,O,P,V",2.8771180215640992,0.6058999999999999,0.03674950551561196,-2.6649712077697054,False
mp-887424,Li6MnV3(PO4)6,"Li,Mn,O,P,V",3.0007113100668987,0.4981,0.021105191265611722,-2.6806155220197048,False
mp-1174770,Li6Mn3CoO10,"Co,Li,Mn,O",3.966388137413977,0.5697000000000001,0.044870262874997735,-2.0444143086896553,False
mp-1174768,Li6Mn3CoO10,"Co,Li,Mn,O",3.9644605080430777,1.0162,0.03771868487499752,-2.051565886689655,False
mp-1174771,Li6Mn3CoO10,"Co,Li,Mn,O",4.014059734620658,0.8346,0.030033053374997287,-2.0592515181896553,False
mp-1174775,Li6Mn3CoO10,"Co,Li,Mn,O",3.9409450235716585,0.9657,0.04201896087499701,-2.0472656106896556,False
mp-1174791,Li6Mn3CoO10,"Co,Li,Mn,O",3.978741867984684,0.9630999999999998,0.045170733374996885,-2.0441138381896558,False
mp-1174811,Li6Mn3CoO10,"Co,Li,Mn,O",3.95074396472554,0.9897,0.04461396837499709,-2.044670603189656,False
mp-1176888,Li6VCr3(PO4)6,"Cr,Li,O,P,V",2.929573916830338,2.2569,0.043690441625000354,-2.638875661946429,False
mp-1176900,Li6V3P8O29,"Li,O,P,V",2.5894149446136976,0.06170000000000009,0.037078600498200665,-2.6433913701552796,False
mp-1176902,Li6V3P8O29,"Li,O,P,V",2.5863589979905717,1.4619,0.02473131919385274,-2.6557386514596275,False
mp-1176904,Li6V3P8O29,"Li,O,P,V",2.5732936710557217,1.2517,0.020774899519940604,-2.6596950711335405,False
mp-1176905,Li6V3P8O29,"Li,O,P,V",2.573797159303524,9.999999999998899e-05,0.021810243759070147,-2.6586597268944105,False
mp-1176896,Li6V3P8O29,"Li,O,P,V",2.548096361992686,1.6115,0.023476777780809144,-2.6569931928726715,False
mp-1176903,Li6V3P8O29,"Li,O,P,V",2.570944206341957,1.3871,0.021793515389505025,-2.6586764552639757,False
mp-1176913,Li6V3P8O29,"Li,O,P,V",2.585459074847618,1.4710999999999999,0.02701641354167883,-2.6534535571118014,False
mp-1176917,Li6V3P8O29,"Li,O,P,V",2.5674453621843933,1.0851,0.02228358180254908,-2.6581863888509316,False
mp-1176906,Li6V3P8O29,"Li,O,P,V",2.570651907920202,1.4765000000000001,0.023491958215592135,-2.656978012437889,False
mp-1176916,Li6V3P8O29,"Li,O,P,V",2.571157457245162,1.1059,0.023071035824287378,-2.6573989348291933,False
mp-1176908,Li6V3P8O29,"Li,O,P,V",2.5604720297097012,1.2342,0.01972886636776572,-2.6607411042857145,False
mp-1176909,Li6V3P8O29,"Li,O,P,V",2.6051379967236645,1.1723,0.024006890824288085,-2.6564630798291926,False
mp-1176915,Li6V3P8O29,"Li,O,P,V",2.579539360841425,1.5658,0.02285937604167909,-2.657610594611801,False
mp-1176914,Li6V3P8O29,"Li,O,P,V",2.5913583101681965,1.4555999999999998,0.019679338541679137,-2.660790632111801,False
mp-1176912,Li6V3P8O29,"Li,O,P,V",2.5965505127684887,1.3642,0.025566808324287926,-2.6549031623291928,False
mp-1176918,Li6V3P8O29,"Li,O,P,V",2.5634382625960894,1.1982,0.01946501158515712,-2.6610049590683236,False
mp-1176928,Li6V3P8O29,"Li,O,P,V",2.570449051448883,0.9865,0.02227709712863568,-2.6581928735248446,False
mp-1176921,Li6V3P8O29,"Li,O,P,V",2.5851795447175294,0.9319000000000001,0.02856569136776521,-2.651904279285715,False
mp-1176932,Li6V3P8O29,"Li,O,P,V",2.578574327425339,1.4437,0.026548797563417992,-2.6539211730900627,False
mp-1176919,Li6V3P8O29,"Li,O,P,V",2.565958665211351,1.4247999999999998,0.02244809941124437,-2.658021871242236,False
mp-1176922,Li6V3P8O29,"Li,O,P,V",2.5794542195106556,0.7214,0.02412111615037471,-2.656348854503106,False
mp-1176923,Li6V3P8O29,"Li,O,P,V",2.578949323817141,1.3890000000000002,0.019390331802549454,-2.6610796388509312,False
mp-1176927,Li6V3P8O29,"Li,O,P,V",2.5661910511133113,0.9571000000000001,0.021646107889505828,-2.658823862763975,False
mp-1176930,Li6V3P8O29,"Li,O,P,V",2.5721081531367935,1.3145,0.020705239193853586,-2.659764731459627,False
mp-1176920,Li6V3P8O29,"Li,O,P,V",2.577832857563029,1.4697000000000002,0.023763089411244387,-2.656706881242236,False
mp-1176925,Li6V3P8O29,"Li,O,P,V",2.553127254231373,1.4459,0.022875327019939995,-2.6575946436335407,False
mp-1176929,Li6V3P8O29,"Li,O,P,V",2.5678723156834677,1.1336,0.02626849136776599,-2.6542014792857143,False
mp-1176926,Li6V3P8O29,"Li,O,P,V",2.5684484082760535,1.1202,0.027205575715592012,-2.6532643949378887,False
mp-1176948,Li6V3P8O29,"Li,O,P,V",2.57290332985539,0.9114000000000001,0.023873098976460838,-2.6565968716770194,False
mp-1176935,Li6V3P8O29,"Li,O,P,V",2.564191492237004,1.1969,0.02135444734602654,-2.6591155233074537,False
mp-1176939,Li6V3Fe(PO4)6,"Fe,Li,O,P,V",2.8923239552379236,1.6169000000000002,0.04679676282811229,-2.6280557246964285,False
mp-1176938,Li6V3P8O29,"Li,O,P,V",2.576755381964146,1.0791,0.027429118106895523,-2.6530408525465847,False
mp-1176936,Li6Ti2O7,"Li,O,Ti",2.9580778938686736,2.3414,0.017778954333333985,-2.7995296637777773,False
mp-1176943,Li6V3P8O29,"Li,O,P,V",2.584868809808792,1.1042,0.024001801911245124,-2.656468168742236,False
mp-1176944,Li6V3P8O29,"Li,O,P,V",2.583372997189093,1.2745,0.026014049628635405,-2.6544559210248453,False
mp-1176942,Li6V3P8O29,"Li,O,P,V",2.57315800499286,1.3001999999999998,0.026423669411244077,-2.6540463012422366,False
mp-1176947,Li6V3P8O29,"Li,O,P,V",2.5921657870661474,1.4889999999999999,0.027325454519940173,-2.6531445161335405,False
mp-1176976,Li6MnV3(PO4)6,"Li,Mn,O,P,V",2.9007520026157625,0.44269999999999987,0.01723841701561213,-2.6844822962697044,False
mp-1176977,Li6MnV3(PO4)6,"Li,Mn,O,P,V",2.9184260001980764,0.3467,0.018146865140612256,-2.6835738481447047,False
mp-1176973,Li6MnV3(PO4)6,"Li,Mn,O,P,V",2.8525580248959588,0.6435027981758843,0.04113782364061258,-2.6605828896447044,False
mp-1176959,Li6MnV3(PO4)6,"Li,Mn,O,P,V",2.9939845635784312,0.5296000000000001,0.020460946890612952,-2.681259766394704,False
mp-1176989,Li6MnV3(PO4)6,"Li,Mn,O,P,V",2.8604717569098623,0.46809999999999996,0.039673269890612595,-2.6620474433947043,False
mp-1176980,Li6MnV3(PO4)6,"Li,Mn,O,P,V",2.9011320844915653,0.6465999999999998,0.015913813015611566,-2.685806900269706,False
mp-1176988,Li6MnV3(PO4)6,"Li,Mn,O,P,V",2.9996296110523857,0.5455999999999999,0.02070717089061347,-2.681013542394704,False
mp-1176982,Li6MnV3(PO4)6,"Li,Mn,O,P,V",2.90245069560578,0.34109999999999996,0.018186488265611978,-2.683534225019705,False
mp-1176992,Li6MnV3(PO4)6,"Li,Mn,O,P,V",2.904479739947706,0.33050000000000024,0.017153136390611223,-2.6845675768947053,False
mp-1176983,Li6MnV3(PO4)6,"Li,Mn,O,P,V",2.9946518989840536,0.5801999999999998,0.020892204515611468,-2.680828508769705,False
mp-1176998,Li6V3P8O29,"Li,O,P,V",2.581551884417815,1.1640000000000001,0.025236404519939803,-2.6552335661335404,False
mp-1177007,Li6Mn3V(PO4)6,"Li,Mn,O,P,V",2.928089592668015,0.01670000000000016,0.02057043787499957,-2.5982989562912566,False
mp-1177017,Li6Fe3P8O29,"Fe,Li,O,P",2.5435064191305576,0.023999999999999994,0.049016993894928085,-2.444387199720495,False
mp-1177009,Li6V3P8O29,"Li,O,P,V",2.5781251977078203,1.5143000000000002,0.023481525715593143,-2.656988444937888,False
mp-1177014,Li6Mn3V(PO4)6,"Li,Mn,O,P,V",2.9546510020769987,0.5710999999999999,0.013380913999998967,-2.605488480166257,False
mp-1177022,Li6MnV3(PO4)6,"Li,Mn,O,P,V",2.852739360565309,0.43699999999999983,0.040022263265611535,-2.6616984500197054,False
mp-1177033,Li6Mn3V(PO4)6,"Li,Mn,O,P,V",2.957602491209754,0.0,0.02861849299999797,-2.5902509011662573,False
mp-1177035,Li6V3P8O29,"Li,O,P,V",2.5695607161519614,1.3452,0.02106273060689734,-2.659407240046584,False
mp-1177041,Li6V3P8O29,"Li,O,P,V",2.572532370464863,0.9714,0.0198019071286355,-2.6606680635248448,False
mp-1177040,Li6Mn3V(PO4)6,"Li,Mn,O,P,V",2.963593233025344,0.009700000000000042,0.021300105999999097,-2.5975692881662567,False
mp-1177037,Li6Mn3V(PO4)6,"Li,Mn,O,P,V",2.9551436681256043,0.5279999999999998,0.01573972549999869,-2.603129668666257,False
mp-1177068,Li6V3P8O29,"Li,O,P,V",2.582059307061559,1.1456,0.02575902984602685,-2.654710940807454,False
mp-1177071,Li6V3P8O29,"Li,O,P,V",2.5810373855900894,1.5876000000000001,0.02209528604167943,-2.658374684611801,False
mp-1177078,Li6MnV3(PO4)6,"Li,Mn,O,P,V",2.878122856097389,0.20420000000000016,0.019465543640611038,-2.682255169644706,False
mp-1177100,Li6V3P8O29,"Li,O,P,V",2.587646570767075,1.5882999999999998,0.022949372346026564,-2.6575205983074537,False
mp-1177111,Li6V3P8O29,"Li,O,P,V",2.5771012475748605,1.3891999999999998,0.025117927998200784,-2.6553520426552795,False
mp-1177106,Li6V3P8O29,"Li,O,P,V",2.5758031324914707,1.0171,0.021509557019939507,-2.658960413633541,False
mp-1191302,Li6Cu(B2O5)2,"B,Cu,Li,O",2.4527649743216213,1.0877000000000001,0.01695900797619032,-2.4995904660317465,False
mp-1198701,Li6Cu(B2O5)2,"B,Cu,Li,O",2.4758474660944025,0.7405999999999999,0.017888499563492033,-2.498660974444444,False
mp-18925,Li6CoO4,"Co,Li,O",2.830290321040326,2.4,0.0,-1.9387670465909097,True
mp-25923,Li6Mn9(PO4)8,"Li,Mn,O,P",3.269989962951098,2.9786,0.048442334090910144,-2.565488777609494,False
mp-26163,Li6Cr9(PO4)8,"Cr,Li,O,P",3.2600896052616024,2.7226000000000004,0.014931764943175274,-2.5300095386753254,False
mp-26221,Li6Fe3P8O29,"Fe,Li,O,P",2.560159316800948,0.0,0.048345027916667505,-2.445059165698756,False
mp-26303,Li6Cu9(PO4)8,"Cu,Li,O,P",3.729023957859523,0.2721,0.025080087454552924,-2.1232532035844156,False
mp-26976,Li6Cr3P8O29,"Cr,Li,O,P",2.5819513376834475,0.032,0.04350105172101504,-2.556496625481367,False
mp-504367,Li6V3P8O29,"Li,O,P,V",2.5672060114785857,1.5598999999999998,0.01842249615037428,-2.662047474503106,False
mp-504387,Li6Mn5(P2O7)4,"Li,Mn,O,P",2.9605880742932067,3.7029000000000005,0.0409508279787234,-2.6093161262084683,False
mp-556002,Li6Cu(B2O5)2,"B,Cu,Li,O",2.4892143451609825,0.7482,0.048739701785714296,-2.4678097722222225,False
mp-685797,Li6Ti9O20,"Li,O,Ti",3.4717488755637924,0.0,0.01652116864286768,-3.207100466285715,False
mp-704284,Li6Mn3P8O29,"Li,Mn,O,P",2.684172685779652,0.6539999999999999,0.013892593079710025,-2.507895539368173,False
mp-705432,Li6Ni5(P2O7)4,"Li,Ni,O,P",3.261870633132106,3.7753000000000005,0.03833205900708947,-2.409616170683889,False
mp-731452,Li6Ti8Ni(PO5)8,"Li,Ni,O,P,Ti",3.2349343593938085,2.9795999999999996,0.0029007124603097623,-3.004299587996977,False
mp-756155,Li6FeO4,"Fe,Li,O",2.5665936555802995,2.2934,0.025519845000000707,-1.9617434840909092,False
mp-756411,Li6NiO4,"Li,Ni,O",2.6835814712200317,2.8594999999999997,0.020854933636362816,-1.8873770504545462,False
mp-757184,Li6V3P8O29,"Li,O,P,V",2.588809493661844,1.4742000000000002,0.023427540715593054,-2.657042429937888,False
mp-757213,Li6V3P8O29,"Li,O,P,V",2.5989896737757627,1.2485,0.024908666476462393,-2.6555613041770187,False
mp-757217,Li6V3P8O29,"Li,O,P,V",2.5863968688302323,1.4686,0.022973830606896506,-2.6574961400465837,False
mp-757295,Li6Cr3Ni(PO4)6,"Cr,Li,Ni,O,P",3.032309350017019,0.36529999999999996,0.04943780499998951,-2.540821539446429,False
mp-757400,Li6V3P8O29,"Li,O,P,V",2.5894096885527516,0.7950000000000002,0.02348230125907058,-2.6569876693944097,False
mp-757469,Li6V3Cr(PO4)6,"Cr,Li,O,P,V",2.889454917414246,1.9505000000000003,0.044389519124999666,-2.6682036061964283,False
mp-757509,Li6V3P8O29,"Li,O,P,V",2.591272782263497,1.342,0.034713041911245135,-2.645756928742236,False
mp-757517,Li6V3P8O29,"Li,O,P,V",2.5816358788032625,1.3464,0.023247031911243887,-2.657222938742237,False
mp-757536,Li6V3P8O29,"Li,O,P,V",2.5872146764530353,1.0906000000000002,0.022863790498201197,-2.6576061801552795,False
mp-757591,Li6V3P8O29,"Li,O,P,V",2.581936802761933,1.2095000000000002,0.021955845172114685,-2.6585141254813665,False
mp-757631,Li6V3P8O29,"Li,O,P,V",2.591768089602352,1.0297999999999998,0.023882704193852966,-2.6565872664596277,False
mp-757632,Li6V3P8O29,"Li,O,P,V",2.589324691442265,1.3887,0.024056407563418425,-2.6564135630900627,False
mp-757753,Li6VFe3(PO4)6,"Fe,Li,O,P,V",2.942139006885641,1.7495,0.04970579413541909,-2.5171020671964284,False
mp-757882,Li6V3P8O29,"Li,O,P,V",2.578261120727986,1.4905,0.02748987332428765,-2.652980097329193,False
mp-758326,Li6TiNi7O16,"Li,Ni,O,Ti",4.5393768254565705,0.3759999999999999,0.04264994880555317,-1.6020610931111112,False
mp-758623,Li6FeNi9O20,"Fe,Li,Ni,O",4.592317925393896,0.0,0.04934089193865532,-1.280562478333334,False
mp-758650,Li6MnNi7O16,"Li,Mn,Ni,O",4.593138472193073,0.17939999999999978,0.029415162972223463,-1.4549275442643677,False
mp-758747,Li6(NiO2)11,"Li,Ni,O",4.610193045672339,0.3245,0.03800080377136883,-1.2072741912820508,False
mp-759256,Li6MnV3(PO4)6,"Li,Mn,O,P,V",2.8894727733850916,1.0054000000000003,0.047255812890613313,-2.6544649003947036,False
mp-759369,Li6MnNi7O16,"Li,Mn,Ni,O",4.626056019905564,0.26690000000000014,0.031200591138889067,-1.4531421160977014,False
mp-759755,Li6V3P8O29,"Li,O,P,V",2.6081622500587844,1.2328999999999999,0.02653503495472176,-2.6539349356987585,False
mp-759810,Li6Fe3Co7O20,"Co,Fe,Li,O",4.475781904236664,0.0,0.0334073874131926,-1.5957960416666657,False
mp-760070,Li6V3P8O29,"Li,O,P,V",2.594926458398848,0.9390000000000001,0.02604979115037498,-2.6544201795031057,False
mp-760114,Li6V3P8O29,"Li,O,P,V",2.6063933553663903,1.4102000000000001,0.025251688324287258,-2.6552182823291934,False
mp-760124,Li6V3P8O29,"Li,O,P,V",2.5989882675345615,1.3973999999999998,0.02266158430254883,-2.6578083863509314,False
mp-760160,Li6V3P8O29,"Li,O,P,V",2.59048395155271,1.4484,0.027058036911244976,-2.6534119337422357,False
mp-760182,Li6V3P8O29,"Li,O,P,V",2.595444876354642,1.3801,0.01824750038950551,-2.6622224702639756,False
mp-760201,Li6V3P8O29,"Li,O,P,V",2.5852828196172206,1.347,0.021889320172114424,-2.6585806504813663,False
mp-760214,Li6Mn(FeO3)2,"Fe,Li,Mn,O",3.583281816794233,2.6299000000000006,0.04983691974999793,-1.8958562615287369,False
mp-760259,Li6V3P8O29,"Li,O,P,V",2.5852266549221143,1.369,0.02186739767211332,-2.658602572981367,False
mp-760349,Li6MnV3(PO4)6,"Li,Mn,O,P,V",2.9144656534897115,0.1591999999999998,0.02252518514061297,-2.679195528144704,False
mp-760815,Li6V5O12,"Li,O,V",3.6353428203117417,0.6962000000000002,0.048783219945652156,-2.4585371136956526,False
mp-761797,Li6Mn15O32,"Li,Mn,O",3.944879808790379,0.0,0.048353985111636355,-1.9365517373389722,False
mp-763920,Li6Fe5CoO12,"Co,Fe,Li,O",4.228383796138783,1.5568999999999997,0.045921040312498995,-1.8658028779166678,False
mp-764743,Li6MnV3(PO4)6,"Li,Mn,O,P,V",2.8645971863218556,0.33899999999999997,0.04162744514061245,-2.660093268144704,False
mp-764759,Li6Mn5O12,"Li,Mn,O",3.9698468484741016,0.3382999999999998,0.04584020652174026,-2.0983882647676166,False
mp-764771,Li6V5O12,"Li,O,V",3.7352247537146273,0.6765000000000003,0.048258663641305155,-2.45906167,False
mp-765615,Li6Fe5SbO12,"Fe,Li,O,Sb",4.16458460191753,0.5689000000000002,0.026876614687503242,-1.9311833799999996,False
mp-765833,Li6Fe5NiO12,"Fe,Li,Ni,O",4.186482242241223,0.0,0.03804248045139058,-1.8324033591666666,False
mp-766014,Li6CrFe3(PO4)6,"Cr,Fe,Li,O,P",2.9701107231038915,2.3823,0.04813976437499967,-2.5029299206964275,False
mp-766133,Li6ScFe5(SiO3)12,"Fe,Li,O,Sc,Si",3.2385040102179175,2.7659,0.009985522874997876,-2.8521077215833333,False
mp-767511,Ba4Li6Ti19O44,"Ba,Li,O,Ti",4.374639377629851,0.0,0.035215294908685024,-3.3537381389497716,False
mp-767775,Li6MnCr3(PO4)6,"Cr,Li,Mn,O,P",2.9795737618101668,1.036,0.047270313458332325,-2.5964982613947045,False
mp-1638688,Li7Co5O12,"Co,Li,O",4.366959333889897,0.04300000000000015,0.03644228458333565,-1.724912428055556,False
mp-1639391,Li7Mn4CoO12,"Co,Li,Mn,O",3.9834424236641772,0.7488000000000001,0.031225291979163572,-2.0698235116690618,False
mp-1639283,Li7Mn5O12,"Li,Mn,O",3.854583495473023,0.8685,0.031352019583322566,-2.138639327416188,False
mp-1639032,Li7Mn5O12,"Li,Mn,O",3.869367767473456,0.7261000000000002,0.028821959791655694,-2.1411693872078548,False
mp-1639368,Li7Mn4CoO12,"Co,Li,Mn,O",3.996433055834163,0.8677999999999999,0.031551214687496554,-2.069497588960728,False
mp-1640196,Li7Mn5O12,"Li,Mn,O",3.885086854218315,0.44369999999999976,0.03316957833332168,-2.1368217686661883,False
mp-1639949,Li7Mn5O12,"Li,Mn,O",3.885563474797334,1.0463,0.02517854729165503,-2.1448127997078554,False
mp-1640700,Li7Co5O12,"Co,Li,O",4.42067880145138,0.5946000000000002,0.018036595833335944,-1.7433181168055552,False
mp-1639930,Li7Mn5O12,"Li,Mn,O",3.866927291457424,0.7079,0.030389134374988913,-2.139602212624521,False
mp-1640750,Li7Mn5O12,"Li,Mn,O",3.8702257502821764,0.6370999999999998,0.030630199374988898,-2.1393611476245216,False
mp-1641274,Li7Mn5O12,"Li,Mn,O",3.8578554866584467,0.5373000000000001,0.03448686812498902,-2.1355044788745214,False
mp-1640981,Li7Mn5O12,"Li,Mn,O",3.8556997027025948,0.6637,0.031370844791655195,-2.1386205022078553,False
mp-1643648,Li7Mn5O12,"Li,Mn,O",3.8558168473838768,0.8317000000000001,0.029440995416655902,-2.1405503515828546,False
mp-1642624,Li7Mn5O12,"Li,Mn,O",3.8532761152675628,0.7932000000000001,0.032107434999988804,-2.1378839119995217,False
mp-1642922,Li7Mn4CoO12,"Co,Li,Mn,O",4.0107141246330835,0.8100999999999998,0.03425365031249683,-2.0667951533357276,False
mp-1643277,Li7Mn4CoO12,"Co,Li,Mn,O",3.988949093414821,0.8035999999999999,0.03896419468749723,-2.0620846089607276,False
mp-1642266,Li7Mn5O12,"Li,Mn,O",3.8772486869734957,1.0453000000000001,0.02696815145832243,-2.143023195541188,False
mp-1643099,Li7Mn5O12,"Li,Mn,O",3.884837542205628,1.2079,0.027229094374988883,-2.142762252624521,False
mp-1643524,Li7Mn4CoO12,"Co,Li,Mn,O",4.002725684363929,0.7755999999999998,0.027419584687496723,-2.0736292189607277,False
mp-1642906,Li7Mn5O12,"Li,Mn,O",3.862011317587631,0.7452000000000001,0.029443093958321676,-2.1405482530411883,False
mp-1644153,Li7Mn5O12,"Li,Mn,O",3.872051233513307,1.0604,0.027980441666655587,-2.142010905332855,False
mp-1643948,Li7Mn5O12,"Li,Mn,O",3.8596795185021255,0.8136000000000001,0.02913937291665558,-2.140851974082855,False
mp-1644001,Li7Mn5O12,"Li,Mn,O",3.8732992503211685,1.1193,0.02745435520832107,-2.142536991791189,False
mp-1644867,Li7Mn5O12,"Li,Mn,O",3.87618106059395,0.6804999999999999,0.029151973958321697,-2.1408393730411883,False
mp-1643980,Li7Mn5O12,"Li,Mn,O",3.882798706348,1.1557999999999997,0.026843641249988615,-2.143147705749522,False
mp-1645043,Li7Mn4CoO12,"Co,Li,Mn,O",3.988680183095915,0.8823000000000003,0.0315373769791627,-2.0695114266690617,False
mp-1646634,Li7Mn5O12,"Li,Mn,O",3.8605269789157197,0.6907000000000001,0.03156421937498877,-2.1384271276245213,False
mp-1646892,Li7Mn5O12,"Li,Mn,O",3.8727824026723527,1.0099999999999998,0.030102412083322427,-2.139888934916188,False
mp-1646544,Li7Mn5O12,"Li,Mn,O",3.865582016581945,0.8853999999999997,0.028595240833322322,-2.1413961061661877,False
mp-1648171,Li7Mn5O12,"Li,Mn,O",3.8546362306256494,0.7963999999999998,0.029407322916655154,-2.140584024082855,False
mp-1648875,Li7Mn5O12,"Li,Mn,O",3.8837103080256106,0.7654999999999998,0.02883696708332195,-2.141154379916188,False
mp-1647928,Li7Mn5O12,"Li,Mn,O",3.874566925854551,0.6381999999999999,0.032110395624989074,-2.1378809513745214,False
mp-1648494,Li7Co5O12,"Co,Li,O",4.374272479328158,0.8523000000000001,0.022634519375002604,-1.7387201932638885,False
mp-1650226,Li7Mn4CoO12,"Co,Li,Mn,O",3.9826330021686838,0.5362,0.02243756947916431,-2.078611234169061,False
mp-1651188,Li7Mn4CoO12,"Co,Li,Mn,O",4.001798266729367,0.7915000000000001,0.02386791864582971,-2.077180885002395,False
mp-1650552,Li7Mn4CoO12,"Co,Li,Mn,O",4.000764624554214,0.8341000000000003,0.033882704895829896,-2.067166098752395,False
mp-1650669,Li7Mn5O12,"Li,Mn,O",3.8528476942883185,0.4312,0.03511171999998908,-2.134879626999521,False
mp-1650854,Li7Mn5O12,"Li,Mn,O",3.8655221706142,0.8220000000000001,0.030903871249988946,-2.1390874757495215,False
mp-1650471,Li7Mn4CoO12,"Co,Li,Mn,O",4.0111759172150485,0.9348999999999998,0.027646138229163952,-2.0734026654190614,False
mp-1651187,Li7Mn5O12,"Li,Mn,O",3.8687462227740776,0.9919000000000002,0.029890409166655196,-2.140100937832855,False
mp-1651001,Li7Mn5O12,"Li,Mn,O",3.8668676484735536,0.6402999999999999,0.02995627499998843,-2.140035071999522,False
mp-1652638,Li7Mn5O12,"Li,Mn,O",3.854691183917227,0.7146999999999997,0.03102749874998878,-2.1389638482495212,False
mp-1651541,Li7Mn5O12,"Li,Mn,O",3.8673158551505913,0.7054999999999998,0.033312458124989064,-2.136678888874521,False
mp-1653341,Li7Mn4CoO12,"Co,Li,Mn,O",4.0053536595016555,0.6415000000000002,0.023987930520830147,-2.077060873127395,False
mp-1652820,Li7Mn5O12,"Li,Mn,O",3.8485485704884876,0.7082999999999999,0.030952896458322776,-2.1390384505411877,False
mp-1653728,Li7Co5O12,"Co,Li,O",4.280481939043472,0.41270000000000007,0.04180308125000298,-1.7195516313888888,False
mp-1666665,Li7Mn5O12,"Li,Mn,O",3.8879249099029507,0.7822,0.030238716666655563,-2.1397526303328545,False
mp-1666672,Li7Mn5O12,"Li,Mn,O",3.858836087733144,0.5232000000000001,0.032613480624988256,-2.1373778663745218,False
mp-1666320,Li7Mn4CoO12,"Co,Li,Mn,O",3.9661517201069896,0.7932999999999999,0.041547685729163675,-2.0595011179190608,False
mp-1666476,Li7Mn4CoO12,"Co,Li,Mn,O",3.9706878233119065,0.8552999999999997,0.031770306770829926,-2.069278496877395,False
mp-1666339,Li7Mn4CoO12,"Co,Li,Mn,O",3.989657979435876,1.0112999999999999,0.0194880926041634,-2.081560711044061,False
mp-1666644,Li7Mn5O12,"Li,Mn,O",3.8694523026679155,0.605,0.028762978124988514,-2.1412283688745215,False
mp-1667122,Li7Mn4CoO12,"Co,Li,Mn,O",3.9834431429814385,0.4569000000000001,0.04562257468749742,-2.055426228960728,False
mp-1666768,Li7Mn5O12,"Li,Mn,O",3.8360111971022586,0.6867999999999999,0.03061144770832147,-2.1393798992911885,False
mp-1667148,Li7Mn5O12,"Li,Mn,O",3.88337995502744,0.7361,0.03375674812498897,-2.1362345988745215,False
mp-1667041,Li7Mn4CoO12,"Co,Li,Mn,O",3.9971528490175716,0.5198999999999998,0.017880455312496935,-2.0831683483357275,False
mp-1667712,Li7Mn4CoO12,"Co,Li,Mn,O",3.9759523747109706,0.8433000000000002,0.038373496770829796,-2.062675306877395,False
mp-1977436,Li7Mn4CoO12,"Co,Li,Mn,O",3.9773778004925995,0.31400000000000006,0.03866721489583025,-2.0623815887523946,False
mp-1977994,Li7Mn5O12,"Li,Mn,O",3.873273098554979,0.6067,0.03477270749998862,-2.135218639499522,False
mp-1978357,Li7Mn5O12,"Li,Mn,O",3.8786518099344556,0.6686999999999999,0.03435502666665524,-2.135636320332855,False
mp-768079,Li7(NiO2)11,"Li,Ni,O",4.637970068567625,0.0,0.03672450937500038,-1.2641480725833332,False
mp-768059,Li7Ni9O16,"Li,Ni,O",5.045333915043125,0.0,0.020427117916666404,-1.4425759313541668,False
mp-769505,Li7Mn10Cr6O32,"Cr,Li,Mn,O",4.069035815062755,0.0,0.010604487259082696,-2.1526316976844306,False
mp-769539,Li7VGeO8,"Ge,Li,O,V",2.6797002969694517,3.5013,0.029984217647058387,-2.3643067260784307,False
mp-769574,Li7V6Ni5O24,"Li,Ni,O,V",4.01098208696199,0.0,0.018005913154762965,-2.1250052531746024,False
mp-771050,Li7MgNi7O16,"Li,Mg,Ni,O",4.592339870724927,0.3481000000000001,0.017973430318101613,-1.5331933254301071,False
mp-771056,Li7Ti5Mn12O32,"Li,Mn,O,Ti",3.920779260196404,0.0,0.03463289438618844,-2.4576160772352225,False
mp-771155,Li7Co5O12,"Co,Li,O",4.684899729101319,0.0,0.003907136250002274,-1.7574475763888888,False
mp-772995,Li7Ti12Fe5O32,"Fe,Li,O,Ti",3.7907835291014593,0.0,0.037272625982142316,-2.9294460477380957,False
mp-773172,Li7Mn12Cu5O32,"Cu,Li,Mn,O",4.4585989876224765,0.0,0.035156102295635705,-1.7968592287233167,False
mp-774815,Na9Li7V16O48,"Li,Na,O,V",2.8261813803508598,3.0439,0.01282192793750081,-2.3857671945718395,False
mp-775490,NaLi7Fe8(SiO3)16,"Fe,Li,Na,O,Si",3.3149349869780558,2.7009000000000003,0.010396682677073166,-2.750841001058909,False
mp-775890,Li7V6(OF)12,"F,Li,O,V",3.120827783032129,0.29780000000000006,0.04821652810809418,-2.708681506576577,False
mp-776654,Li7V5O12,"Li,O,V",3.769776159392332,1.1547,0.0347239379166604,-2.462045172222222,False
mp-777404,Li7Mn8(BO3)8,"B,Li,Mn,O",3.1820386388884154,0.44909999999999983,0.02793133962766081,-2.4843133253215943,False
mp-777865,Li7Mn8(BO3)8,"B,Li,Mn,O",3.1638367168122867,0.1554000000000002,0.02837606664893766,-2.4838685983003175,False
mp-778813,Li7Mn8(BO3)8,"B,Li,Mn,O",3.1744924177417637,0.3466999999999998,0.028434935372341208,-2.4838097295769135,False
mp-779060,Li7Mn8(BO3)8,"B,Li,Mn,O",3.1617268497073785,0.3579000000000001,0.027913949414894113,-2.4843307155343606,False
mp-779028,Li7Mn8(BO3)8,"B,Li,Mn,O",3.182943300576102,0.3126,0.02742711239361828,-2.484817552555637,False
mp-779296,Li7Mn8(BO3)8,"B,Li,Mn,O",3.182503562597772,0.4436,0.02807226069149049,-2.4841724042577646,False
mp-779303,Li7Mn8(BO3)8,"B,Li,Mn,O",3.182225268857081,0.2751999999999999,0.027800654734043917,-2.484444010215211,False
mp-779313,Li7Mn8(BO3)8,"B,Li,Mn,O",3.3587692054916736,0.1137999999999999,0.028631965159575223,-2.4836126997896795,False
mp-779356,Li7Mn8(BO3)8,"B,Li,Mn,O",3.1696869536609102,0.3379000000000001,0.028609273670213042,-2.4836353912790416,False
mp-779455,Li7Ti5O12,"Li,O,Ti",3.713508594944818,0.0,0.014344561874996664,-2.9663111137500002,False
mp-781628,Li7Mn8(BO3)8,"B,Li,Mn,O",3.190334888338918,0.5628,0.027799844095745208,-2.48444482085351,False
mp-849679,Li7Mn4(P2O7)4,"Li,Mn,O,P",2.952017487810722,0.15139999999999998,0.016338445265970947,-2.6301163479191554,False
mp-849710,Li7Fe8(BO3)8,"B,Fe,Li,O",3.288331261654942,1.4263,0.018894426861701952,-2.315315434609929,False
mp-849806,Li7Mn4(P2O7)4,"Li,Mn,O,P",2.946242279493125,0.14900000000000002,0.014752123244694104,-2.6317026699404327,False
mp-849995,Li7Sc9Fe(SiO3)20,"Fe,Li,O,Sc,Si",2.944239768908353,0.0,0.04384299164260952,-3.227209948333334,False
mp-850007,Li7V16(PO4)24,"Li,O,P,V",3.001515924545416,0.8331999999999999,0.017626619965035673,-2.627890473459874,False
mp-850710,Li7V3P8O29,"Li,O,P,V",2.5903606980484515,0.3264,0.025996589499117206,-2.6781889746909826,False
mp-850667,Li7V3P8O29,"Li,O,P,V",2.581431888438171,0.7224999999999999,0.020543708648053105,-2.683641855542047,False
mp-1174196,Li7Co5O12,"Co,Li,O",4.700235829505616,0.0,0.026562603750003966,-1.7347921088888871,False
mp-1174246,Li7Co5O12,"Co,Li,O",4.715808037241223,0.11979999999999968,0.015963370000002364,-1.7453913426388894,False
mp-1174313,Li7Co5O12,"Co,Li,O",4.230159062175851,1.0682,0.047629969583335985,-1.713724743055555,False
mp-1174391,Li7Co5O12,"Co,Li,O",4.697340026033282,0.0,0.044235114166670364,-1.7171195984722207,False
mp-1174377,Li7Co5O12,"Co,Li,O",4.345584889463703,0.2096,0.04555601791666941,-1.7157986947222217,False
mp-1174467,Li7Mn2(CoO4)3,"Co,Li,Mn,O",4.060843009249518,1.6717000000000002,0.03260042375000083,-1.9302858266331413,False
mp-1174505,Li7Mn2(CoO4)3,"Co,Li,Mn,O",4.084636346273311,1.5918,0.04788329000000058,-1.915002960383142,False
mp-1174885,Li7Mn4CoO12,"Co,Li,Mn,O",3.9534547031927536,0.7947000000000002,0.045064656770829714,-2.0559841468773947,False
mp-1175125,Li7Mn4CoO12,"Co,Li,Mn,O",3.9859652443026676,0.7662,0.029976625312496452,-2.071072178335728,False
mp-1175148,Li7Mn4CoO12,"Co,Li,Mn,O",3.9837752767803623,0.7370999999999999,0.024899763229163874,-2.076149040419061,False
mp-1175153,Li7Mn4CoO12,"Co,Li,Mn,O",3.993404912656695,0.7901000000000002,0.037094452604163664,-2.0639543510440617,False
mp-1175158,Li7Mn4CoO12,"Co,Li,Mn,O",4.014088501104562,0.7816000000000001,0.03427538593749713,-2.0667734177107278,False
mp-1175149,Li7Mn4CoO12,"Co,Li,Mn,O",4.035024446482181,0.6741000000000001,0.034971407604163396,-2.0660773960440615,False
mp-1175141,Li7Mn4CoO12,"Co,Li,Mn,O",3.98194259472556,0.5566,0.019957624895829973,-2.081091178752395,False
mp-1175160,Li7Mn4CoO12,"Co,Li,Mn,O",4.027325626977394,0.6069999999999998,0.03859444322916339,-2.062454360419062,False
mp-1175194,Li7Mn4CoO12,"Co,Li,Mn,O",3.9601533919737837,0.8353999999999999,0.04560919760416393,-2.055439606044061,False
mp-1175161,Li7Mn4CoO12,"Co,Li,Mn,O",3.998862082258808,0.7254,0.035141041145830165,-2.0659077625023947,False
mp-1175176,Li7Mn4CoO12,"Co,Li,Mn,O",3.926901200020101,0.8634,0.04316311302082987,-2.0578856906273955,False
mp-1175184,Li7Mn4CoO12,"Co,Li,Mn,O",3.94396122453123,0.6483000000000003,0.038671561770829754,-2.0623772418773947,False
mp-1175169,Li7Mn4CoO12,"Co,Li,Mn,O",4.007208876426773,0.6068000000000002,0.03700115177082974,-2.064047651877395,False
mp-1175162,Li7Mn4CoO12,"Co,Li,Mn,O",4.019659670079482,0.7788000000000004,0.027660322187496256,-2.0733884814607286,False
mp-1175195,Li7Mn4CoO12,"Co,Li,Mn,O",3.9808604811490937,0.8375999999999997,0.029931072604163056,-2.071117731044062,False
mp-1175203,Li7Mn4CoO12,"Co,Li,Mn,O",3.957532107673893,0.8702000000000001,0.03899830593749698,-2.0620504977107275,False
mp-1175187,Li7Mn4CoO12,"Co,Li,Mn,O",4.027775143337575,0.7872000000000003,0.02210467010416295,-2.0789441335440615,False
mp-1175199,Li7Mn4CoO12,"Co,Li,Mn,O",3.970609313946912,0.9034,0.037754389687496115,-2.0632944139607283,False
mp-1175186,Li7Mn4CoO12,"Co,Li,Mn,O",3.9680698548284803,0.7385000000000002,0.0411788884374964,-2.059869915210728,False
mp-1175198,Li7Mn4CoO12,"Co,Li,Mn,O",3.9798398679762257,0.6557999999999997,0.031828267604163685,-2.0692205360440616,False
mp-1175217,Li7Mn4CoO12,"Co,Li,Mn,O",3.9856842150806226,0.8443,0.03775646302082958,-2.0632923406273953,False
mp-1175226,Li7Mn4CoO12,"Co,Li,Mn,O",3.9871350072863394,0.7899999999999996,0.03668707927082959,-2.0643617243773953,False
mp-1175206,Li7Mn4CoO12,"Co,Li,Mn,O",3.963218547710341,0.8239000000000001,0.037027633854163966,-2.0640211697940614,False
mp-1175214,Li7Mn4CoO12,"Co,Li,Mn,O",4.003426497100578,0.7606000000000002,0.03178985468749751,-2.069258948960728,False
mp-1175219,Li7Mn4CoO12,"Co,Li,Mn,O",4.005629101546626,0.6917,0.03504337927083068,-2.066005424377394,False
mp-1175246,Li7Mn4CoO12,"Co,Li,Mn,O",3.9619463259829155,0.8252000000000002,0.04672474343749666,-2.054324060210728,False
mp-1175265,Li7Mn4CoO12,"Co,Li,Mn,O",3.9672437606897946,1.0080999999999998,0.044563781770829536,-2.056485021877395,False
mp-1175222,Li7Mn4CoO12,"Co,Li,Mn,O",3.948191445079071,0.8675000000000002,0.03952346552082986,-2.0615253381273946,False
mp-1175245,Li7Mn4CoO12,"Co,Li,Mn,O",3.9650241328106466,0.5,0.04320893343749699,-2.057839870210728,False
mp-1175239,Li7Mn4CoO12,"Co,Li,Mn,O",3.967958265556873,0.8733,0.04470077135416339,-2.056348032294062,False
mp-1175230,Li7Mn4CoO12,"Co,Li,Mn,O",3.970063777872209,0.45389999999999997,0.03822598968749702,-2.0628228139607274,False
mp-1175268,Li7Mn4CoO12,"Co,Li,Mn,O",3.980716219320962,0.29120000000000035,0.030722637395829366,-2.070326166252395,False
mp-1175272,Li7Mn4CoO12,"Co,Li,Mn,O",3.9558739064826645,0.7963,0.04089921135416397,-2.0601495922940614,False
mp-1175269,Li7Mn4CoO12,"Co,Li,Mn,O",4.013605514618803,0.8241,0.02081405593749608,-2.0802347477107284,False
mp-1175274,Li7Mn4CoO12,"Co,Li,Mn,O",3.9651042599810693,0.8874,0.04564410968749666,-2.0554046939607282,False
mp-1175275,Li7Mn4CoO12,"Co,Li,Mn,O",4.030388974575946,0.7547999999999999,0.02952950218749706,-2.0715193014607274,False
mp-1175317,Li7Mn5O12,"Li,Mn,O",3.876745321751561,0.9828999999999999,0.028707546874987777,-2.1412838001245222,False
mp-1175321,Li7Mn5O12,"Li,Mn,O",3.882330906915474,0.0,0.041633164999988814,-2.1283581819995216,False
mp-1175313,Li7Mn5O12,"Li,Mn,O",3.87274916879977,1.2911000000000001,0.02369150749998905,-2.1462998394995214,False
mp-1175314,Li7Mn5O12,"Li,Mn,O",4.133671809636954,0.9291999999999998,0.013231291458321692,-2.1567600555411883,False
mp-1175322,Li7Mn5O12,"Li,Mn,O",3.853629949992043,0.3810000000000002,0.043279343124988934,-2.1267120038745215,False
mp-1175325,Li7Mn5O12,"Li,Mn,O",3.8854501846471066,0.0,0.04616407062498862,-2.123827276374522,False
mp-1175318,Li7Mn5O12,"Li,Mn,O",3.8822296759408275,1.0611000000000002,0.04250936479165546,-2.1274819822078546,False
mp-1175319,Li7Mn5O12,"Li,Mn,O",3.8945988311556694,0.0,0.04060212145832143,-2.1293892255411886,False
mp-1175323,Li7Mn5O12,"Li,Mn,O",3.8774164041273025,1.0337,0.041676431666655134,-2.128314915332855,False
mp-1175327,Li7Mn5O12,"Li,Mn,O",3.8793903343513807,0.6351,0.037939434791655735,-2.1320519122078547,False
mp-1175326,Li7Mn5O12,"Li,Mn,O",3.8684434382447113,1.0536000000000003,0.040147361041655394,-2.1298439859578546,False
mp-1175316,Li7Mn5O12,"Li,Mn,O",3.8775075623059387,0.0,0.039423706874988085,-2.130567640124522,False
mp-1175308,Li7Mn5O12,"Li,Mn,O",3.878371259334378,0.9870000000000001,0.025868082083321475,-2.1441232649161885,False
mp-1175343,Li7Mn5O12,"Li,Mn,O",3.852288686070073,0.4796,0.03269841395832174,-2.1372929330411883,False
mp-1175335,Li7Mn5O12,"Li,Mn,O",3.8795119896244175,0.9300999999999999,0.04128533499998799,-2.128706011999522,False
mp-1175337,Li7Mn5O12,"Li,Mn,O",3.883252966218646,0.0,0.03738744062498878,-2.1326039063745217,False
mp-1175332,Li7Mn5O12,"Li,Mn,O",3.8778201501966314,0.0,0.039742459791654916,-2.130248887207855,False
mp-1175349,Li7Mn5O12,"Li,Mn,O",3.8499952052043582,0.9997000000000003,0.02399249437498785,-2.145998852624522,False
mp-1175357,Li7Mn5O12,"Li,Mn,O",3.8711784530534414,1.0881999999999996,0.04639676958332206,-2.123594577416188,False
mp-1175363,Li7Mn5O12,"Li,Mn,O",3.8892105836386377,1.2011999999999996,0.025763791874989117,-2.1442275551245213,False
mp-1175344,Li7Mn5O12,"Li,Mn,O",3.8474342756570468,0.6739000000000002,0.04805159687498861,-2.1219397501245214,False
mp-1175354,Li7Mn5O12,"Li,Mn,O",3.8524457620616,1.0655000000000001,0.02228021499998878,-2.1477111319995212,False
mp-1175365,Li7Mn5O12,"Li,Mn,O",3.868725709439383,1.0486999999999997,0.04512975937498798,-2.124861587624522,False
mp-1175331,Li7Mn5O12,"Li,Mn,O",3.86861526019899,0.0,0.03558632062498912,-2.1344050263745213,False
mp-1175362,Li7Mn5O12,"Li,Mn,O",3.8549446053411023,0.9306000000000001,0.04532271312498892,-2.124668633874521,False
mp-1175370,Li7Mn5O12,"Li,Mn,O",3.8378086345130464,1.2091000000000003,0.040605801041654566,-2.1293855459578555,False
mp-1175346,Li7Mn5O12,"Li,Mn,O",3.850823754106313,0.9556999999999998,0.03058617645832218,-2.139405170541188,False
mp-1175359,Li7Mn5O12,"Li,Mn,O",3.8645222626164393,1.1801,0.043944646666655096,-2.1260467003328554,False
mp-1175334,Li7Mn5O12,"Li,Mn,O",3.8974596975996465,0.0,0.038552203958321485,-2.1314391430411885,False
mp-1176849,Li7V3P8O29,"Li,O,P,V",2.576893939353857,0.9552,0.02610293598847857,-2.678082628201621,False
mp-1176845,Li7V3P8O29,"Li,O,P,V",2.5812369434233684,0.008499999999999952,0.027214896945925382,-2.676970667244174,False
mp-1176861,Li7V3P8O29,"Li,O,P,V",2.5916815627394465,0.9086999999999998,0.013946096307627442,-2.6902394678824724,False
mp-1176863,Li7V3P8O29,"Li,O,P,V",2.6067531602258285,1.0035,0.019514100456563988,-2.6846714637335363,False
mp-1176850,Li7V3P8O29,"Li,O,P,V",2.6007193474087233,0.6026000000000002,0.020193435775713198,-2.6839921284143866,False
mp-1176852,Li7V3P8O29,"Li,O,P,V",2.5712514248574547,0.6729,0.01642708726507358,-2.687758476925026,False
mp-1176857,Li7V3P8O29,"Li,O,P,V",2.5815329921556045,1.0983,0.02011205535018057,-2.684073508839919,False
mp-1176881,Li7V3P8O29,"Li,O,P,V",2.5920465028020017,0.9613,0.022635448328903962,-2.681550115861196,False
mp-1176871,Li7V3P8O29,"Li,O,P,V",2.5914278254954217,0.8991999999999998,0.022168815137415088,-2.6820167490526847,False
mp-1176870,Li7V3P8O29,"Li,O,P,V",2.5949569010393994,0.3257000000000001,0.02143478843528701,-2.6827507757548124,False
mp-1176878,Li7V3P8O29,"Li,O,P,V",2.6086320500298066,0.5316000000000001,0.033555001626776715,-2.6706305625633235,False
mp-1176865,Li7V3P8O29,"Li,O,P,V",2.614414713449705,0.46930000000000005,0.026330953860819406,-2.677854610329281,False
mp-1176864,Li7V3P8O29,"Li,O,P,V",2.58139872499963,0.7826,0.012965906094861701,-2.6912196580952386,False
mp-1176869,Li7V3P8O29,"Li,O,P,V",2.5760418892562056,0.9407000000000001,0.01939365290337225,-2.6847919112867276,False
mp-1176872,Li7V3P8O29,"Li,O,P,V",2.5849858051050507,0.7711000000000001,0.022025052052309313,-2.682160512137791,False
mp-1176866,Li7V3P8O29,"Li,O,P,V",2.59019341910222,0.9478,0.019655544499117106,-2.684530019690983,False
mp-1176882,Li7Fe5O12,"Fe,Li,O",3.8833431115446264,0.0,0.030757468020826906,-1.8806905422222229,False
mp-1176873,Li7V3P8O29,"Li,O,P,V",2.5926068868522774,0.6495999999999997,0.031049675137414745,-2.673135889052685,False
mp-1176885,Li7Fe6(SiO4)6,"Fe,Li,O,Si",2.8948329025944113,1.9923,0.03788953430232844,-2.5133383900775197,False
mp-1176897,Li7V3P8O29,"Li,O,P,V",2.5820738423765075,1.0756000000000001,0.021042085031031554,-2.683143479159068,False
mp-1176890,Li7Fe8(BO3)8,"B,Fe,Li,O",3.289287928473341,1.8478,0.015243221755318892,-2.3189666397163116,False
mp-1176894,Li7Mn3P3(CO7)3,"C,Li,Mn,O,P",2.705426937815847,0.3777999999999999,0.038778172732726546,-2.3575258663798646,False
mp-1176907,Li7Mn4(P2O7)4,"Li,Mn,O,P",2.948098293917133,0.30179999999999985,0.014745603989374523,-2.631709189195752,False
mp-1176910,Li7Mn4(P2O7)4,"Li,Mn,O,P",2.947711141420141,0.2165999999999999,0.014171158031927256,-2.632283635153199,False
mp-1176911,Li7Mn4(P2O7)4,"Li,Mn,O,P",2.9279652675262033,0.32919999999999994,0.016797295904268594,-2.6296574972808577,False
mp-1176933,Li7Fe4(P2O7)4,"Fe,Li,O,P",3.008626263499678,1.6231999999999998,0.017543626489362474,-2.5458382454356636,False
mp-1176941,Li7V3P8O29,"Li,O,P,V",2.5859590454342762,0.6486999999999998,0.0187191477969888,-2.685466416393111,False
mp-1176940,Li7Mn4(P2O7)4,"Li,Mn,O,P",2.955559271416113,0.2872000000000001,0.012438380585119369,-2.6340164126000065,False
mp-1176972,Li7V3P8O29,"Li,O,P,V",2.596821307991492,0.7926,0.013399988754436265,-2.6907855754356635,False
mp-1176968,Li7Mn2Fe6(PO4)8,"Fe,Li,Mn,O,P",3.4289886272173,1.4371,0.010048687772724385,-2.494930922115241,False
mp-1176957,Li7Mn4(P2O7)4,"Li,Mn,O,P",2.92636537868869,0.1302000000000001,0.013660576648948819,-2.632794216536177,False
mp-1177028,Li7Mn4(P2O7)4,"Li,Mn,O,P",2.95531227786728,0.1341000000000001,0.012835537180864165,-2.6336192560042617,False
mp-1177038,Li7V3P8O29,"Li,O,P,V",2.6078687343880365,0.6184999999999998,0.02215078992464914,-2.6820347742654507,False
mp-1177043,Li7Mn4(P2O7)4,"Li,Mn,O,P",3.1070034235688437,0.02320000000000011,0.01981145292554487,-2.626643340259581,False
mp-1177031,Li7Fe4(P2O7)4,"Fe,Li,O,P",3.0155643218782773,1.5648999999999997,0.01697846606383102,-2.5464034058611955,False
mp-1177074,Li7Mn4(P2O7)4,"Li,Mn,O,P",2.9382885583982477,0.23550000000000004,0.013062823989374195,-2.633391969195752,False
mp-1177121,Li7Fe4(PO4)6,"Fe,Li,O,P",2.94836411057317,1.6567,0.02722770579268019,-2.5030024968583042,False
mp-1177127,Li7Mn4(P2O7)4,"Li,Mn,O,P",2.93664631789446,0.07269999999999999,0.015170889946821475,-2.6312839032383044,False
mp-1222860,Li7Mn(BO3)3,"B,Li,Mn,O",2.3164807418889413,3.5681000000000003,0.003669811749998253,-2.5396275330632188,False
mp-1232439,Li7Mn5O12,"Li,Mn,O",3.882049595259326,0.08309999999999995,0.03266162437498821,-2.137329722624522,False
mp-27081,Li7Fe4P9O32,"Fe,Li,O,P",2.866921231937986,2.5802,0.04233558096154155,-2.518418691156135,False
mp-27087,Li7V4P9O32,"Li,O,P,V",2.8229970073409003,2.2043,0.03587024592948307,-2.6878645522138274,False
mp-34052,Li7Ti7O16,"Li,O,Ti",3.5545964047746583,0.0,0.03063980583333681,-3.0742877315555557,False
mp-34461,Li7Mn11O24,"Li,Mn,O",3.9565813051527217,0.9097999999999997,0.041071630595237885,-2.0264752797755885,False
mp-38468,Li7Ti12O24,"Li,O,Ti",3.97696810508372,0.0,0.045802570581395585,-3.150760669147287,False
mp-530141,Li7Ti16O32,"Li,O,Ti",3.632882863221303,0.0,0.01109863036363734,-3.263676677393939,False
mp-675534,Li7Mn10O24,"Li,Mn,O",3.862461625359422,0.0,0.021545537017275684,-1.9861581783571642,False
mp-690435,Li7Mn11O24,"Li,Mn,O",3.973624724338939,0.9826000000000001,0.04096827345238019,-2.026578636918446,False
mp-690528,Li7(NiO2)8,"Li,Ni,O",4.861898635709588,0.0,0.01794203802419503,-1.4164625781720424,False
mp-694974,Li7Mn16O32,"Li,Mn,O",4.032355327997599,0.2915000000000001,0.018882106631817663,-2.026796113095088,False
mp-699179,Li7Mn17O32,"Li,Mn,O",4.086787613770959,0.0264000000000002,0.015897938214285645,-2.0499962667528737,False
mp-729675,Li7V8(PO4)12,"Li,O,P,V",2.9501186979359932,0.9000000000000001,8.330815000334724e-05,-2.687042323587302,False
mp-755638,Li7Ni5O12,"Li,Ni,O",4.567904126218161,0.5288999999999997,0.0070618141666694,-1.5344557155555563,False
mp-756388,Li7Ni5O12,"Li,Ni,O",4.369917965161836,0.0,0.03619231000000234,-1.5053252197222229,False
mp-756600,Li7Mn5O12,"Li,Mn,O",3.9564662904881067,0.7342,0.021580592291654987,-2.1484107547078555,False
mp-756862,Li7Fe5O12,"Fe,Li,O",4.205121732849242,0.018299999999999983,0.01562889093749309,-1.8958191193055562,False
mp-756913,Li7Ni5O12,"Li,Ni,O",4.414499592345893,0.0,0.021819087083336797,-1.519698442638889,False
mp-757087,Li7Cr5O12,"Cr,Li,O",3.8476646309627833,0.0,0.03442912062499914,-2.298038729722222,False
mp-757263,Li7V3P8O29,"Li,O,P,V",2.598831654132521,0.5714000000000001,0.020312488328904088,-2.683873075861196,False
mp-757380,Li7V3P8O29,"Li,O,P,V",2.5959368464829127,0.7511000000000001,0.022036226945925996,-2.6821493372441743,False
mp-757373,Li7V3P8O29,"Li,O,P,V",2.608353183744215,1.0528,0.022975641201243846,-2.6812099229888555,False
mp-757432,Li7V3P8O29,"Li,O,P,V",2.5949609672076352,0.0,0.02997581524379811,-2.674209748946302,False
mp-757537,Li7V3P8O29,"Li,O,P,V",2.587774106648753,0.3909,0.014064540031032635,-2.6901210241590676,False
mp-757556,Li7V3P8O29,"Li,O,P,V",2.5826661430482822,0.9115,0.014563055243797862,-2.6896225089463024,False
mp-757637,Li7V3P8O29,"Li,O,P,V",2.5868720275411197,0.4691000000000001,0.011667655988478742,-2.6925179082016206,False
mp-757654,Li7V3P8O29,"Li,O,P,V",2.5946799936910048,0.9422999999999999,0.01905277875443634,-2.6851327854356635,False
mp-757679,Li7V3P8O29,"Li,O,P,V",2.5870821442712186,0.46340000000000003,0.020911630988478258,-2.6832739332016216,False
mp-757689,Li7V3P8O29,"Li,O,P,V",2.639650244525883,0.0030999999999998806,0.02612666460550006,-2.6780588995845998,False
mp-757708,Li7V3P8O29,"Li,O,P,V",2.5882394654714003,0.5752999999999999,0.0204777653501802,-2.683707798839919,False
mp-757710,Li7V3P8O29,"Li,O,P,V",2.5851352638740526,0.8068999999999997,0.01599827981826607,-2.6881872843718333,False
mp-757726,Li7Mn4P9O32,"Li,Mn,O,P",2.8859355562490863,0.8469000000000002,0.04628873420673063,-2.549674098016216,False
mp-757736,Li7(NiO2)9,"Li,Ni,O",4.829708374921131,0.16420000000000012,0.015186373651962626,-1.3668527389215672,False
mp-757896,Li7Mn14O32,"Li,Mn,O",3.939661699309993,0.0,0.02932277706368236,-1.9364543440446762,False
mp-758382,Li7(CuO2)6,"Cu,Li,O",3.8112095816206364,0.0,0.021159498000004717,-1.4814253153333334,False
mp-758593,Li7Ni13O24,"Li,Ni,O",4.899233076839325,0.0,0.04601868556818456,-1.2473277798484843,False
mp-758820,Li7(NiO2)12,"Li,Ni,O",4.662275278540076,0.022699999999999942,0.039054019777132964,-1.2297294686821705,False
mp-758877,Li7Mn7P6(O8F)3,"F,Li,Mn,O,P",3.3024048908715455,3.182,0.0325556052659568,-2.6513908019512282,False
mp-759300,Li7V7P6(O8F)3,"F,Li,O,P,V",3.2889916904616863,2.135,0.021911995848115318,-2.67297742864235,False
mp-759336,Li7Cr7P6(O8F)3,"Cr,F,Li,O,P",3.266256635314917,1.5399000000000003,0.02631036230053141,-2.589831806727457,False
mp-760033,Li7Mn4(PO4)6,"Li,Mn,O,P",2.907939198387331,0.2600999999999998,0.028855329207315705,-2.568036078607674,False
mp-760050,Li7Sc9Fe(SiO3)20,"Fe,Li,O,Sc,Si",2.941445457292903,0.0,0.04558816958075518,-3.225464770395189,False
mp-760108,Li7Fe7P6(O8F)3,"F,Fe,Li,O,P",3.4465472336776086,3.3213000000000004,0.03865370452127781,-2.4800388667274564,False
mp-760223,Li7V3P8O29,"Li,O,P,V",2.582973739903919,1.0046000000000002,0.021203289818266136,-2.6829822743718337,False
mp-760371,Li7V4(PO4)6,"Li,O,P,V",2.8541726281545516,0.0,0.01643244890243256,-2.6991232466144024,False
mp-760789,Li7V3P8O29,"Li,O,P,V",2.6054897549582483,1.0791000000000002,0.021003157903372482,-2.6831824062867273,False
mp-761017,Li7Fe4(PO4)6,"Fe,Li,O,P",2.89340414924545,0.6465000000000001,0.048565537743900045,-2.4816646649070844,False
mp-761099,Li7VO5F,"F,Li,O,V",2.2453693703698017,1.7161000000000002,0.043835269464286064,-2.36308769202381,False
mp-761127,Li7V3P8O29,"Li,O,P,V",2.631577536067374,1.0280999999999998,0.029618417584224233,-2.674567146605876,False
mp-761220,Li7Fe8(BO3)8,"B,Fe,Li,O",3.312896476895825,1.5200999999999998,0.02391988579787263,-2.3102899756737587,False
mp-764764,Li7Mn5O12,"Li,Mn,O",3.9059078751967062,0.6299000000000001,0.013530875833321687,-2.1564604711661883,False
mp-764763,Li7Mn4O12,"Li,Mn,O",3.6528248979033253,0.0,0.04281145988405566,-2.0710854115242383,False
mp-764896,Li7Fe8(BO3)8,"B,Fe,Li,O",3.2858509358449237,1.1563999999999999,0.02442979196808448,-2.309780069503546,False
mp-766239,Li7V5O12,"Li,O,V",3.6948724489294875,0.9636999999999998,0.02113224749999265,-2.47563686263889,False
mp-766393,Li7Ti11O24,"Li,O,Ti",3.526545956309802,0.0,0.0005131521428562991,-3.2271573211904765,False
mp-766543,Li7Ti11O24,"Li,O,Ti",3.626939098677584,0.0,0.031106062142857382,-3.1965644111904767,False
mp-766574,Li7(NiO2)10,"Li,Ni,O",4.705434397830972,0.0,0.028075966204956337,-1.3100893460360363,False
mp-766823,Li7Ti11O24,"Li,O,Ti",3.623655040169891,0.0,0.0,-3.227670473333334,True
mp-766834,Li7Ti16O32,"Li,O,Ti",3.748973484275228,0.0,0.03724973672727394,-3.237525571030303,False
mp-767146,Li7Ti12NbO30,"Li,Nb,O,Ti",3.6815398877257017,2.6266,0.029950379549996242,-3.227854914866666,False
mp-767763,Li7Mn8O20,"Li,Mn,O",3.812645663291345,0.0,0.020821266495225643,-2.0148199219080456,False
mp-1638660,Li8(CoO2)5,"Co,Li,O",3.328170460152655,0.6687999999999998,0.049295090407609266,-1.7087077324637685,False
mp-768084,Li8V11O22,"Li,O,V",3.8503493720023796,0.8115000000000001,0.04983377722560878,-2.4614855628455294,False
mp-768492,Li8TiMn3(PO4)6,"Li,Mn,O,P,Ti",2.7911503313446357,1.3607,0.04412117910714208,-2.7059857200392927,False
mp-768511,Li8Mn3V(PO4)6,"Li,Mn,O,P,V",2.8344365744537185,0.40249999999999986,0.0408505652380855,-2.632915139245642,False
mp-768533,Li8TiMn3(PO4)6,"Li,Mn,O,P,Ti",2.8176590020201018,1.1916000000000002,0.04216304791666747,-2.7079438512297678,False
mp-768534,Li8Mn3V(PO4)6,"Li,Mn,O,P,V",2.827688742616215,0.4897,0.03713034261903836,-2.636635361864689,False
mp-768581,Li8Mn3Cr(PO4)6,"Cr,Li,Mn,O,P",2.8506809427124464,0.4664999999999999,0.027010507420633267,-2.6229793018646874,False
mp-770529,Li8Mn15CrO32,"Cr,Li,Mn,O",4.013323439828756,0.3151999999999999,0.00890878196429501,-2.0790747584934315,False
mp-771196,Li8Mn12Ni4O31,"Li,Mn,Ni,O",4.4527624046681415,0.8603000000000001,0.025359580454544783,-1.9304366837607094,False
mp-771651,Li8Mn13Fe3O32,"Fe,Li,Mn,O",4.042589058873263,0.38000000000000034,0.004099636830359188,-2.0214470391030375,False
mp-772521,Li8TiO6,"Li,O,Ti",2.355379171348115,3.9915999999999996,0.00352443733333363,-2.445641585,False
mp-772976,Li8Mn15NiO32,"Li,Mn,Ni,O",4.10039374949867,0.6734,0.005574276339284978,-2.0331688156362895,False
mp-772983,Li8Fe2O9,"Fe,Li,O",3.0307869337236166,0.5312000000000001,0.017332112500000108,-1.8438580644298248,False
mp-774042,Li8Mn5Fe3(BO3)8,"B,Fe,Li,Mn,O",3.222416857202966,3.0615999999999994,0.005372556927078165,-2.4410299339511483,False
mp-774189,Li8Mn7Fe(BO3)8,"B,Fe,Li,Mn,O",3.1842251162538306,2.9742,0.007257430989575653,-2.484849809073276,False
mp-774173,Li8MnFe7(BO3)8,"B,Fe,Li,Mn,O",3.208674967916166,3.116,0.0068954708854152,-2.348097521623562,False
mp-774299,Li8Mn5Fe3(BO3)8,"B,Fe,Li,Mn,O",3.1582736045978446,2.979,0.007470995885410225,-2.4389314949928163,False
mp-774396,Li8Mn5Fe3(BO3)8,"B,Fe,Li,Mn,O",3.165553948322612,0.0,0.007777367343744679,-2.4386251235344822,False
mp-774410,Li8Mn3Fe5(BO3)8,"B,Fe,Li,Mn,O",3.1938332111044034,0.0,0.006917560572914816,-2.3937801811206882,False
mp-774835,Li8Fe7(PO4)8,"Fe,Li,O,P",3.3330168178352735,0.024399999999999977,0.030107899727263465,-2.4615503093419915,False
mp-774976,Li8Mn5Fe3(BO3)8,"B,Fe,Li,Mn,O",3.1763694578797224,0.04300000000000015,0.0070316585937435505,-2.439370832284483,False
mp-775101,Li8TiFe7(PO4)12,"Fe,Li,O,P,Ti",2.912577185568828,0.0,0.015993014161187702,-2.491644083496241,False
mp-775158,Li8Mn13Cr3O32,"Cr,Li,Mn,O",4.045316085269571,0.2088000000000001,0.0,-2.127737935888753,True
mp-775186,Li8Sc5Fe3(SiO3)16,"Fe,Li,O,Sc,Si",3.085489320854927,2.9477999999999995,0.0077714486354150125,-3.1191755490208335,False
mp-775203,Li8ScFe7(SiO3)16,"Fe,Li,O,Sc,Si",3.3714970071097854,2.7487000000000004,0.00986104088541051,-2.8281545896458353,False
mp-775257,Li8Mn3Fe5(BO3)8,"B,Fe,Li,Mn,O",3.1872966492100914,3.1048,0.005893107239581141,-2.3948046344540224,False
mp-775252,Li8Mn3Fe5(BO3)8,"B,Fe,Li,Mn,O",3.253465459316764,3.0354,0.0033414043229145207,-2.3973563373706894,False
mp-775268,Li8Mn7Fe(BO3)8,"B,Fe,Li,Mn,O",3.1989496896654717,2.9600000000000004,0.00700426953124289,-2.485102970531609,False
mp-775378,Li8Mn3Fe5(BO3)8,"B,Fe,Li,Mn,O",3.186926399693714,3.0338,0.007172465781247972,-2.393525275912355,False
mp-776113,Li8TiMn7(PO4)12,"Li,Mn,O,P,Ti",2.981822921326621,0.24919999999999987,0.013249339232460855,-2.5468251087004155,False
mp-776163,Li8NbFe7(PO4)12,"Fe,Li,Nb,O,P",2.974570449803136,0.0,0.011396011381576088,-2.4974732963471187,False
mp-776162,Li8Mn7Ni(PO4)12,"Li,Mn,Ni,O,P",3.0234000562168935,0.0,0.02126209218933539,-2.432380568261818,False
mp-776549,Li8FeO5F,"F,Fe,Li,O",2.3242582951369575,2.9946,0.028506134333332156,-2.1670833387777786,False
mp-776668,Li8Mn7Fe(PO4)12,"Fe,Li,Mn,O,P",3.0136670952472873,0.13260000000000005,0.017658005968571366,-2.461569071946029,False
mp-776746,Li8Fe7Sb(PO4)12,"Fe,Li,O,P,Sb",3.040498136576907,0.0,0.013280760899124111,-2.4355658622681697,False
mp-776829,Li8Mn7Cr(PO4)12,"Cr,Li,Mn,O,P",3.0038810617288982,0.09939999999999993,0.018539010639623044,-2.4821937701039234,False
mp-777357,Li8Mn7Fe(BO3)8,"B,Fe,Li,Mn,O",3.1294458013057262,2.8977000000000004,0.007932699739575888,-2.484174540323276,False
mp-777438,Li8MnFe7(BO3)8,"B,Fe,Li,Mn,O",3.280008873625657,3.1051,0.004172486302081779,-2.3508205062068956,False
mp-777579,Li8Fe7Sn(PO4)12,"Fe,Li,O,P,Sn",3.0171113285337077,0.0,0.01566584100329127,-2.432886229570803,False
mp-777583,Li8Mn3Fe5(BO3)8,"B,Fe,Li,Mn,O",3.18925339003999,3.0954,0.01766878161458063,-2.3830289600790224,False
mp-777649,Li8Mn7Fe(BO3)8,"B,Fe,Li,Mn,O",3.1208662246572834,2.9027999999999996,0.007976225989575703,-2.484131014073276,False
mp-777729,Li8Mn7Fe(BO3)8,"B,Fe,Li,Mn,O",3.197686833896253,2.9645,0.0071289880729095145,-2.484978251989942,False
mp-777727,Li8Mn7Fe(BO3)8,"B,Fe,Li,Mn,O",3.192477338593218,2.9747000000000003,0.007258625781243033,-2.4848486142816086,False
mp-777765,Li8Mn5Fe3(BO3)8,"B,Fe,Li,Mn,O",3.240263778518515,3.082,0.005594658177077605,-2.440807832701149,False
mp-777768,Li8Mn7Fe(BO3)8,"B,Fe,Li,Mn,O",3.1239817019746132,2.9053000000000004,0.00793209557290897,-2.4841751444899423,False
mp-777792,Li8Mn7Fe(BO3)8,"B,Fe,Li,Mn,O",3.186455863583665,2.9821000000000004,0.007274921614574659,-2.4848323184482766,False
mp-777795,Li8Mn7Fe(BO3)8,"B,Fe,Li,Mn,O",3.3321864305108178,2.8866999999999994,0.007926084947908585,-2.4841811551149426,False
mp-777788,Li8Mn7Fe(BO3)8,"B,Fe,Li,Mn,O",3.1819800305750405,2.9791,0.007120282031242375,-2.484986958031609,False
mp-777802,Li8MnFe7(BO3)8,"B,Fe,Li,Mn,O",3.2803562349556055,3.1564999999999994,0.0014833929687485536,-2.3535095995402284,False
mp-777962,Li8Mn5Fe3(BO3)8,"B,Fe,Li,Mn,O",3.224403909632948,2.9955000000000003,0.013517873177078421,-2.4328846177011485,False
mp-777943,Li8Mn3Fe5(BO3)8,"B,Fe,Li,Mn,O",3.1852867550696815,3.101,0.005698220364581452,-2.3949995213290216,False
mp-777957,Li8Mn3Fe5(BO3)8,"B,Fe,Li,Mn,O",3.2481838709797453,3.148480650591736,0.0046512841145816,-2.396046457579022,False
mp-778004,Li8MnFe7(BO3)8,"B,Fe,Li,Mn,O",3.274350360367186,3.1457999999999995,0.0021319679687481496,-2.352861024540229,False
mp-778045,Li8Mn3Fe5(BO3)8,"B,Fe,Li,Mn,O",3.1954953157837793,3.1249,0.005605142447914879,-2.395092599245688,False
mp-778083,Li8MnFe7(BO3)8,"B,Fe,Li,Mn,O",3.2881440292397257,3.1706000000000003,0.0016682171354149844,-2.353324775373562,False
mp-778135,Li8Mn7Fe(BO3)8,"B,Fe,Li,Mn,O",3.1215912492778775,2.8964,0.008026855989576198,-2.4840803840732755,False
mp-778174,Li8Mn5Fe3(BO3)8,"B,Fe,Li,Mn,O",3.152947571629551,3.0399000000000003,0.007087577135410861,-2.439314913742816,False
mp-778158,Li8Mn3Fe5(BO3)8,"B,Fe,Li,Mn,O",3.2478704075302955,0.0,0.003414106614582302,-2.3972836350790216,False
mp-778203,Li8MnFe7(BO3)8,"B,Fe,Li,Mn,O",3.2350732822012858,3.1654,0.004790767552081299,-2.3502022249568957,False
mp-778205,Li8Mn7Fe(BO3)8,"B,Fe,Li,Mn,O",3.1444184449937715,2.8851999999999998,0.008436858697908889,-2.483670381364943,False
mp-778272,Li8Mn7Fe(BO3)8,"B,Fe,Li,Mn,O",3.126726390465063,2.8974,0.007992697864575682,-2.484114542198276,False
mp-778302,Li8Mn5Fe3(BO3)8,"B,Fe,Li,Mn,O",3.231625593121128,3.0728999999999997,0.004866626927078066,-2.441535863951149,False
mp-778297,Li8Mn7Fe(BO3)8,"B,Fe,Li,Mn,O",3.185055456869074,2.9810999999999996,0.00706210432290888,-2.485045135739943,False
mp-778477,Li8Mn5Fe3(BO3)8,"B,Fe,Li,Mn,O",3.1469419952263182,3.0374999999999996,0.007305773802077198,-2.4390967170761493,False
mp-778495,Li8Mn7Fe(BO3)8,"B,Fe,Li,Mn,O",3.176390210928102,2.974,0.00717277744790934,-2.4849344626149423,False
mp-778721,Li8Mn7Fe(BO3)8,"B,Fe,Li,Mn,O",3.185907426535852,2.9745000000000004,0.007205709114575853,-2.484901530948276,False
mp-778754,Li8MnFe7(BO3)8,"B,Fe,Li,Mn,O",3.2805467810268616,3.1743000000000006,0.0011851063020813513,-2.353807886206896,False
mp-778755,Li8MnFe7(BO3)8,"B,Fe,Li,Mn,O",3.2144766516788112,3.1258,0.0054161552604155005,-2.3495768372485624,False
mp-778844,Li8MnFe7(BO3)8,"B,Fe,Li,Mn,O",3.2813536006328,3.0650999999999997,0.005338201718747548,-2.3496547907902294,False
mp-778882,Li8Mn5Fe3(BO3)8,"B,Fe,Li,Mn,O",3.1657288833158663,0.06500000000000039,0.009192680468744108,-2.4372098104094824,False
mp-778883,Li8Mn3Fe5(BO3)8,"B,Fe,Li,Mn,O",3.2529319902705356,3.1764,0.0034388566145810984,-2.3972588850790224,False
mp-779053,Li8Mn3Fe5(BO3)8,"B,Fe,Li,Mn,O",3.1730086599840135,2.8502,0.005616874739581945,-2.3950808669540216,False
mp-779074,Li8Mn7Fe(BO3)8,"B,Fe,Li,Mn,O",3.118161547468132,2.8964,0.0083297445312418,-2.48377749553161,False
mp-779520,Li8Mn7Fe(BO3)8,"B,Fe,Li,Mn,O",3.116294832840475,2.901,0.008001578072909687,-2.484105661989942,False
mp-779765,Li8Mn5Fe3(BO3)8,"B,Fe,Li,Mn,O",3.1760958949903952,2.9851,0.014776102968744986,-2.431626387909482,False
mp-780298,Li8Mn7Fe(BO3)8,"B,Fe,Li,Mn,O",3.1830090650796117,2.9777000000000005,0.007095074322908346,-2.4850121657399433,False
mp-780292,Li8Mn5Fe3(BO3)8,"B,Fe,Li,Mn,O",3.2163249057250742,3.0066,0.014429622760411043,-2.4319728681178154,False
mp-780440,Li8MnFe7(BO3)8,"B,Fe,Li,Mn,O",3.233819559793768,3.1364,0.0041400498437482725,-2.350852942665229,False
mp-780436,Li8Mn5Fe3(BO3)8,"B,Fe,Li,Mn,O",3.160327437616489,3.0049,0.007362827552078066,-2.439039663326149,False
mp-780470,Li8Mn3Fe5(BO3)8,"B,Fe,Li,Mn,O",3.181697155158754,3.1448,0.005547497447914829,-2.395150244245689,False
mp-780493,Li8CrO6,"Cr,Li,O",2.451915329186876,2.1344000000000003,0.0038918984999973816,-2.1355923887777775,False
mp-780716,Li8Mn7V(PO4)12,"Li,Mn,O,P,V",2.9745745145028173,0.08030000000000004,0.01736611749452699,-2.504426465235502,False
mp-780717,Li8Mn7Nb(PO4)12,"Li,Mn,Nb,O,P",3.01013971987343,0.2581000000000001,0.013808068316894406,-2.54740208563024,False
mp-780776,Li8Fe7Ni(PO4)12,"Fe,Li,Ni,O,P",2.9043699524933997,0.0,0.03337487077302903,-2.3685363802944863,False
mp-780785,Li8Fe7Co(PO4)12,"Co,Fe,Li,O,P",2.933461575170035,0.0,0.0270548828618411,-2.3793932348997493,False
mp-780787,Li8CoO5F,"Co,F,Li,O",2.4127605080783074,1.6314000000000002,0.03114167233333287,-2.093245742111111,False
mp-780795,Li8CrFe7(PO4)12,"Cr,Fe,Li,O,P",2.928960640829019,0.0,0.033223162938597284,-2.413278544241854,False
mp-780799,Li8Mn5Fe3(BO3)8,"B,Fe,Li,Mn,O",3.160882876460354,0.0,0.007014955677077772,-2.439387535201149,False
mp-782001,Li8La4TiNb7O28,"La,Li,Nb,O,Ti",4.940292377293411,0.0,0.03603676794271671,-3.130875999583333,False
mp-849430,Li8MnFe7(PO4)8,"Fe,Li,Mn,O,P",3.462049964432441,3.9665,0.0018126687946482534,-2.4972749357453674,False
mp-849522,Li8V3P8O29,"Li,O,P,V",2.5947020252491955,1.0602000000000003,0.0,-2.7269130079960315,True
mp-850226,Li8Mn7Fe(BO3)8,"B,Fe,Li,Mn,O",3.1338781222911685,2.9085,0.008146173281242675,-2.483961066781609,False
mp-850260,Li8MnFe7(BO3)8,"B,Fe,Li,Mn,O",3.2158386834698467,3.2128999999999994,0.005626075677081843,-2.3493669168318956,False
mp-850772,Li8CoNi9O20,"Co,Li,Ni,O",4.6013938728168045,0.0,0.0399085646271935,-1.3836659921491228,False
mp-850743,Li8MnFe7(BO3)8,"B,Fe,Li,Mn,O",3.28680921883834,3.1002,0.0014952904687488555,-2.353497702040229,False
mp-861717,Li8MnFe7(PO4)8,"Fe,Li,Mn,O,P",3.4566940187209414,4.3458000000000006,0.0017167025446482853,-2.4973709019953674,False
mp-882371,Li8V3P8O29,"Li,O,P,V",2.6201581872331903,1.0099,0.021350308749972235,-2.705562699246032,False
mp-1176805,Li8VO6,"Li,O,V",2.6008407540586536,1.6063999999999998,0.03700209716666425,-2.199859522444444,False
mp-1176834,Li8Fe7Te(PO4)12,"Fe,Li,O,P,Te",3.0696047565084412,0.030899999999999928,0.02255560474999463,-2.4135369436716796,False
mp-1176831,Li8MnFe7(BO3)8,"B,Fe,Li,Mn,O",3.231597739709795,3.2957,0.005069976093747819,-2.349923016415229,False
mp-1176826,Li8V3P8O29,"Li,O,P,V",2.6089128057501254,0.8073999999999999,0.011431719791639594,-2.7154812882043653,False
mp-1176833,Li8MnFe7(BO3)8,"B,Fe,Li,Mn,O",3.2444189802350683,3.3205000000000005,0.005845730052080889,-2.349147262456896,False
mp-1176835,Li8Fe7P12WO48,"Fe,Li,O,P,W",3.154199522984823,0.0343,0.015592453618424429,-2.463712781741855,False
mp-1176840,Li8Mn5Fe3(BO3)8,"B,Fe,Li,Mn,O",3.1842134042218495,2.9490000000000003,0.007023328385410643,-2.4393791624928163,False
mp-1176842,Li8Mn7Sb(PO4)12,"Li,Mn,O,P,Sb",3.068372304698064,0.0,0.014893429468210151,-2.4843616354986615,False
mp-1176848,Li8Mn3Cr(PO4)6,"Cr,Li,Mn,O,P",2.8523250320657105,0.5567000000000002,0.03179908146825117,-2.618190727817069,False
mp-1176839,Li8MnFe7(BO3)8,"B,Fe,Li,Mn,O",3.300417661271015,3.299,0.0010679023437489832,-2.3539250901652284,False
mp-1176836,Li8MnFe7(BO3)8,"B,Fe,Li,Mn,O",3.2974798228617535,3.2986999999999993,0.0013303454687481064,-2.3536626470402293,False
mp-1176847,Li8CoO5F,"Co,F,Li,O",2.4039656350215757,1.7086000000000001,0.029465703333332982,-2.0949217111111107,False
mp-1176859,Li8MnFe7(PO4)12,"Fe,Li,Mn,O,P",2.93855204996689,0.0,0.02260731872258681,-2.413331355398842,False
mp-1176867,Li8CoNi9O20,"Co,Li,Ni,O",4.629594516770799,0.0,0.024493131600877405,-1.3990814251754387,False
mp-1176886,Li8Mn3Fe5(BO3)8,"B,Fe,Li,Mn,O",3.2684711732437535,3.1234,0.014781844114581943,-2.3859158975790216,False
mp-1176891,Li8Mn3Fe5(BO3)8,"B,Fe,Li,Mn,O",3.273662593161351,3.0591999999999997,0.0034372436979150933,-2.3972604979956884,False
mp-1176895,Li8Mn7Sn(PO4)12,"Li,Mn,O,P,Sn",3.0742525427180234,0.3447,0.014281063322373555,-2.488459139117082,False
mp-1176950,Li8Mn7Cu(PO4)12,"Cu,Li,Mn,O,P",3.032802622187998,0.09450000000000003,0.024992867364773907,-2.4190052458933975,False
mp-1177097,Li8Fe7Cu(PO4)12,"Cu,Fe,Li,O,P",2.9295085827787033,0.0,0.03384664558388106,-2.3581724229260654,False
mp-1177305,Li8Ti7Fe9(PO4)24,"Fe,Li,O,P,Ti",2.818037351503137,0.0,0.03908101990451307,-2.5905322816765883,False
mp-1315015,Li8VO6,"Li,O,V",2.6382258559065725,1.8661,0.028345013833330768,-2.208516605777778,False
mp-27920,Li8CoO6,"Co,Li,O",2.5390754589200597,1.0757999999999999,0.008495306333334618,-1.9392833037777781,False
mp-752889,Li8VO5F,"F,Li,O,V",2.5634702797189926,2.1185,0.04911687450000013,-2.27476954561111,False
mp-753625,Li8MnO5F,"F,Li,Mn,O",2.5700503715355425,1.975,0.026982924166666145,-2.2078605418065136,False
mp-755081,Li8(NiO2)5,"Li,Ni,O",4.10385591846633,0.016699999999999715,0.04440733876811542,-1.601106722898551,False
mp-755817,Li8MnO6,"Li,Mn,O",2.7359771851964116,1.7904,0.03001457999999868,-2.0789892603065137,False
mp-756239,Li8CrO6,"Cr,Li,O",2.6797524088542897,1.0428000000000002,0.03558705549999708,-2.1038972317777778,False
mp-756255,Li8VO6,"Li,O,V",2.6380090067333826,1.7832,0.027576510499997653,-2.209285109111111,False
mp-756356,Li8FeO6,"Fe,Li,O",2.6784518542302975,0.3605999999999999,0.029306551666667957,-1.9643862257777773,False
mp-757283,Li8V3P8O29,"Li,O,P,V",2.5853304103267933,1.2028,0.012632382708305911,-2.714280625287699,False
mp-757498,Li8V3P8O29,"Li,O,P,V",2.6100099690599756,0.021199999999999886,0.025848023229139372,-2.7010649847668655,False
mp-757784,Li8V3P8O29,"Li,O,P,V",2.6278897546901065,0.9400999999999999,0.021751843333305487,-2.7051611646626985,False
mp-757891,Li8V3P8O29,"Li,O,P,V",2.6075370635229573,0.6427,0.019064527916639484,-2.707848480079365,False
mp-758412,Li8Mn7Co(PO4)12,"Co,Li,Mn,O,P",3.0465795155726156,0.12759999999999994,0.026855053220036673,-2.4322241554986603,False
mp-758577,Li8VFe7(PO4)12,"Fe,Li,O,P,V",2.9440506743512236,0.0,0.01637701015625126,-2.4537038160839586,False
mp-758772,Li8(NiO2)11,"Li,Ni,O",4.703869199966818,0.1948000000000003,0.024090079705279877,-1.3296680117479676,False
mp-759197,Li8FeNi9O20,"Fe,Li,Ni,O",4.680695995012296,0.0,0.023375761726971866,-1.4191210349122814,False
mp-759370,Li8Fe3Ni7O20,"Fe,Li,Ni,O",4.464114259577515,0.0,0.022715545838821072,-1.516285632280701,False
mp-759442,Li8Fe9CoO20,"Co,Fe,Li,O",4.166526178308766,0.0,0.029427389776315316,-1.8170481864912287,False
mp-759713,Li8Ti15O32,"Li,O,Ti",3.533570818303601,0.0,0.011685113090916133,-3.248932438484849,False
mp-759775,Li8Mn9O18,"Li,Mn,O",4.019494843549912,0.5634000000000001,0.027648597999999858,-2.117269598229885,False
mp-760066,Li8NiO5F,"F,Li,Ni,O",2.6895386397350785,1.1136,0.04622638522222111,-2.0121161034444452,False
mp-760950,Li8TiNi7O16,"Li,Ni,O,Ti",4.596121211078055,0.0,0.018666643437497576,-1.7400736128125,False
mp-761013,Li8MnNi7O16,"Li,Mn,Ni,O",4.613363390815271,0.0947,0.009975564218750677,-1.5984193782686784,False
mp-763305,Li8FeO6,"Fe,Li,O",2.3345895097031875,0.0,0.02475447133333475,-1.968938306111111,False
mp-764701,Li8Mn5O10,"Li,Mn,O",3.5052023846317018,0.4652000000000003,0.04969765043478169,-2.038509285927037,False
mp-764727,Li8NiO5F,"F,Li,Ni,O",2.478121204094116,2.0822,0.032073054222220954,-2.026269434444445,False
mp-764865,Li8FeCo9O20,"Co,Fe,Li,O",4.800465980860338,0.14789999999999992,0.028718458371704614,-1.6507924738596491,False
mp-764985,Li8Fe3Co7O20,"Co,Fe,Li,O",4.576343206845576,0.4165000000000001,0.026380971825656907,-1.697071193596491,False
mp-765504,Li8Fe3Co5O16,"Co,Fe,Li,O",4.616834609132384,0.0,0.008975651953124775,-1.8114129852083325,False
mp-768443,Na8Li9(FeO4)4,"Fe,Li,Na,O",2.731291512018888,0.022500000000000075,0.044644134712837236,-1.7729469232712025,False
mp-769450,Li9Mn15O32,"Li,Mn,O",3.950758940588887,0.5789,0.005941570803557283,-2.0617451976600987,False
mp-769460,Li9Mn12Ni3O32,"Li,Mn,Ni,O",4.11501937869357,0.17629999999999968,0.0031095423630960184,-1.9619381172352217,False
mp-769454,Li9(NiO2)10,"Li,Ni,O",4.865591942233626,0.0,0.007697612446581736,-1.439750425897435,False
mp-769514,Li9Mn12Cu3O32,"Cu,Li,Mn,O",4.150976927508744,0.0,0.026626629129461676,-1.8869567947352215,False
mp-772364,Li9Cr12Co7O48,"Co,Cr,Li,O",3.4116627742626733,0.651,0.03959854459704548,-1.7349754196052622,False
mp-772658,Li9Mn7V12O48,"Li,Mn,O,V",3.4470512774355004,0.12339999999999995,0.04742491644188629,-2.206807267967332,False
mp-772996,Li9Fe23O32,"Fe,Li,O",4.885425588112171,1.0953000000000004,0.03882769324218671,-1.7033639593750003,False
mp-773157,Li9Cr12Co7O48,"Co,Cr,Li,O",3.431931928436515,0.2583000000000001,0.03991405591283392,-1.7346599082894734,False
mp-776035,Li9Cu3P8O29,"Cu,Li,O,P",2.7964846375783674,0.6214000000000001,0.02911988916667152,-2.41127180494169,False
mp-776279,Li9V19O48,"Li,O,V",3.310123228705451,1.2392,0.033326132697371946,-2.4116796590789464,False
mp-776365,Li9Mn21O40,"Li,Mn,O",4.079837136498593,0.3656999999999999,0.005166711714278627,-2.0611699208078824,False
mp-778041,Li9Mn7(PO4)12,"Li,Mn,O,P",2.9392132023374313,0.0,0.03546560862938719,-2.434190039095152,False
mp-779467,Li9V6(P8O29)2,"Li,O,P,V",2.5501739619643593,1.0139,0.04412755750936981,-2.593000191396469,False
mp-779534,Li9V6(P8O29)2,"Li,O,P,V",2.548753436131954,0.21720000000000006,0.045776502453189316,-2.5913512464526494,False
mp-780186,Li9Mn10O20,"Li,Mn,O",4.0362362982931455,0.47219999999999995,0.044645736282051374,-2.101805974597701,False
mp-831248,Li9Mn7V12O48,"Li,Mn,O,V",3.446748159145648,0.37649999999999983,0.040088149073464585,-2.214144035335753,False
mp-850091,Li9Nb10Cr6(PO4)24,"Cr,Li,Nb,O,P",3.1304875023446885,0.030799999999999716,0.036858049677228166,-2.7523228354581275,False
mp-850768,Li9V6(P8O29)2,"Li,O,P,V",2.5539157400219703,0.5900000000000001,0.04729004750936916,-2.5898377013964695,False
mp-859799,Li9Si2Ni5O16,"Li,Ni,O,Si",4.15510076647164,0.5968999999999998,0.04171056645833371,-1.9756195903125002,False
mp-1100477,Li9Mn7O16,"Li,Mn,O",3.917295611076385,1.1732,0.04154289265623845,-2.1259181086099135,False
mp-1100479,Li9Mn7O16,"Li,Mn,O",4.140695017904911,0.8746,0.04141558046873861,-2.1260454207974133,False
mp-1100483,Li9Mn7O16,"Li,Mn,O",3.920810139200869,0.8865000000000003,0.04029712984373823,-2.1271638714224137,False
mp-1100491,Li9Mn7O16,"Li,Mn,O",3.9370590114997355,0.0,0.049835348906237975,-2.117625652359914,False
mp-1100484,Li9Mn7O16,"Li,Mn,O",3.912206073642947,1.2165,0.037975312031238495,-2.1294856892349134,False
mp-1100493,Li9Mn7O16,"Li,Mn,O",3.894558349388769,1.0526,0.04226592359373793,-2.125195077672414,False
mp-1100485,Li9Mn7O16,"Li,Mn,O",3.915563312018171,1.0529000000000002,0.043817323593738244,-2.1236436776724137,False
mp-1100497,Li9Mn7O16,"Li,Mn,O",3.9360770761442705,0.9811000000000001,0.02646751828123861,-2.1409934829849133,False
mp-1100505,Li9Mn7O16,"Li,Mn,O",3.936073840164503,0.9934000000000003,0.027292079531238578,-2.1401689217349134,False
mp-1100486,Li9Mn7O16,"Li,Mn,O",3.922826545459674,0.0,0.045568984531238144,-2.121892016734914,False
mp-1100499,Li9Mn7O16,"Li,Mn,O",3.9367601455190933,0.9664000000000001,0.027337256093738382,-2.1401237451724135,False
mp-1100482,Li9Mn7O16,"Li,Mn,O",3.9069058969755877,1.0428000000000002,0.038386794531238166,-2.1290742067349138,False
mp-1100506,Li9Mn7O16,"Li,Mn,O",3.936255625589184,0.5594000000000001,0.04329535546873853,-2.1241656457974134,False
mp-1100494,Li9Mn7O16,"Li,Mn,O",3.906712363196061,0.8948,0.039536322343738384,-2.1279246789224135,False
mp-1100500,Li9Mn7O16,"Li,Mn,O",3.9204890769633507,0.0,0.049698209218738576,-2.1177627920474134,False
mp-1100481,Li9Mn7O16,"Li,Mn,O",3.9384186923685762,0.8933,0.025579975156238,-2.141881026109914,False
mp-1100488,Li9Mn7O16,"Li,Mn,O",3.904206561418516,0.0,0.04558995421873835,-2.1218710470474136,False
mp-1100492,Li9Mn7O16,"Li,Mn,O",3.921920423212164,0.9062999999999999,0.02458483640623843,-2.1428761648599135,False
mp-1100496,Li9Mn7O16,"Li,Mn,O",3.8902530965921645,1.1751,0.039902767031238184,-2.1275582342349137,False
mp-1100502,Li9Mn7O16,"Li,Mn,O",3.924775567503054,0.5059999999999998,0.0476465635937382,-2.1198144376724137,False
mp-1100487,Li9Mn7O16,"Li,Mn,O",3.8879559082136814,1.2325,0.041143436718738435,-2.1263175645474135,False
mp-1100495,Li9Mn7O16,"Li,Mn,O",3.92482023587041,0.0010999999999996568,0.04481267140623846,-2.1226483298599135,False
mp-1100501,Li9Mn7O16,"Li,Mn,O",3.9350541165304453,0.5887000000000002,0.04301846015623845,-2.1244425411099135,False
mp-1100508,Li9Mn7O16,"Li,Mn,O",3.9283474025476077,0.6238000000000001,0.04290124359373859,-2.1245597576724133,False
mp-1100512,Li9Mn7O16,"Li,Mn,O",3.8979866204789797,0.5915999999999997,0.04259568421873805,-2.124865317047414,False
mp-1100529,Li9Mn7O16,"Li,Mn,O",3.9210647389454887,0.0,0.03461936828123857,-2.1328416329849134,False
mp-1100514,Li9Mn7O16,"Li,Mn,O",3.923443101309957,0.7577999999999996,0.02710802796873857,-2.1403529732974134,False
mp-1100507,Li9Mn7O16,"Li,Mn,O",3.936688663278462,0.4605999999999999,0.04446137046873844,-2.1229996307974135,False
mp-1100522,Li9Mn7O16,"Li,Mn,O",3.9325276018863624,0.5451999999999999,0.030276838593738198,-2.1371841626724137,False
mp-1100524,Li9Mn7O16,"Li,Mn,O",3.9064182441651747,0.0,0.032295857031238384,-2.1351651442349135,False
mp-1100510,Li9Mn7O16,"Li,Mn,O",3.8942581814466637,0.6760999999999999,0.04067970671873855,-2.1267812945474134,False
mp-1100511,Li9Mn7O16,"Li,Mn,O",3.9089473285703096,0.7082999999999999,0.04265412859373807,-2.124806872672414,False
mp-1100523,Li9Mn7O16,"Li,Mn,O",3.9006203591089315,0.8445999999999998,0.028807478906238693,-2.1386535223599132,False
mp-1100526,Li9Mn7O16,"Li,Mn,O",3.9162387021691205,0.685,0.028142874531238427,-2.1393181267349135,False
mp-1100530,Li9Mn7O16,"Li,Mn,O",3.896202284793158,0.0,0.03369179328123817,-2.1337692079849138,False
mp-1100513,Li9Mn7O16,"Li,Mn,O",3.9204856205550205,0.6052000000000004,0.03925749671873824,-2.1282035045474137,False
mp-1100531,Li9Mn7O16,"Li,Mn,O",3.927879024538703,0.0,0.03517044890623833,-2.1322905523599136,False
mp-1100521,Li9Mn7O16,"Li,Mn,O",3.8976548303355947,0.5720000000000001,0.04273826296873828,-2.1247227382974136,False
mp-1100533,Li9Mn7O16,"Li,Mn,O",3.937390898371325,0.0,0.04331163296873797,-2.124149368297414,False
mp-1100517,Li9Mn7O16,"Li,Mn,O",3.9177426111558877,0.6463999999999999,0.029966664531237974,-2.137494336734914,False
mp-1100534,Li9Mn7O16,"Li,Mn,O",3.934645554554884,0.0,0.034453261093738696,-2.1330077401724132,False
mp-1100532,Li9Mn7O16,"Li,Mn,O",3.9148376837486722,0.0,0.03480193640623863,-2.1326590648599133,False
mp-1100537,Li9Mn7O16,"Li,Mn,O",3.9345333379149987,0.0,0.03477080328123794,-2.132690197984914,False
mp-1100515,Li9Mn7O16,"Li,Mn,O",3.9254274029061276,0.0,0.034462214843737904,-2.132998786422414,False
mp-1100536,Li9Mn7O16,"Li,Mn,O",3.9381236327294475,0.9337,0.02393472046873857,-2.1435262807974134,False
mp-1100509,Li9Mn7O16,"Li,Mn,O",3.915090050833869,0.45599999999999996,0.04706399171873876,-2.120397009547413,False
mp-1100519,Li9Mn7O16,"Li,Mn,O",3.9103696453483785,0.6008,0.029274998906238636,-2.1381860023599133,False
mp-1100538,Li9Mn7O16,"Li,Mn,O",3.9376601247472074,0.0,0.03435915453123872,-2.133101846734913,False
mp-1100516,Li9Mn7O16,"Li,Mn,O",3.9211910788195534,0.0,0.03321082015623844,-2.1342501811099135,False
mp-1100518,Li9Mn7O16,"Li,Mn,O",3.9236776260660906,0.0,0.03443441015623794,-2.133026591109914,False
mp-1100520,Li9Mn7O16,"Li,Mn,O",3.896907293630948,0.5878000000000001,0.030637600156238065,-2.136823401109914,False
mp-1100549,Li9Mn7O16,"Li,Mn,O",3.895818865046573,0.8886000000000003,0.02465126171873866,-2.1428097395474133,False
mp-1100553,Li9Mn7O16,"Li,Mn,O",3.910953409569002,0.9223000000000003,0.023977047656238426,-2.1434839536099135,False
mp-1100541,Li9Mn7O16,"Li,Mn,O",3.9088614347811395,0.9314999999999998,0.022888975468738693,-2.1445720257974132,False
mp-1100542,Li9Mn7O16,"Li,Mn,O",3.912352675075008,0.0,0.03497356765623838,-2.1324874336099136,False
mp-1100562,Li9Mn7O16,"Li,Mn,O",3.912076989850367,0.6376,0.029679906406238743,-2.137781094859913,False
mp-1100559,Li9Mn7O16,"Li,Mn,O",3.9045252064556806,0.0,0.03273082171873831,-2.1347301795474136,False
mp-1100552,Li9Mn7O16,"Li,Mn,O",3.935247534854448,0.6019999999999999,0.03028196578123854,-2.1371790354849134,False
mp-1100539,Li9Mn7O16,"Li,Mn,O",3.930561645084647,0.0,0.0329871007812379,-2.134473900484914,False
mp-1100540,Li9Mn7O16,"Li,Mn,O",3.9328914016636434,1.0164,0.025824501093738128,-2.141636500172414,False
mp-1100543,Li9Mn7O16,"Li,Mn,O",3.9067596315309494,0.0,0.033116818281238025,-2.134344182984914,False
mp-1100546,Li9Mn7O16,"Li,Mn,O",3.934073233458945,0.0,0.03275550203123867,-2.1347054992349133,False
mp-1100554,Li9Mn7O16,"Li,Mn,O",3.9181064122466416,0.9744000000000002,0.026508679843738392,-2.1409523214224135,False
mp-1100558,Li9Mn7O16,"Li,Mn,O",3.938156534675438,0.5974000000000004,0.030909281718738413,-2.1365517195474135,False
mp-1100545,Li9Mn7O16,"Li,Mn,O",3.930209746237671,0.0,0.03273644890623828,-2.1347245523599137,False
mp-1100547,Li9Mn7O16,"Li,Mn,O",3.932548981481928,0.0,0.03273803390623797,-2.134722967359914,False
mp-1100551,Li9Mn7O16,"Li,Mn,O",3.9230080227917883,0.8566000000000003,0.024531816093738,-2.142929185172414,False
mp-1100544,Li9Mn7O16,"Li,Mn,O",3.9275132920342495,0.0,0.032718058593737886,-2.134742942672414,False
mp-1100556,Li9Mn7O16,"Li,Mn,O",3.924834283527419,0.8506,0.025221059843738125,-2.142239941422414,False
mp-1100557,Li9Mn7O16,"Li,Mn,O",3.892233783615913,0.8778999999999999,0.024984377343738373,-2.1424766239224136,False
mp-1100555,Li9Mn7O16,"Li,Mn,O",3.9319194850860493,0.6400000000000001,0.028769710156238304,-2.1386912911099136,False
mp-1100580,Li9Mn7O16,"Li,Mn,O",3.929102154153428,1.2156000000000002,0.039556726718738666,-2.1279042745474133,False
mp-1100581,Li9Mn7O16,"Li,Mn,O",3.917187439103275,0.9251999999999998,0.02641665984373809,-2.141044341422414,False
mp-1101479,NaLi9Fe10(SiO3)20,"Fe,Li,Na,O,Si",3.3098896395068476,2.7254,0.010930765024991018,-2.751215939713793,False
mp-1101531,Li9Co3P8O29,"Co,Li,O,P",2.749678274149215,1.5756000000000001,0.040506720901361426,-2.4700582337172006,False
mp-1175405,Li9Co7O16,"Co,Li,O",4.394476130525133,0.005300000000000082,0.04755965781250193,-1.709871319375,False
mp-1175374,Li9Co7O16,"Co,Li,O",4.447840754174611,0.6973000000000003,0.04351940312500169,-1.7139115740625002,False
mp-1175376,Li9Co7O16,"Co,Li,O",4.359195622194576,1.1528,0.039236598437502046,-1.7181943787499998,False
mp-1175401,Li9Co7O16,"Co,Li,O",4.411036243672474,0.6325000000000003,0.043093231250002084,-1.7143377459374998,False
mp-1175381,Li9Co7O16,"Co,Li,O",4.807135841294161,0.020500000000000185,0.010369227500001799,-1.7470617496875,False
mp-1175409,Li9Co7O16,"Co,Li,O",4.821200703564265,0.1730999999999998,0.008770690625001798,-1.7486602865625,False
mp-1175419,Li9Co7O16,"Co,Li,O",4.81927008340793,0.13049999999999962,0.008938047500001822,-1.7484929296875,False
mp-1175415,Li9Co7O16,"Co,Li,O",4.417885210089578,0.04640000000000022,0.0368240856250015,-1.7206068915625004,False
mp-1175428,Li9Co7O16,"Co,Li,O",4.3848039219684996,0.7323999999999997,0.04559010656250173,-1.7118408706250001,False
mp-1175418,Li9Co7O16,"Co,Li,O",4.452348045023721,0.6335000000000002,0.034333815312502125,-1.7230971618749997,False
mp-1175469,Li9Co7O16,"Co,Li,O",4.815819958852067,0.0,0.007600354062502035,-1.7498306231249998,False
mp-1175488,Li9Co7O16,"Co,Li,O",4.333416508196903,0.2827000000000002,0.047437763750001416,-1.7099932134375004,False
mp-1175506,Li9Co7O16,"Co,Li,O",4.805826447953273,0.0,0.024115093750001648,-1.7333158834375002,False
mp-1175571,Li9Co7O16,"Co,Li,O",4.415250427040467,0.31919999999999993,0.04573105781250142,-1.7116999193750004,False
mp-1175642,Li9Mn2Co5O16,"Co,Li,Mn,O",4.228601156961859,1.5093,0.04863858781250041,-1.8599410426831904,False
mp-1175684,Li9Mn2Co5O16,"Co,Li,Mn,O",4.6977267715522055,1.2674000000000003,0.04835629343750014,-1.8602233370581907,False
mp-1176793,Li9Mn12Ni3O32,"Li,Mn,Ni,O",4.1083892200698395,0.0,0.003540554505953253,-1.961507105092364,False
mp-1176978,Li9V6(P8O29)2,"Li,O,P,V",2.538366930112342,0.248,0.04382339840824656,-2.5933043504975926,False
mp-1176987,Li9Cr4P4(CO7)4,"C,Cr,Li,O,P",2.69905250820801,0.3859999999999997,0.03567890897321391,-2.4126545083381923,False
mp-1177063,Li9Cr12Ni7O48,"Cr,Li,Ni,O",3.4363326761307857,0.0,0.035811327267544435,-1.7202106901315786,False
mp-1177178,Li9Mn21O40,"Li,Mn,O",4.084405799224011,0.0,0.02207995571427812,-2.0442566768078825,False
mp-26035,Li9Mn3P8O29,"Li,Mn,O,P",2.679569041556681,1.3497,0.0,-2.630352381855835,True
mp-26975,Li9Cr3P8O29,"Cr,Li,O,P",2.685412577313761,3.2574,0.0,-2.701587921676384,True
mp-27013,Li9V3P8O29,"Li,O,P,V",2.6356311282964637,2.1456999999999997,0.00016376824830999226,-2.7296110267784255,False
mp-531804,Li9Mn15O32,"Li,Mn,O",3.9754599585202355,0.5088999999999997,0.008329470803556838,-2.0593572976600987,False
mp-531942,Li9Ni23O32,"Li,Ni,O",5.558498103932555,0.0,0.024326365468750666,-1.3512060590624992,False
mp-554093,Li9Fe3P8O29,"Fe,Li,O,P",2.697788639392013,2.5723,0.002551181836736305,-2.597483071982508,False
mp-583985,Li9Co3P8O29,"Co,Li,O,P",2.8527420964035635,2.188,0.025925908656463825,-2.484639045962098,False
mp-584450,Li9Co3P8O29,"Co,Li,O,P",2.755417652547692,1.5143,0.03935102518707545,-2.4712139294314865,False
mp-690161,Li9Mn20O40,"Li,Mn,O",4.02294869618446,0.5773999999999999,0.010431950675119595,-2.040790375777113,False
mp-757769,K8Li9Mn4O16,"K,Li,Mn,O",2.7458910215555425,0.43579999999999997,0.04617884925382132,-1.8729941421547074,False
mp-758645,Li9Co13O28,"Co,Li,O",4.599326688438559,0.0484,0.03895447187159373,-1.511822746800001,False
mp-758732,Li9Co13O28,"Co,Li,O",4.603400769794216,0.01059999999999972,0.039459203271594134,-1.5113180153999997,False
mp-759044,Li9Mg(Ni6O13)2,"Li,Mg,Ni,O",4.477218542897305,0.38639999999999963,0.032082610266200184,-1.3770519730208335,False
mp-759153,Li9Ni15O28,"Li,Ni,O",4.946546166350556,0.0,0.0352434588782069,-1.2895868271153847,False
mp-759352,K8Li9(FeO4)4,"Fe,K,Li,O",2.6889091000819505,0.0,0.03472256525338402,-1.7660116815675675,False
mp-759741,Li9V3P8O29,"Li,O,P,V",2.667630374138288,0.937,0.025602607636064256,-2.7041721873906717,False
mp-760818,Li9V3P8O29,"Li,O,P,V",2.6158821005242174,1.7446,0.01918562365647336,-2.7105891713702626,False
mp-760842,Li9V3P8O29,"Li,O,P,V",2.632522169409788,0.5619000000000001,0.03190900263606444,-2.6978657923906706,False
mp-760985,Li9V4(PO4)6,"Li,O,P,V",2.805413602260912,0.009199999999999875,0.04665908848837219,-2.6464762522757472,False
mp-761055,Li9V3P8O29,"Li,O,P,V",2.6281521201777633,0.6098000000000003,0.027657126615656225,-2.7021176684110793,False
mp-761049,Li9V3P8O29,"Li,O,P,V",2.626687673684457,1.6257000000000001,0.017266522125860995,-2.7125082729008745,False
mp-761083,Li9V3P8O29,"Li,O,P,V",2.6347287860853417,1.4812000000000003,0.019588142738105496,-2.71018665228863,False
mp-761091,Li9V3P8O29,"Li,O,P,V",2.6217791370427785,1.6943,0.018770223044227485,-2.7110045719825084,False
mp-766679,Li9V21O40,"Li,O,V",3.857093057744511,0.6539999999999999,0.015283853428570637,-2.507324756571427,False
mp-766830,Li9Mn14O32,"Li,Mn,O",3.9100302736777994,0.0,0.016728047333330665,-2.0187421691097183,False
mp-767490,Li9Ti12NbO30,"Li,Nb,O,Ti",3.7202988730205813,0.0,0.02102999134615402,-3.1810040134615396,False
mp-767704,Li9Mn15O32,"Li,Mn,O",4.2013286307481525,0.0,0.049731564196414446,-2.0179552042672415,False
mp-769507,Li10CoNi9O20,"Co,Li,Ni,O",4.7732428474089446,0.0,0.00830747216666694,-1.5175472803333327,False
mp-769545,Li10FeNi9O20,"Fe,Li,Ni,O",4.642422225193643,0.0,0.010651133937497725,-1.5320347100833338,False
mp-769555,Li10Co3Ni7O20,"Co,Li,Ni,O",4.9537962801045365,0.0,0.0462191835833341,-1.5353624755833337,False
mp-769567,Li10Ti11Cr9O40,"Cr,Li,O,Ti",3.776807176422374,0.0,0.0007203993511897266,-2.9218297829999997,False
mp-770651,Li10Fe9CoO20,"Co,Fe,Li,O",4.215710318958441,0.22940000000000005,0.005083631937498723,-1.9199254180833336,False
mp-771052,Li10Fe3Ni7O20,"Fe,Li,Ni,O",4.548047892664049,0.2056,0.008759554895831911,-1.6233153788333339,False
mp-849374,Li10Mg12Fe(PO4)12,"Fe,Li,Mg,O,P",2.961945215430373,4.4803,0.0030926920783089784,-2.921611987458405,False
mp-1178101,Li10Sc9Fe(SiO3)20,"Fe,Li,O,Sc,Si",2.990620556224076,3.0448999999999997,0.005150644191664,-3.280708605383333,False
mp-1185179,Li10Co4O9,"Co,Li,O",3.547876893963029,1.4378593432243965,0.031534399660325896,-1.7747034253623184,False
mp-530277,Li10Co11O21,"Co,Li,O",5.005609830061159,0.5341000000000005,0.026078770297618625,-1.6970177326984128,False
mp-759912,Li10CoNi9O20,"Co,Li,Ni,O",4.8020570375852225,0.47800000000000065,0.00669504066666704,-1.5191597118333326,False
mp-760848,Li10Fe3Co7O20,"Co,Fe,Li,O",4.699120963971419,0.0,0.013500963562495194,-1.7919419003333346,False
mp-764262,Li10FeCo9O20,"Co,Fe,Li,O",4.645629801509785,0.11459999999999981,0.043606681937499836,-1.7219807865833332,False
mp-767498,Li10Ti11Nb6O42,"Li,Nb,O,Ti",3.955497124007866,2.1917999999999997,0.03606042163043632,-3.1159175434782624,False
mp-769463,Li11Ti8Fe5O32,"Fe,Li,O,Ti",3.496663613557681,0.19589999999999996,0.03657579441581138,-2.5737923186309524,False
mp-769470,Li11Fe(WO4)7,"Fe,Li,O,W",5.358167042900088,2.8156,0.04589430174201681,-2.251534366312056,False
mp-769472,Li11(NiO4)2,"Li,Ni,O",2.651986385680848,0.0,0.04590649134920266,-1.8280032469841272,False
mp-769483,Li11(CoO4)2,"Co,Li,O",2.645405788975596,0.2894000000000001,0.02396402059524494,-1.9131152212698421,False
mp-774528,Li11Ti24O48,"Li,O,Ti",3.6395465116995336,0.0,0.007468203012042096,-3.2576707476706837,False
mp-774644,Li11V12(CuO4)12,"Cu,Li,O,V",4.1167643167083146,0.0,0.04525749820030356,-1.9364229957429726,False
mp-849384,Li11V8(PO4)12,"Li,O,P,V",2.8720315738211184,0.7162999999999999,0.0064429149129816565,-2.7143578559795056,False
mp-38676,Li11(NiO2)12,"Li,Ni,O",4.659352969414187,0.0,0.015090391959220462,-1.4409607546099288,False
mp-531021,Li11Mn13O32,"Li,Mn,O",3.803907939337675,0.0,0.01194123530951341,-2.0305525953530386,False
mp-554531,Li11La12Fe3O28,"Fe,La,Li,O",5.875654638236319,2.3348000000000004,0.026215029675924484,-3.0274540345679015,False
mp-694909,Li11Fe3B24(PbO24)2,"B,Fe,Li,O,Pb",3.3475501233249942,1.2095,0.007825163979632954,-2.6540728206439397,False
mp-758440,Li11V16O32,"Li,O,V",3.7951494128158996,0.9520000000000004,0.03751230218220236,-2.476581457909605,False
mp-758517,Li11Ni13O24,"Li,Ni,O",4.934793155523541,0.0,0.01692912493055765,-1.4577366743055553,False
mp-766484,Li11Mn12(BO3)12,"B,Li,Mn,O",3.132723402398111,0.0,0.02296050341549627,-2.490201891011819,False
mp-766526,Li11Mn12(BO3)12,"B,Li,Mn,O",3.1654232677886918,0.0,0.021996077218313204,-2.491166317209002,False
mp-766525,Li11Mn12(BO3)12,"B,Li,Mn,O",3.1653369231781054,0.04360000000000008,0.022191416514088402,-2.4909709779132263,False
mp-766660,Li11Fe12(BO3)12,"B,Fe,Li,O",3.2937358963589363,1.5745,0.0233281670774792,-2.310182231784038,False
mp-766960,Li11Fe12(BO3)12,"B,Fe,Li,O",3.2967710803287362,1.0162999999999998,0.01514131679578945,-2.3183690820657277,False
mp-770660,Li12CrGa11O24,"Cr,Ga,Li,O",3.9574053694939706,1.3460999999999999,0.04924509734374638,-2.3321086027604174,False
mp-774749,RbNa3Li12Ti4O16,"Li,Na,O,Rb,Ti",2.8087832384169107,4.3103,0.0,-2.643367490971423,True
mp-775195,Li12Mn11Fe(PO4)12,"Fe,Li,Mn,O,P",3.344508477837941,3.4699000000000004,0.0018750365178554773,-2.6187593036066157,False
mp-779301,Li12Mn3V5(PO4)12,"Li,Mn,O,P,V",2.922341381737882,0.25170000000000026,0.025039315835929443,-2.663738435993843,False
mp-779342,Li12MnV7(PO4)12,"Li,Mn,O,P,V",2.9193390149310647,0.23229999999999973,0.010462117445295682,-2.704201557295567,False
mp-779437,Li12Mn3V5(PO4)12,"Li,Mn,O,P,V",2.9432042951864053,0.0,0.03342828933592923,-2.655349462493843,False
mp-850892,Li12Mn5V3(PO4)12,"Li,Mn,O,P,V",2.9509395476673466,0.21079999999999988,0.022430970406251305,-2.621845448567118,False
mp-887443,Li12Mn3V5(PO4)12,"Li,Mn,O,P,V",2.926767797352276,0.5555000000000003,0.023278052585929743,-2.665499699243842,False
mp-1120802,Li12MnCo(Ni5O12)2,"Co,Li,Mn,Ni,O",4.659331510490955,0.0,0.019513328159719734,-1.5752999443318967,False
mp-1178090,Li12Mn7V(PO4)12,"Li,Mn,O,P,V",2.968548196219634,0.6222000000000001,0.012250637687492016,-2.5809447570153936,False
mp-1178138,Li12Mn7V(PO4)12,"Li,Mn,O,P,V",2.966258817916149,0.5488,0.015913290937492164,-2.577282103765394,False
mp-769473,Li13Ni9O22,"Li,Ni,O",4.378273860066491,0.0,0.018385733560607243,-1.5270887262121207,False
mp-769522,Li13Mg(Ni6O13)2,"Li,Mg,Ni,O",4.6463024735301195,0.0,0.009155799316236113,-1.5584436984294865,False
mp-774263,Li13Ti28O56,"Li,O,Ti",3.639940042376681,0.0,0.006604378350509421,-3.2558026154295536,False
mp-530165,Li13Ti22O48,"Li,O,Ti",3.511650535467142,0.0,0.007802733222886715,-3.2384291922489963,False
mp-530398,Li13Mn21O48,"Li,Mn,O",3.913750097210339,0.0,0.011522344532531648,-2.013090367315672,False
mp-531078,Li13Co11O24,"Co,Li,O",4.709959972919744,0.20459999999999967,0.014519090624998121,-1.738988151111111,False
mp-757347,Li13Ni15O28,"Li,Ni,O",4.868489991895532,0.0,0.012530504523811103,-1.4654675089880946,False
mp-759819,Li13Mn17O40,"Li,Mn,O",3.916810844689016,0.0,0.013613862214258532,-2.045641956116584,False
mp-766878,Li13Ni15O28,"Li,Ni,O",4.8628587308593865,0.0,0.011301846845238828,-1.4666961666666667,False
mp-769537,Li14MgCo13O28,"Co,Li,Mg,O",4.805378409138328,0.0,0.007876497589288434,-1.787312525029762,False
mp-770530,Li14Mn2O9,"Li,Mn,O",2.36422088594,2.5938999999999997,0.04739395919999989,-2.0095594511011505,False
mp-777836,Li14Co13O28,"Co,Li,O",4.7461091980202506,0.3116000000000003,0.016374516795456096,-1.7056926895757567,False
mp-504263,Li14Co9(P2O7)8,"Co,Li,O,P",3.0822744047799113,2.1437,0.046054876061401906,-2.4510713959047608,False
mp-530600,Li14Ti21O48,"Li,O,Ti",3.4349652671568642,0.0,0.014039973885546786,-3.221947902610442,False
mp-540237,Li14Ni9(P2O7)8,"Li,Ni,O,P",3.1191468653296983,3.9337,0.023449304263158943,-2.4568565410626566,False
mp-705402,Li14Mn9(P2O7)8,"Li,Mn,O,P",2.8599831396499367,3.7787000000000006,0.035777262947390476,-2.6250888682350704,False
mp-735790,Li14Mn22Cr3Cu3O56,"Cr,Cu,Li,Mn,O",4.137308682829131,0.0,0.027650471784435027,-1.9951959687872385,False
mp-765044,Li14V9(P2O7)8,"Li,O,P,V",2.8532091336833423,2.5301000000000005,0.04710955174670417,-2.6342639486416046,False
mp-867892,Li15Mn15SiO32,"Li,Mn,O,Si",4.092657406804429,0.21960000000000024,0.037765222896829265,-2.181127022523263,False
mp-1101663,NaLi15V16O48,"Li,Na,O,V",2.8282926860486466,3.0463000000000005,0.021693518312500437,-2.4030001118922426,False
mp-1178192,Li15V6(P8O29)2,"Li,O,P,V",2.615308841715345,1.0735,0.014503198067955303,-2.701165706150376,False
mp-705910,Li15(NiO2)14,"Li,Ni,O",4.568760022134096,0.0,0.04873391383040637,-1.4690996282456141,False
mp-759732,Li15Mn8P8(O4F)8,"F,Li,Mn,O,P",3.096807810298116,0.22030000000000016,0.03249790679576847,-2.7072909784590307,False
mp-767393,Li15Ti11Nb5O42,"Li,Nb,O,Ti",3.8697495320372384,2.2795,0.027142125479446833,-3.056304059817351,False
mp-774850,Li16V3Ga13O32,"Ga,Li,O,V",3.8338861049287445,1.5151,0.030751765820305366,-2.3696679359505213,False
mp-849382,Li16Mn15Fe(PO4)16,"Fe,Li,Mn,O,P",3.3422581165984933,3.4694000000000003,0.00184175926339325,-2.6219911791659345,False
mp-543091,Li16(CoO4)3,"Co,Li,O",2.6548649453980193,0.0,0.024769028629040513,-1.9117113147849454,False
mp-1172980,Li17(CoO4)3,"Co,Li,O",2.646887944516911,0.3449000000000002,0.015448023281251722,-1.9222114014583331,False
mp-543090,Li17(CoO4)3,"Co,Li,O",2.672715103035272,0.0,0.019085001406251578,-1.9185744233333333,False
mp-757655,Li17Ni11O28,"Li,Ni,O",4.340044122217194,0.4691000000000001,0.01723299672619305,-1.5367205988690478,False
mp-761629,Li17V16O32,"Li,O,V",3.8915740546698845,0.6445999999999996,0.023542106076924085,-2.444152372871796,False
mp-698842,Li19Ni23O42,"Li,Ni,O",4.8790173978409275,0.0,0.006217282063493812,-1.465116302896826,False
mp-532301,Li20(CoO2)21,"Co,Li,O",4.889988839731036,0.0,0.006272500527108704,-1.7192153468273086,False
mp-705640,Li20Co21O40,"Co,Li,O",4.930094578729266,1.4030999999999998,0.03695862271604966,-1.6871497929218104,False
mp-769519,Li21(FeO4)4,"Fe,Li,O",2.552990588071448,1.4195,0.028553344390245705,-1.9987800448780486,False
mp-850954,Li21(CoO4)4,"Co,Li,O",2.6345055906627706,0.0,0.04355693079268885,-1.8926166597560987,False
mp-531342,Li21V20O40,"Li,O,V",4.118609729698434,0.1407999999999996,0.038569821296295714,-2.4342775590123464,False
mp-705828,Li23Ni17O40,"Li,Ni,O",4.453761714016777,0.0,0.021620285958336538,-1.515544620708333,False
mp-768398,Li24Ti5Cr7O36,"Cr,Li,O,Ti",3.474606497117829,1.166,0.015511358645833084,-2.54315272037037,False
mp-768392,Li24Ti7Cr5O36,"Cr,Li,O,Ti",3.4361923848973,1.3016,0.012362594965266815,-2.667241576712964,False
mp-768391,Li24Ti7Cr5O36,"Cr,Li,O,Ti",3.43809352848811,1.2749000000000001,0.012517544270822967,-2.667086627407407,False
mp-768397,Li24Ti5Cr7O36,"Cr,Li,O,Ti",3.4827122005875335,1.2071999999999998,0.015646272951388873,-2.5430178060648143,False
mp-768408,Li24Ti5Cr7O36,"Cr,Li,O,Ti",3.478734515574573,1.1905999999999999,0.016256242534720577,-2.542407836481482,False
mp-768405,Li24Ti7Cr5O36,"Cr,Li,O,Ti",3.4322074633527766,1.2939000000000003,0.013086423298600103,-2.6665177483796305,False
mp-768420,Li24Ti7Cr5O36,"Cr,Li,O,Ti",3.433203366262647,1.2496,0.01965349024304519,-2.659950681435186,False
mp-768421,Li24Ti5Cr7O36,"Cr,Li,O,Ti",3.4816931368511,1.1717999999999997,0.018025539062499263,-2.5406385399537035,False
mp-768406,Li24Ti7Cr5O36,"Cr,Li,O,Ti",3.4356503443698605,1.2200000000000002,0.015511782743044655,-2.664092388935186,False
mp-768407,Li24Ti5Cr7O36,"Cr,Li,O,Ti",3.4814385441105284,1.2211000000000003,0.016181455868053973,-2.5424826231481483,False
mp-768433,Li24Ti5Cr7O36,"Cr,Li,O,Ti",3.479893487523332,1.1976,0.016425863368055182,-2.5422382156481476,False
mp-768431,Li24Ti5Cr7O36,"Cr,Li,O,Ti",3.481484280061688,1.2212,0.0157861650347213,-2.542877913981481,False
mp-768430,Li24Ti7Cr5O36,"Cr,Li,O,Ti",3.445873744071338,1.3141000000000003,0.01524403177082334,-2.664360139907407,False
mp-768449,Li24Ti7Cr5O36,"Cr,Li,O,Ti",3.439291855796183,1.3152999999999997,0.012824820937489712,-2.6667793507407405,False
mp-768475,Li24Ti7Cr5O36,"Cr,Li,O,Ti",3.438880616839643,1.2928000000000002,0.013466237743045006,-2.6661379339351856,False
mp-768480,Li24Ti5Cr7O36,"Cr,Li,O,Ti",3.4731691404608407,1.2258999999999998,0.015755866006943897,-2.5429082130092593,False
mp-768532,Li24Ti5Cr7O36,"Cr,Li,O,Ti",3.4882386943826837,0.0,0.021171212395831418,-2.537492866620371,False
mp-768724,Li24Mn7Cr5O36,"Cr,Li,Mn,O",3.6631158179165517,1.2022000000000002,0.03205068562500024,-2.2007657447988507,False
mp-768726,Li24Mn5Cr7O36,"Cr,Li,Mn,O",3.6475106102511057,1.1774,0.03591943805555342,-2.209597178606322,False
mp-768759,Li24Mn7Cr5O36,"Cr,Li,Mn,O",3.6701076958089027,1.0957,0.03344045312500121,-2.1993759772988506,False
mp-768784,Li24Mn5Cr7O36,"Cr,Li,Mn,O",3.6409867742512474,1.1560000000000001,0.03577245013888675,-2.209744166522989,False
mp-768825,Li24Mn5Cr7O36,"Cr,Li,Mn,O",3.643337007863404,1.1349,0.03607229638888576,-2.2094443202729894,False
mp-768843,Li24Mn5Cr7O36,"Cr,Li,Mn,O",3.6423058773012293,1.1509999999999998,0.0360917251388857,-2.2094248915229895,False
mp-768842,Li24Mn5Cr7O36,"Cr,Li,Mn,O",3.629924496325276,1.1559000000000001,0.035355180555552757,-2.2101614361063224,False
mp-768841,Li24Mn7Cr5O36,"Cr,Li,Mn,O",3.6592321176154474,1.2372999999999998,0.03225549493055624,-2.200560935493295,False
mp-768905,Li24Mn5Cr7O36,"Cr,Li,Mn,O",3.6265391436832504,1.0070000000000001,0.035838854027775646,-2.2096777626341,False
mp-768925,Li24Mn7Cr5O36,"Cr,Li,Mn,O",3.6690176667220564,0.12149999999999972,0.0360965535416673,-2.1967198768821836,False
mp-768924,Li24Mn5Cr7O36,"Cr,Li,Mn,O",3.6463923259234003,1.1406999999999998,0.035795128333329984,-2.209721488328545,False
mp-768929,Li24Mn7Cr5O36,"Cr,Li,Mn,O",3.6674275662299336,1.2222,0.032073707847223076,-2.2007427225766287,False
mp-769012,Li24Mn7Cr5O36,"Cr,Li,Mn,O",3.659570021409529,1.2096,0.031736528958333565,-2.2010799014655174,False
mp-769037,Li24Mn5Cr7O36,"Cr,Li,Mn,O",3.623842486098839,1.1738,0.03625494027777432,-2.2092616763841004,False
mp-770232,Li24Mn7Cr5O36,"Cr,Li,Mn,O",3.6614300048690414,1.1761,0.03186561631944507,-2.2009508141044063,False
mp-770492,Li24Mn11CrO36,"Cr,Li,Mn,O",3.727960375835168,1.2313,0.006596765763890566,-2.184056704267242,False
mp-770504,Li24MnCr11O36,"Cr,Li,Mn,O",3.591394254549303,0.8510999999999997,0.023795112638884675,-2.2303592885823766,False
mp-770622,Li24Mn11CrO36,"Cr,Li,Mn,O",3.730670757988059,1.3271000000000002,0.00711657687500189,-2.1835368931561305,False
mp-770619,Li24Mn11CrO36,"Cr,Li,Mn,O",3.7325949779626937,1.2342000000000002,0.007881623680557226,-2.182771846350575,False
mp-770667,Li24MnCr11O36,"Cr,Li,Mn,O",3.5685931158496054,0.0,0.025798095833329704,-2.2283563053879316,False
mp-770668,Li24Mn11CrO36,"Cr,Li,Mn,O",3.7320136044002385,1.24,0.006605642152779367,-2.184047827878353,False
mp-770669,Li24Mn11CrO36,"Cr,Li,Mn,O",3.7262429866931046,1.2616999999999998,0.006906830069445924,-2.183746639961686,False
mp-770985,Li24MnCr11O36,"Cr,Li,Mn,O",3.5824670111574553,1.1265999999999998,0.026803644305552154,-2.2273507569157096,False
mp-770973,Li24MnCr11O36,"Cr,Li,Mn,O",3.5729039110072067,1.0015999999999998,0.030295012916663033,-2.2238593883045987,False
mp-771282,Li24Ti7Cr5O36,"Cr,Li,O,Ti",3.4355217219338092,1.2134,0.013221906215267865,-2.6663822654629623,False
mp-771365,Li24Ti5Cr7O36,"Cr,Li,O,Ti",3.4785953707598622,1.1757999999999997,0.01622739489583136,-2.542436684120371,False
mp-777351,Li24TiCr11O36,"Cr,Li,O,Ti",3.5561316636138836,0.0,0.022213945173605865,-2.2945699485185194,False
mp-777641,Li24Mn7Cr5O36,"Cr,Li,Mn,O",3.659877043585673,1.1921000000000002,0.031222303958334585,-2.201594126465517,False
mp-777643,Li24Mn7Cr5O36,"Cr,Li,Mn,O",3.6806132144595214,1.1569000000000003,0.031616834236111835,-2.2011995961877395,False
mp-777958,Li24Mn5Cr7O36,"Cr,Li,Mn,O",3.627748600311746,0.883,0.03641702013888626,-2.2090995965229894,False
mp-778112,Li24Mn5Cr7O36,"Cr,Li,Mn,O",3.645768134072369,1.1303,0.035452951249997255,-2.210063665411878,False
mp-778889,Li24Ti11CrO36,"Cr,Li,O,Ti",3.339933372518793,1.586,0.003127888993044614,-2.9183564680092604,False
mp-779077,Li24TiCr11O36,"Cr,Li,O,Ti",3.5539720390153486,0.8887,0.019576450173606652,-2.2972074435185186,False
mp-779092,Li24Ti11CrO36,"Cr,Li,O,Ti",3.3494087589383827,1.4654999999999998,0.00312480565971196,-2.918359551342594,False
mp-779227,Li24Ti11CrO36,"Cr,Li,O,Ti",3.3545742884528655,1.4433999999999998,0.0032495474652680656,-2.918234809537038,False
mp-779361,Li24Ti11CrO36,"Cr,Li,O,Ti",3.349972719337367,1.5560999999999998,0.0030059902430448204,-2.9184783667592606,False
mp-779775,Li24Ti11CrO36,"Cr,Li,O,Ti",3.3594493622250696,1.3312999999999997,0.003528409965267265,-2.917955947037038,False
mp-780441,Li24Mn7Cr5O36,"Cr,Li,Mn,O",3.665930612205867,1.004,0.032241906875000836,-2.20057452354885,False
mp-780842,Li24TiCr11O36,"Cr,Li,O,Ti",3.553858089921018,1.0276,0.022829734062495,-2.2939541596296302,False
mp-1178077,Li24MnCr11O36,"Cr,Li,Mn,O",3.5993106559293624,1.004,0.023775945138885035,-2.2303784560823763,False
mp-1178068,Li24TiCr11O36,"Cr,Li,O,Ti",3.589937630265517,0.9709000000000003,0.021662761006939313,-2.295121132685186,False
mp-776967,Li32Ti13Cr3O48,"Cr,Li,O,Ti",3.385676800370259,1.4473,0.007189554505197648,-2.838707244583334,False
mp-776969,Li32Ti3Cr13O48,"Cr,Li,O,Ti",3.525547485781673,1.2218,0.018454695703123747,-2.3739167559027776,False
mp-776968,Li32Ti3Cr13O48,"Cr,Li,O,Ti",3.5460430942280605,1.0685000000000002,0.01883971539062479,-2.373531736215277,False
mp-777044,Li32Ti3Cr13O48,"Cr,Li,O,Ti",3.5368702879206437,1.2337000000000002,0.018748810807291072,-2.3736226407986103,False
mp-777110,Li32Ti13Cr3O48,"Cr,Li,O,Ti",3.377349008488258,1.5241,0.00688044127603149,-2.8390163578125005,False
mp-777154,Li32Ti11Cr5O48,"Cr,Li,O,Ti",3.4138584145623256,1.1974,0.017313769765620712,-2.7378779598263896,False
mp-777345,Li32Ti3Cr13O48,"Cr,Li,O,Ti",3.5376620827962424,1.1844999999999999,0.018711113828124404,-2.373660337777777,False
mp-777374,Li32Ti13Cr3O48,"Cr,Li,O,Ti",3.386482476110934,1.5553,0.006991442630198463,-2.8389053564583335,False
mp-777376,Li32Ti13Cr3O48,"Cr,Li,O,Ti",3.386258729218321,1.4426,0.007348450338531265,-2.8385483487500003,False
mp-777397,Li32Ti3Cr13O48,"Cr,Li,O,Ti",3.5267625460398326,1.1164,0.01934192966145787,-2.3730295219444435,False
mp-777482,Li32Ti3Cr13O48,"Cr,Li,O,Ti",3.5376140144034482,1.1528999999999998,0.01897089236979177,-2.37340055923611,False
mp-777532,Li32Ti5Cr11O48,"Cr,Li,O,Ti",3.5121741327500584,0.7584999999999997,0.029081018671869074,-2.453995502430556,False
mp-777558,Li32Ti3Cr13O48,"Cr,Li,O,Ti",3.525905532932859,1.1255000000000002,0.01833524132812414,-2.3740362102777772,False
mp-777576,Li32Mn3Cr13O48,"Cr,Li,Mn,O",3.59908240632012,1.1199,0.028242687812499945,-2.223212405733955,False
mp-777593,Li32Ti3Cr13O48,"Cr,Li,O,Ti",3.546749237027271,1.0953,0.019298069453124178,-2.373073382152777,False
mp-777691,Li32Mn3Cr13O48,"Cr,Li,Mn,O",3.5965517122414674,1.1507,0.029611834583333163,-2.2218432589631223,False
mp-777689,Li32Mn5Cr11O48,"Cr,Li,Mn,O",3.6283953639135818,0.4636,0.046616066354164154,-2.20159985798252,False
mp-777734,Li32Mn11Cr5O48,"Cr,Li,Mn,O",3.6796265862801607,1.2296,0.02405073744791686,-2.195589767853209,False
mp-777735,Li32Ti5Cr11O48,"Cr,Li,O,Ti",3.493305179943069,0.8674,0.030068986276035936,-2.4530075348263893,False
mp-777750,Li32Mn13Cr3O48,"Cr,Li,Mn,O",3.704235206350351,1.2715999999999998,0.014625776718750316,-2.1892036184351054,False
mp-777770,Li32Mn13Cr3O48,"Cr,Li,Mn,O",3.6952022079331455,1.2790000000000001,0.014553280989582973,-2.1892761141642727,False
mp-777797,Li32Mn3Cr13O48,"Cr,Li,Mn,O",3.6105105587504984,1.1235999999999997,0.028104026562498774,-2.223351066983956,False
mp-777837,Li32Mn13Cr3O48,"Cr,Li,Mn,O",3.7120380529082704,1.3448999999999998,0.014822089010416484,-2.1890073061434396,False
mp-777826,Li32Mn3Cr13O48,"Cr,Li,Mn,O",3.5946434473993465,1.172,0.028870187916665735,-2.2225849056297893,False
mp-777838,Li32Mn13Cr3O48,"Cr,Li,Mn,O",3.7136765573533475,1.3582,0.014482460364583893,-2.1893469347892722,False
mp-777827,Li32Mn3Cr13O48,"Cr,Li,Mn,O",3.609976495473398,1.1206999999999998,0.028443452812498826,-2.223011640733956,False
mp-777842,Li32Mn3Cr13O48,"Cr,Li,Mn,O",3.5954268259447653,1.0061,0.02781578624999881,-2.2236393072964558,False
mp-777886,Li32Mn3Cr13O48,"Cr,Li,Mn,O",3.6217985361497993,1.1143,0.02887440104166572,-2.222580692504789,False
mp-777884,Li32Mn13Cr3O48,"Cr,Li,Mn,O",3.709630952863262,1.3658000000000001,0.014467619322916292,-2.1893617758309394,False
mp-777960,Li32Mn11Cr5O48,"Cr,Li,Mn,O",3.685573157503655,1.0191999999999999,0.024327216406250685,-2.195313288894875,False
mp-777959,Li32Mn3Cr13O48,"Cr,Li,Mn,O",3.610659898248016,1.1328,0.028637755208333004,-2.2228173383381216,False
mp-777936,Li32Ti11Cr5O48,"Cr,Li,O,Ti",3.415119774460229,1.2147999999999999,0.016460439348954914,-2.738731290243056,False
mp-778090,Li32Mn11Cr5O48,"Cr,Li,Mn,O",3.6922883883766553,1.1614,0.026608738593750125,-2.1930317667073758,False
mp-778088,Li32Mn13Cr3O48,"Cr,Li,Mn,O",3.70751464008706,1.3219,0.0147216138020827,-2.189107781351773,False
mp-778110,Li32Mn13Cr3O48,"Cr,Li,Mn,O",3.7091995216286526,1.1045,0.014896879322916945,-2.1889325158309387,False
mp-778190,Li32Mn3Cr13O48,"Cr,Li,Mn,O",3.6065772295489364,1.1591,0.02853727510416615,-2.222917818442289,False
mp-778189,Li32Mn13Cr3O48,"Cr,Li,Mn,O",3.694073778086849,1.2672,0.01460496640625042,-2.1892244287476057,False
mp-778359,Li32Mn3Cr13O48,"Cr,Li,Mn,O",3.5948530351395287,1.1585999999999999,0.02826810666666546,-2.223186986879789,False
mp-778376,Li32Mn5Cr11O48,"Cr,Li,Mn,O",3.6321776039258427,0.7617000000000003,0.03296772114583035,-2.2152482031908534,False
mp-778621,Li32Ti3Cr13O48,"Cr,Li,O,Ti",3.5262526619708243,1.1997,0.018764024244791067,-2.3736074273611103,False
mp-781106,Li32Mn5Cr11O48,"Cr,Li,Mn,O",3.622415411145398,0.0,0.04900165416666358,-2.1992142701700197,False
mp-1177737,Li32Ti13Cr3O48,"Cr,Li,O,Ti",3.3767813319667557,1.4324999999999999,0.007160562005198656,-2.838736237083333,False
mp-1177743,Li32Ti3Cr13O48,"Cr,Li,O,Ti",3.5250630813559973,1.1293000000000002,0.018785676223957992,-2.373585775381944,False
mp-1177747,Li32Mn13Cr3O48,"Cr,Li,Mn,O",3.7052899086085795,1.3745,0.014694372552082946,-2.189135022601773,False
mp-1177783,Li32Mn11Cr5O48,"Cr,Li,Mn,O",3.688315733471067,1.0065,0.03639367734375121,-2.1832468279573747,False
mp-1177789,Li32Mn13Cr3O48,"Cr,Li,Mn,O",3.69141815433165,1.3133000000000001,0.014579868072916113,-2.1892495270809396,False
mp-1177811,Li32Ti13Cr3O48,"Cr,Li,O,Ti",3.366465491255776,1.5290000000000001,0.006777496171864961,-2.8391193029166666,False
mp-1177824,Li32Ti13Cr3O48,"Cr,Li,O,Ti",3.368783399485788,1.5932000000000002,0.006556652838531463,-2.83934014625,False
mp-1177917,Li32Mn11Cr5O48,"Cr,Li,Mn,O",3.6663955845749543,1.1768,0.024232022656250685,-2.1954084826448756,False
mp-1177991,Li32Mn5Cr11O48,"Cr,Li,Mn,O",3.6221708990564228,0.698,0.0345731597916652,-2.213642764545019,False
mp-850218,Li35(FeO4)8,"Fe,Li,O",2.483034704509108,0.06539999999999999,0.04786506073333818,-1.9352236890222214,False
mp-850945,Li47(NiO4)8,"Li,Ni,O",2.6756576660615496,1.1132,0.037424041130270425,-1.8625232629501918,False
mp-1177487,Li47(CoO4)8,"Co,Li,O",2.6517304037567055,0.8284,0.02293956169540401,-1.9154200837547897,False
mp-1185524,Li95Mn16O64,"Li,Mn,O",2.4977441196236385,0.03160000000000007,0.012894394142858978,-2.0459734841917903,False
