rank,material_id,formula,elements,density,band_gap,energy_above_hull,formation_energy_per_atom,is_stable,hull_score,formation_score,stable_score,overall_score,battery_relevant_metals,flagged_elements,screening_status
1,mp-16691,SrLi2Ti6O14,"Li,O,Sr,Ti",3.72736279936884,2.8389000000000006,0.0,-3.393170181050724,True,1.0,0.8997882725121998,1,0.96492589537927,Ti,,PROMISING
2,mp-558083,BaLi2Ti6O14,"Ba,Li,O,Ti",3.942498188824059,2.8908,0.0,-3.392609160507246,True,1.0,0.8995688875097912,1,0.9648491106284268,Ti,,PROMISING
3,mp-5670,LiTi2O4,"Li,O,Ti",3.741150170795575,0.0,0.0,-3.2462103921428573,True,1.0,0.842320192210514,1,0.9448120672736798,Ti,,PROMISING
4,mp-774752,Li2MgTi3O8,"Li,Mg,O,Ti",3.409909553944672,3.2916,0.0,-3.236714967440475,True,1.0,0.838607041604145,1,0.9435124645614508,Ti,,PROMISING
5,mp-766823,Li7Ti11O24,"Li,O,Ti",3.623655040169891,0.0,0.0,-3.227670473333334,True,1.0,0.8350702257343076,1,0.9422745790070076,Ti,,PROMISING
6,mp-554324,LiCa9Mn(PO4)7,"Ca,Li,Mn,O,P",3.052860113764219,4.290800000000001,0.0,-3.220385979538356,True,1.0,0.8322216514577797,1,0.9412775780102228,Mn,,PROMISING
7,mp-558619,Li2Ti6PbO14,"Li,O,Pb,Ti",4.441406339791281,2.764,0.0,-3.205108132572464,True,1.0,0.8262473060752942,1,0.939186557126353,Ti,Pb,REVIEW
8,mp-6332,Li2TiSiO5,"Li,O,Si,Ti",2.9937525790871207,3.2153,0.0,-3.102775733333333,True,1.0,0.7862306009572334,1,0.9251807103350316,Ti,,PROMISING
9,mp-775865,Li2Ti3MnO8,"Li,Mn,O,Ti",3.647417117178673,2.3697,0.0,-3.0903400753284083,True,1.0,0.7813676830247687,1,0.923478689058669,"Mn, Ti",,PROMISING
10,mp-554685,Li2U3V2O15,"Li,O,U,V",5.127805167577444,2.2727,0.0,-3.07520563462121,True,1.0,0.7754494161277766,1,0.9214072956447218,V,U,REVIEW
11,mp-769637,Li5Ti6FeO16,"Fe,Li,O,Ti",3.503329795870849,2.6955,0.0,-3.0683376697023803,True,1.0,0.7727637239231429,1,0.9204673033731,"Fe, Ti",,PROMISING
12,mp-774797,Li2Ti3ZnO8,"Li,O,Ti,Zn",3.867060881097473,3.1268,0.0,-3.055663913869047,True,1.0,0.7678076987181083,1,0.918732694551338,Ti,,PROMISING
13,mp-867665,LiV3(OF3)2,"F,Li,O,V",3.700574841050288,1.4935000000000005,0.0,-3.051361403194444,True,1.0,0.7661252178790676,1,0.9181438262576735,V,,PROMISING
14,mp-6668,LiTiPO5,"Li,O,P,Ti",3.2641744031190925,3.0592,0.0,-3.0461979839136912,True,1.0,0.7641060819231524,1,0.9174371286731032,Ti,,PROMISING
15,mp-759849,Li2Ti6Zn3O16,"Li,O,Ti,Zn",4.122407635287762,2.8292,0.0,-3.0193851969135808,True,1.0,0.7536210410294127,1,0.9137673643602944,Ti,,PROMISING
16,mp-18640,LiTi2(PO4)3,"Li,O,P,Ti",2.8447677506328555,2.4404,0.0,-3.0181969082738096,True,1.0,0.7531563651648144,1,0.913604727807685,Ti,,PROMISING
17,mp-768110,Li2Ti3CoO8,"Co,Li,O,Ti",3.798857958366561,2.4416,0.0,-2.982573306904761,True,1.0,0.7392258879960211,1,0.9087290607986074,"Co, Ti",,PROMISING
18,mp-2931,Li2TiO3,"Li,O,Ti",3.4630378844458267,3.0338000000000003,0.0,-2.9819544033333343,True,1.0,0.7389838680502517,1,0.908644353817588,Ti,,PROMISING
19,mp-38280,LiTiO2,"Li,O,Ti",4.185257859783532,0.0,0.0,-2.979356947916666,True,1.0,0.7379681427448846,1,0.9082888499607096,Ti,,PROMISING
20,mp-765346,LiV(SiO3)2,"Li,O,Si,V",3.2405355298460496,2.1655,0.0,-2.9744452697083346,True,1.0,0.7360474492015004,1,0.9076166072205252,V,,PROMISING
21,mp-775326,Li2Ti3NiO8,"Li,Ni,O,Ti",3.827367244118316,2.7066,0.0,-2.958395378511906,True,1.0,0.7297711987865797,1,0.9054199195753028,"Ni, Ti",,PROMISING
22,mp-756275,LiTiCrO4,"Cr,Li,O,Ti",3.781342244669196,1.6508999999999996,0.0,-2.8864166684523807,True,1.0,0.7016241912244918,1,0.8955684669285722,"Cr, Ti",,PROMISING
23,mp-1223017,Li2TiCr(PO4)3,"Cr,Li,O,P,Ti",3.028601766151364,1.7711999999999994,0.0,-2.8408865457330834,True,1.0,0.6838198056301538,1,0.8893369319705539,"Cr, Ti",,PROMISING
24,mp-25423,LiVPO4F,"F,Li,O,P,V",3.1041441868381128,1.6248000000000002,0.0,-2.837667615059525,True,1.0,0.6825610547309564,1,0.8888963691558348,V,,PROMISING
25,mp-1199210,Li3MnP2(O3F2)2,"F,Li,Mn,O,P",2.7375184446447065,1.7227,0.0,-2.8025025071697978,True,1.0,0.6688098697364596,1,0.8840834544077608,Mn,,PROMISING
26,mp-18860,Li2VSiO5,"Li,O,Si,V",3.063754286888888,2.3621,0.0,-2.765965153518519,True,1.0,0.6545220731272853,1,0.8790827255945498,V,,PROMISING
27,mp-25448,LiCrPO4F,"Cr,F,Li,O,P",3.225401511779413,2.2771,0.0,-2.757145434122024,True,1.0,0.6510731545742391,1,0.8778756041009838,Cr,,PROMISING
28,mp-1222972,Li2TiFe(PO4)3,"Fe,Li,O,P,Ti",2.9133801887894184,2.3733000000000004,0.0,-2.756518660206767,True,1.0,0.6508280569597101,1,0.8777898199358986,"Fe, Ti",,PROMISING
29,mp-6396,Li3V2(PO4)3,"Li,O,P,V",2.890511685335785,1.9731000000000003,0.0,-2.727606636196428,True,1.0,0.6395221172202888,1,0.8738327410271011,V,,PROMISING
30,mp-849522,Li8V3P8O29,"Li,O,P,V",2.5947020252491955,1.0602000000000005,0.0,-2.7269130079960315,True,1.0,0.6392508764855536,1,0.8737378067699437,V,,PROMISING
31,mp-26227,LiVP2O7,"Li,O,P,V",3.040798075551861,2.1508,0.0,-2.718353710010822,True,1.0,0.6359037947593512,1,0.872566328165773,V,,PROMISING
32,mp-1539853,LiV(OF)2,"F,Li,O,V",3.251513807969693,2.216,0.0,-2.717074635555562,True,1.0,0.6354036174383781,1,0.8723912661034323,V,,PROMISING
33,mp-9172,Li4TiO4,"Li,O,Ti",2.6246173745431527,4.5573,0.0,-2.7075447612962966,True,1.0,0.6316769954605813,1,0.8710869484112035,Ti,,PROMISING
34,mp-753866,Li2VCr(P2O7)2,"Cr,Li,O,P,V",2.883802061227235,2.1866,0.0,-2.7031651750108225,True,1.0,0.6299643744898232,1,0.8704875310714382,"Cr, V",,PROMISING
35,mp-26975,Li9Cr3P8O29,"Cr,Li,O,P",2.685412577313761,3.2574,0.0,-2.701587921676384,True,1.0,0.6293475954242488,1,0.8702716583984871,Cr,,PROMISING
36,mp-1195536,CsLi5Mn(P2O7)2,"Cs,Li,Mn,O,P",2.8780444591025427,4.2638,0.0,-2.700472152612972,True,1.0,0.6289112780709727,1,0.8701189473248404,Mn,,PROMISING
37,mp-850951,Li3MnV(P2O7)2,"Li,Mn,O,P,V",2.779933719384088,2.1375,0.0,-2.6993697535435843,True,1.0,0.6284801890042635,1,0.8699680661514922,"Mn, V",,PROMISING
38,mp-777395,Li4MnV3(P2O7)4,"Li,Mn,O,P,V",2.858975022035684,0.4958,0.0,-2.692126323600164,True,1.0,0.6256476725945598,1,0.8689766854080959,"Mn, V",,PROMISING
39,mp-559240,Li2MnSiO4,"Li,Mn,O,Si",3.050189307241152,2.0890000000000004,0.0,-2.690084414012212,True,1.0,0.6248491914247021,1,0.8686972169986458,Mn,,PROMISING
40,mp-25812,LiV2P5O16,"Li,O,P,V",2.641761558722386,0.0330009916522859,0.0,-2.683900550064484,True,1.0,0.6224310143671293,1,0.8678508550284952,V,,PROMISING
41,mp-19103,LiCrP2O7,"Cr,Li,O,P",2.9225308100524967,2.7339,0.0,-2.674344235238095,True,1.0,0.6186940529036407,1,0.8665429185162742,Cr,,PROMISING
42,mp-26955,LiV(PO3)4,"Li,O,P,V",2.441837929349419,0.1221000000000001,0.0,-2.671968688994708,True,1.0,0.617765104357308,1,0.8662177865250579,V,,PROMISING
43,mp-1203394,Li2MnP2O7,"Li,Mn,O,P",2.9054140281896768,4.3677,0.0,-2.671244491990284,True,1.0,0.6174819098051534,1,0.8661186684318037,Mn,,PROMISING
44,mp-780606,Li3Cr2(PO4)3,"Cr,Li,O,P",2.9521620974600493,2.9721,0.0,-2.667552592696428,True,1.0,0.616038206281477,1,0.865613372198517,Cr,,PROMISING
45,mp-26963,LiVPO5,"Li,O,P,V",3.1963451833744623,1.5636,0.0,-2.666295293184524,True,1.0,0.6155465439713285,1,0.865441290389965,V,,PROMISING
46,mp-850939,Li2MnV(P2O7)2,"Li,Mn,O,P,V",2.859108553132692,0.0101000000000004,0.0,-2.664354146507688,True,1.0,0.6147874657640803,1,0.8651756130174281,"Mn, V",,PROMISING
47,mp-867580,Li2Cr5(Si2O7)2,"Cr,Li,O,Si",3.3805361287274347,2.7093,0.0,-2.660144944066666,True,1.0,0.6131414727636524,1,0.8645995154672783,Cr,,PROMISING
48,mp-26965,Li2CrP2O7,"Cr,Li,O,P",2.6523899218317872,3.7041,0.0,-2.6595338550793683,True,1.0,0.6129025086820183,1,0.8645158780387064,Cr,,PROMISING
49,mp-560157,LiMgVO4,"Li,Mg,O,V",3.083888522602418,3.4826,0.0,-2.6590563954761897,True,1.0,0.6127157998753427,1,0.86445052995637,V,,PROMISING
50,mp-1101601,LiV2(PO4)3,"Li,O,P,V",2.952054685039895,1.3092,0.0,-2.6549863170701067,True,1.0,0.6111242108126941,1,0.8638934737844429,V,,PROMISING
51,mp-1211546,KLi3TiO4,"K,Li,O,Ti",2.572338082874744,4.6824,0.0,-2.651131889231481,True,1.0,0.6096169511044885,1,0.863365932886571,Ti,,PROMISING
52,mp-774749,RbNa3Li12Ti4O16,"Li,Na,O,Rb,Ti",2.8087832384169107,4.3103,0.0,-2.643367490971423,True,1.0,0.6065807119671079,1,0.8623032491884878,Ti,,PROMISING
53,mp-26127,LiVPO4,"Li,O,P,V",3.433851294664072,2.6021,0.0,-2.642382814353741,True,1.0,0.606195657828444,1,0.8621684802399554,V,,PROMISING
54,mp-26019,LiMn(PO3)3,"Li,Mn,O,P",2.688341424235116,4.1567,0.0,-2.6337832480494945,True,1.0,0.6028328293254585,1,0.8609914902639105,Mn,,PROMISING
55,mp-18997,LiMnPO4,"Li,Mn,O,P",3.3213782913211096,3.4115,0.0,-2.633428733343891,True,1.0,0.6026941976649127,1,0.8609429691827194,Mn,,PROMISING
56,mp-26035,Li9Mn3P8O29,"Li,Mn,O,P",2.679569041556681,1.3497,0.0,-2.630352381855835,True,1.0,0.6014912018273055,1,0.860521920639557,Mn,,PROMISING
57,mp-1177781,Li2VFe(P2O7)2,"Fe,Li,O,P,V",2.8833714683635625,2.0322000000000005,0.0,-2.6290119879653684,True,1.0,0.6009670457686606,1,0.8603384660190312,"Fe, V",,PROMISING
58,mp-25410,LiMnPO4F,"F,Li,Mn,O,P",3.213775699261872,0.8695000000000002,0.0,-2.626758953863404,True,1.0,0.6000860051407695,1,0.8600301017992693,Mn,,PROMISING
59,mp-26977,LiMn2P3O10,"Li,Mn,O,P",3.2548102380582766,3.7862,0.0,-2.6215509486327493,True,1.0,0.5980494340145378,1,0.8593173019050883,Mn,,PROMISING
60,mp-777961,Li4V(BO3)2,"B,Li,O,V",2.6351398368747097,2.7351,0.0,-2.6151367372435907,True,1.0,0.5955411804444729,1,0.8584394131555655,V,,PROMISING
61,mp-1103771,BaLi2MnV2O8,"Ba,Li,Mn,O,V",3.9419453583773967,2.719707862167564,0.0,-2.607254220685552,True,1.0,0.5924587515848292,1,0.8573605630546902,"Mn, V",,PROMISING
62,mp-26005,LiMn6P7O24,"Li,Mn,O,P",3.316343127223728,3.5602,0.0,-2.5987176446952502,True,1.0,0.5891205552104478,1,0.8561921943236568,Mn,,PROMISING
63,mp-775982,Li3V2P4(HO8)2,"H,Li,O,P,V",2.917820813735784,0.7027999999999999,0.0,-2.597799440039682,True,1.0,0.5887614946859894,1,0.8560665231400962,V,,PROMISING
64,mp-759232,LiMnV(P2O7)2,"Li,Mn,O,P,V",2.892912619724983,1.3469000000000002,0.0,-2.594715559515989,True,1.0,0.5875555546469252,1,0.8556444441264238,"Mn, V",,PROMISING
65,mp-26983,LiMn(PO3)4,"Li,Mn,O,P",2.478519457932717,0.2727,0.0,-2.5749866137408777,True,1.0,0.5798406235865485,1,0.852944218255292,Mn,,PROMISING
66,mp-1222830,Li2InFe(P2O7)2,"Fe,In,Li,O,P",3.325825384461889,2.3707,0.0,-2.565649190995672,True,1.0,0.5761892590594214,1,0.8516662406707975,Fe,,PROMISING
67,mp-31924,LiMnP2O7,"Li,Mn,O,P",3.14403458381199,1.225,0.0,-2.565324869822736,True,1.0,0.5760624344678218,1,0.8516218520637376,Mn,,PROMISING
68,mp-18968,Li2FeSiO4,"Fe,Li,O,Si",3.3123144973695706,3.1236,0.0,-2.563266433645833,True,1.0,0.5752574906366605,1,0.8513401217228312,Fe,,PROMISING
69,mp-6113,LiTiAsO5,"As,Li,O,Ti",3.778513816683352,3.1654000000000004,0.0,-2.559215438333333,True,1.0,0.5736733639469682,1,0.850785677381439,Ti,,PROMISING
70,mp-26003,LiFe(PO3)3,"Fe,Li,O,P",2.784880836982868,4.067,0.0,-2.553984804090136,True,1.0,0.5716279438293247,1,0.8500697803402636,Fe,,PROMISING
71,mp-25977,LiFe(PO3)4,"Fe,Li,O,P",2.493968760026693,2.943,0.0,-2.549689882050264,True,1.0,0.5699484304977452,1,0.8494819506742108,Fe,,PROMISING
72,mp-677212,Ba3LiTa3Ti5O21,"Ba,Li,O,Ta,Ti",5.930844458284704,2.2708000000000004,0.0022602644318148,-3.4504181005151526,False,0.9547941016056832,0.9221748590562834,0,0.847897956552825,Ti,,POSSIBLE
73,mp-8294,Cs2Li2TiO4,"Cs,Li,O,Ti",4.234139850336224,3.9554,0.0,-2.526923392701148,True,1.0,0.5610456792905922,1,0.8463659877517072,Ti,,PROMISING
74,mp-753353,Sr4LiCu(CO5)2,"C,Cu,Li,O,Sr",4.355012399660262,1.0264000000000002,0.0,-2.526757375185186,True,1.0,0.5609807587568211,1,0.8463432655648874,,,REVIEW
75,mp-19294,LiFeP2O7,"Fe,Li,O,P",3.0717280197352737,2.5994,0.0,-2.525759379329004,True,1.0,0.5605904961793499,1,0.8462066736627725,Fe,,PROMISING
76,mp-753732,Li2CoSiO4,"Co,Li,O,Si",3.201994322156547,2.957,0.0,-2.511143563333333,True,1.0,0.5548750355519502,1,0.8442062624431825,Co,,PROMISING
77,mp-19219,Li3VO4,"Li,O,V",2.6975068595904634,4.0337,0.0,-2.502745246250001,True,1.0,0.5515909048102645,1,0.8430568166835926,V,,PROMISING
78,mp-26015,LiCo(PO3)3,"Co,Li,O,P",2.848661121364643,3.2647,0.0,-2.502126885518707,True,1.0,0.5513490971401155,1,0.8429721839990404,Co,,PROMISING
79,mp-26967,LiCr4(PO4)3,"Cr,Li,O,P",3.4772575324966684,2.6905,0.0,-2.498655774988096,True,1.0,0.5499917322432848,1,0.8424971062851497,Cr,,PROMISING
80,mp-26001,LiNi(PO3)3,"Li,Ni,O,P",3.2084076824715844,4.7448,0.0,-2.49768859694728,True,1.0,0.5496135208581931,1,0.8423647323003677,Ni,,PROMISING
81,mp-756415,LiNbFeO4,"Fe,Li,Nb,O",4.389968592291483,2.1149000000000004,0.0,-2.495743894047618,True,1.0,0.5488530520032008,1,0.8420985682011203,Fe,,PROMISING
82,mp-19340,LiVO2,"Li,O,V",4.253525959698289,1.7771,0.0,-2.493781042083333,True,1.0,0.5480854860238118,1,0.8418299201083341,V,,PROMISING
83,mp-753560,LiVPHO5,"H,Li,O,P,V",3.0602939757679755,1.9687,0.0,-2.4903931990806885,True,1.0,0.5467606825849096,1,0.8413662389047184,V,,PROMISING
84,mp-15472,Ba4LiCu(CO5)2,"Ba,C,Cu,Li,O",5.048542132390345,0.9265,0.0,-2.4817517396296305,True,1.0,0.543381471922267,1,0.8401835151727934,,,REVIEW
85,mp-19017,LiFePO4,"Fe,Li,O,P",3.6831458081236113,3.9224,0.0,-2.479896014710884,True,1.0,0.5426557975766458,1,0.8399295291518261,Fe,,PROMISING
86,mp-27007,LiFe2P3O10,"Fe,Li,O,P",3.3348522813751345,3.6982,0.0,-2.479408053891369,True,1.0,0.5424649823082763,1,0.8398627438078967,Fe,,PROMISING
87,mp-766393,Li7Ti11O24,"Li,O,Ti",3.526545956309802,0.0,0.0005131521428562,-3.2271573211904765,False,0.98973681870835,0.8348695594923929,0,0.8365595961119301,Ti,,POSSIBLE
88,mp-6412,Li2CuP2O7,"Cu,Li,O,P",2.713826642857556,0.0,0.0,-2.450907211746031,True,1.0,0.5313198337118749,1,0.8359619417991562,,,REVIEW
89,mp-753051,LiCrPHO5,"Cr,H,Li,O,P",3.3527264687991107,1.7705000000000002,0.0,-2.438222418247354,True,1.0,0.5263594922687522,1,0.8342258222940633,Cr,,PROMISING
90,mp-776870,Li2V3SnO8,"Li,O,Sn,V",4.483794361344485,1.2406,0.0,-2.4292323011904764,True,1.0,0.5228439403427073,1,0.8329953791199476,V,,PROMISING
91,mp-555420,NaLiTi3O7,"Li,Na,O,Ti",3.485530525602894,2.6234,0.000571300416686,-3.205351060601053,False,0.9885738375449274,0.8263423021797268,0,0.8329354164126146,Ti,,POSSIBLE
92,mp-26997,LiCo(PO3)4,"Co,Li,O,P",2.554507483140836,2.0482,0.0,-2.4287036091335983,True,1.0,0.5226371972750605,1,0.8329230190462712,Co,,PROMISING
93,mp-19373,LiVO3,"Li,O,V",3.0336977049513267,3.0342,0.0,-2.427956693666677,True,1.0,0.5223451187524212,1,0.8328207915633474,V,,PROMISING
94,mp-1291671,Li2V3CoO8,"Co,Li,O,V",4.040363216770921,0.0,0.0,-2.4252209340476187,True,1.0,0.521275310101752,1,0.8324463585356132,"Co, V",,PROMISING
95,mp-766101,Li2FeP2HO8,"Fe,H,Li,O,P",2.9784011096894107,2.3839,0.0,-2.4218931510501696,True,1.0,0.5199739929050875,1,0.8319908975167806,Fe,,PROMISING
96,mp-756117,Li2TiTeO6,"Li,O,Te,Ti",4.348690318191457,2.3234000000000004,0.0,-2.418253728166667,True,1.0,0.5185508100870171,1,0.831492783530456,Ti,,PROMISING
97,mp-756138,Li2V3SbO8,"Li,O,Sb,V",4.321034040202751,1.193,0.0,-2.4102358351190483,True,1.0,0.5154154427533055,1,0.8303954049636569,V,,PROMISING
98,mp-18793,LiCrO2,"Cr,Li,O",4.306529707465477,3.116940080407897,0.0,-2.408621853333333,True,1.0,0.5147843011631044,1,0.8301745054070865,Cr,,PROMISING
99,mp-758022,LiCoPO4,"Co,Li,O,P",2.985359227631822,3.2239,0.0,-2.404089948282313,True,1.0,0.5130121165041095,1,0.8295542407764384,Co,,PROMISING
100,mp-12185,LiCu(PO3)3,"Cu,Li,O,P",3.3693967798801934,0.6669,0.0,-2.402899126232993,True,1.0,0.5125464499591049,1,0.8293912574856868,,,REVIEW
101,mp-1205423,NaLiTi3O7,"Li,Na,O,Ti",3.4848684811033093,2.5955,0.0009962104166856,-3.2049261506010533,False,0.9800755229157456,0.8261761427004405,0,0.8282031875488143,Ti,,POSSIBLE
102,mp-777670,Li4V3Cr3(SnO8)2,"Cr,Li,O,Sn,V",4.556881580928642,1.017,0.0,-2.38737555297619,True,1.0,0.5064760142220861,1,0.8272666049777301,"Cr, V",,PROMISING
103,mp-17664,LiNi2P3O10,"Li,Ni,O,P",3.582110384037557,3.9647,0.0,-2.3824749510788683,True,1.0,0.5045596520290345,1,0.8265958782101621,Ni,,PROMISING
104,mp-25991,Li2Ni3(P2O7)2,"Li,Ni,O,P",3.511941328760288,4.0405,0.0,-2.381122719140788,True,1.0,0.5040308667457837,1,0.8264108033610243,Ni,,PROMISING
105,mp-558369,K2LiVO4,"K,Li,O,V",2.608957254445608,3.9761,0.0,-2.3762957272291665,True,1.0,0.5021432894645823,1,0.8257501513126039,V,,PROMISING
106,mp-19107,LiMnVO4,"Li,Mn,O,V",3.764986092781741,2.2182,0.0,-2.371862765180625,True,1.0,0.5004097960996755,1,0.8251434286348864,"Mn, V",,PROMISING
107,mp-19123,Rb2LiVO4,"Li,O,Rb,V",3.606254225225645,3.965,0.0,-2.367439304166667,True,1.0,0.4986800180790981,1,0.8245380063276844,V,,PROMISING
108,mp-541190,Cs2LiVO4,"Cs,Li,O,V",4.020440720320441,3.9955,0.0,-2.36551298970546,True,1.0,0.4979267399547512,1,0.8242743589841629,V,,PROMISING
109,mp-22417,LiNiPO4,"Li,Ni,O,P",3.7497306949661926,3.9579,0.0,-2.365048147210884,True,1.0,0.4977449650215912,1,0.8242107377575569,Ni,,PROMISING
110,mp-1222757,Li2MgTi9O20,"Li,Mg,O,Ti",3.530794061695674,2.7058,0.0039448421093748,-3.385399147864584,False,0.92110209360113,0.8967494388115871,0,0.820468455064677,Ti,,POSSIBLE
111,mp-777049,LiFeBO3,"B,Fe,Li,O",3.306399555781034,3.1611,0.0,-2.3321406179166666,True,1.0,0.4848765977623284,1,0.8197068092168149,Fe,,PROMISING
112,mp-775161,Li2Ti3VO8,"Li,O,Ti,V",3.6517384562954383,0.5531999999999995,0.0006231750000154,-3.111089365297619,False,0.9875363318839844,0.7894816158972576,0,0.8194635481002315,"Ti, V",,POSSIBLE
113,mp-775393,Li2Cr3SbO8,"Cr,Li,O,Sb",4.473843588939928,2.8111999999999995,0.0,-2.32606837297619,True,1.0,0.4825020689034881,1,0.8188757241162209,Cr,,PROMISING
114,mp-1280709,LiV3Zn2O8,"Li,O,V,Zn",4.608086556241672,1.5006999999999997,0.0,-2.3199964495238103,True,1.0,0.4801276657613754,1,0.8180446830164815,V,,PROMISING
115,mp-755721,Li4Cr3FeO8,"Cr,Fe,Li,O",4.122778990791351,2.3623000000000003,0.0,-2.293218064583333,True,1.0,0.4696560776654399,1,0.814379627182904,"Cr, Fe",,PROMISING
116,mp-1222477,LiVZnO4,"Li,O,V,Zn",3.245580374594074,3.35,0.0,-2.2891233461904763,True,1.0,0.4680548532273659,1,0.8138191986295781,V,,PROMISING
117,mp-756864,LiCrSnO4,"Cr,Li,O,Sn",5.092909932851274,2.3777,0.0,-2.279595191904762,True,1.0,0.464328903838846,1,0.8125151163435961,Cr,,PROMISING
118,mp-1210796,Li2MnGeO4,"Ge,Li,Mn,O",3.6499419993582585,2.6899,0.0,-2.2674054683872127,True,1.0,0.4595621576753697,1,0.8108467551863794,Mn,,PROMISING
119,mp-755707,K3LiTi7O16,"K,Li,O,Ti",3.235109213586299,2.8256,0.0032546823610974,-3.2432186562376537,False,0.9349054747530534,0.8411502849826978,0,0.8086006108581236,Ti,,POSSIBLE
120,mp-768712,Li4MnCrO6,"Cr,Li,Mn,O",3.6528944736074496,1.0543000000000002,0.0,-2.243357170522031,True,1.0,0.4501581600029075,1,0.8075553560010177,"Cr, Mn",,PROMISING
121,mp-756507,LiFePHO5,"Fe,H,Li,O,P",3.1726709405721625,4.432116111185991e-05,0.0,-2.239608244914022,True,1.0,0.4486921565506218,1,0.8070422547927176,Fe,,PROMISING
122,mp-40575,LiNi2P4H3O14,"H,Li,Ni,O,P",2.964346300797902,4.3193,0.0,-2.232052715443948,True,1.0,0.4457375947787606,1,0.8060081581725662,Ni,,PROMISING
123,mp-1176640,LiMnCrO4,"Cr,Li,Mn,O",4.028104755088974,0.0212000000000001,0.0,-2.226947700180624,True,1.0,0.44374129749721,1,0.8053094541240235,"Cr, Mn",,PROMISING
124,mp-581301,Li2MgMn3O8,"Li,Mg,Mn,O",3.80368704880972,1.3224,0.0,-2.2162592350328407,True,1.0,0.4395616128502779,1,0.8038465644975973,Mn,,PROMISING
125,mp-25840,LiTi2(PO4)3,"Li,O,P,Ti",2.851252343232118,2.5563,0.0009341681944174,-3.017262740079365,False,0.981316384098418,0.7527910621576953,0,0.8032008830093234,Ti,,POSSIBLE
126,mp-1193172,Li2Mn(SO4)2,"Li,Mn,O,S",2.6225503790023725,3.580027306156486,0.0,-2.193901709969054,True,1.0,0.4308187856098404,1,0.8007865749634442,Mn,,PROMISING
127,mp-768114,Li6Ti9O20,"Li,O,Ti",3.4814438328925275,0.0,0.0036778040714384,-3.219943830857144,False,0.9264429263994756,0.8320487508561523,0,0.8007606723193648,Ti,,POSSIBLE
128,mp-770632,Li3CrO4,"Cr,Li,O",2.74951486552935,1.1236000000000002,0.0,-2.180159844375,True,1.0,0.4254450800450537,1,0.7989057780157688,Cr,,PROMISING
129,mp-18988,Li2MnO3,"Li,Mn,O",3.969588305015424,1.3683999999999998,0.0,-2.180112729932952,True,1.0,0.4254266561172631,1,0.7988993296410422,Mn,,PROMISING
130,mp-756242,Li2CrFeO4,"Cr,Fe,Li,O",4.123141276877992,1.9856,0.0,-2.17717729875,True,1.0,0.4242787666422196,1,0.7984975683247769,"Cr, Fe",,PROMISING
131,mp-773039,Li2Ti6Zn3O16,"Li,O,Ti,Zn",4.131544838827319,2.849,0.0014486131481339,-3.0179365837654326,False,0.9710273462407968,0.7530545662314934,0,0.7976341386134609,Ti,,POSSIBLE
132,mp-774674,Li6Ti7Cr5O24,"Cr,Li,O,Ti",3.7730740850260975,0.0,0.0006060241567471,-2.946033167460318,False,0.9878793533761824,0.7249370020127639,0,0.7970615950613678,"Cr, Ti",,POSSIBLE
133,mp-759793,LiTi2(PO4)3,"Li,O,P,Ti",2.8465275779921497,2.6006,0.0014938376388595,-3.016703070634921,False,0.9701228442259442,0.7525722054975523,0,0.7969678362484126,Ti,,POSSIBLE
134,mp-754656,LiMnO2,"Li,Mn,O",4.243169097549528,1.1872999999999996,0.0,-2.159869964066093,True,1.0,0.417510797616036,1,0.7961287791656126,Mn,,PROMISING
135,mp-725121,K3LiMn4(MoO4)6,"K,Li,Mn,Mo,O",3.388054720519148,3.0348,0.0,-2.143332453994934,True,1.0,0.4110438656489853,1,0.7938653529771449,Mn,,PROMISING
136,mp-1210923,Li2FeGeO4,"Fe,Ge,Li,O",3.735242533984196,2.5008,0.0,-2.1418230889583336,True,1.0,0.4104536340504472,1,0.7936587719176565,Fe,,PROMISING
137,mp-762019,LiV(CO3)2,"C,Li,O,V",3.0421063064151146,2.0017,0.0,-2.1410628273333336,True,1.0,0.4101563365621991,1,0.7935547177967697,V,,PROMISING
138,mp-1178101,Li10Sc9Fe(SiO3)20,"Fe,Li,O,Sc,Si",2.990620556224076,3.0449,0.005150644191664,-3.280708605383333,False,0.8969857266626585,0.8558105905262824,0,0.7928758563486611,Fe,,POSSIBLE
139,mp-769567,Li10Ti11Cr9O40,"Cr,Li,O,Ti",3.776807176422374,0.0,0.0007203993511897,-2.921829783,False,0.9855918186320062,0.715472358302571,0,0.7924908256535033,"Cr, Ti",,POSSIBLE
140,mp-775158,Li8Mn13Cr3O32,"Cr,Li,Mn,O",4.045316085269571,0.2088000000000001,0.0,-2.127737935888753,True,1.0,0.4049456871917887,1,0.791730990517126,"Cr, Mn",,PROMISING
141,mp-773118,Ba6Li2Ta9Ti7O42,"Ba,Li,O,Ta,Ti",6.550226393257425,0.0,0.0068726539913193,-3.410324074939395,False,0.8625450661180282,0.9064962390845984,0,0.7916734700445249,Ti,,POSSIBLE
142,mp-685194,Li4Ti5O12,"Li,O,Ti",3.500730870053657,2.6703,0.0043052279761912,-3.2031210533333323,False,0.9138942790424726,0.8254702661099482,0,0.7915564466118419,Ti,,POSSIBLE
143,mp-756280,Li2Ti3CrO8,"Cr,Li,O,Ti",3.706967033592366,0.0,0.0027017785416649,-3.0643824594047624,False,0.945963700300153,0.7712170536082035,0,0.7902060039279553,"Cr, Ti",,POSSIBLE
144,mp-21650,Li2NiGe3O8,"Ge,Li,Ni,O",5.060573694666969,3.0431,0.0,-2.114492098869047,True,1.0,0.3997659517609714,1,0.78991808311634,Ni,,PROMISING
145,mp-763186,Li2Mn3SbO8,"Li,Mn,O,Sb",4.610096508889316,1.0902000000000005,0.0,-2.1122082100328408,True,1.0,0.3988728455037115,1,0.789605495926299,Mn,,PROMISING
146,mp-755701,LiMnSbO4,"Li,Mn,O,Sb",4.81579026671792,1.3797,0.0,-2.099758429109196,True,1.0,0.3940044048562705,1,0.7879015416996947,Mn,,PROMISING
147,mp-561778,CsLiCrO4,"Cr,Cs,Li,O",3.2741397131985184,3.0634,0.0,-2.0949266768555006,True,1.0,0.3921149660609596,1,0.7872402381213358,Cr,,PROMISING
148,mp-18741,RbLiCrO4,"Cr,Li,O,Rb",3.069872286792172,2.9916,0.0,-2.090644955833333,True,1.0,0.3904406149383841,1,0.7866542152284345,Cr,,PROMISING
149,mp-756582,Li2CoGeO4,"Co,Ge,Li,O",3.829461997168727,2.402,0.0,-2.0903881558333337,True,1.0,0.3903401942509899,1,0.7866190679878465,Co,,PROMISING
150,mp-17159,Li2CrO4,"Cr,Li,O",2.487465074444365,2.6021,0.0,-2.0882741719047626,True,1.0,0.3895135286775945,1,0.7863297350371581,Cr,,PROMISING
151,mp-555206,KLiCrO4,"Cr,K,Li,O",2.430813228295256,2.8534,0.0,-2.0844041663333326,True,1.0,0.3880001773547619,1,0.7858000620741666,Cr,,PROMISING
152,mp-20052,LiMnAsO4,"As,Li,Mn,O",3.912656679060426,1.6879000000000004,0.0,-2.0755706898234814,True,1.0,0.3845458791335699,1,0.7845910576967495,Mn,,PROMISING
153,mp-1272804,LiMn2O4,"Li,Mn,O",4.039450483240493,0.4268999999999998,0.0,-2.0681063427422,True,1.0,0.3816269738966031,1,0.7835694408638111,Mn,,PROMISING
154,mp-530177,Li5Mn7O16,"Li,Mn,O",4.2311150956931725,0.7793000000000001,0.0,-2.06726719418514,True,1.0,0.3812988279662057,1,0.7834545897881721,Mn,,PROMISING
155,mp-559938,LiV3(TeO6)2,"Li,O,Te,V",4.448123507860786,1.8738,0.0,-2.066824335370372,True,1.0,0.3811256496694856,1,0.78339397738432,V,,PROMISING
156,mp-1197890,Li2Ti2(PO4)3,"Li,O,P,Ti",2.8316532709696705,0.0393000000000003,0.002306927161654,-2.9712381043295752,False,0.9538608344205608,0.7347932990771907,0,0.7818011136083252,Ti,,POSSIBLE
157,mp-691115,Li4Mn5O12,"Li,Mn,O",4.131443215851306,0.9998,0.0,-2.053914901094687,True,1.0,0.3760774632838241,1,0.7816271121493384,Mn,,PROMISING
158,mp-690617,LiMn3Al2(HO2)6,"Al,H,Li,Mn,O",3.226375830242791,0.7928,0.0,-2.0487510039427685,True,1.0,0.3740581404581622,1,0.7809203491603568,Mn,,PROMISING
159,mp-1194281,Li2Co(SO4)2,"Co,Li,O,S",2.816441674480964,3.2307,0.0,-2.047502192051282,True,1.0,0.373569797200493,1,0.7807494290201725,Co,,PROMISING
160,mp-6838,Na2LiFe(Si2O5)3,"Fe,Li,Na,O,Si",2.680973217666779,3.3949000000000003,0.002028141383338,-2.9406004376436776,False,0.95943662519572,0.7228125531708036,0,0.7806745374674273,Fe,,POSSIBLE
161,mp-1189006,KLiMn2(SiO3)4,"K,Li,Mn,O,Si",3.2519382326486657,1.8182,0.0006313264625763,-2.827332989822269,False,0.9873733004337228,0.678519737868459,0,0.7805372234925082,Mn,,POSSIBLE
162,mp-705887,Li2TiCr(PO4)3,"Cr,Li,O,P,Ti",2.923939826314303,2.4493,0.0008179755263162,-2.8400685702067667,False,0.9836402688060716,0.6834999393348867,0,0.7802271266105496,"Cr, Ti",,POSSIBLE
163,mp-19511,Li5FeO4,"Fe,Li,O",2.7301725409511324,3.0546,0.0,-2.042025744666668,True,1.0,0.371428252765748,1,0.7799998884680118,Fe,,PROMISING
164,mp-731452,Li6Ti8Ni(PO5)8,"Li,Ni,O,P,Ti",3.2349343593938085,2.9796,0.0029007124603097,-3.004299587996977,False,0.941984968260283,0.7477218696229899,0,0.7797943869112021,"Ni, Ti",,POSSIBLE
165,mp-21778,Li2Fe2(MoO4)3,"Fe,Li,Mo,O",3.3203617554849942,2.7911,0.0,-2.026668560614036,True,1.0,0.3654228829097956,1,0.7778980090184284,Fe,,PROMISING
166,mp-704943,Li2Mn3ZnO8,"Li,Mn,O,Zn",4.318832398697502,1.5421,0.0,-2.018102850389984,True,1.0,0.3620732937013802,1,0.7767256527954831,Mn,,PROMISING
167,mp-780857,Li2VOF4,"F,Li,O,V",2.7073390561756754,1.6283,0.0037008412500103,-3.031692705208333,False,0.9259821766132318,0.758433846493089,0,0.7747420434098586,V,,POSSIBLE
168,mp-759377,LiTi2(PO4)3,"Li,O,P,Ti",2.848565800796772,2.5726,0.0035209511110831,-3.0146759571627,False,0.9295800279212546,0.7517795102938645,0,0.7743918439595426,Ti,,POSSIBLE
169,mp-774263,Li13Ti28O56,"Li,O,Ti",3.639940042376681,0.0,0.0066043783505094,-3.2558026154295536,False,0.8679106513077155,0.8460711955442025,0,0.7734757766597145,Ti,,POSSIBLE
170,mp-772416,Li2Ti3Sn(PO4)6,"Li,O,P,Sn,Ti",3.047605093071469,2.5061,0.0021759788194444,-2.8937209244312165,False,0.9564798365910626,0.7044804934297091,0,0.7726320828254827,Ti,,POSSIBLE
171,mp-1222462,Li4CoTeO6,"Co,Li,O,Te",4.4320929392007935,2.2623000000000006,0.0,-1.986755662500001,True,1.0,0.3498150921601207,1,0.7724352822560423,Co,,PROMISING
172,mp-27013,Li9V3P8O29,"Li,O,P,V",2.635631128296464,2.1457,0.0001637682483099,-2.729611026778425,False,0.9967245908535718,0.6403059267220454,0,0.7723055993221805,V,,POSSIBLE
173,mp-1295192,LiMn(CO3)2,"C,Li,Mn,O",3.072573369445386,0.9213999999999998,0.0,-1.9842330658764384,True,1.0,0.3488286401081071,1,0.7720900240378376,Mn,,PROMISING
174,mp-694934,Li2TiFe(PO4)3,"Fe,Li,O,P,Ti",2.926493074596468,2.4485,0.0006259700000077,-2.755892690206766,False,0.9874804311301232,0.65058327371326,0,0.7708183829212087,"Fe, Ti",,POSSIBLE
175,mp-1105497,LiNdTi2O6,"Li,Nd,O,Ti",4.916684826348821,3.0845,0.0095167963750029,-3.464602147250001,False,0.8096615051264789,0.9277214779158964,0,0.7700163450901272,Ti,,POSSIBLE
176,mp-1287701,Li2Mn3CoO8,"Co,Li,Mn,O",4.243528829288177,0.7321,0.0,-1.951045370747128,True,1.0,0.3358507150383127,1,0.7675477502634095,"Co, Mn",,PROMISING
177,mp-771112,Li2Mn3NiO8,"Li,Mn,Ni,O",4.269366510758148,1.3205,0.0,-1.950653339675697,True,1.0,0.3356974127420781,1,0.7674940944597274,"Mn, Ni",,PROMISING
178,mp-729675,Li7V8(PO4)12,"Li,O,P,V",2.950118697935993,0.9000000000000001,8.330815000334724e-05,-2.687042323587302,False,0.9983338145256544,0.6236595932487459,0,0.7673644556261711,V,,POSSIBLE
179,mp-850462,Li4MnV3(P2O7)4,"Li,Mn,O,P,V",2.8620259386199205,0.5190000000000001,0.0001599404545453,-2.691966383145618,False,0.9968011477614986,0.6255851284731125,0,0.7671954262344136,"Mn, V",,POSSIBLE
180,mp-1177349,Li4MnV3(P2O7)4,"Li,Mn,O,P,V",2.854295991555692,0.5625,0.0001663186363627,-2.691960004963801,False,0.9966735824044904,0.6255826343087728,0,0.7671243923305402,"Mn, V",,POSSIBLE
181,mp-704600,LiTi4Mn(PO4)6,"Li,Mn,O,P,Ti",2.9886150039026456,0.0,0.0036614477976151,-2.972066451734856,False,0.9267700562884204,0.735117221257252,0,0.7670145583986695,"Mn, Ti",,POSSIBLE
182,mp-779361,Li24Ti11CrO36,"Cr,Li,O,Ti",3.349972719337367,1.5560999999999998,0.0030059902430448,-2.9184783667592606,False,0.9398793842044916,0.7141617994137859,0,0.7668902911072955,"Cr, Ti",,POSSIBLE
183,mp-757614,LiFeO2,"Fe,Li,O",4.365992914117121,1.6202000000000003,0.0,-1.9449367477083328,True,1.0,0.3334619606590704,1,0.7667116862306746,Fe,,PROMISING
184,mp-759726,Li2MnSiO4,"Li,Mn,O,Si",3.0207594020141983,3.0699,0.0001855956249983,-2.689898818387213,False,0.9962880374313696,0.6247766149440175,0,0.7666302358176595,Mn,,POSSIBLE
185,mp-774323,Li4MnV3(P2O7)4,"Li,Mn,O,P,V",2.8674663249649,0.5027000000000001,0.0002306272727263,-2.6918956963274367,False,0.995387392328493,0.625557486655077,0,0.7664081861099481,"Mn, V",,POSSIBLE
186,mp-849374,Li10Mg12Fe(PO4)12,"Fe,Li,Mg,O,P",2.961945215430373,4.4803,0.0030926920783089,-2.921611987458405,False,0.9381453241094068,0.7153871901639477,0,0.7663654448175554,Fe,,POSSIBLE
187,mp-759753,Li2VCr(P2O7)2,"Cr,Li,O,P,V",2.8959682921018914,2.1774,0.0003998084090923,-2.70276536660173,False,0.9920037239606924,0.6298080308945462,0,0.7660348589914721,"Cr, V",,POSSIBLE
188,mp-18925,Li6CoO4,"Co,Li,O",2.830290321040326,2.4,0.0,-1.9387670465909097,True,1.0,0.3310493219237511,1,0.765867262673313,Co,,PROMISING
189,mp-775306,Li2Ti3FeO8,"Fe,Li,O,Ti",3.671867396058973,1.9457,0.0041419650000023,-3.000462087797619,False,0.917159582610172,0.7462212294053268,0,0.765615200727459,"Fe, Ti",,POSSIBLE
190,mp-779092,Li24Ti11CrO36,"Cr,Li,O,Ti",3.3494087589383827,1.4654999999999998,0.0031248056597119,-2.918359551342594,False,0.9375030438179736,0.7141153370858468,0,0.765567042079932,"Cr, Ti",,POSSIBLE
191,mp-778889,Li24Ti11CrO36,"Cr,Li,O,Ti",3.339933372518793,1.586,0.0031278889930446,-2.9183564680092604,False,0.93744137631952,0.7141141313597845,0,0.7655327029516605,"Cr, Ti",,POSSIBLE
192,mp-775256,Li4MnV3(P2O7)4,"Li,Mn,O,P,V",2.868611963457909,0.1092029527960751,0.0003258659090903,-2.691800457691073,False,0.9934825939084128,0.6255202439396168,0,0.7653475120284929,"Mn, V",,POSSIBLE
193,mp-774389,Li4MnV3(P2O7)4,"Li,Mn,O,P,V",2.8615724296188514,0.3171000000000001,0.0003748606818172,-2.691751462918346,False,0.9925026852364144,0.6255010847154893,0,0.7648018565304492,"Mn, V",,POSSIBLE
194,mp-759630,Li2VCr(P2O7)2,"Cr,Li,O,P,V",2.8951971415029227,2.1061,0.0005140065909099,-2.7026511684199126,False,0.9897197295167692,0.6297633741191673,0,0.7647630321759316,"Cr, V",,POSSIBLE
195,mp-1173174,SrLiTi4CrO11,"Cr,Li,O,Sr,Ti",4.170797735495756,2.2734000000000005,0.0076400830555538,-3.2745357731481497,False,0.8471962778017975,0.8533967273789779,0,0.7646468073736309,"Cr, Ti",,POSSIBLE
196,mp-771712,Li2Fe3SbO8,"Fe,Li,O,Sb",4.68689739432382,1.8902,0.0,-1.929177644761905,True,1.0,0.3272994219106266,1,0.7645547976687194,Fe,,PROMISING
197,mp-1210977,LiMn2TeO6,"Li,Mn,O,Te",4.87495761264046,0.0120999999999993,0.0,-1.9291509505862063,True,1.0,0.3272889832522423,1,0.7645511441382848,Mn,,PROMISING
198,mp-26971,Li3Cr2(PO4)3,"Cr,Li,O,P",2.9912491468388773,3.0446,9.601124998681598e-05,-2.667456581446428,False,0.9980797490990332,0.6160006614383203,0,0.7645440935078804,Cr,,POSSIBLE
199,mp-760105,Li2VCr(P2O7)2,"Cr,Li,O,P,V",2.8939726410437454,2.2926,0.0005380365909095,-2.7026271384199134,False,0.9892391230341352,0.6297539772768074,0,0.764495409715657,"Cr, V",,POSSIBLE
200,mp-757198,Li2VOF5,"F,Li,O,V",3.084561543687422,2.8337000000000003,0.003438483888889,-2.9341118685185186,False,0.9312293946125556,0.7202752222839074,0,0.7642724948362734,V,,POSSIBLE
201,mp-774528,Li11Ti24O48,"Li,O,Ti",3.6395465116995336,0.0,0.007468203012042,-3.257670747670684,False,0.8506339250406061,0.846801721727217,0,0.7642292613768593,Ti,,POSSIBLE
202,mp-779227,Li24Ti11CrO36,"Cr,Li,O,Ti",3.354574288452865,1.4433999999999998,0.003249547465268,-2.918234809537038,False,0.9350081740548968,0.7140665572655168,0,0.7641777907731241,"Cr, Ti",,POSSIBLE
203,mp-764248,Li2VCr(P2O7)2,"Cr,Li,O,P,V",2.896065325764806,2.1292,0.0005669584090917,-2.702598216601732,False,0.9886606788681692,0.6297426675070936,0,0.7641733070049759,"Cr, V",,POSSIBLE
204,mp-759663,Li2VCr(P2O7)2,"Cr,Li,O,P,V",2.898611593492316,2.1997,0.0005733163636367,-2.7025918586471858,False,0.9885335180620656,0.6297401812525534,0,0.7641024983725297,"Cr, V",,POSSIBLE
205,mp-760004,Li2VCr(P2O7)2,"Cr,Li,O,P,V",2.902225831826924,2.133,0.0005941541666683,-2.7025710208441542,False,0.9881167563799598,0.6297320327069762,0,0.7638704274564195,"Cr, V",,POSSIBLE
206,mp-510641,LiFeAsO4,"As,Fe,Li,O",4.085704846238645,2.0793000000000004,0.0,-1.9236189404761908,True,1.0,0.3251257112198402,1,0.7637939989269441,Fe,,PROMISING
207,mp-1195676,LiCuSO4F,"Cu,F,Li,O,S",3.3602276074045734,0.4309,0.0,-1.9234916432291669,True,1.0,0.3250759321036036,1,0.7637765762362613,,,REVIEW
208,mp-761121,Li2VCr(P2O7)2,"Cr,Li,O,P,V",2.9016371051069894,2.0869,0.0006632862878799,-2.7025018887229426,False,0.9867340953057572,0.6297049988474236,0,0.7631005020147646,"Cr, V",,POSSIBLE
209,mp-761112,Li2VCr(P2O7)2,"Cr,Li,O,P,V",2.89653794407122,2.1081000000000003,0.0006902963636372,-2.7024748786471857,False,0.9861938865040256,0.6296944366574934,0,0.7627996904073368,"Cr, V",,POSSIBLE
210,mp-753899,LiFe(CO3)2,"C,Fe,Li,O",3.320021819955642,2.1192,0.0,-1.9144250328333328,True,1.0,0.3215304677411137,1,0.7625356637093899,Fe,,PROMISING
211,mp-1102490,Li3Ni2SbO6,"Li,Ni,O,Sb",5.068220157391584,2.8087110464841527,0.0,-1.914369531666668,True,1.0,0.3215087642157722,1,0.7625280674755203,Ni,,PROMISING
212,mp-780005,Li4MnV3(P2O7)4,"Li,Mn,O,P,V",2.8812908563956707,0.2310000000000001,0.0006007640909082,-2.691525559509255,False,0.9879845561119835,0.6254127460253581,0,0.7622859669704664,"Mn, V",,POSSIBLE
213,mp-674219,LiCr3O8,"Cr,Li,O",3.4974379099294737,1.8563,0.0,-1.908161301111111,True,1.0,0.3190810586865965,1,0.7616783705403087,Cr,,PROMISING
214,mp-776134,Li4MnV3(P2O7)4,"Li,Mn,O,P,V",2.872402554958033,0.29,0.0006594005681819,-2.6914669230319817,False,0.9868118107479787,0.6253898164484337,0,0.7616329316683401,"Mn, V",,POSSIBLE
215,mp-779775,Li24Ti11CrO36,"Cr,Li,O,Ti",3.3594493622250696,1.3312999999999997,0.0035284099652672,-2.917955947037038,False,0.929430848825376,0.7139575091193389,0,0.7610720950457255,"Cr, Ti",,POSSIBLE
216,mp-1177364,Li4MnV3(P2O7)4,"Li,Mn,O,P,V",2.8789308707179413,0.5267999999999997,0.0007281095454541,-2.691398214054709,False,0.9854376126667168,0.6253629480577488,0,0.7608677187869064,"Mn, V",,POSSIBLE
217,mp-759506,Li2VCr(P2O7)2,"Cr,Li,O,P,V",2.9046288588452778,2.2571,0.0008918361363638,-2.702273338874458,False,0.9821630366795306,0.6296156252769848,0,0.7605551390206865,"Cr, V",,POSSIBLE
218,mp-774458,Li4MnV3(P2O7)4,"Li,Mn,O,P,V",2.870674400643237,0.5732000000000002,0.0007966540909087,-2.6913296695092543,False,0.9840667032661662,0.6253361439675164,0,0.7601043371850222,"Mn, V",,POSSIBLE
219,mp-774760,Li2Ti3CrO8,"Cr,Li,O,Ti",3.725554405909176,0.0,0.0054057828273794,-3.0616784551190483,False,0.8918828851188687,0.7701596627628414,0,0.7600914687823723,"Cr, Ti",,POSSIBLE
220,mp-540965,Na2Li3FeO4,"Fe,Li,Na,O",2.766456859739631,2.9156,0.0,-1.8958083285258616,True,1.0,0.3142504745807721,1,0.7599876661032703,Fe,,PROMISING
221,mp-1177512,Li3VFe(P2O7)2,"Fe,Li,O,P,V",2.8178919320593145,1.8983,0.0002882958333305,-2.643208330807454,False,0.994234005558996,0.6065184729753961,0,0.7591101685988364,"Fe, V",,POSSIBLE
222,mp-764299,Li2VFe(P2O7)2,"Fe,Li,O,P,V",2.8839685683829392,1.8139,0.0001901410606066,-2.628821846904762,False,0.9961971274929684,0.6008926918122433,0,0.7582208622554178,"Fe, V",,POSSIBLE
223,mp-756254,LiNiSbO4,"Li,Ni,O,Sb",5.142315928378754,1.5919,0.0,-1.88217637404762,True,1.0,0.3089197493501062,1,0.7581219122725372,Ni,,PROMISING
224,mp-18722,Cs2LiMnO4,"Cs,Li,Mn,O",4.154833561077782,1.818,0.0,-1.8818333769468405,True,1.0,0.308785621606202,1,0.7580749675621707,Mn,,PROMISING
225,mp-530165,Li13Ti22O48,"Li,O,Ti",3.511650535467142,0.0,0.0078027332228867,-3.2384291922489963,False,0.8439432305765373,0.8392773828565606,0,0.7579158608168918,Ti,,POSSIBLE
226,mp-774155,Li2FeO3,"Fe,Li,O",3.628809138215447,0.0965999999999998,0.0,-1.8779592727777776,True,1.0,0.307270667541969,1,0.7575447336396892,Fe,,PROMISING
227,mp-16955,K2Li3FeO4,"Fe,K,Li,O",2.7824858706605085,3.0637,0.0,-1.8775089627,True,1.0,0.3070945754564896,1,0.7574831014097714,Fe,,PROMISING
228,mp-19492,LiMn(PO3)3,"Li,Mn,O,P",2.968286534140668,4.3259,0.0005030067856859,-2.633280241263781,False,0.9899397285886984,0.6026361303878206,0,0.7553894963595214,Mn,,POSSIBLE
229,mp-13182,Li2TiGeO5,"Ge,Li,O,Ti",3.5267014474955167,3.4593000000000003,0.0015369686111128,-2.7158954927777788,False,0.969260213145312,0.6349425180291833,0,0.7553229985401358,Ti,,POSSIBLE
230,mp-759523,Li2VFe(P2O7)2,"Fe,Li,O,P,V",2.892659925231117,1.8512,0.0005016647727273,-2.628510323192641,False,0.989966569209909,0.6007708716202227,0,0.7547514181325279,"Fe, V",,POSSIBLE
231,mp-36864,Li2TiO3,"Li,O,Ti",3.545777510337066,2.4033999999999995,0.0049166775000006,-2.977037725833334,False,0.9016651236137924,0.7370612195524056,0,0.7538872448309277,Ti,,POSSIBLE
232,mp-549671,KLiMnO2,"K,Li,Mn,O",3.1128611078696142,0.3375999999999997,0.0,-1.8506842532028744,True,1.0,0.296604872314519,1,0.7538117053100817,Mn,,PROMISING
233,mp-1223569,Li4Zr8V3(P3O16)3,"Li,O,P,V,Zr",3.0572780354699614,3.1293,0.0063770338888939,-3.0935633581266537,False,0.8724576018713932,0.7826281358061805,0,0.7537715285614295,V,,POSSIBLE
234,mp-756320,Li3Fe4SbO8,"Fe,Li,O,Sb",4.92175251028305,1.3748,0.0,-1.849916090625,True,1.0,0.2963044851879579,1,0.7537065698157853,Fe,,PROMISING
235,mp-766132,Li2ZrFe(PO4)3,"Fe,Li,O,P,Zr",3.043916438927202,2.4197,0.0030173771052623,-2.8212436348997487,False,0.939651643888275,0.6761385182146102,0,0.753456885513665,Fe,,POSSIBLE
236,mp-849317,Li2V2(PO4)3,"Li,O,P,V",2.9227259114687367,1.1137,0.0015366469956212,-2.6957382420050124,False,0.9692666455419072,0.6270600998882809,0,0.7525676900089473,V,,POSSIBLE
237,mp-764318,Li2VFe(P2O7)2,"Fe,Li,O,P,V",2.891397823475524,1.7145,0.0007029410606067,-2.628309046904762,False,0.9859409891534392,0.6006921632744866,0,0.7525098011804621,"Fe, V",,POSSIBLE
238,mp-1177778,Li2VFe(P2O7)2,"Fe,Li,O,P,V",2.8977533854960384,1.8187,0.0007174231818192,-2.62829456478355,False,0.9856513428223058,0.6006865000947085,0,0.7523485135854162,"Fe, V",,POSSIBLE
239,mp-26884,LiTi2(PO4)3,"Li,O,P,Ti",2.759871954372556,2.6676,0.0055272699999715,-3.012669638273809,False,0.8894531088930835,0.7509949467348501,0,0.7520474412483935,Ti,,POSSIBLE
240,mp-759428,Li2VFe(P2O7)2,"Fe,Li,O,P,V",2.899922530456903,1.8673,0.0007510434090907,-2.628260944556277,False,0.9849789292070508,0.6006733530295483,0,0.7519740846242198,"Fe, V",,POSSIBLE
241,mp-1177780,Li2VFe(P2O7)2,"Fe,Li,O,P,V",2.900180525959516,1.8738,0.0007697879545451,-2.6282422000108228,False,0.9846040332411928,0.6006660230445817,0,0.7517653263482598,"Fe, V",,POSSIBLE
242,mp-725430,Li2Ti4Ni(PO5)4,"Li,Ni,O,P,Ti",3.344671075033379,2.9429,0.0049250972580612,-2.962019529953918,False,0.9014967261811578,0.7311884097641047,0,0.7517391428170734,"Ni, Ti",,POSSIBLE
243,mp-560465,K11LiMn4O16,"K,Li,Mn,O",2.6855025989491583,1.7460999999999998,0.0,-1.8322621154627337,True,1.0,0.2894009636885829,1,0.751290337291004,Mn,,PROMISING
244,mp-758202,Li2NbCr3O8,"Cr,Li,Nb,O",4.342510571019504,1.9446,9.010857143287863e-05,-2.568839499761904,False,0.9981978042624946,0.5774368174679324,0,0.7511116784581484,Cr,,POSSIBLE
245,mp-760164,Li2VFe(P2O7)2,"Fe,Li,O,P,V",2.896892550536053,1.7203999999999997,0.0008858640909092,-2.628126123874459,False,0.9822824791997186,0.6006206319020438,0,0.7504725847255607,"Fe, V",,POSSIBLE
246,mp-759575,Li2FeSiO4,"Fe,Li,O,Si",3.1268415481241045,3.1211,0.00016572,-2.563100713645833,False,0.99668555529324,0.5751926864454027,0,0.7494944956671731,Fe,,POSSIBLE
247,mp-1177776,Li2VFe(P2O7)2,"Fe,Li,O,P,V",2.902986122515212,1.8972,0.0009834372727279,-2.6280285506926404,False,0.9803309892407474,0.6005824762712436,0,0.7493859107773464,"Fe, V",,POSSIBLE
248,mp-759760,Li2VFe(P2O7)2,"Fe,Li,O,P,V",2.9044073529169103,1.6987,0.001096517727273,-2.627915470238096,False,0.9780693496438068,0.6005382565789685,0,0.7481265321067327,"Fe, V",,POSSIBLE
249,mp-559155,LiMg4V3O12,"Li,Mg,O,V",3.213400294537161,3.3004999999999995,0.0022388422499952,-2.717871643416666,False,0.9552225510211986,0.6357152844059436,0,0.7478727526037394,V,,POSSIBLE
250,mp-25985,LiCr(PO3)4,"Cr,Li,O,P",2.52396696780671,3.7085,0.0013790621759266,-2.641370724272486,False,0.972418384447908,0.6057998837565409,0,0.7468600707611388,Cr,,POSSIBLE
251,mp-504854,Na2Li3CoO4,"Co,Li,Na,O",2.877314290659638,1.4597,0.0,-1.795610525525862,True,1.0,0.2750684954036898,1,0.7462739733912914,Co,,PROMISING
252,mp-1222715,Li2Ti2AsPO10,"As,Li,O,P,Ti",3.3672880966374064,3.1349,0.0034305754687364,-2.799276135654762,False,0.9313875651490848,0.6675482091238046,0,0.7459050340253284,Ti,,POSSIBLE
253,mp-26712,LiV2(PO4)3,"Li,O,P,V",2.95110810989226,1.3014,0.0016363833333628,-2.6533499337367723,False,0.9672718918809172,0.6104843091803954,0,0.7456690487476428,V,,POSSIBLE
254,mp-761246,Li2MnFe(PO4)2,"Fe,Li,Mn,O,P",3.394031415235839,3.4593,0.0005341430357148,-2.5561282309916726,False,0.9893169951884048,0.5724661229680789,0,0.7444874903924503,"Fe, Mn",,POSSIBLE
255,mp-19970,Li3CuO3,"Cu,Li,O",3.3129160602412457,1.1780000000000002,0.0,-1.7813896964285705,True,1.0,0.2695074929376883,1,0.744327622528191,,,REVIEW
256,mp-1173879,Li2CoO3,"Co,Li,O",4.242075569033133,0.2675999999999998,0.0,-1.7770496544444494,True,1.0,0.2678103356192838,1,0.7437336174667494,Co,,PROMISING
257,mp-754990,Li2VP2HO8,"H,Li,O,P,V",2.89372706321972,2.0855,0.0009663069817111,-2.585221349264456,False,0.980673599682371,0.5838428789470557,0,0.7437154874567735,V,,POSSIBLE
258,mp-1222353,LiMnRhO4,"Li,Mn,O,Rh",5.3017998838383305,0.9920999999999998,0.0,-1.771844245180623,True,1.0,0.2657747796362505,1,0.7430211728726877,Mn,,PROMISING
259,mp-561743,Li2CoSiO4,"Co,Li,O,Si",3.204747288587181,0.7507999999999999,0.0001144890624997,-2.5110290742708337,False,0.997710187863963,0.5548302650287597,0,0.7429311960852456,Co,,POSSIBLE
260,mp-757868,K2Li3CoO4,"Co,K,Li,O",2.9110545721027226,1.4536999999999998,0.0,-1.7700962439500003,True,1.0,0.2650912302392665,1,0.7427819305837433,Co,,PROMISING
261,mp-775186,Li8Sc5Fe3(SiO3)16,"Fe,Li,O,Sc,Si",3.085489320854927,2.9477999999999995,0.007771448635415,-3.119175549020833,False,0.8445689307657043,0.7926436880463349,0,0.7419382027373546,Fe,,POSSIBLE
262,mp-559518,Li2FeSiO4,"Fe,Li,O,Si",3.0686564742460742,3.3971,0.0010099634375002,-2.562256470208333,False,0.9798004587892618,0.5748625481809088,0,0.7400921441974121,Fe,,POSSIBLE
263,mp-757321,Li3V2(PO4)3,"Li,O,P,V",2.9798700179852484,2.1369,0.0030450123750069,-2.7245616238214283,False,0.939098931038137,0.638331376426589,0,0.7399203938202815,V,,POSSIBLE
264,mp-757613,Li2Co3SbO8,"Co,Li,O,Sb",5.193233883073962,0.7363999999999997,0.0,-1.748696522261904,True,1.0,0.256722948455899,1,0.7398530319595646,Co,,PROMISING
265,mp-25995,Li4Co(PO4)2,"Co,Li,O,P",2.694889596014201,3.2951,0.0013683034999942,-2.588927636341269,False,0.9726335608689548,0.5852922087598859,0,0.7398007315438853,Co,,POSSIBLE
266,mp-22526,LiCoO2,"Co,Li,O",5.121430782777322,0.6623000000000001,0.0,-1.745659770833334,True,1.0,0.2555354380746563,1,0.7394374033261297,Co,,PROMISING
267,mp-1199961,Li2V2(PO4)3,"Li,O,P,V",2.905393195782202,0.0,0.0027314989693048,-2.694543390031329,False,0.94536928372959,0.626592857456303,0,0.7392606061609805,V,,POSSIBLE
268,mp-849382,Li16Mn15Fe(PO4)16,"Fe,Li,Mn,O,P",3.3422581165984933,3.4694000000000003,0.0018417592633932,-2.6219911791659345,False,0.9631643178754552,0.5982215845314945,0,0.7391179294175234,"Fe, Mn",,POSSIBLE
269,mp-1222696,Li5Mn5(SeO3)8,"Li,Mn,O,Se",3.678847014450689,0.8681999999999999,0.0,-1.7408761960731387,True,1.0,0.2536648389094632,1,0.7387826936183122,Mn,,PROMISING
270,mp-766208,Ba3LiTi5Nb3O21,"Ba,Li,Nb,O,Ti",4.88126686122993,2.0419,0.0108625378787934,-3.343356402727274,False,0.7827463120061223,0.8803087792841775,0,0.7386185443528295,Ti,,POSSIBLE
271,mp-773051,Li2Mn3(SeO3)4,"Li,Mn,O,Se",3.728034757453616,2.7673,0.0,-1.7388128640397509,True,1.0,0.2528579805717847,1,0.7385002932001247,Mn,,PROMISING
272,mp-1211552,Li3Mn2(SeO3)4,"Li,Mn,O,Se",3.63691076573232,0.7033047623927575,0.0,-1.737886894058909,True,1.0,0.2524958834456836,1,0.7383735592059892,Mn,,PROMISING
273,mp-759138,Li2MnFe(PO4)2,"Fe,Li,Mn,O,P",3.398050906035316,3.7336,0.0010833816071436,-2.5555789924202443,False,0.9783320755901634,0.5722513452621351,0,0.7383706124163372,"Fe, Mn",,POSSIBLE
274,mp-775195,Li12Mn11Fe(PO4)12,"Fe,Li,Mn,O,P",3.344508477837941,3.4699000000000004,0.0018750365178554,-2.618759303606616,False,0.9624987638089108,0.5969577715827402,0,0.7383095401488601,"Fe, Mn",,POSSIBLE
275,mp-754635,Li2MnFe(PO4)2,"Fe,Li,Mn,O,P",3.393592060033176,3.7761,0.0010929723214294,-2.5555694017059585,False,0.978140258717133,0.5722475948488905,0,0.7382638004915348,"Fe, Mn",,POSSIBLE
276,mp-510529,LiCr(SiO3)2,"Cr,Li,O,Si",3.3060229892139668,1.5926999999999998,0.0056923871666665,-2.9249645055833327,False,0.8861507210150518,0.7166981799404573,0,0.7382272595374385,Cr,,POSSIBLE
277,mp-26991,LiCo(PO3)3,"Co,Li,O,P",3.137850155094548,3.0315,0.0004643124999867,-2.5016625730187068,False,0.9907136247413508,0.5511675294593684,0,0.7378011289185219,Co,,POSSIBLE
278,mp-19131,LiMnBO3,"B,Li,Mn,O",3.1770336273353323,2.5636,0.0006656162500009,-2.514293998405173,False,0.9866874954347764,0.5561070015001814,0,0.7373155730141905,Mn,,POSSIBLE
279,mp-1177382,Li4MnCo5O12,"Co,Li,Mn,O",4.396458307164714,0.0,0.0,-1.726797840966563,True,1.0,0.2481595503690205,1,0.7368558426291573,"Co, Mn",,PROMISING
280,mp-1222580,Li5Cr3(PO4)4,"Cr,Li,O,P",3.041700744868995,2.1682,0.0024058910156155,-2.63333872197279,False,0.9518815306435678,0.602658999052143,0,0.7344654915222124,Cr,,POSSIBLE
281,mp-753702,LiVSiO4,"Li,O,Si,V",3.4975724552211886,2.0535000000000005,0.0049776115178499,-2.839018775119048,False,0.9004464268184613,0.6830894208600734,0,0.7343268320511794,V,,POSSIBLE
282,mp-756366,LiMnNiO4,"Li,Mn,Ni,O",4.383651372705463,0.1909,0.0,-1.7064839194663397,True,1.0,0.2402158667213198,1,0.734075553352462,"Mn, Ni",,PROMISING
283,mp-18727,LiCr(SiO3)2,"Cr,Li,O,Si",3.288025691568921,3.0382,0.0060777346666665,-2.9245791580833327,False,0.8784436670587511,0.7165474912300377,0,0.7339356388128263,Cr,,POSSIBLE
284,mp-1176610,LiNi(PO3)3,"Li,Ni,O,P",3.151323722959967,4.7568,0.0008233460714421,-2.4968652508758504,False,0.983532856454726,0.5492915544311818,0,0.733195115101013,Ni,,POSSIBLE
285,mp-774554,Li2Y14Ti14(S2O5)7,"Li,O,S,Ti,Y",4.14435580610457,0.0,0.0100516594177211,-3.2333337924472567,False,0.7989640999805773,0.8372848456655939,0,0.7324799509722754,Ti,,POSSIBLE
286,mp-774838,Li2Y14Ti14(S2O5)7,"Li,O,S,Ti,Y",4.145125839328297,0.0,0.010069084481012,-3.233316367383966,False,0.7986155940139499,0.8372780316592326,0,0.7322858877884039,Ti,,POSSIBLE
287,mp-849356,Li4Mn3Fe(PO4)4,"Fe,Li,Mn,O,P",3.3661698938677955,3.566,0.0021032933035716,-2.592942260382067,False,0.9579335665170988,0.5868621125986991,0,0.7322652009939491,"Fe, Mn",,POSSIBLE
288,mp-756218,LiVCrO4,"Cr,Li,O,V",4.13619110025981,1.1529999999999996,0.0005200259821478,-2.460201116904763,False,0.9895993400681428,0.5349541808482409,0,0.731513600334363,"Cr, V",,POSSIBLE
289,mp-777682,Li2NbV3O8,"Li,Nb,O,V",4.21135323969786,1.4940000000000002,0.0028931597321442,-2.650353332619048,False,0.9421360248611144,0.6093124994292705,0,0.7314341884738575,V,,POSSIBLE
290,mp-757355,Li2MnCr(PO4)2,"Cr,Li,Mn,O,P",3.3086665799387167,2.2089000000000003,0.0022829413839309,-2.6001265138488145,False,0.9543405564457348,0.5896714882667164,0,0.731272326938505,"Cr, Mn",,POSSIBLE
291,mp-26027,LiNi(PO3)3,"Li,Ni,O,P",2.917599478222931,4.4977,0.0010849125000129,-2.49660368444728,False,0.978301457319784,0.5491892698495762,0,0.730282045973233,Ni,,POSSIBLE
292,mp-761940,Li2MnCo3O8,"Co,Li,Mn,O",4.636425945020977,0.0,0.0,-1.673545006578408,True,1.0,0.2273352270241533,1,0.7295673294584537,"Co, Mn",,PROMISING
293,mp-766376,Li4Mn3Fe(PO4)4,"Fe,Li,Mn,O,P",3.3654740211537604,3.585,0.0023603856249998,-2.592685168060638,False,0.9527916507320016,0.5867615776000944,0,0.729401960062634,"Fe, Mn",,POSSIBLE
294,mp-1309047,Li2V3WO8,"Li,O,V,W",4.98283125922518,1.6544999999999996,0.0003116496428603,-2.4242730586904773,False,0.9937669230681756,0.5209046469595073,0,0.7288884341233243,V,,POSSIBLE
295,mp-772395,LiV(OF)2,"F,Li,O,V",3.020536645054858,2.2105,0.0039135183333405,-2.713161117222222,False,0.9217285775721208,0.6338732506114122,0,0.7288063553786608,V,,POSSIBLE
296,mp-774432,K2Li3NiO4,"K,Li,Ni,O",2.958787666158133,1.809,0.0,-1.66320836995,True,1.0,0.2232931236146069,1,0.7281525932651124,Ni,,PROMISING
297,mp-554093,Li9Fe3P8O29,"Fe,Li,O,P",2.697788639392013,2.5723,0.0025511818367363,-2.597483071982508,False,0.9489756750256304,0.588637780130806,0,0.7279598443098788,Fe,,POSSIBLE
298,mp-773519,Li4Mn3Fe(PO4)4,"Fe,Li,Mn,O,P",3.3718441888046664,3.4465,0.0025132141964281,-2.5925323394892104,False,0.9497350380744334,0.5867018145541587,0,0.727699906034894,"Fe, Mn",,POSSIBLE
299,mp-766098,LiTi3Sb(PO4)6,"Li,O,P,Sb,Ti",2.9738850646166424,2.4673,0.0058113251428562,-2.847361820891157,False,0.8837719294050187,0.6863519379605355,0,0.7262977394589477,Ti,,POSSIBLE
300,mp-759065,Li3V2(PO4)3,"Li,O,P,V",2.86463214577162,1.8559,0.0042719545000062,-2.723334681696429,False,0.9145597575424538,0.6378515852599782,0,0.726255921489342,V,,POSSIBLE
301,mp-757332,Li4Mn3V(PO4)4,"Li,Mn,O,P,V",3.3170462454996072,0.8172999999999995,0.0031684191071432,-2.6324988344892097,False,0.9366307631036228,0.6023305641672709,0,0.7259626171655373,"Mn, V",,POSSIBLE
302,mp-771159,Li2V3WO8,"Li,O,V,W",4.96286784188459,1.5147000000000004,0.0005850828571478,-2.4239996254761897,False,0.988298185017563,0.5207977219153671,0,0.7258432044300381,V,,POSSIBLE
303,mp-26045,Li3Cr2(PO4)3,"Cr,Li,O,P",3.0739395591536254,3.0299000000000005,0.0036250047499875,-2.663927587946428,False,0.927498927072318,0.6146206616210282,0,0.7252416414571348,Cr,,POSSIBLE
304,mp-530141,Li7Ti16O32,"Li,O,Ti",3.632882863221303,0.0,0.0110986303636373,-3.263676677393939,False,0.7780243986178973,0.8491503182663606,0,0.7251160306330697,Ti,,POSSIBLE
305,mp-1221048,NaLiV2O6,"Li,Na,O,V",2.5940530938326947,3.1323,0.0003765615000013,-2.4014756244712645,False,0.9924686684138976,0.5119897948756936,0,0.7250541958341366,V,,POSSIBLE
306,mp-1298606,Li2VOF4,"F,Li,O,V",2.758061009441888,2.0491,0.0082038921875104,-3.027189654270833,False,0.8359199430622585,0.7566729451281512,0,0.7245914994790951,V,,POSSIBLE
307,mp-2763586,Li6Ti2O7,"Li,O,Ti",3.084394365323085,2.8577000000000004,0.004465396333364,-2.726534698305556,False,0.9106908686899392,0.6391029398844417,0,0.7245660067390213,Ti,,POSSIBLE
308,mp-757604,LiCr(SiO3)2,"Cr,Li,O,Si",3.3398254698444187,3.1566,0.0069386396666679,-2.923718253083332,False,0.8612253348099113,0.7162108375233345,0,0.7243477272786183,Cr,,POSSIBLE
309,mp-703230,LiVO3,"Li,O,V",2.5823512892021445,2.8222,0.0007622925000019,-2.4271944011666746,False,0.9847539443541272,0.5220470270980369,0,0.7243311288790829,V,,POSSIBLE
310,mp-757718,Li2MnV(PO4)2,"Li,Mn,O,P,V",3.313686270863601,2.5021,0.0033557271428579,-2.6345500467059586,False,0.9328845518587026,0.6031326830956114,0,0.7241829426057504,"Mn, V",,POSSIBLE
311,mp-1312877,Li2VOF4,"F,Li,O,V",2.7543492560082745,2.0691,0.0082641090625106,-3.027129437395833,False,0.8347155893173753,0.7566493975425582,0,0.7239208632644518,V,,POSSIBLE
312,mp-757208,Li3V2CrO6,"Cr,Li,O,V",3.991598423457421,1.8866,0.0012800816666613,-2.464114564166667,False,0.97439802133547,0.5364845198829854,0,0.7236884936935535,"Cr, V",,POSSIBLE
313,mp-861717,Li8MnFe7(PO4)8,"Fe,Li,Mn,O,P",3.4566940187209414,4.3458000000000006,0.0017167025446482,-2.497370901995368,False,0.965665485987265,0.5494892874257447,0,0.7234372678920064,"Fe, Mn",,POSSIBLE
314,mp-766043,Li4MnFe3(PO4)4,"Fe,Li,Mn,O,P",3.424820714502601,3.7374,0.0019837522321504,-2.5162954421369923,False,0.9603244201944606,0.5568896586471076,0,0.723089811633441,"Fe, Mn",,POSSIBLE
315,mp-26179,LiMnP2O7,"Li,Mn,O,P",3.0113082743226447,1.2857999999999998,0.002575330681819,-2.5627495391409165,False,0.9484926916092732,0.575055360957945,0,0.7229403567203809,Mn,,POSSIBLE
316,mp-1307846,Li2VOF4,"F,Li,O,V",2.75953804551008,2.0317,0.0083745425000101,-3.0270190039583333,False,0.83250689077544,0.7566062129564795,0,0.7226909644612598,V,,POSSIBLE
317,mp-775945,Li2MnFe(PO4)2,"Fe,Li,Mn,O,P",3.400461121329853,3.6406,0.0024936953571437,-2.554168678670244,False,0.9501254201257748,0.5716998473017889,0,0.7226639276248022,"Fe, Mn",,POSSIBLE
318,mp-756806,Li4Mn3Cr(PO4)4,"Cr,Li,Mn,O,P",3.319022303624947,2.3950000000000005,0.0032498769419673,-2.6146692173463526,False,0.935001584432027,0.5953583585229338,0,0.7226262969206416,"Cr, Mn",,POSSIBLE
319,mp-770625,Li4Al3Cr3(SbO8)2,"Al,Cr,Li,O,Sb",4.454088765117469,2.5052000000000003,0.0030315661607076,-2.5971130297619047,False,0.9393678589515468,0.5884930764931193,0,0.7226248991959425,Cr,,POSSIBLE
320,mp-783919,Li4MnFe3(PO4)4,"Fe,Li,Mn,O,P",3.4273788718088496,3.8643,0.0020428677678641,-2.516236326601278,False,0.959142093532419,0.556866541736157,0,0.7224314410504854,"Fe, Mn",,POSSIBLE
321,mp-849430,Li8MnFe7(PO4)8,"Fe,Li,Mn,O,P",3.462049964432441,3.9665,0.0018126687946482,-2.4972749357453674,False,0.9637461350981744,0.549451760179671,0,0.7223684903668808,"Fe, Mn",,POSSIBLE
322,mp-1222352,LiTiRhO4,"Li,O,Rh,Ti",4.804506955388272,1.0782000000000005,0.0008649514285723,-2.4206485523809524,False,0.9827007380881256,0.5194872972123576,0,0.7223059599727942,Ti,,POSSIBLE
323,mp-19043,LiV(SiO3)2,"Li,O,Si,V",3.372853217343676,2.0674,0.0076645123749994,-2.9667807573333347,False,0.8467076848225181,0.7330502700689426,0,0.7222568211765149,V,,POSSIBLE
324,mp-763051,Li2VO2F,"F,Li,O,V",3.47584223215778,1.8069,0.0045107479166679,-2.712808431527778,False,0.9097838247892344,0.6337353341788956,0,0.7221884705966923,V,,POSSIBLE
325,mp-765626,LiV(OF)2,"F,Li,O,V",3.1569005500554765,2.26,0.0045809104166734,-2.712493725138889,False,0.9083805558611856,0.6336122694129313,0,0.7213736000181781,V,,POSSIBLE
326,mp-849426,Li5V4(PO4)6,"Li,O,P,V",2.90666378859645,0.923,0.0045464681570512,-2.7092739280647127,False,0.9090694103452168,0.6323531797109863,0,0.7213117885887144,V,,POSSIBLE
327,mp-775189,Li2MnFe(PO4)2,"Fe,Li,Mn,O,P",3.4041731036893963,4.020199999999999,0.0026212036309543,-2.5540411703964336,False,0.94757522025129,0.5716499856643102,0,0.7212438661207181,"Fe, Mn",,POSSIBLE
328,mp-764613,Li4MnFe3(PO4)4,"Fe,Li,Mn,O,P",3.438447322475736,3.7836,0.002168760089293,-2.5161104342798493,False,0.956624213141508,0.5568173120108627,0,0.7210293764316315,"Fe, Mn",,POSSIBLE
329,mp-1176615,LiMnV(P2O7)2,"Li,Mn,O,P,V",2.888295413208246,1.4316999999999998,0.0031113607142572,-2.591604198801704,False,0.9377719463541492,0.5863388685812686,0,0.7209931744982261,"Mn, V",,POSSIBLE
330,mp-771836,Li2ScFe(SiO3)4,"Fe,Li,O,Sc,Si",3.1209828597640623,2.9333000000000005,0.0087676152916618,-3.0459465405833344,False,0.8246453289020312,0.7640077559415512,0,0.7209576454756601,Fe,,POSSIBLE
331,mp-554656,Li5VP2(O4F)2,"F,Li,O,P,V",2.8037380621516808,2.4559,0.0061142279166661,-2.830326954775133,False,0.8777137922138704,0.6796905167570941,0,0.7206342665826116,V,,POSSIBLE
332,mp-1222897,Li2Al2CrSbO8,"Al,Cr,Li,O,Sb",4.369867604371007,2.5534,0.0043551178571332,-2.6871482190476206,False,0.912896467964696,0.6237010032756817,0,0.7203884085270715,Cr,,POSSIBLE
333,mp-783910,LiFeBO3,"B,Fe,Li,O",3.298176354536172,3.2434000000000003,4.278447916661321e-05,-2.3320978334375,False,0.999144298874576,0.4848598670504603,0,0.719230317848678,Fe,,POSSIBLE
334,mp-760282,Li2VOF4,"F,Li,O,V",2.987808642695657,2.1899,0.0087018018750102,-3.026691744583333,False,0.8259616149897375,0.7564782393918617,0,0.7190462720315072,V,,POSSIBLE
335,mp-558555,LiFe(SeO3)2,"Fe,Li,O,Se",3.519512384208408,2.6596,0.0,-1.594728772802084,True,1.0,0.1965144311765636,1,0.7187800509117973,Fe,,PROMISING
336,mp-556550,Li2NiO3,"Li,Ni,O",4.257230646294252,0.0,0.0,-1.5850437602777838,True,1.0,0.192727142955714,1,0.7174545000345,Ni,,PROMISING
337,mp-27031,LiMnP2O7,"Li,Mn,O,P",3.226260249471205,1.4232000000000002,0.0030701311363632,-2.562254738686372,False,0.9385965490346506,0.574861871075669,0,0.717429756845542,Mn,,POSSIBLE
338,mp-764462,LiMnV(P2O7)2,"Li,Mn,O,P,V",2.9043197902901525,1.271,0.0034568399999717,-2.591258719515989,False,0.9308622674389212,0.5862037701881532,0,0.7171455666572601,"Mn, V",,POSSIBLE
339,mp-764622,LiMnV(P2O7)2,"Li,Mn,O,P,V",2.9061254365607714,1.2189,0.0034614098412406,-2.5912541496747203,False,0.9307708693807236,0.586201983168677,0,0.717094672268435,"Mn, V",,POSSIBLE
340,mp-754615,Li3VCr2O6,"Cr,Li,O,V",4.036312916391267,1.874,0.0015298279166708,-2.435478421666667,False,0.9694030289605176,0.5252864625847933,0,0.7170219278329624,"Cr, V",,POSSIBLE
341,mp-1177824,Li32Ti13Cr3O48,"Cr,Li,O,Ti",3.368783399485788,1.5932000000000002,0.0065566528385314,-2.83934014625,False,0.8688651744223238,0.6832150918486987,0,0.7170011280793226,"Cr, Ti",,POSSIBLE
342,mp-759713,Li8Ti15O32,"Li,O,Ti",3.533570818303601,0.0,0.0116851130909161,-3.248932438484849,False,0.7662945858551933,0.8433846383350561,0,0.7166466456376259,Ti,,POSSIBLE
343,mp-758511,Li2V2(PO4)3,"Li,O,P,V",2.8783227386393886,1.146,0.0047729494956207,-2.692501939505013,False,0.9045397224753062,0.6257945558007951,0,0.7165249418916968,V,,POSSIBLE
344,mp-504179,LiFe(PO3)3,"Fe,Li,O,P",3.048645401781237,4.001799999999999,0.0030141608928566,-2.5509706431972794,False,0.939715969004036,0.5704492673932726,0,0.7165010265398652,Fe,,POSSIBLE
345,mp-1176650,LiMnV(P2O7)2,"Li,Mn,O,P,V",2.887613407809072,1.3767,0.0036104721428289,-2.591105087373132,False,0.9277895831359932,0.5861436929085909,0,0.7154345632428032,"Mn, V",,POSSIBLE
346,mp-767384,Ba2LiTi11O24,"Ba,Li,O,Ti",4.249563987849099,0.0,0.0144057426645058,-3.4569716307894733,False,0.7118812604313534,0.9247375927595844,0,0.7151928507030989,Ti,,POSSIBLE
347,mp-761236,LiMnV(P2O7)2,"Li,Mn,O,P,V",2.902733407549353,1.3746999999999998,0.003660777619018,-2.591054781896943,False,0.9267834600411584,0.5861240211387365,0,0.7148743104211949,"Mn, V",,POSSIBLE
348,mp-778872,Li6Mn5Fe(BO3)6,"B,Fe,Li,Mn,O",3.1884591293855253,2.6098,0.0023252302083287,-2.482164551657088,False,0.9534947685494012,0.5435429005342686,0,0.7146621378891647,"Fe, Mn",,POSSIBLE
349,mp-531820,Li4Ti7O16,"Li,O,Ti",3.4309348210347856,2.8296,0.0120340391666662,-3.2621987245061725,False,0.7593159702094027,0.8485723702721,0,0.7146241132104065,Ti,,POSSIBLE
350,mp-1177811,Li32Ti13Cr3O48,"Cr,Li,O,Ti",3.366465491255776,1.529,0.0067774961718649,-2.8391193029166666,False,0.8644482481781142,0.6831287318824221,0,0.7145415926568105,"Cr, Ti",,POSSIBLE
351,mp-1302478,LiV3Zn2O8,"Li,O,V,Zn",4.598998834327521,1.2586,0.0003410149999867,-2.31965543452381,False,0.9931796080036712,0.4799943131106283,0,0.7142467939907391,V,,POSSIBLE
352,mp-764484,LiMnV(P2O7)2,"Li,Mn,O,P,V",2.900931463667063,1.3442000000000005,0.003733557619018,-2.590982001896943,False,0.9253278404070888,0.5860955607897156,0,0.7140637585002994,"Mn, V",,POSSIBLE
353,mp-764488,LiMnV(P2O7)2,"Li,Mn,O,P,V",2.9068661585409226,0.5587,0.003769115595209,-2.5909464439207515,False,0.9246166712906918,0.5860816559750291,0,0.7136677488011407,"Mn, V",,POSSIBLE
354,mp-755153,Li4Cr3FeO8,"Cr,Fe,Li,O",4.11643802517266,2.4395,6.418687499998299e-05,-2.293153877708333,False,0.9987162451841228,0.4696309776260739,0,0.7136647770203935,"Cr, Fe",,POSSIBLE
355,mp-775597,Li3Cr2(PO4)3,"Cr,Li,O,P",2.962116329846828,2.8496999999999995,0.0046795088749869,-2.6628730838214274,False,0.9064085600957266,0.6142083016946543,0,0.7134976136457787,Cr,,POSSIBLE
356,mp-766215,Na5LiFe6(SiO3)12,"Fe,Li,Na,O,Si",3.411499131929576,2.76,0.0055186349861218,-2.7299634536704995,False,0.88962581149957,0.6404437419508555,0,0.713449506007563,Fe,,POSSIBLE
357,mp-777110,Li32Ti13Cr3O48,"Cr,Li,O,Ti",3.377349008488258,1.5241,0.0068804412760314,-2.8390163578125005,False,0.862389318322988,0.6830884755813151,0,0.7133950915311038,"Cr, Ti",,POSSIBLE
358,mp-755540,Li2VCrO4,"Cr,Li,O,V",4.019077762206649,0.975,0.0020487643749991,-2.4491526833333346,False,0.9590241597989744,0.5306337318845538,0,0.7131850940490296,"Cr, V",,POSSIBLE
359,mp-756362,LiCrO2,"Cr,Li,O",4.311589282646661,3.0591000000000004,0.0015556656249993,-2.4070661877083337,False,0.968886267823635,0.514175963891226,0,0.7128490346649283,Cr,,POSSIBLE
360,mp-764480,LiMnV(P2O7)2,"Li,Mn,O,P,V",2.9044433186506526,1.3140999999999998,0.0038674414285431,-2.590848118087418,False,0.9226501280983676,0.5860432060226459,0,0.7125726925620283,"Mn, V",,POSSIBLE
361,mp-26957,Li2V2(PO4)3,"Li,O,P,V",2.9429152493163686,0.0037000000000002,0.0051579558114118,-2.6921169331892227,False,0.8968394922952259,0.6256440005091952,0,0.7122371209405927,V,,POSSIBLE
362,mp-777374,Li32Ti13Cr3O48,"Cr,Li,O,Ti",3.386482476110934,1.5553,0.0069914426301984,-2.838905356458333,False,0.8601692612944942,0.68304506891353,0,0.7121588678317073,"Cr, Ti",,POSSIBLE
363,mp-754241,Li4Cr3FeO8,"Cr,Fe,Li,O",4.124055826002512,2.3412999999999995,0.000238881875,-2.292979182708333,False,0.9952222980561511,0.469562663794359,0,0.7117191962589089,"Cr, Fe",,POSSIBLE
364,mp-755477,LiMnPHO5,"H,Li,Mn,O,P",3.188842852967868,1.0004000000000002,0.0006044875462976,-2.319095617739692,False,0.9879100859997084,0.4797753988338522,0,0.7112719368916878,Mn,,POSSIBLE
365,mp-1176839,Li8MnFe7(BO3)8,"B,Fe,Li,Mn,O",3.300417661271015,3.299,0.0010679023437489,-2.3539250901652284,False,0.9786416650339428,0.4933953348251249,0,0.7109412829574624,"Fe, Mn",,POSSIBLE
366,mp-781754,Li3Mn2(P2O7)2,"Li,Mn,O,P",2.8264710068186565,0.0,0.0043873764130308,-2.616199904975369,False,0.912251288144261,0.5959569282421394,0,0.7103231333640924,Mn,,POSSIBLE
367,mp-1177737,Li32Ti13Cr3O48,"Cr,Li,O,Ti",3.376781331966756,1.4325,0.0071605620051986,-2.838736237083333,False,0.8567868281706712,0.6829789354092884,0,0.7102753828871201,"Cr, Ti",,POSSIBLE
368,mp-776967,Li32Ti13Cr3O48,"Cr,Li,O,Ti",3.385676800370259,1.4473,0.0071895545051976,-2.838707244583334,False,0.8562069703493013,0.6829675979997122,0,0.709952492992015,"Cr, Ti",,POSSIBLE
369,mp-1280510,Li2Ni3TeO8,"Li,Ni,O,Te",4.941378719568914,0.3014999999999999,0.0,-1.5295413745238091,True,1.0,0.1710231408940057,1,0.709858099312902,Ni,,PROMISING
370,mp-766561,LiNd14(Cu3O14)2,"Cu,Li,Nd,O",6.962908494247438,0.0,0.0093425135714246,-3.010613823435373,False,0.8131472082148169,0.7501910279683723,0,0.7097978243070796,,,REVIEW
371,mp-778754,Li8MnFe7(BO3)8,"B,Fe,Li,Mn,O",3.2805467810268616,3.174300000000001,0.0011851063020813,-2.353807886206896,False,0.9762975542488466,0.4933495026519898,0,0.7096359807650621,"Fe, Mn",,POSSIBLE
372,mp-26188,LiMn2P5O16,"Li,Mn,O,P",2.7486060960064704,2.174106368800858,0.0035082378124737,-2.538661273433737,False,0.9298342973231456,0.565635734009131,0,0.709381370430926,Mn,,POSSIBLE
373,mp-764481,LiMnV(P2O7)2,"Li,Mn,O,P,V",2.915957142024347,1.4209,0.0041570510714006,-2.5905585084445604,False,0.9168578571123932,0.5859299552461202,0,0.7093473057479583,"Mn, V",,POSSIBLE
374,mp-831245,Li2MnSiO4,"Li,Mn,O,Si",2.9941875958876105,1.9572000000000005,0.005338674999999,-2.6847457390122127,False,0.8932250597703478,0.6227615223698907,0,0.709240315703153,Mn,,POSSIBLE
375,mp-683616,Li5Ti7In(PO4)12,"In,Li,O,P,Ti",2.938809193362207,2.4695,0.0086458644863043,-2.950378404005219,False,0.8270803778542454,0.7266361906448919,0,0.7092168745455472,Ti,,POSSIBLE
376,mp-26039,Li3Mn2(PO4)3,"Li,Mn,O,P",2.9896812497585854,1.3066000000000002,0.0039029102499883,-2.563618484989533,False,0.9219407421009378,0.5753951590086718,0,0.708455713808551,Mn,,POSSIBLE
377,mp-777376,Li32Ti13Cr3O48,"Cr,Li,O,Ti",3.386258729218321,1.4426,0.0073484503385312,-2.8385483487500003,False,0.8530290108168443,0.6829054623735149,0,0.7081828677799946,"Cr, Ti",,POSSIBLE
378,mp-1176836,Li8MnFe7(BO3)8,"B,Fe,Li,Mn,O",3.297479822861753,3.2987,0.0013303454687481,-2.3536626470402293,False,0.973392731733924,0.4932927074146328,0,0.7080184500487796,"Fe, Mn",,POSSIBLE
379,mp-1304584,Li2TiV3O8,"Li,O,Ti,V",3.7383655903419895,1.0657,0.0059588192857091,-2.7246603267857146,False,0.8808220067580426,0.6383699738546321,0,0.7078815945660446,"Ti, V",,POSSIBLE
380,mp-1222860,Li7Mn(BO3)3,"B,Li,Mn,O",2.3164807418889413,3.5681000000000003,0.0036698117499982,-2.5396275330632188,False,0.926602774984391,0.5660135862528776,0,0.7077362814299222,Mn,,POSSIBLE
381,mp-22042,LiCo2P3O10,"Co,Li,O,P",3.497419169558704,2.7489000000000003,0.0018415499218766,-2.3924018604538686,False,0.963168504762262,0.5084415331160285,0,0.7076972142098541,Co,,POSSIBLE
382,mp-26079,Li3Cr2(PO4)3,"Cr,Li,O,P",2.945937730218824,3.1825,0.0052144194999863,-2.662338173196428,False,0.8957102032913645,0.6139991268790116,0,0.7075403062179046,Cr,,POSSIBLE
383,mp-1306034,Li2V3WO8,"Li,O,V,W",4.967717612063704,1.5596,0.002234207857148,-2.4223505004761896,False,0.955315240128376,0.5201528377015843,0,0.7074768752661613,V,,POSSIBLE
384,mp-773084,Ba6Li2Ti7Nb9O42,"Ba,Li,Nb,O,Ti",5.01746921335466,0.0,0.0127807799091037,-3.267548283636364,False,0.74438095391026,0.8506642955256478,0,0.7071420280846198,Ti,,POSSIBLE
385,mp-775172,Li5Sc2Fe3(SiO3)10,"Fe,Li,O,Sc,Si",3.1584682184561563,2.793200000000001,0.0093038441166619,-2.987624038333333,False,0.8139206077420406,0.741200957785359,0,0.707076669482998,Fe,,POSSIBLE
386,mp-1177503,Li4Cr3FeO8,"Cr,Fe,Li,O",4.131816191791137,2.4434000000000005,0.0006573356250001,-2.2925607289583327,False,0.9868531101686804,0.4693990290076854,0,0.7070588707454641,"Cr, Fe",,POSSIBLE
387,mp-558431,LiCu(PO3)3,"Cu,Li,O,P",3.076794537947756,0.6768999999999998,0.0020258596428694,-2.400873266590136,False,0.9594822606206436,0.5117542450607389,0,0.7068292291126127,,,REVIEW
388,mp-775564,Li2TiV3O8,"Li,O,Ti,V",3.757784880366515,1.2315000000000005,0.006079311607138,-2.7245398344642857,False,0.8784121278239054,0.6383228557793065,0,0.7065396698259053,"Ti, V",,POSSIBLE
389,mp-754791,Li3Mn2Fe(BO3)3,"B,Fe,Li,Mn,O",3.21773932469392,3.0229,0.0026920588888881,-2.451327890186782,False,0.9461580959777875,0.5314843384556143,0,0.7064064712472482,"Fe, Mn",,POSSIBLE
390,mp-777802,Li8MnFe7(BO3)8,"B,Fe,Li,Mn,O",3.280356234955605,3.1564999999999994,0.0014833929687485,-2.3535095995402284,False,0.9703317404458528,0.4932328587574907,0,0.7063139578103409,"Fe, Mn",,POSSIBLE
391,mp-1177528,Li3Ti7O14,"Li,O,Ti",3.636369350976392,0.0,0.0128402148958333,-3.266100809722223,False,0.7431922381417212,0.8500982662209611,0,0.706290124155283,Ti,,POSSIBLE
392,mp-850743,Li8MnFe7(BO3)8,"B,Fe,Li,Mn,O",3.28680921883834,3.1002,0.0014952904687488,-2.353497702040229,False,0.970093787236224,0.49322820628425,0,0.7061814551794108,"Fe, Mn",,POSSIBLE
393,mp-562404,Li2Co3(SeO3)4,"Co,Li,O,Se",4.219595096280568,2.6422,0.0,-1.4996215740972216,True,1.0,0.1593231139253802,1,0.7057630898738831,Co,,PROMISING
394,mp-756268,Li2FeNi(PO4)2,"Fe,Li,Ni,O,P",3.605742550597304,3.0236,0.0023656098214281,-2.420106471139456,False,0.9526871653940892,0.5192753183537333,0,0.7057243023905557,"Fe, Ni",,POSSIBLE
395,mp-2348641,LiNiO2,"Li,Ni,O",4.635450962098701,0.0180000000000002,0.0,-1.4979912991666673,True,1.0,0.1586856009613295,1,0.7055399603364654,Ni,,PROMISING
396,mp-752913,Li2FeSiO4,"Fe,Li,O,Si",3.0786169025597885,3.0269000000000004,0.0041895659375006,-2.559076867708333,False,0.9162075510187646,0.5736191764180928,0,0.704680864806653,Fe,,POSSIBLE
397,mp-779056,Li2FeP2O7,"Fe,Li,O,P",2.806767257322583,3.9628,0.0043621793055539,-2.570515454246031,False,0.912755237091295,0.5780921932519583,0,0.7043476480383977,Fe,,POSSIBLE
398,mp-778083,Li8MnFe7(BO3)8,"B,Fe,Li,Mn,O",3.2881440292397257,3.1706000000000003,0.0016682171354149,-2.353324775373562,False,0.966635207251979,0.4931605839527253,0,0.7042555683720424,"Fe, Mn",,POSSIBLE
399,mp-1218301,SrLiTi4CrO11,"Cr,Li,O,Sr,Ti",4.195097407821593,2.2290999999999994,0.0130859130555549,-3.2690899431481486,False,0.7382782086645917,0.8512671557589098,0,0.7039965192811439,"Cr, Ti",,POSSIBLE
400,mp-762322,LiTi2(PO4)3,"Li,O,P,Ti",2.793448669161382,2.4778,0.0098561188888606,-3.00834078938492,False,0.8028749633093167,0.7493021664348151,0,0.7038369880723095,Ti,,POSSIBLE
401,mp-775484,Ba6Li2Ti16O39,"Ba,Li,O,Ti",4.494637601703861,2.3147,0.0155769353968491,-3.4656044776984127,False,0.6884570898284635,0.92811343551958,0,0.703491101837508,Ti,,POSSIBLE
402,mp-1177332,Li4MnFe3(BO3)4,"B,Fe,Li,Mn,O",3.2853676691021247,0.0,0.002023515104164,-2.375821851997126,False,0.9595291520272446,0.501957982312944,0,0.7034263274245149,"Fe, Mn",,POSSIBLE
403,mp-771063,Li4Fe3Ni(PO4)4,"Fe,Li,Ni,O,P",3.5292189865040497,3.044,0.002965603482143,-2.448218444353742,False,0.9406871303177798,0.5302684011971651,0,0.7029718620937867,"Fe, Ni",,POSSIBLE
404,mp-1177388,Li4MnFe3(BO3)4,"B,Fe,Li,Mn,O",3.2655855447704067,3.1160999999999994,0.0020889898958316,-2.375756377205459,False,0.95821963853057,0.5019323786385429,0,0.7026971337153036,"Fe, Mn",,POSSIBLE
405,mp-772151,Li2Ti4O9,"Li,O,Ti",3.843823585615433,2.8924,0.0134158558333332,-3.284199176666668,False,0.7316792640994159,0.8571755654782754,0,0.7024350431720752,Ti,,POSSIBLE
406,mp-1302892,Li2V3CrO8,"Cr,Li,O,V",3.831395704747852,1.1102,0.0035101303125042,-2.487203856190476,False,0.9297964468119904,0.5455135018786331,0,0.7023177714041164,"Cr, V",,POSSIBLE
407,mp-775204,Li2V3WO8,"Li,O,V,W",5.205218587323644,1.4997000000000005,0.0027574171428614,-2.421827291190477,False,0.944850913266438,0.5199482386512634,0,0.7016498858244831,V,,POSSIBLE
408,mp-26143,Li3Mn3(PO4)4,"Li,Mn,O,P",2.976942982515313,1.0226,0.0041769780768872,-2.534774449898636,False,0.9164593116268958,0.5641158060839916,0,0.7014931535241897,Mn,,POSSIBLE
409,mp-26989,LiCoPO4,"Co,Li,O,P",3.059880434677717,3.138,0.0025248721428514,-2.401565076139456,False,0.9495018760009698,0.5120247746187169,0,0.7014347029170843,Co,,POSSIBLE
410,mp-849384,Li11V8(PO4)12,"Li,O,P,V",2.8720315738211184,0.7162999999999999,0.0064429149129816,-2.7143578559795056,False,0.8711399636167263,0.6343412308631179,0,0.7011464107912908,V,,POSSIBLE
411,mp-19445,LiLa4NiO8,"La,Li,Ni,O",6.7518343983033295,1.5155385504382322,0.0123398584523783,-3.1841783123809537,False,0.7531995019934146,0.8180627775290562,0,0.7005816982315477,Ni,,POSSIBLE
412,mp-768041,Li4MnCr3(PO4)4,"Cr,Li,Mn,O,P",3.2952729932644944,1.9098,0.0048485815401813,-2.5820512346369924,False,0.9030270611806206,0.5826032173815997,0,0.7005760097329012,"Cr, Mn",,POSSIBLE
413,mp-1275513,Li2V3CrO8,"Cr,Li,O,V",3.833340089437843,1.0953,0.0037363985267901,-2.486977587976189,False,0.9252710214852472,0.5454250205327835,0,0.6997978190033602,"Cr, V",,POSSIBLE
414,mp-756125,Li2MnFe(BO3)2,"B,Fe,Li,Mn,O",3.2476951183488367,3.1446,0.00295504020833,-2.4205950760775843,False,0.9408983986437246,0.5194663855022971,0,0.6993073541798525,"Fe, Mn",,POSSIBLE
415,mp-778260,Li6Mn5Fe(BO3)6,"B,Fe,Li,Mn,O",3.189349505651609,2.6031,0.0037225581249957,-2.480767223740421,False,0.9255478332549,0.5429964806358761,0,0.6991000765127517,"Fe, Mn",,POSSIBLE
416,mp-778004,Li8MnFe7(BO3)8,"B,Fe,Li,Mn,O",3.274350360367186,3.1457999999999995,0.0021319679687481,-2.352861024540229,False,0.9573600654779222,0.4929792359096449,0,0.699090768581233,"Fe, Mn",,POSSIBLE
417,mp-9158,LiCuO2,"Cu,Li,O",4.607173189052811,0.3778000000000001,0.0,-1.4505814108333328,True,1.0,0.1401461399966562,1,0.6990511489988297,,,REVIEW
418,mp-850228,Li6Mn5Fe(BO3)6,"B,Fe,Li,Mn,O",3.190956332635607,2.6117000000000004,0.0037343620138852,-2.480755419851532,False,0.925311752292741,0.5429918647689129,0,0.6989686164301271,"Fe, Mn",,POSSIBLE
419,mp-774368,Li6Mn5Fe(BO3)6,"B,Fe,Li,Mn,O",3.187704891525263,2.6076,0.00373755256944,-2.4807522292959763,False,0.9252479403209196,0.5429906171139982,0,0.6989330831664053,"Fe, Mn",,POSSIBLE
420,mp-774303,Li6Mn5Fe(BO3)6,"B,Fe,Li,Mn,O",3.189430895797272,2.6116,0.0037391110416624,-2.4807506708237543,False,0.9252167704560382,0.542990007679217,0,0.698915726438547,"Fe, Mn",,POSSIBLE
421,mp-774370,Li6Mn5Fe(BO3)6,"B,Fe,Li,Mn,O",3.190484894813787,2.6092000000000004,0.0037476775694402,-2.4807421042959765,False,0.9250454375894654,0.5429866577703073,0,0.6988203208938136,"Fe, Mn",,POSSIBLE
422,mp-778398,Li4MnFe3(BO3)4,"B,Fe,Li,Mn,O",3.262968639686323,3.1372,0.0024653528124973,-2.3753800142887926,False,0.9506922786647524,0.5017852033161075,0,0.6985055744262514,"Fe, Mn",,POSSIBLE
423,mp-766044,SrLiLa3FeO8,"Fe,La,Li,O,Sr",6.152774919949476,0.9437000000000006,0.0114530547321374,-3.0953088920238097,False,0.7709358156338165,0.7833107203615648,0,0.6981734507251468,Fe,,POSSIBLE
424,mp-1221254,Na3LiFe4(SiO3)8,"Fe,Li,Na,O,Si",3.403948896674754,2.7673999999999994,0.0069402739791701,-2.7315718846867822,False,0.861192648118974,0.6410727129332608,0,0.698031405992077,Fe,,POSSIBLE
425,mp-1303832,LiV3Zn2O8,"Li,O,V,Zn",4.603599924306971,1.231,0.0018061164285585,-2.318190333095238,False,0.9638771841876193,0.4794213906318129,0,0.697929938024325,V,,POSSIBLE
426,mp-779070,Li2NiP2O7,"Li,Ni,O,P",2.9449557303260505,4.312200000000001,0.004232519722227,-2.50775682424603,False,0.9153484637364708,0.5535506637950474,0,0.6971843873833257,Ni,,POSSIBLE
427,mp-1222845,Li2Ti4Ni(PO5)4,"Li,Ni,O,P,Ti",3.321380946911396,2.9379,0.0098288443548355,-2.957115782857144,False,0.8034204613477481,0.7292708176524746,0,0.6971260399196276,"Ni, Ti",,POSSIBLE
428,mp-780938,Li4MnFe3(BO3)4,"B,Fe,Li,Mn,O",3.2702272965021244,3.2324,0.0025938555208302,-2.37525151158046,False,0.94812218983155,0.5017349528086978,0,0.6970744378903968,"Fe, Mn",,POSSIBLE
429,mp-754348,Li2CrFeO4,"Cr,Fe,Li,O",4.1286525750595136,1.9762,0.0001503091666661,-2.177026989583334,False,0.9969937761173427,0.4242199888001701,0,0.6968235729445982,"Cr, Fe",,POSSIBLE
430,mp-1222491,LiTiSn(PO4)3,"Li,O,P,Sn,Ti",3.249432503882478,2.512277378312892,0.0074962237499995,-2.7661006744775136,False,0.8500735027222212,0.6545750680955821,0,0.6966417003306754,Ti,,POSSIBLE
431,mp-1196748,LiMn3H6(SeO3)8,"H,Li,Mn,O,Se",3.522537803986602,1.6130999999999998,0.0,-1.432949485318487,True,1.0,0.1332512409301112,1,0.696637934325539,Mn,,PROMISING
432,mp-5127,LiCuO,"Cu,Li,O",4.289470405864194,1.4376000000000002,0.0,-1.432946590277778,True,1.0,0.1332501088351812,1,0.6966375380923134,,,REVIEW
433,mp-772521,Li8TiO6,"Li,O,Ti",2.355379171348115,3.9916,0.0035244373333336,-2.445641585,False,0.9295103025357564,0.5292607299058038,0,0.6964719218616974,Ti,,POSSIBLE
434,mp-779891,Li6Mn5Fe(BO3)6,"B,Fe,Li,Mn,O",3.19077801464386,2.6001000000000003,0.003965211458329,-2.480524570407088,False,0.920694701126948,0.5429015919500043,0,0.696397642802323,"Fe, Mn",,POSSIBLE
435,mp-25447,LiCrPO4,"Cr,Li,O,P",3.2915125733648134,2.2509,0.0050387888392791,-2.566351388282313,False,0.8992228638858958,0.5764638507035454,0,0.6963349228834836,Cr,,POSSIBLE
436,mp-778476,Li6Mn5Fe(BO3)6,"B,Fe,Li,Mn,O",3.190292077089816,2.6044,0.0039790692361076,-2.480510712629309,False,0.9204175418329236,0.5428961729174098,0,0.6962433085292015,"Fe, Mn",,POSSIBLE
437,mp-757477,Li4MnV3(PO4)4,"Li,Mn,O,P,V",3.2978799826475744,0.7046000000000001,0.0059184051785727,-2.634225888922706,False,0.8816302998034002,0.6030059223969413,0,0.6959487377307996,"Mn, V",,POSSIBLE
438,mp-774362,Li6Mn5Fe(BO3)6,"B,Fe,Li,Mn,O",3.1889007529289928,2.6042,0.0040239620138855,-2.480465819851532,False,0.919519674166512,0.5428786177631907,0,0.6957433370086985,"Fe, Mn",,POSSIBLE
439,mp-753087,LiVP2(HO4)2,"H,Li,O,P,V",2.7887665099577497,1.9418,0.0032371988644648,-2.4134334046513604,False,0.9352551494022784,0.516665840457458,0,0.6952233763313633,V,,POSSIBLE
440,mp-753828,Li2CoSiO4,"Co,Li,O,Si",3.246784762003227,2.7203,0.0044052881249996,-2.506738275208334,False,0.9118930490727912,0.5531523639721874,0,0.6951445043803007,Co,,POSSIBLE
441,mp-26184,LiFe2P5O16,"Fe,Li,O,P",2.7110787153648146,2.5641,0.0042814547222231,-2.4960688936061506,False,0.9143697505352136,0.5489801418749715,0,0.6950464124506074,Fe,,POSSIBLE
442,mp-643154,Li3V2(PO4)3,"Li,O,P,V",2.8660855867579977,2.0469,0.0070985225000068,-2.720508113696428,False,0.8580276350110825,0.6367462663287972,0,0.6947763924711744,V,,POSSIBLE
443,mp-759481,Li2V2(PO4)3,"Li,O,P,V",2.893141839786241,0.8700000000000001,0.0067286589693065,-2.690546230031328,False,0.8654250054042344,0.6250297828658602,0,0.69474417697538,V,,POSSIBLE
444,mp-764774,LiTi2V3O12,"Li,O,Ti,V",2.8532415414086763,2.3032,0.0074438599999915,-2.747048690972223,False,0.8511207918487003,0.6471248606196116,0,0.6946101367336492,"Ti, V",,POSSIBLE
445,mp-26095,Li2Mn(PO3)4,"Li,Mn,O,P",2.747546829720957,4.4103,0.0062136591666792,-2.645712758719428,False,0.8757251403897547,0.6074978202201402,0,0.6942730642914142,Mn,,POSSIBLE
446,mp-26251,LiVP2O7,"Li,O,P,V",3.175536819013009,2.0224,0.0070302779545592,-2.7113234320562767,False,0.8593925443305614,0.633154630644205,0,0.6942700201072806,V,,POSSIBLE
447,mp-26985,Li2Fe3(P2O7)2,"Fe,Li,O,P",3.2918323534401224,4.015599999999999,0.0041256169565189,-2.4754309467494817,False,0.9174865478900988,0.5409097493136122,0,0.6939360135993187,Fe,,POSSIBLE
448,mp-1223507,Li5CrFe4(P2O7)5,"Cr,Fe,Li,O,P",2.9471559278812047,2.4695,0.0050865355454536,-2.550389814965368,False,0.8982679168816399,0.5702221366677794,0,0.6936251021186248,"Cr, Fe",,POSSIBLE
449,mp-758209,Li2FeSiO4,"Fe,Li,O,Si",3.063633175684299,3.0894000000000004,0.0051958290625,-2.558070604583333,False,0.8960820170562863,0.5732256809558179,0,0.6934740977154937,Fe,,POSSIBLE
450,mp-532743,Li2Ti4Ni(PO5)4,"Li,Ni,O,P,Ti",3.336417528965005,2.9864999999999995,0.0101659579032222,-2.9567786693087568,False,0.7966780994359248,0.7291389906499083,0,0.6933716014172266,"Ni, Ti",,POSSIBLE
451,mp-770967,Li2MnP2O7,"Li,Mn,O,P",2.70856887974045,4.0774,0.0065666643749722,-2.6646778276152845,False,0.8686649409926669,0.6149140400605033,0,0.692985631567143,Mn,,POSSIBLE
452,mp-552307,Li2Co(WO4)2,"Co,Li,O,W",6.601208652553051,2.6607,0.000224318846147,-2.151807988205128,False,0.9955135625619213,0.4143581918616916,0,0.6925578265606488,Co,,POSSIBLE
453,mp-778744,Li2MnNi(PO4)2,"Li,Mn,Ni,O,P",3.524626031694225,3.0241,0.0044946675000003,-2.494743772777387,False,0.9101054374606468,0.5484619582904499,0,0.6925196760050132,"Mn, Ni",,POSSIBLE
454,mp-25422,LiVPO4,"Li,O,P,V",3.308582464353853,1.2636000000000005,0.0062794200000277,-2.636103394353741,False,0.8744099059822961,0.6037401139310977,0,0.6922344881661471,V,,POSSIBLE
455,mp-775252,Li8Mn3Fe5(BO3)8,"B,Fe,Li,Mn,O",3.253465459316764,3.0354,0.0033414043229145,-2.397356337370689,False,0.9331710121214788,0.5103789629356044,0,0.6918766936942748,"Fe, Mn",,POSSIBLE
456,mp-754863,Li2MnFe(BO3)2,"B,Fe,Li,Mn,O",3.2454050346651675,3.1274999999999995,0.0036299585416612,-2.419920157744253,False,0.9273998499024454,0.5192024611916731,0,0.6917907788634305,"Fe, Mn",,POSSIBLE
457,mp-25407,LiFePO4F,"F,Fe,Li,O,P",3.235971264819584,2.1778000000000004,0.0052488571874995,-2.549539476622024,False,0.8950214402507468,0.5698896150129644,0,0.6917231573924483,Fe,,POSSIBLE
458,mp-758184,LiFe(PO3)3,"Fe,Li,O,P",3.026943324927202,4.0098,0.0052449112499992,-2.548739892840137,False,0.8951003600652597,0.5695769407411321,0,0.6916571272952892,Fe,,POSSIBLE
459,mp-754758,Li2FeO2F,"F,Fe,Li,O",3.628175710342034,1.8356,0.0027761770833345,-2.3486468061111108,False,0.9444757093960532,0.4913312814256789,0,0.6914275886668169,Fe,,POSSIBLE
460,mp-758770,Li2Mg3Ti6O16,"Li,Mg,O,Ti",3.4329272899935828,3.3131,0.0146283276851963,-3.300521523765432,False,0.7074294999701437,0.8635583587631229,0,0.6913316505506721,Ti,,POSSIBLE
461,mp-26025,Li2FeP2O7,"Fe,Li,O,P",2.549426506773456,4.4681,0.0055397570138868,-2.569337876537698,False,0.88920336524612,0.5776317058573665,0,0.6912329479354442,Fe,,POSSIBLE
462,mp-774378,Li3Mn2Fe(BO3)3,"B,Fe,Li,Mn,O",3.2110236641405616,2.6337,0.004066909722221,-2.4499530393534497,False,0.9186607084136758,0.5309467081372806,0,0.6910947374755699,"Fe, Mn",,POSSIBLE
463,mp-778158,Li8Mn3Fe5(BO3)8,"B,Fe,Li,Mn,O",3.2478704075302955,0.0,0.0034141066145823,-2.3972836350790216,False,0.931716946675017,0.5103505329741387,0,0.691067007212208,"Fe, Mn",,POSSIBLE
464,mp-1101535,Li2MnP2O7,"Li,Mn,O,P",2.77021272344844,4.2662,0.0067471699999721,-2.664497321990285,False,0.8650547797971485,0.614843454005437,0,0.6909753377903347,Mn,,POSSIBLE
465,mp-1176891,Li8Mn3Fe5(BO3)8,"B,Fe,Li,Mn,O",3.273662593161351,3.0592,0.003437243697915,-2.3972604979956884,False,0.9312541987666056,0.5103414853035287,0,0.6908093291778682,"Fe, Mn",,POSSIBLE
466,mp-778883,Li8Mn3Fe5(BO3)8,"B,Fe,Li,Mn,O",3.252931990270536,3.1764,0.003438856614581,-2.3972588850790224,False,0.9312219399981644,0.5103408545784497,0,0.690791366101448,"Fe, Mn",,POSSIBLE
467,mp-766022,Li4FeNi3(PO4)4,"Fe,Li,Ni,O,P",3.688002769080319,3.0109000000000004,0.0033572586607135,-2.3904028554251715,False,0.9328539210884288,0.5076598296149119,0,0.690750596963855,"Fe, Ni",,POSSIBLE
468,mp-757417,Li4Mn3Ni(PO4)4,"Li,Mn,Ni,O,P",3.4529792851313146,2.7518,0.0054782673214228,-2.56085531948921,False,0.8904331756836508,0.5743146333897967,0,0.6907483683124368,"Mn, Ni",,POSSIBLE
469,mp-766002,LiVCr(P2O7)2,"Cr,Li,O,P,V",2.879540919811048,1.3979,0.006537007857128,-2.6451785681859405,False,0.8692580793500748,0.6072889269936121,0,0.6906430680903055,"Cr, V",,POSSIBLE
470,mp-26262,LiCu(PO3)4,"Cu,Li,O,P",2.6979237480549494,0.6922,0.0027846699073981,-2.342573588716932,False,0.9443058506236476,0.4889563722924256,0,0.6905029481453551,,,REVIEW
471,mp-764346,Li2FeSiO4,"Fe,Li,O,Si",3.0654656878122344,2.9932,0.0054634459375,-2.557802987708333,False,0.8907296073605141,0.5731210303695802,0,0.6904936446776359,Fe,,POSSIBLE
472,mp-766037,Li4ScFe3(SiO3)8,"Fe,Li,O,Sc,Si",3.213224367626456,2.7686,0.0097388864791607,-2.9005095858333334,False,0.8052196431294383,0.7071351742883104,0,0.6903681147220997,Fe,,POSSIBLE
473,mp-753902,LiFeBO3,"B,Fe,Li,O",3.2539359830265244,3.5156,0.0026569483333327,-2.329483669583334,False,0.946860316560771,0.4838376079725899,0,0.6901163368988306,Fe,,POSSIBLE
474,mp-1316064,Li2V3SbO8,"Li,O,Sb,V",4.304835458299349,1.1102,0.0036291182142864,-2.4066067169047622,False,0.9274166566766388,0.5139962895379069,0,0.6899778625104189,V,,POSSIBLE
475,mp-752490,LiVFe(P2O7)2,"Fe,Li,O,P,V",2.883357243961273,1.6782,0.0056562771428136,-2.56822913628118,False,0.8868729312336144,0.5771981370929526,0,0.6897994601610213,"Fe, V",,POSSIBLE
476,mp-1210849,Li2Fe(WO4)2,"Fe,Li,O,W",6.436319437074084,2.9101,0.0010667169230735,-2.199146546666668,False,0.978665373767245,0.4328697595445993,0,0.6897703714125946,Fe,,POSSIBLE
477,mp-1101530,LiMnP2O7,"Li,Mn,O,P",2.8937387455234527,1.2990000000000002,0.0055699890909091,-2.5597548807318264,False,0.8885987155498799,0.5738843108958249,0,0.6895888023659726,Mn,,POSSIBLE
478,mp-779087,Li3Mn2Fe(BO3)3,"B,Fe,Li,Mn,O",3.210730540430898,2.6445,0.0042045316666659,-2.4498154174090043,False,0.9159082323981108,0.5308928915864171,0,0.6895620398742071,"Fe, Mn",,POSSIBLE
479,mp-778859,Li3Mn2Fe(BO3)3,"B,Fe,Li,Mn,O",3.213330236582794,2.6271,0.0042127252777772,-2.4498072237978925,False,0.9157443579654708,0.5308896875051862,0,0.6894707875078242,"Fe, Mn",,POSSIBLE
480,mp-1223005,Li3FeNi2(PO4)3,"Fe,Li,Ni,O,P",3.661292374086604,3.4838,0.0036052747619024,-2.3997254949489792,False,0.9278935321566354,0.5113054132181499,0,0.689298337312502,"Fe, Ni",,POSSIBLE
481,mp-1222629,Li4ScFe3(SiO3)8,"Fe,Li,O,Sc,Si",3.20767136638185,2.8003,0.0098457718541586,-2.900402700458335,False,0.8030819067947059,0.7070933771589111,0,0.6891777307427072,Fe,,POSSIBLE
482,mp-765981,LiVFe(P2O7)2,"Fe,Li,O,P,V",2.8692956578599635,1.6041,0.005766721190433,-2.5681186922335604,False,0.884664020486419,0.5771549483578258,0,0.6885694431927695,"Fe, V",,POSSIBLE
483,mp-755639,Li4MnFe3(BO3)4,"B,Fe,Li,Mn,O",3.2702613959207283,3.2715,0.0033907830208308,-2.374454584080459,False,0.93218342484212,0.5014233172660435,0,0.6881990447062812,"Fe, Mn",,POSSIBLE
484,mp-754509,LiCoNiO4,"Co,Li,Ni,O",4.791809913694271,0.0,0.0,-1.3700531340476192,True,1.0,0.1086558560811079,1,0.6880295496283878,"Co, Ni",,PROMISING
485,mp-19440,LiVO3,"Li,O,V",2.5050258574866144,2.9435,0.0040143570000079,-2.423180044166668,False,0.9197117770352364,0.5204772276845344,0,0.688008507058967,V,,POSSIBLE
486,mp-849570,Li2V3SbO8,"Li,O,Sb,V",4.322442690874567,2.0776000000000003,0.0038463908928569,-2.406389444226192,False,0.9230711444909552,0.5139113258629301,0,0.6875580935220509,V,,POSSIBLE
487,mp-755710,Li2MnFe(BO3)2,"B,Fe,Li,Mn,O",3.2313837555560623,3.105,0.0040130664583299,-2.4195370498275843,False,0.9197375882169496,0.5190526482620075,0,0.6875241004110249,"Fe, Mn",,POSSIBLE
488,mp-530600,Li14Ti21O48,"Li,O,Ti",3.434965267156864,0.0,0.0140399738855467,-3.221947902610442,False,0.7191967346850282,0.8328324356811292,0,0.6870495565651608,Ti,,POSSIBLE
489,mp-776618,Li4VCr3O8,"Cr,Li,O,V",4.046568796883829,1.9194,0.0041591859374996,-2.4257524645833337,False,0.9168151592144844,0.5214831631460185,0,0.6867674446690728,"Cr, V",,POSSIBLE
490,mp-26091,LiVPO5,"Li,O,P,V",3.179547443759551,1.4998,0.0070699674999996,-2.659225325684524,False,0.8585987427145908,0.6127818594066614,0,0.6867029592853564,V,,POSSIBLE
491,mp-780294,Li3Mn2Fe(BO3)3,"B,Fe,Li,Mn,O",3.216253667931523,2.6411,0.0045115533333319,-2.449508395742338,False,0.909767716238675,0.5307728319025711,0,0.6861427350971712,"Fe, Mn",,POSSIBLE
492,mp-769380,Li2TiSn3(PO4)6,"Li,O,P,Sn,Ti",3.41166594172271,2.7486999999999995,0.0069845684027791,-2.6443123248015863,False,0.8603067476973603,0.6069501857315103,0,0.6856012762395768,Ti,,POSSIBLE
493,mp-766000,LiVCr(P2O7)2,"Cr,Li,O,P,V",2.883906370416894,1.4875,0.0069963140476039,-2.6447192619954643,False,0.860071831632208,0.6071093170116333,0,0.6855277683517861,"Cr, V",,POSSIBLE
494,mp-773055,Li3Mg3Ti6O16,"Li,Mg,O,Ti",3.475248266853993,0.0,0.0144359794642827,-3.2376800508928576,False,0.7112765162787471,0.8389844339081999,0,0.6848466358211809,Ti,,POSSIBLE
495,mp-779006,Li3Mn2Fe(BO3)3,"B,Fe,Li,Mn,O",3.206204833670045,2.6427,0.0046405438888879,-2.4493794051867823,False,0.9071878703294028,0.5307223906243145,0,0.6847061653996815,"Fe, Mn",,POSSIBLE
496,mp-585338,Li3Mn3(PO4)4,"Li,Mn,O,P",2.9435846745277443,0.7289000000000001,0.0056962966025277,-2.533255131372996,False,0.8860725312431681,0.5635216822104874,0,0.6845724809574131,Mn,,POSSIBLE
497,mp-27503,LiV3O8,"Li,O,V",3.5559254028549288,1.793,0.0033483862500052,-2.343562962777778,False,0.9330313716961304,0.4893432633488135,0,0.6844373966049564,V,,POSSIBLE
498,mp-581162,Li3VO4,"Li,O,V",2.6299764801248373,3.939,0.0052684393749995,-2.4974768068750013,False,0.8946297912180038,0.5495307011360687,0,0.6843821305675262,V,,POSSIBLE
499,mp-705884,LiFePHO5,"Fe,H,Li,O,P",3.1905166058914896,2.327,0.0020354591666684,-2.2375727857473544,False,0.9592902675549726,0.4478961977940792,0,0.6843733163831627,Fe,,POSSIBLE
500,mp-25993,Li3Fe2(PO4)3,"Fe,Li,O,P",2.9999704152134568,2.5937,0.0053957850000001,-2.506846264196428,False,0.8920828443635973,0.5531945926653938,0,0.6842636718328664,Fe,,POSSIBLE
501,mp-780297,Li3Mn2Fe(BO3)3,"B,Fe,Li,Mn,O",3.3928931968985085,2.6528,0.0046844511111121,-2.4493354979645585,False,0.9063097140399414,0.5307052208679387,0,0.6842171700257463,"Fe, Mn",,POSSIBLE
502,mp-26017,LiCoPO4,"Co,Li,O,P",3.0394973429243786,0.7424999999999997,0.0040751146428519,-2.400014833639456,False,0.9184966077875928,0.5114185580397522,0,0.6841696295970893,Co,,POSSIBLE
503,mp-19251,RbLiCrO4,"Cr,Li,O,Rb",3.0616509715560007,2.976,0.0002349357142863,-2.090410020119048,False,0.9953012223349924,0.3903487441988124,0,0.6840377327538302,Cr,,POSSIBLE
504,mp-779888,Li3Mn2Fe(BO3)3,"B,Fe,Li,Mn,O",3.2112596328741434,2.6541999999999994,0.0047041299999985,-2.449315819075672,False,0.9059161309533832,0.530697525511439,0,0.6839980059533644,"Fe, Mn",,POSSIBLE
505,mp-757728,Li2Cr3(SiO3)4,"Cr,Li,O,Si",2.9096304488077,2.1737,0.008848656587304,-2.782306284603175,False,0.8230244811264444,0.6609122118201364,0,0.6839827387565922,Cr,,POSSIBLE
506,mp-771281,Li5V4(PO4)6,"Li,O,P,V",2.8792589521748484,0.9077,0.0079172013621784,-2.705903194859585,False,0.841653836910305,0.631035066994934,0,0.6837718837488946,V,,POSSIBLE
507,mp-753589,Li2VCrO4,"Cr,Li,O,V",3.994523612214485,1.6276000000000002,0.0046980243749992,-2.4465034233333345,False,0.906038245100501,0.529597748589045,0,0.6836802468114414,"Cr, V",,POSSIBLE
508,mp-775329,Na3Li2Fe5(SiO3)10,"Fe,Li,Na,O,Si",3.374610537694544,2.7301999999999995,0.0082989869666558,-2.735667297716092,False,0.8340180218253591,0.6426742090063431,0,0.6836458851561676,Fe,,POSSIBLE
509,mp-779905,Li3Mn2Fe(BO3)3,"B,Fe,Li,Mn,O",3.220151475960918,2.6487000000000003,0.0047483927777776,-2.4492715562978926,False,0.9050308634569046,0.5306802167163821,0,0.6835050507520314,"Fe, Mn",,POSSIBLE
510,mp-769611,Li4V3CrO8,"Cr,Li,O,V",3.961235263556794,1.9372,0.005031964375,-2.467459280520833,False,0.8993593550125331,0.5377924588059794,0,0.682875005838986,"Cr, V",,POSSIBLE
511,mp-778493,Li3Mn2Fe(BO3)3,"B,Fe,Li,Mn,O",3.2117052164404125,2.6594999999999995,0.004823786666666,-2.449196162409004,False,0.9035229653399108,0.5306507342158077,0,0.6826653879124837,"Fe, Mn",,POSSIBLE
512,mp-686745,Ba3LiTi5Nb3O21,"Ba,Li,Nb,O,Ti",4.8587427868568,2.1934000000000005,0.0158968418181881,-3.3383220987878794,False,0.6820588750996105,0.8783401334035441,0,0.6825514279960263,Ti,,POSSIBLE
513,mp-780483,Li2MnFe(BO3)2,"B,Fe,Li,Mn,O",3.230864799630649,2.6394,0.0044621079861064,-2.4190880082998083,False,0.9107566365221982,0.5188770522383006,0,0.6825231183706142,"Fe, Mn",,POSSIBLE
514,mp-584122,Li2Co3(P2O7)2,"Co,Li,O,P",3.415698507389095,2.8176,0.0041466284239035,-2.3930935543581784,False,0.9170663128740828,0.5087120174514542,0,0.6824356781887546,Co,,POSSIBLE
515,mp-756158,Li2Ti3VO8,"Li,O,Ti,V",3.6591700475908007,0.0,0.0129460267857304,-3.0987665135119045,False,0.7410759717986021,0.7846628104183574,0,0.6822237681356562,"Ti, V",,POSSIBLE
516,mp-1177897,Li2MnFe(BO3)2,"B,Fe,Li,Mn,O",3.252330237731292,2.7636,0.0044975277083283,-2.4190525885775864,False,0.91004823252248,0.518863201487316,0,0.6821286484079246,"Fe, Mn",,POSSIBLE
517,mp-772030,LiTiO2,"Li,O,Ti",4.137027074940267,0.0,0.0113733431249993,-2.967983604791667,False,0.7725300692806075,0.733520639105533,0,0.6816237617912707,Ti,,POSSIBLE
518,mp-777570,Li2MnFe(BO3)2,"B,Fe,Li,Mn,O",3.23705583645902,3.1508000000000003,0.0045449456249953,-2.419005170660919,False,0.9090998613970728,0.5188446588869011,0,0.6816005543788054,"Fe, Mn",,POSSIBLE
519,mp-778302,Li8Mn5Fe3(BO3)8,"B,Fe,Li,Mn,O",3.231625593121128,3.0729,0.004866626927078,-2.441535863951149,False,0.9026661485745308,0.5276552029199176,0,0.6811457027379632,"Fe, Mn",,POSSIBLE
520,mp-766923,LiVSiO4,"Li,O,Si,V",3.4349754992753403,1.8511,0.0097585518749934,-2.8342378347619044,False,0.804826329907594,0.6812198518684213,0,0.6810814296031241,V,,POSSIBLE
521,mp-766133,Li6ScFe5(SiO3)12,"Fe,Li,O,Sc,Si",3.238504010217917,2.7659,0.0099855228749978,-2.8521077215833333,False,0.8002868486768882,0.6882078048211826,0,0.6810304984597024,Fe,,POSSIBLE
522,mp-766112,Li4MnV3(P2O7)4,"Li,Mn,O,P,V",2.758642509797625,0.0,0.0079008288636357,-2.6842254947365274,False,0.8419812912980148,0.6225580827757421,0,0.6809850391854179,"Mn, V",,POSSIBLE
523,mp-1302630,Li2TiV3O8,"Li,O,Ti,V",3.740880201913321,0.9947,0.008388569642852,-2.722230576428572,False,0.8322263441344595,0.6374198289906867,0,0.6808214294206931,"Ti, V",,POSSIBLE
524,mp-1307659,Li2Mn3GaO8,"Ga,Li,Mn,O",4.269324699307399,0.5734000000000004,0.0008616053571186,-2.11592336735427,False,0.9827676604198788,0.4003256439927944,0,0.6806361886284114,Mn,,POSSIBLE
525,mp-758671,LiMn(PO3)3,"Li,Mn,O,P",2.956995070043273,4.1212,0.0072416646428292,-2.6265415834066377,False,0.855164753538768,0.6000010032299918,0,0.6803409655768196,Mn,,POSSIBLE
526,mp-779783,Li4MnFe3(BO3)4,"B,Fe,Li,Mn,O",3.2689741886107293,3.2005,0.0040968469791637,-2.3737485201221262,False,0.918061955198562,0.5011472135742979,0,0.6803356001102133,"Fe, Mn",,POSSIBLE
527,mp-1198048,Li2Cu3(Se2O7)2,"Cu,Li,O,Se",3.998697942832237,0.6886000000000001,0.0,-1.3127603648278987,True,1.0,0.0862517312065886,1,0.680188105922306,,,REVIEW
528,mp-1222778,Li2Ti(IO3)6,"I,Li,O,Ti",4.521532191921863,2.7776000000000005,0.0,-1.31082131962963,True,1.0,0.0854934747747387,1,0.6799227161711586,Ti,,PROMISING
529,mp-777856,Li2MnFe(BO3)2,"B,Fe,Li,Mn,O",3.249460060519584,3.0498000000000003,0.0047079458333287,-2.418842170452585,False,0.9058398132573708,0.5187809182600851,0,0.6797852186825837,"Fe, Mn",,POSSIBLE
530,mp-759671,Li2CoSiO4,"Co,Li,O,Si",3.164094370536044,2.9942,0.0058024940624994,-2.505341069270834,False,0.8839485533945406,0.5526059917732958,0,0.6795838014876509,Co,,POSSIBLE
531,mp-757936,LiCoPO4,"Co,Li,O,P",3.079870397142142,3.1546000000000003,0.0044937928571364,-2.39959615542517,False,0.9101229305538796,0.5112548354771522,0,0.6795068042216371,Co,,POSSIBLE
532,mp-850338,Li4VCr3O8,"Cr,Li,O,V",4.033762053289855,0.0,0.0048177121875001,-2.425093938333333,False,0.9036444565619584,0.5212256488987741,0,0.6794334282236482,"Cr, V",,POSSIBLE
533,mp-776615,Li4VCr3O8,"Cr,Li,O,V",4.037307388054628,1.8257000000000003,0.0048439034375,-2.4250677470833333,False,0.9031206244962718,0.5212154069076187,0,0.6791417358906161,"Cr, V",,POSSIBLE
534,mp-775203,Li8ScFe7(SiO3)16,"Fe,Li,O,Sc,Si",3.3714970071097854,2.7487000000000004,0.0098610408854105,-2.828154589645836,False,0.8027765220504977,0.6788410214317211,0,0.679121444628876,Fe,,POSSIBLE
535,mp-1222519,LiFe3SiPO8,"Fe,Li,O,P,Si",3.833784733488223,3.5642000000000005,0.0043996142857203,-2.3862270391411564,False,0.9120065273890252,0.5060268921473348,0,0.678713002315531,Fe,,POSSIBLE
536,mp-754015,Li2VCrO4,"Cr,Li,O,V",3.971860820036409,1.5322,0.0051536131249996,-2.446047834583334,False,0.8969263471950087,0.5294195922983743,0,0.6786063482616859,"Cr, V",,POSSIBLE
537,mp-755332,Li3MnFe2(BO3)3,"B,Fe,Li,Mn,O",3.2541869152916405,2.7735000000000003,0.0044731795833286,-2.3886071039128347,False,0.9105352015909376,0.5069576076473943,0,0.6782295235516037,"Fe, Mn",,POSSIBLE
538,mp-764063,Li2CoO2F,"Co,F,Li,O",4.195779367447559,0.6811999999999996,0.0023385416666679,-2.216233123611111,False,0.953228535791547,0.4395514020756715,0,0.6781186854118358,Co,,POSSIBLE
539,mp-694909,Li11Fe3B24(PbO24)2,"B,Fe,Li,O,Pb",3.3475501233249942,1.2095,0.0078251639796329,-2.65407282064394,False,0.8434946093904038,0.6107669914238777,0,0.6776904821630794,Fe,Pb,REVIEW
540,mp-759118,LiMn3Al2(HO2)6,"Al,H,Li,Mn,O",3.226987352983448,0.5964,0.0003205189583335,-2.0484304849844346,False,0.9935895343660108,0.3739328027084782,0,0.6773507248492734,Mn,,POSSIBLE
541,mp-777957,Li8Mn3Fe5(BO3)8,"B,Fe,Li,Mn,O",3.2481838709797453,3.148480650591736,0.0046512841145816,-2.396046457579022,False,0.9069730629181072,0.5098667393021024,0,0.6772885433606948,"Fe, Mn",,POSSIBLE
542,mp-756943,LiVNiO4,"Li,Ni,O,V",4.17279189269679,2.5579,0.001119553571427,-2.1110403397619057,False,0.9776086265462808,0.3984161541665041,0,0.677130398558731,"Ni, V",,POSSIBLE
543,mp-761267,Li2VOF4,"F,Li,O,V",2.7608575119021923,1.5987,0.0124837081250106,-3.022909838333333,False,0.7503224697340296,0.7549993389818679,0,0.67692712699737,V,,POSSIBLE
544,mp-780440,Li8MnFe7(BO3)8,"B,Fe,Li,Mn,O",3.233819559793768,3.1364,0.0041400498437482,-2.350852942665229,False,0.9171978862519112,0.4921939829414524,0,0.6767267314680596,"Fe, Mn",,POSSIBLE
545,mp-779443,Li2MnP2HO8,"H,Li,Mn,O,P",2.943296238607126,1.1661,0.0055487791964363,-2.4629872128666728,False,0.8890229191611899,0.5360436733390583,0,0.6765778912073249,Mn,,POSSIBLE
546,mp-777438,Li8MnFe7(BO3)8,"B,Fe,Li,Mn,O",3.280008873625657,3.1051,0.0041724863020817,-2.350820506206896,False,0.9165491483347648,0.492181298784745,0,0.6763654861587814,"Fe, Mn",,POSSIBLE
547,mp-753291,Li2Mn(PO4)2,"Li,Mn,O,P",2.832996056783621,0.9969,0.005978984722228,-2.4958293422218016,False,0.880418692587577,0.5488864661947432,0,0.6763405440913275,Mn,,POSSIBLE
548,mp-1290921,Li2TiV3O8,"Li,O,Ti,V",3.726814171305892,0.9621999999999996,0.0088003182142823,-2.7218188278571427,False,0.82399126162726,0.6372588162392201,0,0.67623577957872,"Ti, V",,POSSIBLE
549,mp-1304327,Li2Mn3GaO8,"Ga,Li,Mn,O",4.259132353608915,0.3953000000000002,0.0012651149999758,-2.115519857711413,False,0.9746973587067806,0.4001678530437835,0,0.6761422958540536,Mn,,POSSIBLE
550,mp-558765,Li2Ni(WO4)2,"Li,Ni,O,W",6.681744269990504,0.0,0.0016228657692245,-2.142007291282052,False,0.9675422468103552,0.4105256656858344,0,0.6758322187357375,Ni,,POSSIBLE
551,mp-780497,Li2MnFe(BO3)2,"B,Fe,Li,Mn,O",3.2300228183800725,2.6796,0.0050682018749954,-2.41848191441092,False,0.8986345952367307,0.51864004147137,0,0.6757730418951814,"Fe, Mn",,POSSIBLE
552,mp-831163,LiMnBO3,"B,Li,Mn,O",3.1777788595362173,2.9262,0.0062080058333346,-2.50875160882184,False,0.8758382085817628,0.5539396706132413,0,0.675589899434604,Mn,,POSSIBLE
553,mp-774042,Li8Mn5Fe3(BO3)8,"B,Fe,Li,Mn,O",3.222416857202966,3.0615999999999994,0.0053725569270781,-2.4410299339511483,False,0.8925474120883411,0.5274573608701765,0,0.6755111529531493,"Fe, Mn",,POSSIBLE
554,mp-757758,LiTi3Nb(PO4)6,"Li,Nb,O,P,Ti",2.832230415725319,2.5173,0.0120877365714413,-2.9800119068911566,False,0.7582420076277977,0.7382242620222736,0,0.6754115959030845,Ti,,POSSIBLE
555,mp-774393,Li2MnFe(BO3)2,"B,Fe,Li,Mn,O",3.23092548764078,2.7044000000000006,0.0051270640972189,-2.418423052188696,False,0.8974573349128302,0.5186170236177201,0,0.6751174924682587,"Fe, Mn",,POSSIBLE
556,mp-755129,Li2MnFe(BO3)2,"B,Fe,Li,Mn,O",3.1966433443919127,3.0258000000000003,0.0051304372916618,-2.4184196789942525,False,0.8973898701139759,0.518615704542546,0,0.6750799251525779,"Fe, Mn",,POSSIBLE
557,mp-778202,Li2MnFe(BO3)2,"B,Fe,Li,Mn,O",3.226913259904724,2.6787,0.005138394930551,-2.418411721355364,False,0.8972307151894368,0.5186125927373778,0,0.6749913008122725,"Fe, Mn",,POSSIBLE
558,mp-761247,Li2CoSiO4,"Co,Li,O,Si",3.191415625293645,2.9181,0.0062423334375001,-2.5049012298958333,False,0.8751516472377964,0.5524339942172961,0,0.6746853039568417,Co,,POSSIBLE
559,mp-556415,LiMnO2,"Li,Mn,O",4.243667319318944,1.2089000000000003,0.0019448056249995,-2.1579251584410937,False,0.9611033628442168,0.4167502885906814,0,0.6744694505710578,Mn,,POSSIBLE
560,mp-780977,Li4MnFe3(BO3)4,"B,Fe,Li,Mn,O",3.2128676652954864,3.1115000000000004,0.004624853645831,-2.373220513455459,False,0.9075016794233428,0.5009407385259507,0,0.6744551821669212,"Fe, Mn",,POSSIBLE
561,mp-779418,Li2MnFe(BO3)2,"B,Fe,Li,Mn,O",3.226274077123991,2.6850000000000005,0.0051974152083289,-2.418352701077586,False,0.8960502937118091,0.5185895130766897,0,0.6743339911183364,"Fe, Mn",,POSSIBLE
562,mp-755967,Li4Mn3Fe(BO3)4,"B,Fe,Li,Mn,O",3.209210776140621,3.041300000000001,0.0057841032291605,-2.4634707622413785,False,0.8843163750226665,0.5362327635282995,0,0.6740554734973714,"Fe, Mn",,POSSIBLE
563,mp-779471,Li2MnFe(BO3)2,"B,Fe,Li,Mn,O",3.1791440069082446,3.0889,0.0052305839583297,-2.418319532327585,False,0.8953869097637643,0.518576542560042,0,0.6739645902660851,"Fe, Mn",,POSSIBLE
564,mp-777815,Li2MnFe(BO3)2,"B,Fe,Li,Mn,O",3.2302615987546504,2.7056000000000004,0.0052618565972188,-2.4182882596886963,False,0.8947614485494728,0.5185643135106112,0,0.673616306430924,"Fe, Mn",,POSSIBLE
565,mp-772830,Li4V2SiGeO10,"Ge,Li,O,Si,V",3.340163075876465,2.1785,0.0071759059201355,-2.5710745760185176,False,0.8564799457325613,0.5783108357470141,0,0.6734727626643637,V,,POSSIBLE
566,mp-755934,LiMnSnO4,"Li,Mn,O,Sn",4.819028378276415,1.0382000000000002,0.0017614235714304,-2.135656558037766,False,0.9647710533871012,0.4080422350088484,0,0.6734388616160027,Mn,,POSSIBLE
567,mp-1302186,Li2TiV3O8,"Li,O,Ti,V",3.735331566269508,0.8574999999999999,0.0090538567857105,-2.7215652892857145,False,0.8189204218008682,0.6371596709213704,0,0.6734121168129572,"Ti, V",,POSSIBLE
568,mp-559840,LiV(SiO3)2,"Li,O,Si,V",3.235733079978288,1.8767000000000005,0.0120660476249998,-2.962379222083334,False,0.7586757924077171,0.7313290660370266,0,0.6732368589372038,V,,POSSIBLE
569,mp-1190132,Li2Ti3O7,"Li,O,Ti",3.428921179739852,2.9823000000000004,0.0153997729166679,-3.229605154722221,False,0.6920003872257181,0.8358267757146864,0,0.6731395844742852,Ti,,POSSIBLE
570,mp-777765,Li8Mn5Fe3(BO3)8,"B,Fe,Li,Mn,O",3.240263778518515,3.082,0.0055946581770776,-2.440807832701149,False,0.8881053271714597,0.527370509000254,0,0.6730376080943917,"Fe, Mn",,POSSIBLE
571,mp-26123,LiV2(PO4)3,"Li,O,P,V",2.972322937883226,1.3619,0.0081690936111398,-2.646817223458996,False,0.8366159239773823,0.6079297170595109,0,0.6729141591583891,V,,POSSIBLE
572,mp-766048,Li4V2SiGeO10,"Ge,Li,O,Si,V",3.357090131185837,2.2327,0.0072371264756894,-2.571013355462964,False,0.8552555181058383,0.5782868956758638,0,0.6727909484447634,V,,POSSIBLE
573,mp-6373,Li3Fe2(PO4)3,"Fe,Li,O,P",2.9622870510163595,2.3762,0.0064324766250001,-2.505809572571428,False,0.8713487321923232,0.5527891982510692,0,0.6727180220936521,Fe,,POSSIBLE
574,mp-774377,Li4Mn3Fe(BO3)4,"B,Fe,Li,Mn,O",3.2087048935721865,3.0120000000000005,0.005909174270827,-2.463345691199712,False,0.8818149204485627,0.5361838549614097,0,0.6726625554832029,"Fe, Mn",,POSSIBLE
575,mp-755319,Li2MnFe(BO3)2,"B,Fe,Li,Mn,O",3.184845478519341,3.0082,0.0053576256249954,-2.418192490660919,False,0.8928460421580553,0.5185268633875563,0,0.6725497253725752,"Fe, Mn",,POSSIBLE
576,mp-779072,Li4MnFe3(BO3)4,"B,Fe,Li,Mn,O",3.1972563783176366,3.1541,0.004804833020831,-2.3730405340804595,False,0.9039020433697904,0.5008703582589947,0,0.6724507492440328,"Fe, Mn",,POSSIBLE
577,mp-778007,Li4Mn3Fe(BO3)4,"B,Fe,Li,Mn,O",3.216501194239642,3.024,0.0059285786458262,-2.4633262868247123,False,0.8814268277138048,0.536176266952547,0,0.6724464486759841,"Fe, Mn",,POSSIBLE
578,mp-778866,Li4Mn3Fe(BO3)4,"B,Fe,Li,Mn,O",3.208937840689143,2.997,0.0059302365624942,-2.4633246289080453,False,0.8813936689331838,0.5361756186303845,0,0.6724279844338857,"Fe, Mn",,POSSIBLE
579,mp-1210933,LiV(WO4)2,"Li,O,V,W",6.687006065217488,1.8408999999999995,0.0041833707291765,-2.322173241111112,False,0.9163314568565456,0.4809788920367309,0,0.6723249134839561,V,,POSSIBLE
580,mp-1272313,Li2NiO2F,"F,Li,Ni,O",3.961181775134317,0.5939000000000001,0.0008443655555581,-2.0526149852777773,False,0.9831124611019196,0.3755691360256893,0,0.672161051215047,Ni,,POSSIBLE
581,mp-779890,Li2MnFe(BO3)2,"B,Fe,Li,Mn,O",3.230374382255909,2.7177000000000007,0.0054004010416628,-2.4181497152442524,False,0.8919905222850605,0.5185101362195452,0,0.6720733349336241,"Fe, Mn",,POSSIBLE
582,mp-17387,LiVAsO5,"As,Li,O,V",3.900849539103954,1.6489335472794215,0.0024855178124996,-2.183836689791667,False,0.9502889732247364,0.4268828968058982,0,0.6720679491556695,V,,POSSIBLE
583,mp-778994,Li4MnFe3(BO3)4,"B,Fe,Li,Mn,O",3.206462745060606,3.1573999999999995,0.0048513113541641,-2.372994055747126,False,0.9029724641645348,0.5008521830791571,0,0.6719331193681992,"Fe, Mn",,POSSIBLE
584,mp-755204,Li4MnFe3(BO3)4,"B,Fe,Li,Mn,O",3.1917347866789743,3.1491,0.0048517742708309,-2.372993592830459,False,0.9029632057063164,0.5008520020573117,0,0.6719279638585332,"Fe, Mn",,POSSIBLE
585,mp-777511,Li2MnFe(BO3)2,"B,Fe,Li,Mn,O",3.246471464995852,3.0795000000000003,0.0054249370833288,-2.418125179202585,False,0.8914997948325821,0.5185005414914683,0,0.6718000766799341,"Fe, Mn",,POSSIBLE
586,mp-758638,Li2CoSiO4,"Co,Li,O,Si",3.2423657070226883,0.5201000000000002,0.0065315906249994,-2.504611972708334,False,0.869366425454069,0.5523208812671307,0,0.6714638424432338,Co,,POSSIBLE
587,mp-1178030,Li2Cr3SbO8,"Cr,Li,O,Sb",4.466960397689923,2.6512999999999995,0.0042878714285716,-2.3217805015476185,False,0.9142414146771902,0.4808253126873034,0,0.6711216375130108,Cr,,POSSIBLE
588,mp-780583,Li2MnFe(BO3)2,"B,Fe,Li,Mn,O",3.197612584008719,3.0729999999999995,0.0054885510416626,-2.418061565244251,False,0.890227498504586,0.5184756654890392,0,0.6710916070986861,"Fe, Mn",,POSSIBLE
589,mp-781603,Li4Mn3Fe(BO3)4,"B,Fe,Li,Mn,O",3.208704390120161,3.0329000000000006,0.006062962395827,-2.463191903074712,False,0.8787391164606989,0.5361237166856091,0,0.6709498148933476,"Fe, Mn",,POSSIBLE
590,mp-1193501,Li2Fe(SO4)2,"Fe,Li,O,S",2.7041048267047003,4.2848,0.0015654144230721,-2.100553473205128,False,0.9686912892322176,0.3943153039007502,0,0.6707905654429823,Fe,,POSSIBLE
591,mp-775258,Li4MnFe3(BO3)4,"B,Fe,Li,Mn,O",3.1983480758371807,3.2538000000000005,0.0049545482291648,-2.3728908188721256,False,0.9009076988140128,0.5008118126821478,0,0.6707833687864588,"Fe, Mn",,POSSIBLE
592,mp-775261,Li2MnFe(BO3)2,"B,Fe,Li,Mn,O",3.232720557492548,2.7141,0.0055679743749958,-2.417982141910919,False,0.8886390104116615,0.5184446072891623,0,0.6702070682776207,"Fe, Mn",,POSSIBLE
593,mp-773423,Li2V3WO8,"Li,O,V,W",4.985676642548399,1.7313000000000005,0.0055833810714336,-2.419001327261905,False,0.8883308723265968,0.5188431559399738,0,0.6701770843586191,V,,POSSIBLE
594,mp-753616,Li4VCr3O8,"Cr,Li,O,V",4.046646150376218,1.9197,0.0056598353124996,-2.4242518152083337,False,0.8868017668799969,0.5208963397746182,0,0.6700546907051147,"Cr, V",,POSSIBLE
595,mp-777746,Li4Mn3Fe(BO3)4,"B,Fe,Li,Mn,O",3.220235180903794,3.0094000000000003,0.0061556240624938,-2.4630992414080453,False,0.8768858581297593,0.5360874816845896,0,0.669917840560974,"Fe, Mn",,POSSIBLE
596,mp-759942,Li2FeSiO4,"Fe,Li,O,Si",3.045068933903498,3.1533,0.0073113156250004,-2.555955118020833,False,0.8537717151053987,0.5723984277829987,0,0.6699138930320189,Fe,,POSSIBLE
597,mp-41701,LiCo2P4H3O14,"Co,H,Li,O,P",2.880775850559968,2.7545,0.0031407545833266,-2.220694913360615,False,0.9371840610430928,0.4412961684061028,0,0.6699048925158371,Co,,POSSIBLE
598,mp-772783,Li2Mg3Ti6O16,"Li,Mg,O,Ti",3.4401395201219604,3.288,0.0165622549074182,-3.2985875965432085,False,0.6687504338046102,0.8628021036968205,0,0.6697934748864228,Ti,,POSSIBLE
599,mp-753767,LiMnBO3,"B,Li,Mn,O",3.1275802734241545,2.8469,0.006736496250002,-2.5082231184051715,False,0.8652682576760387,0.5537330063962507,0,0.669704093960509,Mn,,POSSIBLE
600,mp-783909,Li2MnSiO4,"Li,Mn,O,Si",2.964771580704652,2.8791,0.0088951237499994,-2.6811892902622123,False,0.8220951253369566,0.6213707862789319,0,0.6696320941329523,Mn,,POSSIBLE
601,mp-778203,Li8MnFe7(BO3)8,"B,Fe,Li,Mn,O",3.2350732822012858,3.1654,0.0047907675520812,-2.350202224956896,False,0.904183356539268,0.4919395221954611,0,0.6694796788650088,"Fe, Mn",,POSSIBLE
602,mp-775281,Li2MnFe(BO3)2,"B,Fe,Li,Mn,O",3.230435896601716,2.7149,0.0056418565972178,-2.4179082596886974,False,0.8871613460358024,0.5184157159202304,0,0.669384240891772,"Fe, Mn",,POSSIBLE
603,mp-777758,Li2MnFe(BO3)2,"B,Fe,Li,Mn,O",3.1856029888001105,3.1309000000000005,0.0056422239583282,-2.417907892327586,False,0.8871539987144905,0.5184155722650305,0,0.6693801495857306,"Fe, Mn",,POSSIBLE
604,mp-777852,Li4Mn3Fe(BO3)4,"B,Fe,Li,Mn,O",3.20095000967333,3.0309,0.0062146626041608,-2.4630402028663787,False,0.8757050713694225,0.5360643948818757,0,0.6692603274618389,"Fe, Mn",,POSSIBLE
605,mp-19061,LiFe(SiO3)2,"Fe,Li,O,Si",3.3151612559396804,2.7547,0.0098701561666656,-2.755912632583333,False,0.80259421396634,0.6505910721056398,0,0.669133692918461,Fe,,POSSIBLE
606,mp-779444,Li2MnFe(BO3)2,"B,Fe,Li,Mn,O",3.2060068205086982,3.148,0.005689908124995,-2.41786020816092,False,0.88620030251726,0.5183969255485412,0,0.6688490903264824,"Fe, Mn",,POSSIBLE
607,mp-766121,LiVSiO4,"Li,O,Si,V",3.490268630643004,2.052,0.0108581646130883,-2.833138222023809,False,0.7828337785000128,0.680789852386228,0,0.6688350265101869,V,,POSSIBLE
608,mp-1101526,LiCo2(PO3)5,"Co,Li,O,P",2.998127639574401,3.1948,0.0059599607246427,-2.4391450178933733,False,0.8807991776714413,0.5267202714379233,0,0.668791642722566,Co,,POSSIBLE
609,mp-1222547,Li4VFe3(PO4)4,"Fe,Li,O,P,V",3.421880095710991,2.7265999999999995,0.0069386463392913,-2.517141590068028,False,0.8612252013556432,0.5572205416567337,0,0.6687010503254606,"Fe, V",,POSSIBLE
610,mp-559441,LiTiPO5,"Li,O,P,Ti",3.2161448136305406,3.0747,0.013362537812501,-3.03283544610119,False,0.7327456388998154,0.7588807110802169,0,0.6686183502729743,Ti,,POSSIBLE
611,mp-757804,LiCoPO4,"Co,Li,O,P",3.024995811597105,3.1147,0.0054787924999937,-2.398611155782313,False,0.8904226719705538,0.510869655020692,0,0.6685368488410468,Co,,POSSIBLE
612,mp-758373,LiCoPO4,"Co,Li,O,P",3.0701908543680387,3.1530000000000005,0.0055013319642807,-2.3985886163180266,False,0.8899718766042779,0.5108608410467934,0,0.6682858264987306,Co,,POSSIBLE
613,mp-755800,Li2MnFe(BO3)2,"B,Fe,Li,Mn,O",3.200731442623001,3.0617,0.005746453958328,-2.417803662327586,False,0.8850693705960683,0.5183748135101741,0,0.6682193385563985,"Fe, Mn",,POSSIBLE
614,mp-26083,Li2Mn3(P2O7)2,"Li,Mn,O,P",3.1637248921567087,3.7499,0.0082662047826174,-2.620111144740485,False,0.8346736743498708,0.5974864040434538,0,0.6681907623076377,Mn,,POSSIBLE
615,mp-779066,Li4Mn3Fe(BO3)4,"B,Fe,Li,Mn,O",3.196848388500534,2.9713,0.0063324057291609,-2.462922459741378,False,0.8733501771055199,0.5360183518696151,0,0.6679490205624012,"Fe, Mn",,POSSIBLE
616,mp-1290989,LiV3Zn2O8,"Li,O,V,Zn",4.604344028043722,1.1698,0.0045252010714156,-2.315471248452382,False,0.9094947577952116,0.4783581026687313,0,0.6676474527214223,V,,POSSIBLE
617,mp-780499,Li2MnFe(BO3)2,"B,Fe,Li,Mn,O",3.195337562438958,3.0424,0.0058132506249961,-2.417736865660918,False,0.8837334192427778,0.5183486929214575,0,0.6674754231060379,"Fe, Mn",,POSSIBLE
618,mp-757099,Li4MnNi3(PO4)4,"Li,Mn,Ni,O,P",3.679491041267532,2.9959,0.0059189526785727,-2.426224341065564,False,0.8816193496556995,0.521667688693958,0,0.66747433335352,"Mn, Ni",,POSSIBLE
619,mp-754029,Li2VCrO4,"Cr,Li,O,V",3.996262934430187,1.7728000000000002,0.0061535762499991,-2.4450478714583346,False,0.8769268149320976,0.5290285604277296,0,0.6674697443623591,"Cr, V",,POSSIBLE
620,mp-780470,Li8Mn3Fe5(BO3)8,"B,Fe,Li,Mn,O",3.181697155158754,3.1448,0.0055474974479148,-2.395150244245689,False,0.8890485544774009,0.5095162784026266,0,0.6673074024034898,"Fe, Mn",,POSSIBLE
621,mp-510708,LiFe(SiO3)2,"Fe,Li,O,Si",3.288291991087916,2.7033,0.0100621639166647,-2.7557206248333346,False,0.7987540071678764,0.6505159881872601,0,0.666995299807873,Fe,,POSSIBLE
622,mp-1177397,Li4Mn3Fe(BO3)4,"B,Fe,Li,Mn,O",3.219285342156708,2.9946,0.0064251463541609,-2.462829719116378,False,0.8714953395866154,0.5359820859922324,0,0.6669161668699198,"Fe, Mn",,POSSIBLE
623,mp-779362,Li2MnFe(BO3)2,"B,Fe,Li,Mn,O",3.1788871203295908,3.1151,0.0058637277083279,-2.417686388577586,False,0.8827238639587942,0.5183289540452662,0,0.6669132590931801,"Fe, Mn",,POSSIBLE
624,mp-850362,Li4MnFe3(BO3)4,"B,Fe,Li,Mn,O",3.2137497209767982,3.163,0.0053023784374968,-2.372542988663793,False,0.8939510008122197,0.5006757949694636,0,0.6669095786860331,"Fe, Mn",,POSSIBLE
625,mp-778045,Li8Mn3Fe5(BO3)8,"B,Fe,Li,Mn,O",3.19549531578378,3.1249,0.0056051424479148,-2.395092599245688,False,0.8878956389263438,0.5094937365392117,0,0.6666654091982133,"Fe, Mn",,POSSIBLE
626,mp-779053,Li8Mn3Fe5(BO3)8,"B,Fe,Li,Mn,O",3.173008659984013,2.8502,0.0056168747395819,-2.3950808669540216,False,0.8876609899279478,0.5094891486700767,0,0.6665347464948982,"Fe, Mn",,POSSIBLE
627,mp-1176831,Li8MnFe7(BO3)8,"B,Fe,Li,Mn,O",3.231597739709795,3.2957,0.0050699760937478,-2.349923016415229,False,0.8985991103830467,0.4918303387309728,0,0.6663701292665162,"Fe, Mn",,POSSIBLE
628,mp-777943,Li8Mn3Fe5(BO3)8,"B,Fe,Li,Mn,O",3.185286755069681,3.101,0.0056982203645814,-2.3949995213290216,False,0.8860340554831153,0.509457338765174,0,0.6656287990835243,"Fe, Mn",,POSSIBLE
629,mp-753811,Li2VCrO4,"Cr,Li,O,V",3.994987951493367,1.7173999999999996,0.0063825606249992,-2.4448188870833345,False,0.8723470656583238,0.5289390169373086,0,0.6649195420401361,"Cr, V",,POSSIBLE
630,mp-1222901,Li2AlCr2SbO8,"Al,Cr,Li,O,Sb",4.511823132044261,2.2298,0.0071021758928564,-2.50168367904762,False,0.8579545661685042,0.5511757828936815,0,0.6647865354054658,Cr,,POSSIBLE
631,mp-760238,LiVCr(P2O7)2,"Cr,Li,O,P,V",2.9131027914645893,1.3305999999999998,0.008858788015857,-2.642856788027211,False,0.8228218498221997,0.6063810034752382,0,0.6647853686185432,"Cr, V",,POSSIBLE
632,mp-777431,Li3MnFe2(BO3)3,"B,Fe,Li,Mn,O",3.2496385735278763,2.7981,0.0056859540277729,-2.3873943294683904,False,0.8862793855284101,0.5064833566997092,0,0.6647228368855238,"Fe, Mn",,POSSIBLE
633,mp-756264,Li4MnFe3(BO3)4,"B,Fe,Li,Mn,O",3.216557283617765,0.0621999999999998,0.0054991546874969,-2.372346212413793,False,0.8900154227273241,0.5005988463468471,0,0.6647180787214249,"Fe, Mn",,POSSIBLE
634,mp-778821,Li3MnFe2(BO3)3,"B,Fe,Li,Mn,O",3.251931257159683,2.7688,0.005699700972217,-2.3873805825239467,False,0.8860044429309755,0.5064779810080791,0,0.6645697369648642,"Fe, Mn",,POSSIBLE
635,mp-1280554,Li2MnO2F,"F,Li,Mn,O",3.565177237886733,1.7682000000000002,0.0069554579166695,-2.487756336182949,False,0.8608889652727716,0.5457295471302525,0,0.6644942723956128,Mn,,POSSIBLE
636,mp-755990,Li2MnFe(BO3)2,"B,Fe,Li,Mn,O",3.190427791077316,3.0858,0.0060809843749938,-2.41746913191092,False,0.878378672015522,0.5182439966316852,0,0.664493668429627,"Fe, Mn",,POSSIBLE
637,mp-777790,Li4MnFe3(BO3)4,"B,Fe,Li,Mn,O",3.202498541383447,3.1295,0.0055227821874979,-2.372322584913793,False,0.8895428663532455,0.5005896069006188,0,0.6644549389095017,"Fe, Mn",,POSSIBLE
638,mp-1305321,Li2MnO2F,"F,Li,Mn,O",3.5511967692648923,1.7081000000000002,0.0069856383333366,-2.4877261557662824,False,0.8602853487975721,0.5457177451902699,0,0.6641581526552591,Mn,,POSSIBLE
639,mp-753128,Li2VO2F,"F,Li,O,V",3.454172694528664,1.7955,0.0097301308333346,-2.707589048611112,False,0.805394758407996,0.631694313850755,0,0.6640601269721621,V,,POSSIBLE
640,mp-1277730,Li2V3CrO8,"Cr,Li,O,V",3.83404252481395,1.1214,0.0069812499553609,-2.4837327365476187,False,0.8603731175409515,0.5441561334184924,0,0.6636598613439957,"Cr, V",,POSSIBLE
641,mp-775268,Li8Mn7Fe(BO3)8,"B,Fe,Li,Mn,O",3.198949689665472,2.9600000000000004,0.0070042695312428,-2.485102970531609,False,0.8599127198132563,0.5446919583350172,0,0.6635941813145471,"Fe, Mn",,POSSIBLE
642,mp-778271,Li3MnFe2(BO3)3,"B,Fe,Li,Mn,O",3.2480783843761043,2.7535,0.0057873751388841,-2.387292908357279,False,0.884250935945522,0.5064436963504331,0,0.6635933084926887,"Fe, Mn",,POSSIBLE
643,mp-685809,Li5Ti12O24,"Li,O,Ti",3.6186255813667527,0.0,0.0167451909756106,-3.2677839904065054,False,0.6650916630895742,0.850756467783752,0,0.6635651784235791,Ti,,POSSIBLE
644,mp-757449,LiFe(SiO3)2,"Fe,Li,O,Si",3.335080034072235,2.7455,0.0103795344166659,-2.7554032543333333,False,0.792406511549902,0.6503918816305277,0,0.6634607399231308,Fe,,POSSIBLE
645,mp-775257,Li8Mn3Fe5(BO3)8,"B,Fe,Li,Mn,O",3.187296649210092,3.1048,0.0058931072395811,-2.3948046344540224,False,0.8821362654079298,0.5093811289756428,0,0.6634583411158363,"Fe, Mn",,POSSIBLE
646,mp-778844,Li8MnFe7(BO3)8,"B,Fe,Li,Mn,O",3.2813536006328,3.0651,0.0053382017187475,-2.349654790790229,False,0.8932345255230563,0.4917254500953056,0,0.663382896571038,"Fe, Mn",,POSSIBLE
647,mp-755859,Li4MnFe3(BO3)4,"B,Fe,Li,Mn,O",3.208528969434614,3.1839000000000004,0.0056207680208304,-2.37222459908046,False,0.8875831232526763,0.5005512899039747,0,0.6633636692553632,"Fe, Mn",,POSSIBLE
648,mp-759941,LiVCr(P2O7)2,"Cr,Li,O,P,V",2.9147393731104008,1.3961,0.0089927065872865,-2.642722869455782,False,0.8201434422660125,0.606328635114655,0,0.6632939155364361,"Cr, V",,POSSIBLE
649,mp-779446,Li3MnFe2(BO3)3,"B,Fe,Li,Mn,O",3.244697273219938,2.7882,0.0058335134722176,-2.3872467700239457,False,0.8833281568319815,0.5064256541263342,0,0.6630794652018068,"Fe, Mn",,POSSIBLE
650,mp-778297,Li8Mn7Fe(BO3)8,"B,Fe,Li,Mn,O",3.185055456869074,2.9811,0.0070621043229088,-2.485045135739943,False,0.8587560083776787,0.5446693422542757,0,0.6629500743967198,"Fe, Mn",,POSSIBLE
651,mp-1306312,Li2TiV3O8,"Li,O,Ti,V",3.7324928788114815,0.6718000000000002,0.0099953732142807,-2.720623772857143,False,0.8000898392338759,0.6367914944145544,0,0.6629264346237258,"Ti, V",,POSSIBLE
652,mp-773081,Li3Ti6Zn3O16,"Li,O,Ti,Zn",4.152012465585112,0.0,0.0131079229464194,-2.9704990396428568,False,0.7378380049096303,0.734504290573027,0,0.6628874044008561,Ti,,POSSIBLE
653,mp-1311636,LiV3Zn2O8,"Li,O,V,Zn",4.596343401815743,1.0554,0.0049541535714157,-2.315042295952381,False,0.9009155920754628,0.4781903623848152,0,0.6628702024761899,V,,POSSIBLE
654,mp-772509,Li2NbV3O8,"Li,Nb,O,V",4.052070030403415,1.1083000000000005,0.0090654133035723,-2.64418107904762,False,0.8186892883259972,0.606898862566281,0,0.6626937104774968,V,,POSSIBLE
655,mp-775490,NaLi7Fe8(SiO3)16,"Fe,Li,Na,O,Si",3.314934986978056,2.7009000000000003,0.0103966826770731,-2.750841001058909,False,0.7920635417156228,0.6486078294113481,0,0.6626476882375644,Fe,,POSSIBLE
656,mp-780298,Li8Mn7Fe(BO3)8,"B,Fe,Li,Mn,O",3.183009065079612,2.9777000000000005,0.0070950743229083,-2.485012165739944,False,0.8580965994832772,0.544656449458079,0,0.6625828870261301,"Fe, Mn",,POSSIBLE
657,mp-778755,Li8MnFe7(BO3)8,"B,Fe,Li,Mn,O",3.2144766516788112,3.1258,0.0054161552604155,-2.3495768372485624,False,0.8916754336599457,0.4916949666520074,0,0.6625147268411727,"Fe, Mn",,POSSIBLE
658,mp-759903,LiVFe(P2O7)2,"Fe,Li,O,P,V",2.9145197642156195,1.6227999999999998,0.0081241861904324,-2.5657612272335606,False,0.837514084506334,0.5762330704146469,0,0.6623143211236101,"Fe, V",,POSSIBLE
659,mp-777788,Li8Mn7Fe(BO3)8,"B,Fe,Li,Mn,O",3.1819800305750405,2.9791,0.0071202820312423,-2.484986958031609,False,0.8575924385162413,0.5446465920772432,0,0.6623021484109679,"Fe, Mn",,POSSIBLE
660,mp-777729,Li8Mn7Fe(BO3)8,"B,Fe,Li,Mn,O",3.197686833896253,2.9645,0.0071289880729095,-2.484978251989942,False,0.8574183153342435,0.5446431876119447,0,0.6622051890980146,"Fe, Mn",,POSSIBLE
661,mp-780709,Li2MnSiO4,"Li,Mn,O,Si",2.964279622438125,2.9647,0.0095839121874998,-2.680500501824712,False,0.8083191707705156,0.621101438115524,0,0.661961047264217,Mn,,POSSIBLE
662,mp-778495,Li8Mn7Fe(BO3)8,"B,Fe,Li,Mn,O",3.176390210928102,2.974,0.0071727774479093,-2.4849344626149423,False,0.8565425160210622,0.5446260639392887,0,0.6617175061903353,"Fe, Mn",,POSSIBLE
663,mp-775132,NaLi3Fe4(SiO3)8,"Fe,Li,Na,O,Si",3.327633466093864,2.5606000000000004,0.0104288534374914,-2.746263725284483,False,0.7914201178284583,0.6468179026992692,0,0.6616673307503963,Fe,,POSSIBLE
664,mp-21496,LiLa4CuO8,"Cu,La,Li,O",6.734535413096046,0.7702,0.0156695282142864,-3.1673029602380955,False,0.6866052085006876,0.8114637336731003,0,0.6616451714609632,,,REVIEW
665,mp-778382,Li4Mn3Fe(BO3)4,"B,Fe,Li,Mn,O",3.206464920394197,2.9967,0.0069131684374932,-2.4623416970330454,False,0.8617347662648518,0.5357912467668743,0,0.6614810578140745,"Fe, Mn",,POSSIBLE
666,mp-778721,Li8Mn7Fe(BO3)8,"B,Fe,Li,Mn,O",3.185907426535852,2.9745000000000004,0.0072057091145758,-2.484901530948276,False,0.855883873803662,0.5446131861331995,0,0.661350745738634,"Fe, Mn",,POSSIBLE
667,mp-760286,LiVCr(P2O7)2,"Cr,Li,O,P,V",2.9169369034677084,1.3348,0.0091689057142705,-2.642546670328797,False,0.8166194121925885,0.6062597330996622,0,0.6613315832908055,"Cr, V",,POSSIBLE
668,mp-759801,LiVFe(P2O7)2,"Fe,Li,O,P,V",2.914490722359558,1.5942999999999998,0.0082128647618624,-2.565672548662131,False,0.8357404891546614,0.5761983929882445,0,0.6613267065809494,"Fe, V",,POSSIBLE
669,mp-1304017,Li2Mn3CoO8,"Co,Li,Mn,O",4.227441679793962,0.8359999999999999,0.0005618125000141,-1.9504835582471267,False,0.988763598437948,0.3356310203442438,0,0.6612908362613568,"Co, Mn",,POSSIBLE
670,mp-779627,Li6MnFe5(BO3)6,"B,Fe,Li,Mn,O",3.273589884593876,2.8379000000000003,0.0056243095138883,-2.3569861411925297,False,0.8875122924361195,0.4945923474743114,0,0.6612390824558747,"Fe, Mn",,POSSIBLE
671,mp-760209,LiVCr(P2O7)2,"Cr,Li,O,P,V",2.9137025658311506,1.2967,0.0092154516666509,-2.6425001243764177,False,0.8156884805881455,0.6062415314776475,0,0.6608132003406566,"Cr, V",,POSSIBLE
672,mp-1176547,LiVFe(P2O7)2,"Fe,Li,O,P,V",2.898217751210518,1.6263,0.0082615489285275,-2.565623864495465,False,0.834766792687692,0.5761793552254648,0,0.6607845103071432,"Fe, V",,POSSIBLE
673,mp-774189,Li8Mn7Fe(BO3)8,"B,Fe,Li,Mn,O",3.18422511625383,2.9742,0.0072574309895756,-2.484849809073276,False,0.8548494223505074,0.5445929604858444,0,0.6607747184628247,"Fe, Mn",,POSSIBLE
674,mp-777727,Li8Mn7Fe(BO3)8,"B,Fe,Li,Mn,O",3.192477338593218,2.9747000000000003,0.007258625781243,-2.4848486142816086,False,0.854825526194837,0.544592493266995,0,0.6607614120506087,"Fe, Mn",,POSSIBLE
675,mp-777792,Li8Mn7Fe(BO3)8,"B,Fe,Li,Mn,O",3.186455863583665,2.9821000000000004,0.0072749216145746,-2.484832318448277,False,0.8544996051320312,0.5445861208418203,0,0.6605799251172543,"Fe, Mn",,POSSIBLE
676,mp-753779,LiMn2(PO4)2,"Li,Mn,O,P",3.3396651062506524,0.0,0.0079359586538485,-2.537934068729316,False,0.8412786860166946,0.5653513633070499,0,0.6605762544666496,Mn,,POSSIBLE
677,mp-759820,LiVFe(P2O7)2,"Fe,Li,O,P,V",2.919289646525126,1.5996,0.0082814641269415,-2.565603949297052,False,0.8343684833468318,0.5761715674610013,0,0.660562714452108,"Fe, V",,POSSIBLE
678,mp-1177831,Li2V2(PO4)3,"Li,O,P,V",2.861466771921417,1.0004,0.0098069760745698,-2.687467912926065,False,0.8038578328525307,0.6238260183809354,0,0.6604609145022193,V,,POSSIBLE
679,mp-756311,LiFeSnO4,"Fe,Li,O,Sn",4.86267455932877,1.6326999999999998,0.001434741964287,-2.013281224404761,False,0.9713047736598038,0.3601878147457918,0,0.6602833606739194,Fe,,POSSIBLE
680,mp-759761,LiVFe(P2O7)2,"Fe,Li,O,P,V",2.917378712116596,1.5781,0.0083146007142431,-2.5655708127097503,False,0.8337057426614476,0.5761586095214579,0,0.6601936717963064,"Fe, V",,POSSIBLE
681,mp-850260,Li8MnFe7(BO3)8,"B,Fe,Li,Mn,O",3.2158386834698467,3.2128999999999994,0.0056260756770818,-2.349366916831896,False,0.8874769686957865,0.4916128780517746,0,0.6601768401008037,"Fe, Mn",,POSSIBLE
682,mp-779877,Li6MnFe5(BO3)6,"B,Fe,Li,Mn,O",3.27434737266408,2.7977000000000003,0.0057347428472214,-2.3568757078591966,False,0.8853035959775404,0.4945491629289666,0,0.6600091848127856,"Fe, Mn",,POSSIBLE
683,mp-31890,Li4Fe(PO4)2,"Fe,Li,O,P",2.628848096572622,3.9187,0.0089936556666669,-2.6166784485079355,False,0.8201244604223688,0.5961440609153813,0,0.6597188745526863,Fe,,POSSIBLE
684,mp-775021,NaLi3Fe4(SiO3)8,"Fe,Li,Na,O,Si",3.3338436478359577,2.6744,0.01060761943749,-2.746084959284484,False,0.7878447496022696,0.6467479969181062,0,0.6596764112025855,Fe,,POSSIBLE
685,mp-774324,Li6MnFe5(BO3)6,"B,Fe,Li,Mn,O",3.267325433248053,2.8479,0.0057687136805544,-2.356841737025863,False,0.8846241701464712,0.4945358787606072,0,0.6596308511467717,"Fe, Mn",,POSSIBLE
686,mp-777774,Li6MnFe5(BO3)6,"B,Fe,Li,Mn,O",3.268833003600532,2.8452,0.0057875709027763,-2.356822879803641,False,0.8842470206148663,0.4945285047138084,0,0.6594208379880093,"Fe, Mn",,POSSIBLE
687,mp-760277,LiVCr(P2O7)2,"Cr,Li,O,P,V",2.9154260998538595,1.3746999999999998,0.0093434135714138,-2.6423721624716543,False,0.8131292079722373,0.6061914924494675,0,0.6593880867420442,"Cr, V",,POSSIBLE
688,mp-772055,Li6Ti2O7,"Li,O,Ti",3.0812393743306714,2.9524,0.0113960743333354,-2.8059125437777768,False,0.7720754389816221,0.6701433519024002,0,0.6591916646057323,Ti,,POSSIBLE
689,mp-774349,Li6MnFe5(BO3)6,"B,Fe,Li,Mn,O",3.273972539346155,2.8355999999999995,0.0058094042361096,-2.3568010464703075,False,0.8838103480581592,0.4945199668697996,0,0.6591776798364175,"Fe, Mn",,POSSIBLE
690,mp-774348,Li3MnFe2(BO3)3,"B,Fe,Li,Mn,O",3.2477039577253914,2.8263,0.0062006218055499,-2.386879661690613,False,0.875985891129467,0.5062820977743814,0,0.6589909743422404,"Fe, Mn",,POSSIBLE
691,mp-560212,Li2Ni(SO4)2,"Li,Ni,O,S",3.0241098005670617,4.278599999999999,0.0018033458653841,-2.0325857244551284,False,0.9639325961985298,0.3677367678799986,0,0.658870796667191,Ni,,POSSIBLE
692,mp-756412,Li4V3Cr3(WO8)2,"Cr,Li,O,V,W",5.288286661500797,1.5726,0.0061910126785704,-2.3842331879761898,False,0.8761780762613389,0.5052472040455116,0,0.6587344633596655,"Cr, V",,POSSIBLE
693,mp-779784,Li6MnFe5(BO3)6,"B,Fe,Li,Mn,O",3.266809012730345,2.8636,0.0058507188194436,-2.356759731886973,False,0.8829840452459256,0.4945038109552441,0,0.6587175587195945,"Fe, Mn",,POSSIBLE
694,mp-774373,Li3MnFe2(BO3)3,"B,Fe,Li,Mn,O",3.44326181869348,2.7431,0.0062313601388837,-2.38684892335728,False,0.8753711161704226,0.506270077663156,0,0.6586486410758371,"Fe, Mn",,POSSIBLE
695,mp-778723,Li3MnFe2(BO3)3,"B,Fe,Li,Mn,O",3.2468036084296665,2.7703,0.0062675593055496,-2.386812724190614,False,0.8746471230715517,0.5062559221133129,0,0.6582454904290129,"Fe, Mn",,POSSIBLE
696,mp-752430,Li4MnSi2O7,"Li,Mn,O,Si",2.768780019679871,3.653,0.0109767369642819,-2.7617407508045986,False,0.7804622994885374,0.6528701361165263,0,0.6577588123594797,Mn,,POSSIBLE
697,mp-1176833,Li8MnFe7(BO3)8,"B,Fe,Li,Mn,O",3.2444189802350683,3.3205000000000005,0.0058457300520808,-2.349147262456896,False,0.8830838219390157,0.4915269830232439,0,0.657730546124594,"Fe, Mn",,POSSIBLE
698,mp-685797,Li6Ti9O20,"Li,O,Ti",3.4717488755637924,0.0,0.0165211686428676,-3.207100466285715,False,0.6695721701795817,0.8270264007832531,0,0.6577239338729085,Ti,,POSSIBLE
699,mp-777429,Li4Mn3Fe(BO3)4,"B,Fe,Li,Mn,O",3.151410287153692,2.8847,0.0072905726041598,-2.4619642928663787,False,0.8541865811181149,0.5356436642674888,0,0.6572779021085843,"Fe, Mn",,POSSIBLE
700,mp-780799,Li8Mn5Fe3(BO3)8,"B,Fe,Li,Mn,O",3.160882876460354,0.0,0.0070149556770777,-2.439387535201149,False,0.8596989940137261,0.5268151069315055,0,0.6572197341335763,"Fe, Mn",,POSSIBLE
701,mp-1176840,Li8Mn5Fe3(BO3)8,"B,Fe,Li,Mn,O",3.184213404221849,2.9490000000000003,0.0070233283854106,-2.4393791624928163,False,0.8595315375883386,0.5268118328149707,0,0.657126487158826,"Fe, Mn",,POSSIBLE
702,mp-774976,Li8Mn5Fe3(BO3)8,"B,Fe,Li,Mn,O",3.1763694578797224,0.0430000000000001,0.0070316585937435,-2.439370832284483,False,0.8593649311744163,0.5268085753179029,0,0.657033713507195,"Fe, Mn",,POSSIBLE
703,mp-1101479,NaLi9Fe10(SiO3)20,"Fe,Li,Na,O,Si",3.309889639506848,2.7254,0.010930765024991,-2.751215939713793,False,0.7813817506763372,0.648754447781497,0,0.6568240195955094,Fe,,POSSIBLE
704,mp-1291335,LiFeBO3,"B,Fe,Li,O",3.302540896611087,3.2068000000000003,0.0056463022222219,-2.326494315694445,False,0.8870724323364115,0.4826686322234173,0,0.6568238590632225,Fe,,POSSIBLE
705,mp-766047,K5Li3Ti8(AsO5)8,"As,K,Li,O,Ti",3.176025504518058,3.0181,0.0084870346874996,-2.552959109420573,False,0.8302570166783098,0.5712268497336301,0,0.656570756579841,Ti,,POSSIBLE
706,mp-778174,Li8Mn5Fe3(BO3)8,"B,Fe,Li,Mn,O",3.152947571629551,3.0399000000000003,0.0070875771354108,-2.439314913742816,False,0.8582465452557649,0.5267867085796153,0,0.656410947893536,"Fe, Mn",,POSSIBLE
707,mp-758823,Li2FeSiO4,"Fe,Li,O,Si",3.0100192007377573,2.9464,0.008523985,-2.554742448645833,False,0.82951800046011,0.57192421792233,0,0.656408376525876,Fe,,POSSIBLE
708,mp-1181006,LiVTeO5,"Li,O,Te,V",4.123548044646099,2.7874,0.002606150468754,-2.0766940428125,False,0.9478762875562304,0.3849851621528218,0,0.6560767649094145,V,,POSSIBLE
709,mp-756664,LiFeBO3,"B,Fe,Li,O",3.3037537204693708,2.8957,0.0057155361111105,-2.326425081805556,False,0.8856877358812145,0.482641558567992,0,0.6560528002334652,Fe,,POSSIBLE
710,mp-780474,Li3MnFe2(BO3)3,"B,Fe,Li,Mn,O",3.252236167089255,2.8421,0.006492032916662,-2.3865882505795017,False,0.8701575902924136,0.5061681425403776,0,0.6557455245499596,"Fe, Mn",,POSSIBLE
711,mp-775239,Li4Mn3Fe(BO3)4,"B,Fe,Li,Mn,O",3.139241418434547,2.922,0.007440060937494,-2.461814804533045,False,0.8511967741235343,0.5355852074092691,0,0.655613048361188,"Fe, Mn",,POSSIBLE
712,mp-779342,Li12MnV7(PO4)12,"Li,Mn,O,P,V",2.9193390149310647,0.2322999999999997,0.0104621174452956,-2.704201557295567,False,0.7907548286986475,0.6303696479377885,0,0.6555445325624821,"Mn, V",,POSSIBLE
713,mp-755626,Li4Mn3Fe(BO3)4,"B,Fe,Li,Mn,O",3.143397938445101,2.9671,0.0074597611458271,-2.4617951043247124,False,0.8508027646422905,0.535577503715879,0,0.6553936468538175,"Fe, Mn",,POSSIBLE
714,mp-778265,Li4Mn3Fe(BO3)4,"B,Fe,Li,Mn,O",3.141396295712974,2.97,0.0074930857291599,-2.4617617797413787,False,0.8501362639855661,0.5355644722611846,0,0.655022510483476,"Fe, Mn",,POSSIBLE
715,mp-754949,Li2Mn(SiO3)2,"Li,Mn,O,Si",2.7651839690721203,3.4868999999999994,0.0121826721969693,-2.836832722690701,False,0.7563432695061816,0.6822345731671804,0,0.654770898836913,Mn,,POSSIBLE
716,mp-1177369,Li4Mn3Fe(BO3)4,"B,Fe,Li,Mn,O",3.166708852329913,0.0,0.0075213282291599,-2.461733537241379,False,0.8495714063665059,0.535553428136326,0,0.6547079733492923,"Fe, Mn",,POSSIBLE
717,mp-757988,Li4FeSi2O7,"Fe,Li,O,Si",2.813388254800864,3.415,0.0103611730357142,-2.6898888973809525,False,0.7927737441223386,0.6247727353713215,0,0.6546960166472487,Fe,,POSSIBLE
718,mp-850958,Li4Mn3Fe(BO3)4,"B,Fe,Li,Mn,O",3.1446988773287554,2.9509000000000007,0.0075809457291606,-2.461673919741378,False,0.8483790402833079,0.5355301149341031,0,0.6540440123827554,"Fe, Mn",,POSSIBLE
719,mp-778477,Li8Mn5Fe3(BO3)8,"B,Fe,Li,Mn,O",3.1469419952263182,3.0375,0.0073057738020771,-2.4390967170761493,False,0.8538825530588982,0.5267013835825208,0,0.6539808884362763,"Fe, Mn",,POSSIBLE
720,mp-26021,LiCoPO4,"Co,Li,O,P",3.1111846377817227,2.9248000000000003,0.0067890566666628,-2.3973008916156453,False,0.8642170351634482,0.5103572810787719,0,0.6539444177174667,Co,,POSSIBLE
721,mp-777998,Li4Mn3Fe(BO3)4,"B,Fe,Li,Mn,O",3.1430937470098583,2.966,0.0076074882291612,-2.4616473772413783,False,0.8478481831228495,0.5355197355879382,0,0.6537484081733456,"Fe, Mn",,POSSIBLE
722,mp-754562,Li4Mn3Fe(BO3)4,"B,Fe,Li,Mn,O",3.1411451805928743,2.9623,0.007636582812494,-2.461618282658045,False,0.8472662836072643,0.5355083582590527,0,0.6534243813746639,"Fe, Mn",,POSSIBLE
723,mp-780436,Li8Mn5Fe3(BO3)8,"B,Fe,Li,Mn,O",3.160327437616489,3.0049,0.007362827552078,-2.439039663326149,False,0.8527414626673263,0.5266790729252253,0,0.6533454799908583,"Fe, Mn",,POSSIBLE
724,mp-777795,Li8Mn7Fe(BO3)8,"B,Fe,Li,Mn,O",3.3321864305108178,2.8867,0.0079260849479085,-2.484181155114942,False,0.8414761627991525,0.5443314858358252,0,0.6533279095820728,"Fe, Mn",,POSSIBLE
725,mp-777768,Li8Mn7Fe(BO3)8,"B,Fe,Li,Mn,O",3.123981701974613,2.9053000000000004,0.0079320955729089,-2.4841751444899423,False,0.841355948677641,0.5443291354032156,0,0.653260969163828,"Fe, Mn",,POSSIBLE
726,mp-777357,Li8Mn7Fe(BO3)8,"B,Fe,Li,Mn,O",3.1294458013057262,2.8977000000000004,0.0079326997395758,-2.484174540323276,False,0.8413438651813152,0.5443288991460818,0,0.653254240550852,"Fe, Mn",,POSSIBLE
727,mp-759529,LiVFe(P2O7)2,"Fe,Li,O,P,V",2.9137114406753515,1.509,0.0089396783332897,-2.564945735090704,False,0.8212040216515328,0.5759141752372697,0,0.6532321732413875,"Fe, V",,POSSIBLE
728,mp-831262,LiMnBO3,"B,Li,Mn,O",3.167801822053733,2.9334,0.008220081979168,-2.5067395326760056,False,0.8355961428615399,0.5531528557002559,0,0.6531813780689366,Mn,,POSSIBLE
729,mp-777520,Li6MnFe5(BO3)6,"B,Fe,Li,Mn,O",3.2705071565211554,2.8181000000000003,0.0063546936805547,-2.356255757025864,False,0.8729044120649594,0.4943067334553137,0,0.6531047833450875,"Fe, Mn",,POSSIBLE
730,mp-755695,Li2CoGeO4,"Co,Ge,Li,O",3.8646359627160014,2.2966999999999995,0.0030124565624998,-2.087375699270834,False,0.939750056070954,0.3891621842870016,0,0.6530692953394752,Co,,POSSIBLE
731,mp-777649,Li8Mn7Fe(BO3)8,"B,Fe,Li,Mn,O",3.120866224657284,2.9028,0.0079762259895757,-2.484131014073276,False,0.8404733284391158,0.5443118783674811,0,0.6527694880701321,"Fe, Mn",,POSSIBLE
732,mp-754680,Li4Mn3Fe(BO3)4,"B,Fe,Li,Mn,O",3.131603554567108,2.9603,0.0076975544791606,-2.461557310991379,False,0.8460468338254308,0.5354845155149788,0,0.6527453390342295,"Fe, Mn",,POSSIBLE
733,mp-778272,Li8Mn7Fe(BO3)8,"B,Fe,Li,Mn,O",3.126726390465063,2.8974,0.0079926978645756,-2.484114542198276,False,0.8401438864954529,0.5443054371018651,0,0.6525860405581518,"Fe, Mn",,POSSIBLE
734,mp-757319,LiVPO4,"Li,O,P,V",3.417393078708636,2.6677,0.009842028809551,-2.6325407855442173,False,0.8031567686966299,0.6023469689717132,0,0.652557661923246,V,,POSSIBLE
735,mp-779520,Li8Mn7Fe(BO3)8,"B,Fe,Li,Mn,O",3.116294832840475,2.901,0.0080015780729096,-2.484105661989942,False,0.8399662799331336,0.5443019645293374,0,0.6524871415484916,"Fe, Mn",,POSSIBLE
736,mp-755709,LiFeO2,"Fe,Li,O",4.3632447001277095,1.6166999999999998,0.0012790318749997,-1.943657715833333,False,0.9744190174519074,0.3329617999889501,0,0.6524670895946817,Fe,,POSSIBLE
737,mp-778135,Li8Mn7Fe(BO3)8,"B,Fe,Li,Mn,O",3.121591249277877,2.8964,0.0080268559895761,-2.4840803840732755,False,0.8394607147805075,0.544292079693794,0,0.652205621022107,"Fe, Mn",,POSSIBLE
738,mp-774299,Li8Mn5Fe3(BO3)8,"B,Fe,Li,Mn,O",3.158273604597845,2.979,0.0074709958854102,-2.4389314949928163,False,0.8505780668198007,0.5266367740997285,0,0.6521408076857954,"Fe, Mn",,POSSIBLE
739,mp-9406,Li2La2Ti3O10,"La,Li,O,Ti",4.915751870450319,2.073899999999999,0.0204343316176487,-3.480496879215687,False,0.5913078550187565,0.9339370538892025,0,0.6520972891215369,Ti,,POSSIBLE
740,mp-770954,Li4Nb2V3Cr3O16,"Cr,Li,Nb,O,V",4.259924636836819,1.2736,0.0095343100669698,-2.604384563690477,False,0.8093112265624219,0.5913365828619642,0,0.6520889786110196,"Cr, V",,POSSIBLE
741,mp-774410,Li8Mn3Fe5(BO3)8,"B,Fe,Li,Mn,O",3.1938332111044034,0.0,0.0069175605729148,-2.393780181120688,False,0.8616469223715407,0.5089805202998757,0,0.652048989409304,"Fe, Mn",,POSSIBLE
742,mp-779789,Li4Mn3Fe(BO3)4,"B,Fe,Li,Mn,O",3.1581628825768395,2.9000000000000004,0.0078073159374936,-2.461447549533046,False,0.8438515750481073,0.5354415937038604,0,0.6515229240728102,"Fe, Mn",,POSSIBLE
743,mp-26125,Li2Fe(PO3)4,"Fe,Li,O,P",2.83351667046741,1.5945999999999998,0.0093345683772065,-2.583792996065162,False,0.8133061142425766,0.5832843267269812,0,0.6514678771878606,Fe,,POSSIBLE
744,mp-26081,Li4Mn(PO4)2,"Li,Mn,O,P",2.605871571232647,4.124,0.0106215239999984,-2.6866991822033386,False,0.7875666546010279,0.6235254090834378,0,0.6513955532097686,Mn,,POSSIBLE
745,mp-778494,Li6MnFe5(BO3)6,"B,Fe,Li,Mn,O",3.273805970669243,2.8303000000000003,0.0065209414583318,-2.3560895092480854,False,0.8695794116602773,0.4942417228785135,0,0.6512532794206323,"Fe, Mn",,POSSIBLE
746,mp-1220832,NaLi3Fe4(SiO3)8,"Fe,Li,Na,O,Si",3.336206178841069,2.7475000000000005,0.0113785604374907,-2.745314018284484,False,0.7724257216232902,0.6464465232998796,0,0.6510904300477675,Fe,,POSSIBLE
747,mp-850226,Li8Mn7Fe(BO3)8,"B,Fe,Li,Mn,O",3.1338781222911685,2.9085,0.0081461732812426,-2.483961066781609,False,0.8370743367586094,0.544245421109498,0,0.6508767826055595,"Fe, Mn",,POSSIBLE
748,mp-779011,Li6MnFe5(BO3)6,"B,Fe,Li,Mn,O",3.277680058728659,2.8588,0.006597747291666,-2.356012703414752,False,0.8680432742734633,0.4942116882423015,0,0.6503978917352103,"Fe, Mn",,POSSIBLE
749,mp-780493,Li8CrO6,"Cr,Li,O",2.451915329186876,2.1344000000000003,0.0038918984999973,-2.135592388777777,False,0.9221609800714292,0.408017141857767,0,0.6499945386895046,Cr,,POSSIBLE
750,mp-26681,LiVP2O7,"Li,O,P,V",2.9928260314266613,2.1583999999999994,0.0110401456818323,-2.707313564329004,False,0.7791941080315776,0.631586586744152,0,0.649612064777821,V,,POSSIBLE
751,mp-775378,Li8Mn3Fe5(BO3)8,"B,Fe,Li,Mn,O",3.186926399693714,3.0338,0.0071724657812479,-2.393525275912355,False,0.8565487494383693,0.508880840563734,0,0.64921010638841,"Fe, Mn",,POSSIBLE
752,mp-767711,Li2Mn2Si4O11,"Li,Mn,O,Si",3.0596480378155,0.0,0.0133521900877209,-2.889119506975197,False,0.7329525961869527,0.702681126202597,0,0.649062322073733,Mn,,POSSIBLE
753,mp-759930,LiVCr(P2O7)2,"Cr,Li,O,P,V",2.923144715208692,1.2826000000000002,0.0102837199999843,-2.6414318560430843,False,0.7943228257316641,0.6058237891086635,0,0.6489158803404476,"Cr, V",,POSSIBLE
754,mp-779074,Li8Mn7Fe(BO3)8,"B,Fe,Li,Mn,O",3.118161547468132,2.8964,0.0083297445312418,-2.48377749553161,False,0.8334028622360826,0.5441736362531477,0,0.6488323469184472,"Fe, Mn",,POSSIBLE
755,mp-774396,Li8Mn5Fe3(BO3)8,"B,Fe,Li,Mn,O",3.165553948322612,0.0,0.0077773673437446,-2.4386251235344822,False,0.8444505550024053,0.526516968677439,0,0.6487287442884266,"Fe, Mn",,POSSIBLE
756,mp-1303136,Li2FeO3,"Fe,Li,O",3.8642787515283046,0.5790999999999995,0.0007919124999986,-1.8771673602777792,False,0.9841615363635208,0.3069609930964623,0,0.6487251925836984,Fe,,POSSIBLE
757,mp-779455,Li7Ti5O12,"Li,O,Ti",3.713508594944818,0.0,0.0143445618749966,-2.96631111375,False,0.7131048927264544,0.7328666176878332,0,0.6487110071902915,Ti,,POSSIBLE
758,mp-780666,Li2MnSiO4,"Li,Mn,O,Si",3.01035441991096,2.8824,0.0107749599999991,-2.6793094540122127,False,0.784497893208144,0.6206356832866656,0,0.6486963304148122,Mn,,POSSIBLE
759,mp-1177748,Li2VOF4,"F,Li,O,V",3.019322972898095,2.1068,0.0150210175000102,-3.020372528958333,False,0.6995755977368077,0.7540071335629821,0,0.6486690755022879,V,,POSSIBLE
760,mp-756958,LiFePO4,"Fe,Li,O,P",2.837911591903285,3.5818,0.0082194992857145,-2.471676515425169,False,0.8356077968878048,0.5394415928713896,0,0.648388845793279,Fe,,POSSIBLE
761,mp-772578,Li2Mn3SnO8,"Li,Mn,O,Sn",4.651464347007599,0.7262000000000004,0.0036437167857208,-2.1019525757471262,False,0.9271246813096524,0.3948624177597953,0,0.6481204209362372,Mn,,POSSIBLE
762,mp-1220801,NaLi3Fe4(SiO3)8,"Fe,Li,Na,O,Si",3.3381467751533225,2.704,0.0116627886874907,-2.745029790034484,False,0.7667410799462197,0.6463353768970685,0,0.6479249758843948,Fe,,POSSIBLE
763,mp-775679,Li2Mn3CrO8,"Cr,Li,Mn,O",4.061190185593656,0.6906999999999996,0.0041928228214374,-2.143387065925697,False,0.9161424124614096,0.411065221441926,0,0.6477511543584494,"Cr, Mn",,POSSIBLE
764,mp-778205,Li8Mn7Fe(BO3)8,"B,Fe,Li,Mn,O",3.1444184449937715,2.8852,0.0084368586979088,-2.483670381364943,False,0.8312605500062465,0.5441317496556151,0,0.6476394148829009,"Fe, Mn",,POSSIBLE
765,mp-774474,Li3Y14Ti14(S2O5)7,"Li,O,S,Ti,Y",4.14232804845389,0.0,0.0174133656374966,-3.2043593225833336,False,0.6517279895964586,0.8259544867067726,0,0.6475344646254226,Ti,,POSSIBLE
766,mp-774806,Li4Mn3Cr3(SbO8)2,"Cr,Li,Mn,O,Sb",4.669166852101881,0.5144000000000002,0.0051207498214287,-2.2140175416830865,False,0.8975836221320546,0.4386850069814699,0,0.6472107446161445,"Cr, Mn",,POSSIBLE
767,mp-1176826,Li8V3P8O29,"Li,O,P,V",2.6089128057501254,0.8073999999999999,0.0114317197916395,-2.7154812882043653,False,0.7713625201993627,0.6347805448672514,0,0.6464225768131875,V,,POSSIBLE
768,mp-772854,Li2NbV3O8,"Li,Nb,O,V",4.060701684980632,1.21,0.0105401172321446,-2.6427063751190474,False,0.7891948119194413,0.606322185065461,0,0.6462699113286041,V,,POSSIBLE
769,mp-32528,Li3V3(PO4)4,"Li,O,P,V",2.904278314488592,2.0374,0.01139310153847,-2.7100030822527468,False,0.7721348956809095,0.6326383127514027,0,0.6460976020874912,V,,POSSIBLE
770,mp-774173,Li8MnFe7(BO3)8,"B,Fe,Li,Mn,O",3.208674967916166,3.116,0.0068954708854152,-2.348097521623562,False,0.8620887220807312,0.4911164857644064,0,0.6460395671619444,"Fe, Mn",,POSSIBLE
771,mp-765834,Li6V2OF11,"F,Li,O,V",2.9161474120611133,1.7513,0.0165343752499929,-3.119667119,False,0.6693080344742914,0.7928359146631977,0,0.6456119890929795,V,,POSSIBLE
772,mp-753142,Li2Co(SiO3)2,"Co,Li,O,Si",2.8956812472686755,2.9727,0.0114324674242434,-2.707444126969697,False,0.7713475673455936,0.63163764278047,0,0.645314337013241,Co,,POSSIBLE
773,mp-775164,Li2NbCr3O8,"Cr,Li,Nb,O",4.181526914871226,2.2504,0.0096009735714321,-2.559328634761904,False,0.8079779384891711,0.5737176289904561,0,0.6451890363157038,Cr,,POSSIBLE
774,mp-765230,LiVOF3,"F,Li,O,V",2.879159311592601,1.5224,0.0149015100000102,-2.977491400555556,False,0.7019657799766887,0.7372386273696135,0,0.6441146985665436,V,,POSSIBLE
775,mp-1190625,Li2Ti6O13,"Li,O,Ti",3.238314904908912,2.8382715321448866,0.019426686547618,-3.338314180079365,False,0.6114610282546721,0.8783370368219541,0,0.6437215284277535,Ti,,POSSIBLE
776,mp-765022,LiVPO4,"Li,O,P,V",3.4118013940749328,2.6674,0.0107027601190754,-2.631680054234693,False,0.7859419103041869,0.6020103831860265,0,0.6429716847824121,V,,POSSIBLE
777,mp-754807,LiFeSbO4,"Fe,Li,O,Sb",4.971591216579705,1.2033000000000005,0.0022759496428452,-1.94960611547619,False,0.9544803931536308,0.3352878996035632,0,0.6423149810957443,Fe,,POSSIBLE
778,mp-773180,Li4Mn3Sn5O16,"Li,Mn,O,Sn",5.202913229190238,0.0048000000000003,0.0046736433928566,-2.1387707932902305,False,0.9065258713206804,0.4092600451519968,0,0.6418302450295732,Mn,,POSSIBLE
779,mp-774639,Li2MnSiO4,"Li,Mn,O,Si",2.994500961129412,2.8799,0.0114271859374994,-2.6786572280747123,False,0.7714531985052754,0.6203806327532533,0,0.6414324806415401,Mn,,POSSIBLE
780,mp-755500,Li4AlCr3O8,"Al,Cr,Li,O",3.894722451440399,3.1818000000000004,0.0100924982812502,-2.570609750520833,False,0.7981473116927779,0.5781290674604255,0,0.6413261950421767,Cr,,POSSIBLE
781,mp-756730,Li2V2Si4O11,"Li,O,Si,V",3.0566444535642887,0.0,0.0142476217982334,-2.9034065653508776,False,0.715043720413521,0.7082680273822336,0,0.6411678558112184,V,,POSSIBLE
782,mp-554940,LiCr3O8,"Cr,Li,O",3.4778234278741125,0.6577999999999999,0.0018447925,-1.906316508611112,False,0.9631036523250344,0.3183596594227723,0,0.6411328895767393,Cr,,POSSIBLE
783,mp-777817,Li2Mn2(SO4)3,"Li,Mn,O,S",2.742661875767149,4.4361,0.0048130574999971,-2.1418677259225647,False,0.9037375515677268,0.4104710891697279,0,0.6407205345716546,Mn,,POSSIBLE
784,mp-757637,Li7V3P8O29,"Li,O,P,V",2.58687202754112,0.4691000000000001,0.0116676559884787,-2.6925179082016206,False,0.7666437326133938,0.6258008003003673,0,0.6406843330424952,V,,POSSIBLE
785,mp-768701,Li4CrFe3O8,"Cr,Fe,Li,O",4.145214349997513,1.8474000000000004,0.0038029211458328,-2.0572541020833333,False,0.9239405511583956,0.3773832454435908,0,0.6402514390423744,"Cr, Fe",,POSSIBLE
786,mp-768763,Li4AlCr3O8,"Al,Cr,Li,O",3.907084917042335,3.0624,0.0102037932812502,-2.570498455520833,False,0.7959213816684064,0.5780855459635268,0,0.640086701004858,Cr,,POSSIBLE
787,mp-766125,Li3V4(PO4)6,"Li,O,P,V",2.941500980663672,0.6562000000000001,0.0114058167680255,-2.665296253455599,False,0.7718805876595756,0.6151558731912933,0,0.6398388788297192,V,,POSSIBLE
788,mp-759282,Li3Fe2(PO4)3,"Fe,Li,O,P",2.972478467657147,2.33,0.0094213012499997,-2.5028207479464286,False,0.8115714333885368,0.5516204294685774,0,0.6394314386776974,Fe,,POSSIBLE
789,mp-771082,Li4CrFe3O8,"Cr,Fe,Li,O",4.151070465293906,1.7126,0.0039072320833328,-2.057149791145833,False,0.9218543042681344,0.3773424550384253,0,0.6390897266109228,"Cr, Fe",,POSSIBLE
790,mp-1191127,LiCr(WO4)2,"Cr,Li,O,W",6.795448594345341,2.417518671003866,0.0066662136458379,-2.274192492361109,False,0.8666739287196604,0.4622161982237394,0,0.6384463301741221,Cr,,POSSIBLE
791,mp-774583,Li2Fe3SbO8,"Fe,Li,O,Sb",4.491335729484946,2.0734,0.0023680555357152,-1.9268095892261905,False,0.9526382504485598,0.3263734025777423,0,0.6381817286489178,Fe,,POSSIBLE
792,mp-1202669,Li2CuB4(PbO5)2,"B,Cu,Li,O,Pb",5.05158118372656,1.8681000000000003,0.007473219887216,-2.336317672280701,False,0.8505335861837093,0.4865100193765043,0,0.6380719791828167,,Pb,REVIEW
793,mp-768692,Li4CrFe3O8,"Cr,Fe,Li,O",4.118031505651971,1.6796999999999995,0.0040086133333323,-2.0570484098958337,False,0.9198266519182338,0.3773028102766891,0,0.6379606421518698,"Cr, Fe",,POSSIBLE
794,mp-779885,Li2MnV(P2O7)2,"Li,Mn,O,P,V",2.879785727674148,0.2855999999999998,0.0114249520454405,-2.652929194462232,False,0.7714978769490969,0.6103197806478285,0,0.6379357555487433,"Mn, V",,POSSIBLE
795,mp-1211383,Li2Ni2(MoO4)3,"Li,Mo,Ni,O",4.170685180135938,2.9643,0.0025406689473719,-1.938417592719298,False,0.9491859356490104,0.3309126692835645,0,0.6378716988562034,Ni,,POSSIBLE
796,mp-774707,Li5Mn5(SeO3)8,"Li,Mn,O,Se",3.701998509370312,0.7946,9.546416665973112e-05,-1.740780731906472,False,0.9980906909131632,0.2536275080012147,0,0.637719507802665,Mn,,POSSIBLE
797,mp-1197533,LiMnH2OF4,"F,H,Li,Mn,O",2.76595996364705,1.9511,0.0079799977778005,-2.374387805696041,False,0.8403978916570938,0.5013972038265326,0,0.6377078617506879,Mn,,POSSIBLE
798,mp-764341,Li3FeSiO5,"Fe,Li,O,Si",2.868511009174061,2.3144,0.0095211892500035,-2.498190461500001,False,0.8095736464413883,0.5498097731298565,0,0.6376989261382133,Fe,,POSSIBLE
799,mp-768874,Li4CrFe3O8,"Cr,Fe,Li,O",4.124010201706461,1.8327,0.0040537952083328,-2.057003228020833,False,0.9189230022293796,0.3772851420720732,0,0.6374574509513845,"Cr, Fe",,POSSIBLE
800,mp-753235,Li2Mn3TeO8,"Li,Mn,O,Te",4.57534327988097,0.2181999999999999,0.0033693545982158,-1.9990731887233173,False,0.9326119990752268,0.3546318150976002,0,0.6370577347755348,Mn,,POSSIBLE
801,mp-1305171,LiMn(CO3)2,"C,Li,Mn,O",3.078581200337001,1.1284999999999998,0.0031765377499866,-1.9810565281264367,False,0.9364683880565652,0.3475864668044094,0,0.6367128768126543,Mn,,POSSIBLE
802,mp-758372,Li2CoSiO4,"Co,Li,O,Si",3.089926767137234,2.8004999999999995,0.0096680018750001,-2.5014755614583333,False,0.8066373543353934,0.551094399282408,0,0.6365335846333092,Co,,POSSIBLE
803,mp-770328,Li4Cr3FeO8,"Cr,Fe,Li,O",4.098811247023087,2.1697,0.0069946946875001,-2.2862233698958327,False,0.8601042192711433,0.4669208282548747,0,0.636479610488335,"Cr, Fe",,POSSIBLE
804,mp-761238,Li2MnV(P2O7)2,"Li,Mn,O,P,V",2.875997422884069,0.3926,0.0116272287878649,-2.652726917719809,False,0.7674522875318317,0.6102406810780543,0,0.6356829965198265,"Mn, V",,POSSIBLE
805,mp-756409,Li2Ti3NiO8,"Li,Ni,O,Ti",3.788443621213304,1.7219999999999995,0.0152521864285724,-2.943143192083334,False,0.6949521568024585,0.7238068878620249,0,0.6355560969930609,"Ni, Ti",,POSSIBLE
806,mp-753374,LiVSiO4,"Li,O,Si,V",3.512056802467044,2.1714,0.0138579583035642,-2.8301384283333326,False,0.722837095427544,0.6796167941913712,0,0.6354262804521291,V,,POSSIBLE
807,mp-755094,Li2FeO2,"Fe,Li,O",3.1497156504431154,1.7893,0.0020245375000005,-1.8779757583333327,False,0.9595087038347,0.3072771141573153,0,0.6352767770641454,Fe,,POSSIBLE
808,mp-1177916,Li2MnCr3O8,"Cr,Li,Mn,O",4.000573199014548,0.9677999999999998,0.0066353796230149,-2.247750001578407,False,0.8672906174943033,0.4518759602921949,0,0.6351664257241351,"Cr, Mn",,POSSIBLE
809,mp-771704,Li2Cr3SbO8,"Cr,Li,O,Sb",4.685316917837423,1.9309000000000005,0.0075215257142851,-2.318546847261904,False,0.8495674566107257,0.4795608041741901,0,0.6351083825968658,Cr,,POSSIBLE
810,mp-775327,Li2MnV3O8,"Li,Mn,O,V",3.7786289550028975,1.5656000000000003,0.0090015841964259,-2.437405645685549,False,0.8199658876882866,0.5260400963882951,0,0.6350952719644609,"Mn, V",,POSSIBLE
811,mp-775170,Li2AlCr2SbO8,"Al,Cr,Li,O,Sb",4.546661890341302,2.0373,0.009773758511903,-2.499012096428572,False,0.804522193067064,0.5501310704208003,0,0.6350330808341653,Cr,,POSSIBLE
812,mp-755320,Li4CrFe3O8,"Cr,Fe,Li,O",4.127528328475695,1.7401,0.0042859636458327,-2.0567710595833333,False,0.9142795708466362,0.3771943534658232,0,0.634871787678688,"Cr, Fe",,POSSIBLE
813,mp-768657,Li4CrFe3O8,"Cr,Fe,Li,O",4.129546451635497,1.7019000000000002,0.004286680520833,-2.056770342708333,False,0.9142652331532368,0.3771940731345136,0,0.6348638038313601,"Cr, Fe",,POSSIBLE
814,mp-769460,Li9Mn12Ni3O32,"Li,Mn,Ni,O",4.11501937869357,0.1762999999999996,0.003109542363096,-1.9619381172352213,False,0.9378083138679152,0.3401102831455868,0,0.6348331717283087,"Mn, Ni",,POSSIBLE
815,mp-756692,Li3Cr(FeO3)2,"Cr,Fe,Li,O",4.116062947856348,1.706,0.0047723825694427,-2.0949913991666667,False,0.9045510611518076,0.3921402754806521,0,0.6347521800517224,"Cr, Fe",,POSSIBLE
816,mp-1309214,Li2Mn3GaO8,"Ga,Li,Mn,O",4.273093098701835,0.4180999999999999,0.0049908642856903,-2.1117941084256984,False,0.9001813678864161,0.3987109126063579,0,0.6346485717497542,Mn,,POSSIBLE
817,mp-755051,Li3Cr2FeO6,"Cr,Fe,Li,O",4.118292068291346,1.8841,0.00671763847222,-2.2478201708333336,False,0.8656454183189956,0.4519033997190395,0,0.6342711699771114,"Cr, Fe",,POSSIBLE
818,mp-770951,Li4Mn3Ni3(TeO8)2,"Li,Mn,Ni,O,Te",4.903748217148134,0.0986000000000002,0.0013124479960335,-1.812229406444992,False,0.9737506860164684,0.2815672471389924,0,0.6341114138077051,"Mn, Ni",,POSSIBLE
819,mp-26103,LiV2(PO4)3,"Li,O,P,V",2.899616843631712,1.2195,0.0116574558333635,-2.6433288612367725,False,0.7668477384674229,0.6065656059526707,0,0.6340642182405174,V,,POSSIBLE
820,mp-757374,LiTi3V(PO4)6,"Li,O,P,Ti,V",2.763456374842243,1.2412999999999998,0.0146647026428627,-2.8839434828911563,False,0.7067019910038389,0.7006570611851141,0,0.6339160664669014,"Ti, V",,POSSIBLE
821,mp-755815,Li4CrFe3O8,"Cr,Fe,Li,O",4.154741609659154,1.7148,0.0043752623958326,-2.056681760833333,False,0.9124935717562582,0.3771594335208914,0,0.6338772661982541,"Cr, Fe",,POSSIBLE
822,mp-26379,LiMnP2O7,"Li,Mn,O,P",2.9815594430120727,1.7152,0.0105746838636369,-2.554750185959099,False,0.7885034699644559,0.5719272435699809,0,0.6338514437299441,Mn,,POSSIBLE
823,mp-764152,Li2NiP2O7,"Li,Ni,O,P",3.1831727502185414,0.9031000000000002,0.0099313465972263,-2.502057997371031,False,0.8013703888476079,0.5513221586855089,0,0.6337164694061125,Ni,,POSSIBLE
824,mp-771065,Li4CrFe3O8,"Cr,Fe,Li,O",4.135981385111879,1.7779000000000005,0.0043976727083325,-2.056659350520833,False,0.912045359460566,0.3771506700513198,0,0.6336276822212732,"Cr, Fe",,POSSIBLE
825,mp-1176778,LiCoPO4,"Co,Li,O,P",3.0484489354979414,3.4952,0.0086207849999935,-2.3954691632823133,False,0.8275819743462264,0.5096409905088609,0,0.6335444325685259,Co,,POSSIBLE
826,mp-771129,Li4Ti3Nb2Ni3O16,"Li,Nb,Ni,O,Ti",4.3241864026008745,1.8728,0.0121434224999923,-2.6767940847619056,False,0.757128274034225,0.6196520574721535,0,0.6332987708340775,"Ni, Ti",,POSSIBLE
827,mp-697749,LiV2(PO4)3,"Li,O,P,V",2.877091120642619,1.4095,0.0117482386111396,-2.6432380784589955,False,0.7650320584211705,0.6065301056841819,0,0.6330531691211074,V,,POSSIBLE
828,mp-757283,Li8V3P8O29,"Li,O,P,V",2.5853304103267933,1.2028,0.0126323827083059,-2.714280625287699,False,0.7473489379597548,0.6343110300875759,0,0.6330507764085167,V,,POSSIBLE
829,mp-778882,Li8Mn5Fe3(BO3)8,"B,Fe,Li,Mn,O",3.1657288833158663,0.0650000000000003,0.0091926804687441,-2.4372098104094824,False,0.8161439106893328,0.5259635157300446,0,0.6329663813846487,"Fe, Mn",,POSSIBLE
830,mp-849273,LiCoO2,"Co,Li,O",5.147680391177492,0.0,0.000596066249999,-1.7450637045833348,False,0.9880785141975176,0.2553023485787157,0,0.6327990048111851,Co,,POSSIBLE
831,mp-861602,Li2VFe(PO4)2,"Fe,Li,O,P,V",3.392622381202418,2.7366,0.0107595494642893,-2.5575049086394563,False,0.7848061080796843,0.5730044676554271,0,0.6321949231232259,"Fe, V",,POSSIBLE
832,mp-771651,Li8Mn13Fe3O32,"Fe,Li,Mn,O",4.042589058873263,0.3800000000000003,0.0040996368303591,-2.021447039103037,False,0.9180061574220278,0.3633810262922742,0,0.6320867457844113,"Fe, Mn",,POSSIBLE
833,mp-761240,Li2MnV(P2O7)2,"Li,Mn,O,P,V",2.88237050837198,0.1770999999999998,0.0119549304545314,-2.652399216053141,False,0.7608981657934829,0.6101125345569207,0,0.6320333782813379,"Mn, V",,POSSIBLE
834,mp-753634,Li2Fe(SiO3)2,"Fe,Li,O,Si",2.812023826390908,3.314,0.01309756878788,-2.743686567651515,False,0.7380450908736893,0.645810114766923,0,0.6319583401489521,Fe,,POSSIBLE
835,mp-778841,Li2MnV(P2O7)2,"Li,Mn,O,P,V",2.8669971487694554,0.4790000000000001,0.0119705981818034,-2.6523835483258704,False,0.7605848070213153,0.6101064077502912,0,0.6318588865743253,"Mn, V",,POSSIBLE
836,mp-1176968,Li7Mn2Fe6(PO4)8,"Fe,Li,Mn,O,P",3.4289886272173,1.4371,0.0100486877727243,-2.494930922115241,False,0.7990235336821824,0.5485351423447828,0,0.6314502433458743,"Fe, Mn",,POSSIBLE
837,mp-754088,Li4CrFe3O8,"Cr,Fe,Li,O",4.127947079945937,1.6734000000000004,0.0046190573958329,-2.056437965833333,False,0.9076176059869756,0.3770640983905046,0,0.6311621177295133,"Cr, Fe",,POSSIBLE
838,mp-777803,Li2MnV(P2O7)2,"Li,Mn,O,P,V",2.8687948960361105,0.2869000000000001,0.0120643111363492,-2.652289835371324,False,0.7587105226491865,0.6100697616470462,0,0.6308152040335188,"Mn, V",,POSSIBLE
839,mp-26057,LiMnPO4,"Li,Mn,O,P",2.865976129013747,3.5393,0.0116941489285666,-2.621734584415317,False,0.7661138666645594,0.5981212441061098,0,0.6307050621026461,Mn,,POSSIBLE
840,mp-778108,Li2MnV(P2O7)2,"Li,Mn,O,P,V",2.885028775408525,0.601,0.0121113772727126,-2.65224276923496,False,0.7577691872247518,0.610051356609014,0,0.6302910277867684,"Mn, V",,POSSIBLE
841,mp-752900,Li2FeSiO4,"Fe,Li,O,Si",2.958042678795779,2.9645,0.0108834003125002,-2.5523830333333333,False,0.7823290577038676,0.5710015773166826,0,0.6301315337979662,Fe,,POSSIBLE
842,mp-19430,Li3Fe2(PO4)3,"Fe,Li,O,P",2.962101238566772,2.473,0.0102601717499997,-2.501981877446428,False,0.7947937970840351,0.5512923922713617,0,0.6300889256911959,Fe,,POSSIBLE
843,mp-1176793,Li9Mn12Ni3O32,"Li,Mn,Ni,O",4.10838922006984,0.0,0.0035405545059532,-1.961507105092364,False,0.9291879547353886,0.3399417374459719,0,0.630032983210554,"Mn, Ni",,POSSIBLE
844,mp-774358,Li2MnV(P2O7)2,"Li,Mn,O,P,V",2.87129848483316,0.4711999999999998,0.0121595468181681,-2.6521945996895053,False,0.7568057833208055,0.6100325200869501,0,0.6297545628568756,"Mn, V",,POSSIBLE
845,mp-768392,Li24Ti7Cr5O36,"Cr,Li,O,Ti",3.4361923848973,1.3016,0.0123625949652668,-2.667241576712964,False,0.7527447656019501,0.6159165846348642,0,0.6295804257032751,"Cr, Ti",,POSSIBLE
846,mp-532590,LiMgCr7(SO4)12,"Cr,Li,Mg,O,S",2.9147071101424964,2.7801,0.004807484221021,-2.0598215925845405,False,0.9038490186507684,0.3783872530799225,0,0.6295524988358955,Cr,,POSSIBLE
847,mp-774685,Li3Mn5FeO12,"Fe,Li,Mn,O",4.065929558056403,0.2355999999999998,0.0043853637698303,-2.0258901640312,False,0.9122915415512276,0.3651184938135577,0,0.6295518206879205,"Fe, Mn",,POSSIBLE
848,mp-759435,LiCu(PO3)3,"Cu,Li,O,P",3.182196055723969,0.3971,0.0089681641071548,-2.393930962125851,False,0.820634298489542,0.5090394826526192,0,0.6295126830976648,,,REVIEW
849,mp-755550,Li2CrFeO4,"Cr,Fe,Li,O",4.122968142297806,2.043,0.0062010485416665,-2.1709762502083336,False,0.8759773562920133,0.4218538696129338,0,0.6294364003251343,"Cr, Fe",,POSSIBLE
850,mp-1177896,Li2MnV(P2O7)2,"Li,Mn,O,P,V",2.8778183481767443,0.5374999999999999,0.0122308937878639,-2.65212325271981,False,0.7553788246794128,0.6100046201191139,0,0.6289599706153669,"Mn, V",,POSSIBLE
851,mp-31969,Li3Mn2(PO4)3,"Li,Mn,O,P",3.0523891288687808,1.1628,0.0110669978749884,-2.556454397364533,False,0.7786570569244625,0.5725936691182641,0,0.6286691654998469,Mn,,POSSIBLE
852,mp-759919,Li4CrFe3O8,"Cr,Fe,Li,O",4.120030681883914,1.7114000000000005,0.0048524992708323,-2.0562045239583338,False,0.9029487055107032,0.3769728118112441,0,0.6285622721648223,"Cr, Fe",,POSSIBLE
853,mp-778486,Li2MnV(P2O7)2,"Li,Mn,O,P,V",2.8859261259506965,0.6505000000000001,0.0122866545454405,-2.6520674919622325,False,0.7542635944851411,0.609982815081709,0,0.6283389622454258,"Mn, V",,POSSIBLE
854,mp-768391,Li24Ti7Cr5O36,"Cr,Li,O,Ti",3.43809352848811,1.2749,0.0125175442708229,-2.667086627407407,False,0.7496457376897095,0.6158559922837143,0,0.6278547530286402,"Cr, Ti",,POSSIBLE
855,mp-1222836,Li2Cr2FeSbO8,"Cr,Fe,Li,O,Sb",4.693145527161308,1.891,0.0065539445238078,-2.187217519047619,False,0.8689193414474256,0.428204957545174,0,0.627777372936895,"Cr, Fe",,POSSIBLE
856,mp-26101,Li3V3(PO4)4,"Li,O,P,V",2.9417789622822297,1.8788,0.0130549080769313,-2.7083412757142846,False,0.7388983166013657,0.6319884694690469,0,0.6275900384449176,V,,POSSIBLE
857,mp-755795,Li2CrO3,"Cr,Li,O",3.2061416460347933,1.7417,0.0073436145833341,-2.248970232777778,False,0.853125727225342,0.452353127176233,0,0.6275427444856196,Cr,,POSSIBLE
858,mp-773082,Li2V3CrO8,"Cr,Li,O,V",3.841086234995913,1.0848,0.0102281985267893,-2.4804857879761903,False,0.7954332701737513,0.5428864262242662,0,0.6274985477740564,"Cr, V",,POSSIBLE
859,mp-26139,LiCrP2O7,"Cr,Li,O,P",3.172506800183133,1.3224999999999998,0.0125179745454548,-2.6618262606926395,False,0.749637132080995,0.6137989453933564,0,0.6271300535322221,Cr,,POSSIBLE
860,mp-774309,Li2MnV(P2O7)2,"Li,Mn,O,P,V",2.881318185694173,0.3633999999999999,0.0124136052272589,-2.6519405412804136,False,0.7517245466009235,0.6099331714885102,0,0.6269251106514865,"Mn, V",,POSSIBLE
861,mp-1177932,Li2MnV(P2O7)2,"Li,Mn,O,P,V",2.8829367647129263,0.4958,0.0124138963636228,-2.6519402501440505,False,0.7517187237951047,0.6099330576407155,0,0.626921868261558,"Mn, V",,POSSIBLE
862,mp-770492,Li24Mn11CrO36,"Cr,Li,Mn,O",3.727960375835168,1.2313,0.0065967657638905,-2.184056704267242,False,0.8680629050937629,0.4269689326504231,0,0.6268737242292177,"Cr, Mn",,POSSIBLE
863,mp-770668,Li24Mn11CrO36,"Cr,Li,Mn,O",3.732013604400239,1.24,0.0066056421527793,-2.184047827878353,False,0.867885374921378,0.4269654615714753,0,0.6267748677567743,"Cr, Mn",,POSSIBLE
864,mp-780329,Li2MnV(P2O7)2,"Li,Mn,O,P,V",2.889464151815168,0.4272999999999998,0.012443369772713,-2.6519107767349595,False,0.7511292476621746,0.6099215321734227,0,0.626593622474894,"Mn, V",,POSSIBLE
865,mp-1283454,Li2NiO2F,"F,Li,Ni,O",3.9682717629834383,0.0552999999999999,0.0049397238888904,-2.048519626944444,False,0.9012041896187056,0.3739676613412658,0,0.6265509857597312,Ni,,POSSIBLE
866,mp-754054,Li2VCrO4,"Cr,Li,O,V",4.02963493368947,0.9269000000000004,0.0098422268749995,-2.441359220833334,False,0.8031528073342272,0.5275861272839579,0,0.6263891885832102,"Cr, V",,POSSIBLE
867,mp-757429,Li2Fe2Si4O11,"Fe,Li,O,Si",3.1659128609265523,3.4646,0.0140715241666677,-2.781039900614035,False,0.7185657205511983,0.660416997058864,0,0.6263570952737615,Fe,,POSSIBLE
868,mp-773057,Li3Mn2(PO4)3,"Li,Mn,O,P",2.947227713900966,0.9762,0.0112828071249886,-2.556238588114533,False,0.7743408137049779,0.5725092777116012,0,0.6262656947367983,Mn,,POSSIBLE
869,mp-1176864,Li7V3P8O29,"Li,O,P,V",2.58139872499963,0.7826,0.0129659060948617,-2.6912196580952386,False,0.7406783802530778,0.6252931244121553,0,0.6262257026834471,V,,POSSIBLE
870,mp-768547,Li2MnV(PO4)3,"Li,Mn,O,P,V",2.9240948798796027,1.0027999999999997,0.0118541598684238,-2.599220383869804,False,0.762913604700805,0.5893171494997345,0,0.6258634849103498,"Mn, V",,POSSIBLE
871,mp-776365,Li9Mn21O40,"Li,Mn,O",4.079837136498593,0.3656999999999999,0.0051667117142786,-2.0611699208078824,False,0.8966643718757848,0.3789145118300057,0,0.6257854836721837,Mn,,POSSIBLE
872,mp-754386,Li2CrFeO4,"Cr,Fe,Li,O",4.121742260703389,1.9519,0.0065483162499999,-2.1706289825,False,0.8690319084419391,0.4217180718637875,0,0.6255688747953921,"Cr, Fe",,POSSIBLE
873,mp-26071,LiMnPO4,"Li,Mn,O,P",2.889924513888383,3.5916999999999994,0.0121826865476135,-2.6212460467962693,False,0.7563429824894262,0.5979302032824227,0,0.6252642115180325,Mn,,POSSIBLE
874,mp-755675,Li4AlCr3O8,"Al,Cr,Li,O",3.898211303933076,3.1125,0.0115728692187504,-2.569129379583333,False,0.7685394935788586,0.5775501738967863,0,0.6248392823322475,Cr,,POSSIBLE
875,mp-766682,Li3V4(PO4)6,"Li,O,P,V",3.0026231514772728,0.7901000000000002,0.0127811196058633,-2.663920950617761,False,0.7443741598834271,0.6146180661182745,0,0.624522111077281,V,,POSSIBLE
876,mp-768449,Li24Ti7Cr5O36,"Cr,Li,O,Ti",3.439291855796183,1.3152999999999997,0.0128248209374897,-2.6667793507407405,False,0.7435001214614655,0.6157358328830642,0,0.6244326083128785,"Cr, Ti",,POSSIBLE
877,mp-1276026,LiVO2,"Li,O,V",3.9730378621452265,1.6942999999999997,0.0105595606249995,-2.483221481458334,False,0.7888059388170433,0.5439562090123402,0,0.6242279395036929,V,,POSSIBLE
878,mp-1176940,Li7Mn4(P2O7)4,"Li,Mn,O,P",2.955559271416113,0.2872000000000001,0.0124383805851193,-2.6340164126000065,False,0.7512290327599961,0.6029240074580069,0,0.6241993706283002,Mn,,POSSIBLE
879,mp-770669,Li24Mn11CrO36,"Cr,Li,Mn,O",3.7262429866931046,1.2616999999999998,0.0069068300694459,-2.183746639961686,False,0.8618615353357175,0.4268476831539262,0,0.6234205335385189,"Cr, Mn",,POSSIBLE
880,mp-769609,Li4VCr3O8,"Cr,Li,O,V",4.040842596995365,1.5588000000000002,0.0098634496874998,-2.420048200833333,False,0.8027283453588822,0.5192525319666791,0,0.6232389761357229,"Cr, V",,POSSIBLE
881,mp-753770,Li2FePCO7,"C,Fe,Li,O,P",2.760025687043413,2.3353,0.0083452678124968,-2.294970380109127,False,0.8330923924232224,0.4703413141515468,0,0.6228202757858138,Fe,,POSSIBLE
882,mp-26041,LiFePO4,"Fe,Li,O,P",2.9138391566612647,3.8266,0.0105251792857146,-2.469370835425169,False,0.7894935748778938,0.5385399652603629,0,0.6227104540239686,Fe,,POSSIBLE
883,mp-768945,Li2CrFeO4,"Cr,Fe,Li,O",4.130703425846744,1.6617000000000002,0.0068512304166663,-2.170326068333334,False,0.8629735433905874,0.4215996184025799,0,0.622195315305726,"Cr, Fe",,POSSIBLE
884,mp-755112,Li5Mn3(PO4)4,"Li,Mn,O,P",3.1768553342328136,0.0,0.0123935535714299,-2.614610766036829,False,0.7521255851268962,0.5953355013551711,0,0.6220364972941028,Mn,,POSSIBLE
885,mp-20046,LiCoAsO4,"As,Co,Li,O",4.27352962516198,2.2041000000000004,0.0025418726190515,-1.822704007976191,False,0.9491618618907006,0.2856633012119911,0,0.6220211794640822,Co,,POSSIBLE
886,mp-768405,Li24Ti7Cr5O36,"Cr,Li,O,Ti",3.4322074633527766,1.2939000000000005,0.0130864232986001,-2.6665177483796305,False,0.7382680036660378,0.6156335342501722,0,0.6215191390038811,"Cr, Ti",,POSSIBLE
887,mp-1176972,Li7V3P8O29,"Li,O,P,V",2.596821307991492,0.7926,0.0133999887544362,-2.6907855754356635,False,0.7319966099578632,0.6251233779983683,0,0.6213913177762537,V,,POSSIBLE
888,mp-756067,Li2V3SbO8,"Li,O,Sb,V",4.525311503927026,1.5627000000000004,0.0098126150000004,-2.400423220119048,False,0.8037450528226897,0.5115782560576776,0,0.6211121686726666,V,,POSSIBLE
889,mp-770622,Li24Mn11CrO36,"Cr,Li,Mn,O",3.730670757988059,1.3271000000000002,0.0071165768750018,-2.1835368931561305,False,0.8576665426406019,0.4267656624436743,0,0.6210845803076172,"Cr, Mn",,POSSIBLE
890,mp-769605,Li4VCr3O8,"Cr,Li,O,V",4.054989116626412,1.5099999999999998,0.0100668346874996,-2.4198448158333337,False,0.7986605904911311,0.5191729990168906,0,0.6209738744260338,"Cr, V",,POSSIBLE
891,mp-775013,Li4Mn3Fe3(SbO8)2,"Fe,Li,Mn,O,Sb",4.6624688923298105,0.5973000000000002,0.0050470939285709,-2.0156458334688017,False,0.899056759859572,0.3611124863487129,0,0.6208705881448142,"Fe, Mn",,POSSIBLE
892,mp-585400,LiFePO4,"Fe,Li,O,P",2.976981483545848,2.4496,0.0106949311904749,-2.4692010835204083,False,0.7860984909882295,0.5384735844077048,0,0.6208199245862229,Fe,,POSSIBLE
893,mp-770533,Li6MnO4,"Li,Mn,O",2.681139291339976,2.6186,0.0055111222727282,-2.0508089466300947,False,0.8897760677941683,0.3748628913120551,0,0.6205788492460119,Mn,,POSSIBLE
894,mp-769595,Li4VCr3O8,"Cr,Li,O,V",4.058067744795059,1.6083000000000005,0.0101045759375004,-2.419807074583333,False,0.7979057553095499,0.5191582404410798,0,0.6205535495746304,"Cr, V",,POSSIBLE
895,mp-26093,LiNiPO4,"Li,Ni,O,P",3.8526804628700697,3.409,0.0093079632142849,-2.355740183996599,False,0.8138382246783599,0.4941051205347497,0,0.6205478157602604,Ni,,POSSIBLE
896,mp-758654,Li3Fe2(PO4)3,"Fe,Li,O,P",2.9645097748540765,0.8344,0.0111521209999994,-2.5010899281964285,False,0.7769545714603328,0.5509435988258556,0,0.6201552738922325,Fe,,POSSIBLE
897,mp-771282,Li24Ti7Cr5O36,"Cr,Li,O,Ti",3.435521721933809,1.2134,0.0132219062152678,-2.6663822654629623,False,0.7355583087830687,0.6155805541581861,0,0.620010263786053,"Cr, Ti",,POSSIBLE
898,mp-1177028,Li7Mn4(P2O7)4,"Li,Mn,O,P",2.95531227786728,0.1341000000000001,0.0128355371808641,-2.6336192560042617,False,0.7432857937030257,0.6027687008445025,0,0.6197762318322401,Mn,,POSSIBLE
899,mp-1177891,Li2MnV3O8,"Li,Mn,O,V",3.811248832383393,1.5143,0.0103778540178556,-2.4360293758641203,False,0.7924401199794341,0.5255019111799301,0,0.6197677349016644,"Mn, V",,POSSIBLE
900,mp-760356,Li2MnV(P2O7)2,"Li,Mn,O,P,V",2.880073039834398,0.3428,0.0130912010605905,-2.6512629454470824,False,0.7381724471373193,0.6096682001514435,0,0.6193787159785309,"Mn, V",,POSSIBLE
901,mp-26061,LiMn2(PO4)3,"Li,Mn,O,P",3.0824207593999766,1.2013,0.0096532715277755,-2.372617994617999,False,0.8069319652537333,0.5007051257696195,0,0.6190593749089202,Mn,,POSSIBLE
902,mp-769614,Li4V3CrO8,"Cr,Li,O,V",3.9547632486203534,1.8721,0.0107642256249995,-2.4617270192708336,False,0.7847125836039791,0.5355508793081227,0,0.6190347287400315,"Cr, V",,POSSIBLE
903,mp-1178090,Li12Mn7V(PO4)12,"Li,Mn,O,P,V",2.968548196219634,0.6222000000000001,0.012250637687492,-2.5809447570153936,False,0.7549839413604822,0.5821705334121777,0,0.6190008544425274,"Mn, V",,POSSIBLE
904,mp-758562,LiFeSiO4,"Fe,Li,O,Si",2.953604313834913,2.6843,0.0117089775000023,-2.5367672876190475,False,0.7658172912354991,0.564895097882081,0,0.6189127944382529,Fe,,POSSIBLE
905,mp-753433,SrLiLa3MnO8,"La,Li,Mn,O,Sr",6.146066465430097,1.6632999999999996,0.0200871794970272,-3.2090488190188844,False,0.5982509910834102,0.8277882968920994,0,0.6187639490081105,Mn,,POSSIBLE
906,mp-757749,Li2Mn(PO4)2,"Li,Mn,O,P",3.1448707284560884,0.4856,0.0111529655876125,-2.490655361356417,False,0.776937679480224,0.5468632001703362,0,0.6187178437737408,Mn,,POSSIBLE
907,mp-887724,Li2FeO3,"Fe,Li,O",3.856510072525362,0.0,0.0035133254166668,-1.8744459473611108,False,0.929732543866786,0.3058967946705433,0,0.6184167772614224,Fe,,POSSIBLE
908,mp-778200,Li2MnV(P2O7)2,"Li,Mn,O,P,V",2.895622588566404,0.4282000000000001,0.0131897395454405,-2.651164406962232,False,0.7362016508573095,0.6096296670424736,0,0.618281291436386,"Mn, V",,POSSIBLE
909,mp-755048,Li2CrFeO4,"Cr,Fe,Li,O",4.130485317688128,1.7079999999999995,0.0072089666666661,-2.169968332083334,False,0.8558187218830567,0.4214597269690484,0,0.6182112014748482,"Cr, Fe",,POSSIBLE
910,mp-754416,Li4Mn(BO3)2,"B,Li,Mn,O",2.6513995450792343,3.5788,0.0116699557692285,-2.525087912853669,False,0.7665977363779795,0.5603279217049906,0,0.6177435276046355,Mn,,POSSIBLE
911,mp-732284,Li2Ti4Co(AsO5)4,"As,Co,Li,O,Ti",3.811092546491493,2.7286,0.0108628016129017,-2.459493442741936,False,0.782741037252808,0.5346774474920012,0,0.6176446771112448,"Co, Ti",,POSSIBLE
912,mp-772976,Li8Mn15NiO32,"Li,Mn,Ni,O",4.10039374949867,0.6734,0.0055742763392849,-2.033168815636289,False,0.8885129694257805,0.3679647835234013,0,0.6174698074173697,"Mn, Ni",,POSSIBLE
913,mp-754006,Li4AlCr3O8,"Al,Cr,Li,O",3.8958899452156217,3.1048,0.01224582515625,-2.5684564236458334,False,0.7550801932836125,0.5772870169737727,0,0.6173445622468074,Cr,,POSSIBLE
914,mp-769450,Li9Mn15O32,"Li,Mn,O",3.950758940588887,0.5789,0.0059415708035572,-2.0617451976600987,False,0.8811669810542531,0.3791394717090621,0,0.6173406546780109,Mn,,POSSIBLE
915,mp-768475,Li24Ti7Cr5O36,"Cr,Li,O,Ti",3.438880616839643,1.2928000000000002,0.013466237743045,-2.6661379339351856,False,0.7306716123135075,0.6154850092206025,0,0.6172891399996401,"Cr, Ti",,POSSIBLE
916,mp-1177074,Li7Mn4(P2O7)4,"Li,Mn,O,P",2.938288558398248,0.2355,0.0130628239893741,-2.633391969195752,False,0.7387399962170114,0.6026798211811605,0,0.6172449353327625,Mn,,POSSIBLE
917,mp-776163,Li8NbFe7(PO4)12,"Fe,Li,Nb,O,P",2.974570449803136,0.0,0.011396011381576,-2.4974732963471187,False,0.7720766980337929,0.5495293283571626,0,0.6169774488435931,Fe,,POSSIBLE
918,mp-695021,Li3Ti3Fe(PO4)6,"Fe,Li,O,P,Ti",2.821447372183438,2.3884,0.0160355568918779,-2.867786034806952,False,0.6792845362042511,0.6943387510482132,0,0.6166250577792127,"Fe, Ti",,POSSIBLE
919,mp-769615,Li4V3CrO8,"Cr,Li,O,V",3.948917879047039,0.0,0.0110676746875002,-2.461423570208333,False,0.7786435204916408,0.5354322166778832,0,0.6156552121076616,"Cr, V",,POSSIBLE
920,mp-26069,Li3Fe2(PO4)3,"Fe,Li,O,P",3.0795078436163243,2.5235000000000003,0.0115626956249998,-2.500679353571428,False,0.7687429681984302,0.5507830451417853,0,0.6155826983087616,Fe,,POSSIBLE
921,mp-757513,Li2Mn3CoO8,"Co,Li,Mn,O",4.242763976314206,1.3741,0.0046727658928711,-1.9463726048542704,False,0.9065434215571164,0.334023447269644,0,0.6155070884007894,"Co, Mn",,POSSIBLE
922,mp-758853,Li4Fe3Co(PO4)4,"Co,Fe,Li,O,P",3.5238998848926504,1.5837,0.0109568219642861,-2.4499876761394552,False,0.78086060486098,0.5309602527239621,0,0.6153094211269258,"Co, Fe",,POSSIBLE
923,mp-1176861,Li7V3P8O29,"Li,O,P,V",2.5916815627394465,0.9086999999999998,0.0139460963076274,-2.6902394678824724,False,0.7210743115690378,0.6249098246654914,0,0.6153093099958928,V,,POSSIBLE
924,mp-772115,Li2Cr3(CoO6)2,"Co,Cr,Li,O",3.001909216760855,1.9332000000000005,0.0023511248026295,-1.7578217362719304,False,0.9529768696777264,0.2602913295443274,0,0.6152392436632641,"Co, Cr",,POSSIBLE
925,mp-755842,Li2MnSiO4,"Li,Mn,O,Si",2.888457108013333,2.9620999999999995,0.0138083349999984,-2.6762760790122133,False,0.723829574885881,0.6194494932452905,0,0.6149135888230862,Mn,,POSSIBLE
926,mp-674420,Li2NiO3,"Li,Ni,O",4.256342671837847,1.4157000000000002,0.0002351670833391,-1.5848085931944496,False,0.9952965948915192,0.1926351817401338,0,0.6148354407993825,Ni,,POSSIBLE
927,mp-770894,Li2CrPO4F,"Cr,F,Li,O,P",3.093253102468531,2.2453,0.0139835217360992,-2.689185605839948,False,0.7203257929032365,0.624497715823088,0,0.6147533866348609,Cr,,POSSIBLE
928,mp-769628,Li4V3CrO8,"Cr,Li,O,V",3.9579990911086775,1.9995000000000005,0.0111547725000002,-2.461336472395833,False,0.776901540745014,0.5353981574013964,0,0.6146852025002465,"Cr, V",,POSSIBLE
929,mp-756557,LiY4Ti4(S2O5)2,"Li,O,S,Ti,Y",4.143445083548434,0.0,0.0202440429130437,-3.190923624637682,False,0.5951136804455863,0.820700506865158,0,0.6145577016478778,Ti,,POSSIBLE
930,mp-757537,Li7V3P8O29,"Li,O,P,V",2.587774106648753,0.3909,0.0140645400310326,-2.690121024159068,False,0.7187054051480307,0.6248635076868239,0,0.6139902005218052,V,,POSSIBLE
931,mp-26165,Li2Ni(PO3)4,"Li,Ni,O,P",2.63019847981436,4.6675,0.0122010167982393,-2.539445131854636,False,0.7559763725319059,0.5659422589368827,0,0.6138667955204572,Ni,,POSSIBLE
932,mp-22243,LiNiAsO4,"As,Li,Ni,O",4.408197757532071,2.8263,0.0031989595238046,-1.8140242094047625,False,0.9360199465314192,0.2822690981785475,0,0.6136051549547722,Ni,,POSSIBLE
933,mp-757670,Li4Mn2Si3O10,"Li,Mn,O,Si",2.9383012383886387,3.0154000000000005,0.0150767698245628,-2.767020317326074,False,0.6984605362052911,0.6549346910200752,0,0.6133804367699365,Mn,,POSSIBLE
934,mp-849623,Li2FeP2O7,"Fe,Li,O,P",3.000860413451077,3.9852,0.0125489830555531,-2.562328650496032,False,0.7490169535137743,0.5748907740146592,0,0.6131710953377065,Fe,,POSSIBLE
935,mp-759310,Li3Cr2P2(O4F)2,"Cr,F,Li,O,P",3.096566772800607,1.8569000000000004,0.0144606786764738,-2.714902419369749,False,0.7107825253717478,0.6345541803568021,0,0.613024352079342,Cr,,POSSIBLE
936,mp-10520,LiNdTiO4,"Li,Nd,O,Ti",5.079254418208863,2.2825,0.0232029957142909,-3.4171644277380944,False,0.5359338261754555,0.9091711336720828,0,0.6129735011817296,Ti,,POSSIBLE
937,mp-765594,LiFePO4,"Fe,Li,O,P",2.931397274056826,3.4967,0.0114257558928576,-2.468470258818026,False,0.7714817997838986,0.5381877981188493,0,0.6126807192227416,Fe,,POSSIBLE
938,mp-770619,Li24Mn11CrO36,"Cr,Li,Mn,O",3.7325949779626937,1.2342000000000002,0.0078816236805572,-2.182771846350575,False,0.8423654001406222,0.4264664937283207,0,0.6125642428822545,"Cr, Mn",,POSSIBLE
939,mp-1223182,Li2Fe2(MoO4)3,"Fe,Li,Mo,O",3.9716526937693137,2.5049,0.0058917942105267,-2.020776766403509,False,0.8821625263432374,0.3631189186395158,0,0.6122810110126111,Fe,,POSSIBLE
940,mp-768387,Li4TiCrO6,"Cr,Li,O,Ti",3.452058283981146,1.2269,0.0132295783333296,-2.605904547013889,False,0.7354048643521035,0.5919309667021712,0,0.6116485137394169,"Cr, Ti",,POSSIBLE
941,mp-26133,LiCr2P5O16,"Cr,Li,O,P",2.7563695250314715,2.9926,0.0135830637499934,-2.6311521977728183,False,0.7283350606580524,0.6018039668747062,0,0.611215671768076,Cr,,POSSIBLE
942,mp-770341,Li4AlCr3O8,"Al,Cr,Li,O",3.893778568992662,3.0815999999999995,0.0128102779687502,-2.567891970833333,False,0.7437909847595539,0.5770662897952953,0,0.611058243046108,Cr,,POSSIBLE
943,mp-1178192,Li15V6(P8O29)2,"Li,O,P,V",2.615308841715345,1.0735,0.0145031980679553,-2.701165706150376,False,0.7099321260715394,0.6291824896090216,0,0.6106765407025042,V,,POSSIBLE
944,mp-1176957,Li7Mn4(P2O7)4,"Li,Mn,O,P",2.92636537868869,0.1302000000000001,0.0136605766489488,-2.632794216536177,False,0.7267847817680674,0.602446072221011,0,0.6105877552497909,Mn,,POSSIBLE
945,mp-18809,Li2VGeO5,"Ge,Li,O,V",3.600162612509504,2.1485,0.0105622757291685,-2.3799735346296296,False,0.7887516360012019,0.5035814824056218,0,0.6100669186426287,V,,POSSIBLE
946,mp-1177014,Li6Mn3V(PO4)6,"Li,Mn,O,P,V",2.9546510020769987,0.5710999999999999,0.0133809139999989,-2.605488480166257,False,0.7323781101924606,0.5917682653048142,0,0.6099268534625383,"Mn, V",,POSSIBLE
947,mp-753869,LiV2(PO4)2,"Li,O,P,V",3.346525426037515,0.5545000000000004,0.0140240010848149,-2.6566835590476194,False,0.7195161950086926,0.611787910992042,0,0.6098596761019957,V,,POSSIBLE
948,mp-504184,LiFePO4,"Fe,Li,O,P",2.898242545214326,3.4967,0.0117299721428576,-2.468166042568026,False,0.765397392714608,0.5380688354827841,0,0.6092926584120089,Fe,,POSSIBLE
949,mp-776277,Li6Mn3P8O29,"Li,Mn,O,P",2.667580788626956,0.6496000000000001,0.012285561014492,-2.5095025714333907,False,0.7542854653991161,0.5542333317567751,0,0.6088386720843852,Mn,,POSSIBLE
950,mp-18878,LiFeAs2O7,"As,Fe,Li,O",4.028044609428076,2.5882,0.0038021313636127,-1.8254094857575764,False,0.9239563470158592,0.2867212682623695,0,0.6085284347505518,Fe,,POSSIBLE
951,mp-757556,Li7V3P8O29,"Li,O,P,V",2.5826661430482822,0.9115,0.0145630552437978,-2.6896225089463024,False,0.7087349664068474,0.6246685651621255,0,0.60843822933051,V,,POSSIBLE
952,mp-704145,Li2Mn2(SO4)3,"Li,Mn,O,S",2.839508462218882,4.4239,0.0077311981578906,-2.1389495852646703,False,0.8453739511746791,0.4093299610903685,0,0.6082211595277025,Mn,,POSSIBLE
953,mp-19308,Li2NiO2,"Li,Ni,O",4.209569948249351,0.9116000000000004,0.0025416910000002,-1.721651177333333,False,0.9491654943207224,0.2461469666469137,0,0.6081924602028173,Ni,,POSSIBLE
954,mp-31729,Li3Cr2(PO4)3,"Cr,Li,O,P",2.950814526269043,3.147,0.0141643254999879,-2.653388267196428,False,0.7167096688495124,0.6104992993375948,0,0.60786507263539,Cr,,POSSIBLE
955,mp-760954,Li5Ti2V3O10,"Li,O,Ti,V",3.908744609968082,0.2984999999999997,0.0147950438750017,-2.703298924166667,False,0.7040951311985307,0.6300166766010706,0,0.6077581589695666,"Ti, V",,POSSIBLE
956,mp-1305527,Li5Ti2V3O10,"Li,O,Ti,V",3.8845613157291297,0.9222,0.0147979773750011,-2.703295990666668,False,0.7040364604071639,0.630015529466778,0,0.6077254885373125,"Ti, V",,POSSIBLE
957,mp-1223201,LiCr4(PO4)3,"Cr,Li,O,P",3.4359153837200545,2.6569,0.0121094197500006,-2.486546355238095,False,0.7578083382070784,0.5452563885702196,0,0.60763432201347,Cr,,POSSIBLE
958,mp-770651,Li10Fe9CoO20,"Co,Fe,Li,O",4.215710318958441,0.2294,0.0050836319374987,-1.9199254180833336,False,0.8983259898240525,0.3236813729893201,0,0.607367774949491,"Co, Fe",,POSSIBLE
959,mp-1176523,LiVO2,"Li,O,V",4.246057361476746,0.0,0.0121019262500006,-2.481679115833333,False,0.7579582102286213,0.5433530726561245,0,0.6070505910553854,V,,POSSIBLE
960,mp-1306845,Li2Mn3TeO8,"Li,Mn,O,Te",4.342237185522384,0.4996,0.006097657455359,-1.996344885866174,False,0.8780452059102732,0.3535649223860169,0,0.6066725860857562,Mn,,POSSIBLE
961,mp-752610,Li2CrFeO4,"Cr,Fe,Li,O",4.14513180178909,1.6024000000000005,0.0082679179166662,-2.168909380833334,False,0.8346394112067378,0.42104562801094,0,0.6064176459675348,"Cr, Fe",,POSSIBLE
962,mp-754324,Li4V3CrO8,"Cr,Li,O,V",3.9939571425250247,2.0093,0.0119435371875002,-2.460547707708333,False,0.7611260342077012,0.5350897138962903,0,0.6059007186779373,"Cr, V",,POSSIBLE
963,mp-26359,Li2Co(PO3)4,"Co,Li,O,P",2.595137358031385,3.2344,0.0130109902192971,-2.5419054763283206,False,0.7397766856018961,0.5669043675166124,0,0.6052937057118573,Co,,POSSIBLE
964,mp-1303958,Li2Ni3SbO8,"Li,Ni,O,Sb",4.940570368749757,0.5545,0.0007191771428525,-1.553617382976191,False,0.9856162631284688,0.1804379746887995,0,0.6052422358617376,Ni,,POSSIBLE
965,mp-26155,LiMn(PO3)4,"Li,Mn,O,P",2.776985464739769,1.5347,0.0132759054166671,-2.56171070832421,False,0.7344783101875633,0.5746491300206389,0,0.6050902661103834,Mn,,POSSIBLE
966,mp-775424,Na5Li4Ti5O14,"Li,Na,O,Ti",3.4579247884385125,0.0484,0.0167596017559521,-2.8406343702463053,False,0.6648034435951067,0.6837211933414999,0,0.6049443116468337,Ti,,POSSIBLE
967,mp-764098,Li2Ni3TeO8,"Li,Ni,O,Te",4.934533930633002,0.0,0.0004413292857146,-1.5291000452380945,False,0.9911732952270405,0.1708505607139481,0,0.604943008624754,Ni,,POSSIBLE
968,mp-1176910,Li7Mn4(P2O7)4,"Li,Mn,O,P",2.947711141420141,0.2165999999999999,0.0141711580319272,-2.632283635153199,False,0.7165730163674947,0.602246411265211,0,0.604901402944946,Mn,,POSSIBLE
969,mp-769530,Li3Mn4(FeO6)2,"Fe,Li,Mn,O",4.076148724519199,0.5451999999999999,0.0061356287301652,-1.9863090841297204,False,0.8772857701705296,0.3496404593450153,0,0.6048813343645466,"Fe, Mn",,POSSIBLE
970,mp-767490,Li9Ti12NbO30,"Li,Nb,O,Ti",3.720298873020581,0.0,0.021029991346154,-3.18100401346154,False,0.5793944997558166,0.8168214797117546,0,0.6045544927648132,Ti,,POSSIBLE
971,mp-753710,Li5Fe(SiO4)2,"Fe,Li,O,Si",2.6321056792141206,2.4664,0.0142515129687508,-2.634153863541667,False,0.714965895953441,0.6029777571388658,0,0.6042734577729956,Fe,,POSSIBLE
972,mp-865631,LiNiO2,"Li,Ni,O",4.8891753883096,0.0,0.000113815833334,-1.4978774833333333,False,0.997723652628896,0.1586410937019067,0,0.6042723917415603,Ni,,POSSIBLE
973,mp-26121,LiMnPO4,"Li,Mn,O,P",2.8499164674345057,3.4406,0.0140875924999939,-2.6193411408438902,False,0.7182443495498739,0.5971852968760376,0,0.6040492461590439,Mn,,POSSIBLE
974,mp-694995,LiMgCr3(SO4)6,"Cr,Li,Mg,O,S",2.822099277754076,2.6414,0.0077065388928607,-2.105833382095238,False,0.8458671431276777,0.3963799926862836,0,0.603959926160422,Cr,,POSSIBLE
975,mp-780594,Li2Fe(SO4)2,"Fe,Li,O,S",2.872042018563046,4.5495,0.0075716631730724,-2.094547224455128,False,0.8485646939092536,0.3919665826073814,0,0.603898885562673,Fe,,POSSIBLE
976,mp-1305455,Li2Ni3TeO8,"Li,Ni,O,Te",4.939209002893974,0.0,0.0005546982142856,-1.528986676309524,False,0.9889058860717592,0.1708062282149753,0,0.603680417214709,Ni,,POSSIBLE
977,mp-776113,Li8TiMn7(PO4)12,"Li,Mn,O,P,Ti",2.981822921326621,0.2491999999999998,0.0132493392324608,-2.5468251087004155,False,0.7350096410385251,0.56882817150623,0,0.6033451625983692,"Mn, Ti",,POSSIBLE
978,mp-556491,NaLiV2O6,"Li,Na,O,V",2.8319506971593165,3.0841,0.0113218330000002,-2.3905303529712656,False,0.7735602856766237,0.5077096870573569,0,0.6031565475922179,V,,POSSIBLE
979,mp-861570,Li2FeCo3O8,"Co,Fe,Li,O",4.55299726731199,0.0,0.0010325988332002,-1.562395027261905,False,0.979347744768846,0.1838704399258534,0,0.6029959135969141,"Co, Fe",,POSSIBLE
980,mp-778000,Li3MnV(PO4)3,"Li,Mn,O,P,V",2.855485325356838,0.9356,0.0146326921875017,-2.65505075159298,False,0.7073422087466114,0.6111494076938423,0,0.602940507503481,"Mn, V",,POSSIBLE
981,mp-769620,Li2VCrO4,"Cr,Li,O,V",3.991600778017852,1.9325,0.0119795114583327,-2.4392219362500005,False,0.760406539086169,0.526750350075952,0,0.6025862190239761,"Cr, V",,POSSIBLE
982,mp-768386,Li4TiCrO6,"Cr,Li,O,Ti",3.464296205010959,1.2276000000000002,0.0140530885416625,-2.605081036805556,False,0.7189344380247339,0.5916089360900327,0,0.6024770685451151,"Cr, Ti",,POSSIBLE
983,mp-861530,Li2Cr2FeSbO8,"Cr,Fe,Li,O,Sb",4.699657253148204,1.9131000000000005,0.0088418193452364,-2.1849296442261905,False,0.823161227812299,0.427310292583179,0,0.6022972777008772,"Cr, Fe",,POSSIBLE
984,mp-860880,Li2Mn4Si4O13,"Li,Mn,O,Si",3.464881981572644,2.3464,0.0158130702173942,-2.7445596218865576,False,0.6837343297147935,0.6461515193869215,0,0.602206913128559,Mn,,POSSIBLE
985,mp-762018,LiCoPO4,"Co,Li,O,P",3.076894476638985,3.1973,0.0114353757142797,-2.392654572568027,False,0.7712894007602898,0.5085403552508286,0,0.6021982947559494,Co,,POSSIBLE
986,mp-1288227,LiV2O4,"Li,O,V",3.7796246134229103,0.6926000000000001,0.0128709982142876,-2.507835831904763,False,0.7425765634681311,0.553581559446914,0,0.602170655713892,V,,POSSIBLE
987,mp-1222544,Li4CoRuO6,"Co,Li,O,Ru",4.446352085730585,0.6254999999999997,0.0049445099999951,-1.870368831944445,False,0.9011084661054488,0.30430245381101,0,0.6021155151918504,Co,,POSSIBLE
988,mp-766130,Li4MnFe3(PO4)4,"Fe,Li,Mn,O,P",3.431425343105967,3.8727,0.0128518122321503,-2.5054273821369923,False,0.7429602882867344,0.5526397440994275,0,0.6020520689925035,"Fe, Mn",,POSSIBLE
989,mp-559680,LiV(GeO3)2,"Ge,Li,O,V",4.305139445248328,2.1146,0.0101981255624998,-2.2905701360833333,False,0.7960347375724112,0.4686206150480671,0,0.6018363209316496,V,,POSSIBLE
990,mp-758044,Li5Ti8O16,"Li,O,Ti",3.878911200330756,0.0,0.0209128022413782,-3.151682846666666,False,0.5817383134657735,0.8053555462041656,0,0.6018305135776334,Ti,,POSSIBLE
991,mp-754427,LiFe3(OF3)2,"F,Fe,Li,O",3.907515548374247,1.9676,0.0124055954166637,-2.467506870277777,False,0.751884744973657,0.537811068603897,0,0.6017704837468754,Fe,,POSSIBLE
992,mp-756699,Li2MnPCO7,"C,Li,Mn,O,P",2.6264183228026217,0.6842999999999999,0.0109047085879581,-2.34628349160338,False,0.7819028864463151,0.4904071160542006,0,0.6016890781644436,Mn,,POSSIBLE
993,mp-760816,Li3VOF5,"F,Li,O,V",2.83584668114944,2.1558,0.0195600657500065,-3.04163386225,False,0.6087934082248121,0.7623212990772809,0,0.601648829200695,V,,POSSIBLE
994,mp-26187,Li3Mn2P5O16,"Li,Mn,O,P",2.7294307968362053,3.985300000000001,0.0145419537820625,-2.6382306659260144,False,0.7091570013341553,0.6045719755882721,0,0.6016365421896807,Mn,,POSSIBLE
995,mp-768548,Li2MnV(PO4)3,"Li,Mn,O,P,V",2.90199742821838,1.0845,0.0141228488157922,-2.596951694922435,False,0.7175392137227106,0.58842998710262,0,0.6005970630334079,"Mn, V",,POSSIBLE
996,mp-676447,Na2LiLa3Ti6O18,"La,Li,Na,O,Ti",4.818014924159877,2.071400000000001,0.0246865694702318,-3.4414558247030658,False,0.5062619508286887,0.9186701943457364,0,0.5999786409767865,Ti,,POSSIBLE
997,mp-757833,Li2FeSiO4,"Fe,Li,O,Si",3.069793564629931,2.9237,0.0136075934375003,-2.549658840208333,False,0.7278444602904702,0.5699362917006087,0,0.5997921552549716,Fe,,POSSIBLE
998,mp-775271,Li2Cr3WO8,"Cr,Li,O,W",5.390990215916755,2.1889,0.0110408364285721,-2.3428865690476184,False,0.779180292910437,0.4890787620897328,0,0.5997267278321469,Cr,,POSSIBLE
999,mp-1223290,Li2CaV12O32,"Ca,Li,O,V",3.245199823422265,1.794419825412083,0.0116097917021189,-2.385639337375887,False,0.7678010339508045,0.5057970735521196,0,0.5993195444161843,V,,POSSIBLE
1000,mp-767086,Li5MgTi12O24,"Li,Mg,O,Ti",3.678265853291552,0.0,0.0220209699999998,-3.2219780659920643,False,0.5595746593397458,0.8328442309596206,0,0.5992615434727274,Ti,,POSSIBLE
1001,mp-26195,Li2Ni(PO3)4,"Li,Ni,O,P",2.900580562551658,4.5469,0.0135228489035013,-2.538123299749373,False,0.7295393738322263,0.5654253613954864,0,0.5991455320961447,Ni,,POSSIBLE
1002,mp-776096,Li4Mn3Cr3(SnO8)2,"Cr,Li,Mn,O,Sn",4.683530876244317,0.0,0.0094264674107131,-2.208629169183087,False,0.8114681087805788,0.4365779039036374,0,0.5991097261955916,"Cr, Mn",,POSSIBLE
1003,mp-1284679,Li2FeCo3O8,"Co,Fe,Li,O",4.5587160852721285,0.7058,0.0014021199046281,-1.5620255061904769,False,0.9719572236535284,0.1837259400816184,0,0.5988805520380072,"Co, Fe",,POSSIBLE
1004,mp-1176907,Li7Mn4(P2O7)4,"Li,Mn,O,P",2.948098293917133,0.3017999999999998,0.0147456039893745,-2.631709189195752,False,0.7050839422486145,0.6020217763044717,0,0.5985037899433031,Mn,,POSSIBLE
1005,mp-849806,Li7Mn4(P2O7)4,"Li,Mn,O,P",2.946242279493125,0.149,0.0147521232446941,-2.6317026699404327,False,0.7049535553835042,0.6020192269738625,0,0.5984311849017792,Mn,,POSSIBLE
1006,mp-771155,Li7Co5O12,"Co,Li,O",4.684899729101319,0.0,0.0039071362500022,-1.7574475763888888,False,0.9218562209605996,0.2601450157100187,0,0.5980716770268364,Co,,POSSIBLE
1007,mp-1222389,LiFeSO4F,"F,Fe,Li,O,S",3.074643842021419,4.3426,0.0092237951562497,-2.184389943229167,False,0.8155216085453223,0.4270992445103263,0,0.5980216202785416,Fe,,POSSIBLE
1008,mp-26846,LiMn2(PO4)3,"Li,Mn,O,P",3.158398529548817,0.6003000000000001,0.0115661031944434,-2.370705162951332,False,0.7686748158902884,0.4999571200420626,0,0.5977561407543805,Mn,,POSSIBLE
1009,mp-1177980,Li2MnV(PO4)3,"Li,Mn,O,P,V",2.9026340691390007,0.9885000000000002,0.0143886819736867,-2.5966858617645405,False,0.7122224788502468,0.5883260340323396,0,0.5976364752789547,"Mn, V",,POSSIBLE
1010,mp-26339,LiMnP2O7,"Li,Mn,O,P",3.1181377595666384,1.3030000000000002,0.013826801590909,-2.5514980682318265,False,0.7234602380858838,0.5706555149965369,0,0.597632561196024,Mn,,POSSIBLE
1011,mp-768430,Li24Ti7Cr5O36,"Cr,Li,O,Ti",3.445873744071338,1.3141000000000005,0.0152440317708233,-2.664360139907407,False,0.6951152521573459,0.6147898094608076,0,0.597489821997823,"Cr, Ti",,POSSIBLE
1012,mp-780717,Li8Mn7Nb(PO4)12,"Li,Mn,Nb,O,P",3.01013971987343,0.2581000000000001,0.0138080683168944,-2.54740208563024,False,0.7238349086199048,0.5690537961943287,0,0.5972780284089627,Mn,,POSSIBLE
1013,mp-755625,LiVNiO4,"Li,Ni,O,V",3.915175022133991,0.4916,0.0082918449999986,-2.103868048333333,False,0.834160863085212,0.3956114562091417,0,0.5972524843700662,"Ni, V",,POSSIBLE
1014,mp-1177997,Li2Fe3BiO8,"Bi,Fe,Li,O",5.249745681952784,1.142,0.0038411638392892,-1.7455658663690474,False,0.923175686972426,0.2554987170822378,0,0.5971711788136176,Fe,,POSSIBLE
1015,mp-616566,Li2VPO6,"Li,O,P,V",2.980581212924588,3.1365,0.0141650399999999,-2.5720749446309528,False,0.7166953786565197,0.5787020261820164,0,0.5967281674247915,V,,POSSIBLE
1016,mp-1247728,LiV2FeO7,"Fe,Li,O,V",3.348396325804768,2.2984,0.0099419884090865,-2.232389034848485,False,0.8011575497395319,0.4458691112343202,0,0.5966908412887546,"Fe, V",,POSSIBLE
1017,mp-770825,Li3Fe(BO3)2,"B,Fe,Li,O",2.833867554812591,2.5723000000000003,0.0130183770833349,-2.472730231319445,False,0.7396289463283647,0.5398536445630626,0,0.5957446960776726,Fe,,POSSIBLE
1018,mp-26199,LiV(PO3)4,"Li,O,P,V",2.7856547036264074,4.4516835236763086e-05,0.0153260752777777,-2.656642613716931,False,0.6934743598851457,0.6117718994723639,0,0.5955310627521575,V,,POSSIBLE
1019,mp-757482,Li2Mn2Si5O13,"Li,Mn,O,Si",2.981773072240656,3.286,0.0188028328787872,-2.93417245238767,False,0.6239382699300823,0.7202989133812019,0,0.595270668144966,Mn,,POSSIBLE
1020,mp-753050,Li2FeNiO4,"Fe,Li,Ni,O",4.464389750836317,0.0,0.0037105638541659,-1.717753459583334,False,0.925787721907225,0.2446227785794507,0,0.5948012195517816,"Fe, Ni",,POSSIBLE
1021,mp-531914,Li3Ti8O16,"Li,O,Ti",3.610295403649531,0.0,0.0231690627777716,-3.2812291204320982,False,0.5366124940600271,0.8560141360052395,0,0.5947418193348488,Ti,,POSSIBLE
1022,mp-768406,Li24Ti7Cr5O36,"Cr,Li,O,Ti",3.4356503443698605,1.2200000000000002,0.0155117827430446,-2.664092388935186,False,0.6897601604809719,0.6146851064363491,0,0.5945078755172567,"Cr, Ti",,POSSIBLE
1023,mp-780778,Li2Mn7(P2O7)4,"Li,Mn,O,P",3.361136327339852,3.2243000000000004,0.0146024634444508,-2.5909124100961494,False,0.7079467917625241,0.5860683471741677,0,0.594494656980347,Mn,,POSSIBLE
1024,mp-777936,Li32Ti11Cr5O48,"Cr,Li,O,Ti",3.415119774460229,1.2148,0.0164604393489549,-2.738731290243056,False,0.6707867724409515,0.6438723719180611,0,0.5942880550138447,"Cr, Ti",,POSSIBLE
1025,mp-777396,Li2Mn3FeO8,"Fe,Li,Mn,O",4.057557297215849,0.8681000000000001,0.0073255906547471,-2.0040345296756974,False,0.853486210659449,0.3565719290728195,0,0.5942175910381837,"Fe, Mn",,POSSIBLE
1026,mp-1177127,Li7Mn4(P2O7)4,"Li,Mn,O,P",2.93664631789446,0.0726999999999999,0.0151708899468214,-2.6312839032383044,False,0.6965781083690636,0.60185546980842,0,0.593767374035932,Mn,,POSSIBLE
1027,mp-1220829,Na5Li3V8O24,"Li,Na,O,V",2.810000615177772,3.060403074628333,0.0121077326250009,-2.3832183264224143,False,0.757842081162213,0.5048503461995602,0,0.5935107658090633,V,,POSSIBLE
1028,mp-26089,Li2CoP2O7,"Co,Li,O,P",2.6325974999707538,2.9977,0.0137696484722003,-2.5147525269543647,False,0.7246033158784185,0.5562863073884206,0,0.5932320313190774,Co,,POSSIBLE
1029,mp-774938,Na7Li3V10O30,"Li,Na,O,V",2.795643116943737,3.1340000000000003,0.0120927672000012,-2.3793176156931035,False,0.7581413936994726,0.5033249877386398,0,0.5931415122432339,V,,POSSIBLE
1030,mp-767709,Li2Mn3Si3O10,"Li,Mn,O,Si",3.349602248246082,2.5783,0.016499442453707,-2.7334601714144307,False,0.67000669982393,0.6418111204534644,0,0.5931375770618741,Mn,,POSSIBLE
1031,mp-1176980,Li6MnV3(PO4)6,"Li,Mn,O,P,V",2.9011320844915653,0.6465999999999998,0.0159138130156115,-2.685806900269706,False,0.6817194465727738,0.6231764855432311,0,0.5930574655551566,"Mn, V",,POSSIBLE
1032,mp-757710,Li7V3P8O29,"Li,O,P,V",2.585135263874053,0.8068999999999997,0.015998279818266,-2.6881872843718333,False,0.6800300877328321,0.6241073259162782,0,0.592454112323755,V,,POSSIBLE
1033,mp-1301741,Li2Mn3TeO8,"Li,Mn,O,Te",4.353258101344402,0.0076999999999998,0.0073799878125022,-1.9950625555090309,False,0.8523982528294696,0.3530634718566902,0,0.5923912542060499,Mn,,POSSIBLE
1034,mp-774662,Li3Mn5Cr3O16,"Cr,Li,Mn,O",4.062362210343376,1.3378,0.0090543395679016,-2.128022299246488,False,0.8189107660268046,0.4050568864279786,0,0.5921708315645351,"Cr, Mn",,POSSIBLE
1035,mp-1221217,Na3LiV4O12,"Li,Na,O,V",2.8032568504668984,3.1673,0.0121968362499993,-2.376603095873564,False,0.7560599846245044,0.5022634848327829,0,0.5916252112349515,V,,POSSIBLE
1036,mp-776285,Li2CrPCO7,"C,Cr,Li,O,P",2.7225672985849894,2.8953,0.0128633530208333,-2.4296444982341274,False,0.7427294693996828,0.5230051284675725,0,0.5915530031334759,Cr,,POSSIBLE
1037,mp-774334,Na5Li3V8O24,"Li,Na,O,V",2.809247492193412,3.1045000000000003,0.0123017328750005,-2.383024326172415,False,0.7539620238262169,0.5047744831214463,0,0.5913501821969256,V,,POSSIBLE
1038,mp-1222545,Li3Ti8O16,"Li,O,Ti",3.632472414161425,0.0,0.0234831407407334,-3.280915042469136,False,0.5303308500710779,0.8558913169829023,0,0.5912439284831086,Ti,,POSSIBLE
1039,mp-755468,LiMnP2(HO4)2,"H,Li,Mn,O,P",2.8321723144115096,1.0886,0.0112443599404716,-2.296222867182149,False,0.7751097677673252,0.4708310945753222,0,0.5911012553733916,Mn,,POSSIBLE
1040,mp-560293,LiLa5Ti8O24,"La,Li,O,Ti",5.110370886787708,1.9349,0.0279453753947347,-3.638279348552632,False,0.4410849532012065,0.9956373032256955,0,0.591069780389657,Ti,,POSSIBLE
1041,mp-26817,LiVP2O7,"Li,O,P,V",2.97356509212239,7.310345235822524e-07,0.0163051813636494,-2.7020485286471865,False,0.6738919740314536,0.6295277140715488,0,0.5909752856423416,V,,POSSIBLE
1042,mp-758017,Li4Mn3Co(PO4)4,"Co,Li,Mn,O,P",3.408519959574562,1.9345000000000003,0.0145584240178573,-2.56153561306064,False,0.7088275921750365,0.5745806596673396,0,0.590958406579839,"Co, Mn",,POSSIBLE
1043,mp-704284,Li6Mn3P8O29,"Li,Mn,O,P",2.684172685779652,0.6539999999999999,0.01389259307971,-2.507895539368173,False,0.7221443905611051,0.5536049078289944,0,0.5909411325487559,Mn,,POSSIBLE
1044,mp-531804,Li9Mn15O32,"Li,Mn,O",3.975459958520236,0.5088999999999997,0.0083294708035568,-2.0593572976600987,False,0.833408336863627,0.3782056922720324,0,0.5907465775702062,Mn,,POSSIBLE
1045,mp-760189,LiVOF4,"F,Li,O,V",2.670251242475816,3.0138,0.0181006622618999,-2.8444057729761907,False,0.6379818716944102,0.685195986388916,0,0.5907086246680462,V,,POSSIBLE
1046,mp-770949,Li2VPCO7,"C,Li,O,P,V",2.658381260885249,2.2484,0.0135459326041651,-2.4739373742757937,False,0.7290776935915941,0.5403256933382181,0,0.5901067241437531,V,,POSSIBLE
1047,mp-766372,Li3V4(PO4)6,"Li,O,P,V",2.8568912733468297,0.8201,0.0158947624437013,-2.6608073077799235,False,0.6821004631503051,0.6134004876366682,0,0.5898454254055017,V,,POSSIBLE
1048,mp-1235847,LiVFe(P2O7)2,"Fe,Li,O,P,V",2.8640549783044835,1.5870000000000002,0.0146351990475759,-2.559250214376417,False,0.7072920708688444,0.5736869629896136,0,0.5898010760242292,"Fe, V",,POSSIBLE
1049,mp-26225,LiV(PO3)3,"Li,O,P,V",3.0109635282238094,2.7513,0.0156600765765153,-2.6400048553401354,False,0.6867942438059049,0.6052657657772675,0,0.5895798521152914,V,,POSSIBLE
1050,mp-1218260,SrLiTi4CrO11,"Cr,Li,O,Sr,Ti",4.178664719876733,2.2778,0.0233797922222205,-3.258796063981483,False,0.5323978483219624,0.847241772496168,0,0.589353436950738,"Cr, Ti",,POSSIBLE
1051,mp-753970,Li4V3CrO8,"Cr,Li,O,V",3.9302019447412406,0.9635000000000002,0.0134293853124995,-2.4590618595833336,False,0.7314086708662034,0.5345086784987974,0,0.589352806450991,"Cr, V",,POSSIBLE
1052,mp-776064,Li2VPO4F,"F,Li,O,P,V",3.03731240792992,2.6846,0.0170045117644024,-2.7454199813955023,False,0.6599051773560249,0.6464879597813707,0,0.5892186334692935,V,,POSSIBLE
1053,mp-760371,Li7V4(PO4)6,"Li,O,P,V",2.854172628154552,0.0,0.0164324489024325,-2.6991232466144024,False,0.6713465889224626,0.62838379338403,0,0.589174951591765,V,,POSSIBLE
1054,mp-777414,Na7Li3V10O30,"Li,Na,O,V",2.8003043054978405,3.1505,0.0124674782000004,-2.3789429046931043,False,0.750647072612627,0.5031784583920892,0,0.588968350374176,V,,POSSIBLE
1055,mp-554998,LiV(IO4)2,"I,Li,O,V",4.464833835700561,2.5781999999999994,0.0011571969791672,-1.4645722142361113,False,0.9768557482363068,0.145617191768104,0,0.5882366786488052,V,,POSSIBLE
1056,mp-1176936,Li6Ti2O7,"Li,O,Ti",2.9580778938686736,2.3414,0.0177789543333339,-2.7995296637777773,False,0.6444161170538011,0.6676473503558413,0,0.5881054370041351,Ti,,POSSIBLE
1057,mp-780190,Li2Cr3(NiO6)2,"Cr,Li,Ni,O",3.059028571407715,2.4449,0.0045654473245608,-1.7356143860087725,False,0.9086898218749604,0.2516072276025989,0,0.5878419316921377,"Cr, Ni",,POSSIBLE
1058,mp-776746,Li8Fe7Sb(PO4)12,"Fe,Li,O,P,Sb",3.040498136576907,0.0,0.0132807608991241,-2.4355658622681697,False,0.7343811992285459,0.525320655907648,0,0.5877718891433771,Fe,,POSSIBLE
1059,mp-1176852,Li7V3P8O29,"Li,O,P,V",2.5712514248574547,0.6729,0.0164270872650735,-2.687758476925026,False,0.6714538231160669,0.6239396423548753,0,0.5876784775380431,V,,POSSIBLE
1060,mp-777573,Li2Fe2(SO4)3,"Fe,Li,O,S",2.840035059932136,3.8848,0.0081136247368327,-2.016949885877193,False,0.8377253164275217,0.3616224312056017,0,0.5873167749570976,Fe,,POSSIBLE
1061,mp-761527,LiMnPO4,"Li,Mn,O,P",2.816515851782998,3.4354,0.0155968810714224,-2.6178318522724617,False,0.6880581709561957,0.5965950951789214,0,0.5872402773385301,Mn,,POSSIBLE
1062,mp-770529,Li8Mn15CrO32,"Cr,Li,Mn,O",4.013323439828756,0.3151999999999999,0.008908781964295,-2.0790747584934315,False,0.8218219573664289,0.3859161321885302,0,0.5870727228175215,"Cr, Mn",,POSSIBLE
1063,mp-755986,Li2NbCr3O8,"Cr,Li,Nb,O",4.176384037582349,1.8766000000000005,0.0148218010714327,-2.554107807261904,False,0.7035599800515451,0.5716760437633615,0,0.5870446043455263,Cr,,POSSIBLE
1064,mp-850408,Li4CoNi3(PO4)4,"Co,Li,Ni,O,P",3.738480739496316,2.813,0.0124433388392803,-2.362365258639456,False,0.7511298663391737,0.4966958313979715,0,0.5869649674758356,"Co, Ni",,POSSIBLE
1065,mp-764845,LiVOF3,"F,Li,O,V",3.1683842315441053,1.8467,0.0200341691666761,-2.97235874138889,False,0.599311211991181,0.7352315200422067,0,0.5869521986099219,V,,POSSIBLE
1066,mp-1303020,Li2Mn3TeO8,"Li,Mn,O,Te",4.312640256347064,0.649,0.0079063024553587,-1.994536240866174,False,0.8418718179869283,0.3528576584679773,0,0.5865296803566027,Mn,,POSSIBLE
1067,mp-768549,Li2MnV(PO4)3,"Li,Mn,O,P,V",2.89529035454716,0.9026,0.0154223456578979,-2.5956521980803293,False,0.691548926311605,0.5879218236830281,0,0.5861245477604426,"Mn, V",,POSSIBLE
1068,mp-774815,Na9Li7V16O48,"Li,Na,O,V",2.82618138035086,3.0439,0.0128219279375008,-2.3857671945718395,False,0.7435579822416964,0.5058470716343075,0,0.5860033653049407,V,,POSSIBLE
1069,mp-768438,Li4TiCrO6,"Cr,Li,O,Ti",3.461402753334527,1.2775,0.0155355312499958,-2.6035985940972224,False,0.6892851839352451,0.5910292323680943,0,0.5859670824932178,"Cr, Ti",,POSSIBLE
1070,mp-753432,LiMnFeO4,"Fe,Li,Mn,O",4.061546451827597,0.6196999999999999,0.0072918607142842,-1.9407857487520528,False,0.8541608185681298,0.3318387279154438,0,0.5859320049828767,"Fe, Mn",,POSSIBLE
1071,mp-1177856,Li2TiV3O8,"Li,O,Ti,V",3.7527470210811713,1.0926999999999998,0.0169351782142808,-2.7136839678571434,False,0.6612918670627678,0.6340777094126717,0,0.5856377251789574,"Ti, V",,POSSIBLE
1072,mp-753926,LiVCoO4,"Co,Li,O,V",4.1058405517493215,1.5911,0.0095729417032961,-2.1208165983333336,False,0.8085385834141285,0.4022391238156037,0,0.585479914213232,"Co, V",,POSSIBLE
1073,mp-757623,Li2Cr2Si4O11,"Cr,Li,O,Si",3.0373451253695154,2.5679000000000003,0.018769872894742,-2.8585758558771936,False,0.6245974785026958,0.690737144743103,0,0.5852866138365688,Cr,,POSSIBLE
1074,mp-777835,Li6MnV3(PO4)6,"Li,Mn,O,P,V",2.8997265527739264,0.5203000000000002,0.0166245765156123,-2.6850961367697046,False,0.6675039848280491,0.6228985441131493,0,0.5851416820950293,"Mn, V",,POSSIBLE
1075,mp-752853,Li2FeSiO4,"Fe,Li,O,Si",3.1245756440906423,3.0781,0.0149266806250007,-2.5483397530208327,False,0.701462360686527,0.5694204675491211,0,0.5851014620197823,Fe,,POSSIBLE
1076,mp-758637,Li2CoSiO4,"Co,Li,O,Si",3.194781578167564,2.9336,0.0142900993749996,-2.4968534639583337,False,0.7141941574188992,0.5492869452008108,0,0.5850572174006784,Co,,POSSIBLE
1077,mp-31885,Li3Fe2P5O16,"Fe,Li,O,P",2.790137809408271,4.0751,0.0149718745512865,-2.550328194546704,False,0.700558469968716,0.5701980402316432,0,0.5848764725638689,Fe,,POSSIBLE
1078,mp-757097,LiFePO4,"Fe,Li,O,P",2.9194648177495752,3.523,0.0139233728571426,-2.465972641853741,False,0.7215287867089043,0.5372111142699336,0,0.5848647226843742,Fe,,POSSIBLE
1079,mp-777962,Li8Mn5Fe3(BO3)8,"B,Fe,Li,Mn,O",3.224403909632948,2.9955000000000003,0.0135178731770784,-2.4328846177011485,False,0.7296388897030003,0.5242721651658531,0,0.5847966471446987,"Fe, Mn",,POSSIBLE
1080,mp-777154,Li32Ti11Cr5O48,"Cr,Li,O,Ti",3.4138584145623256,1.1974,0.0173137697656207,-2.7378779598263896,False,0.6537199339022407,0.6435386802240727,0,0.5847845017246578,"Cr, Ti",,POSSIBLE
1081,mp-850927,Li2Co(SO4)2,"Co,Li,O,S",2.984103803190621,3.0926,0.0086382949038466,-2.0388638971474355,False,0.8272317715454673,0.3701918240222985,0,0.5845446127578116,Co,,POSSIBLE
1082,mp-1176895,Li8Mn7Sn(PO4)12,"Li,Mn,O,P,Sn",3.0742525427180234,0.3447,0.0142810633223735,-2.488459139117082,False,0.7143748809091032,0.5460043756105815,0,0.5840077159637103,Mn,,POSSIBLE
1083,mp-778815,Li2CoP2O7,"Co,Li,O,P",2.8791350396434097,2.9811000000000005,0.014619120763867,-2.513903054662698,False,0.7076136408805073,0.5559541243999014,0,0.5837714460242445,Co,,POSSIBLE
1084,mp-1177037,Li6Mn3V(PO4)6,"Li,Mn,O,P,V",2.9551436681256043,0.5279999999999998,0.0157397254999986,-2.603129668666257,False,0.6852012438491204,0.5908458608178051,0,0.583656735403248,"Mn, V",,POSSIBLE
1085,mp-774609,Na5Li3Ti5O14,"Li,Na,O,Ti",3.36031357383884,3.1152999999999995,0.019564645198419,-2.909459797539378,False,0.6087018180211511,0.7106351213749419,0,0.5835082923928627,Ti,,POSSIBLE
1086,mp-758869,LiV2(PO4)3,"Li,O,P,V",2.922922398848706,1.2291,0.0162020755555847,-2.638784241514551,False,0.6759541180078973,0.6047884492686678,0,0.5834507221483772,V,,POSSIBLE
1087,mp-26191,Li3Ni2P5O16,"Li,Ni,O,P",2.925795324979568,4.314,0.0144032351282366,-2.491245693777473,False,0.7119314118332025,0.5470940474737384,0,0.5830451931240699,Ni,,POSSIBLE
1088,mp-761271,Li2VOF4,"F,Li,O,V",2.921538261773528,2.0956,0.0209282200000098,-3.0144653264583336,False,0.5814299541338486,0.7516971439382616,0,0.5828804751520082,V,,POSSIBLE
1089,mp-763610,LiCrSiO4,"Cr,Li,O,Si",3.5676901581021068,2.5476,0.0178460210714295,-2.7661646783333333,False,0.6430747641991027,0.6546000965659766,0,0.5828011541075984,Cr,,POSSIBLE
1090,mp-1653381,Li4TiCrO6,"Cr,Li,O,Ti",3.443590809681321,1.4589,0.0158225102083298,-2.603311615138889,False,0.6835455273494282,0.5909170103109931,0,0.582770993651033,"Cr, Ti",,POSSIBLE
1091,mp-754669,Li2VP2O7,"Li,O,P,V",2.706415770469956,2.7579,0.0166840689670122,-2.6721703419543648,False,0.6663141197506017,0.6178439599991454,0,0.582718151862532,V,,POSSIBLE
1092,mp-26163,Li6Cr9(PO4)8,"Cr,Li,O,P",3.2600896052616024,2.7226000000000004,0.0149317649431752,-2.5300095386753254,False,0.701360672951426,0.5622525052256645,0,0.5825367469522669,Cr,,POSSIBLE
1093,mp-1275461,Li2TiCr3O8,"Cr,Li,O,Ti",3.867666242137304,0.8332999999999997,0.0154213867658725,-2.568698478571429,False,0.6915681044107961,0.5773816716545186,0,0.5824460425050194,"Cr, Ti",,POSSIBLE
1094,mp-1233002,Sr4LiMn2(GaO5)2,"Ga,Li,Mn,O,Sr",4.793258550598895,0.1160999999999998,0.0159998727631665,-2.613826395483968,False,0.6799982284050888,0.5950287761601154,0,0.5822590972788393,Mn,,POSSIBLE
1095,mp-756223,Li2FePCO7,"C,Fe,Li,O,P",2.724617001735425,2.4432,0.0119919271874975,-2.2913237207341264,False,0.760158221153446,0.46891530153032,0,0.5822073771700074,Fe,,POSSIBLE
1096,mp-761049,Li9V3P8O29,"Li,O,P,V",2.626687673684457,1.6257,0.0172665221258609,-2.7125082729008745,False,0.6546648994435681,0.6336179582612904,0,0.5818319800854141,V,,POSSIBLE
1097,mp-757803,LiTi2V3O12,"Li,O,Ti,V",2.8946950536350955,2.2849,0.0176025419444361,-2.736890009027778,False,0.6479444124230335,0.643152345729102,0,0.5814727478378541,"Ti, V",,POSSIBLE
1098,mp-757190,Li4Cr3Ni3(TeO8)2,"Cr,Li,Ni,O,Te",4.950455022496557,0.0,0.0070878117857153,-1.8911254355952367,False,0.8582418521863727,0.3124192466715509,0,0.5813797550375478,"Cr, Ni",,POSSIBLE
1099,mp-760516,Li2CoSiO4,"Co,Li,O,Si",3.317158017207737,2.6928,0.0146308962499999,-2.496512667083333,False,0.7073781279811425,0.5491536778470357,0,0.5812617576360909,Co,,POSSIBLE
1100,mp-761944,Li2FeCo3O8,"Co,Fe,Li,O",4.55395772437849,0.2015000000000002,0.0029849516903421,-1.5604426744047626,False,0.9403001609341762,0.183106979583366,0,0.5812525313679751,"Co, Fe",,POSSIBLE
1101,mp-756423,Li2Co3BiO8,"Bi,Co,Li,O",5.931337620412108,1.1113,0.0030284738035728,-1.5635104461904763,False,0.9394297069284768,0.1843066203601989,0,0.5811936559367319,Co,,POSSIBLE
1102,mp-759308,Li2Mn2(PO4)3,"Li,Mn,O,P",2.995341461729565,0.8459,0.0143364683040987,-2.4706171937609125,False,0.7132667663278383,0.5390273490641603,0,0.5809562936527671,Mn,,POSSIBLE
1103,mp-849679,Li7Mn4(P2O7)4,"Li,Mn,O,P",2.952017487810722,0.1513999999999999,0.0163384452659709,-2.6301163479191554,False,0.6732266870113252,0.6013989016319402,0,0.580764293427408,Mn,,POSSIBLE
1104,mp-1291363,Li2TiCr3O8,"Cr,Li,O,Ti",3.8691975108374246,0.7668999999999997,0.015584676765874,-2.568535188571429,False,0.6883022603595542,0.5773178177057465,0,0.5806274793947661,"Cr, Ti",,POSSIBLE
1105,mp-756107,Li2Fe3SbO8,"Fe,Li,O,Sb",4.491097065558108,1.3362000000000005,0.0075663457142862,-1.921611299047619,False,0.8486710445194837,0.3243406304865895,0,0.5802882951560224,Fe,,POSSIBLE
1106,mp-2767662,Li3Ni5O8,"Li,Ni,O",5.397487531794966,0.0,0.0021255521874987,-1.4822497487500002,False,0.9574883828337138,0.1525299260645371,0,0.5800040846811306,Ni,,POSSIBLE
1107,mp-775999,Li4Ti3Nb2Fe3O16,"Fe,Li,Nb,O,Ti",4.118093227085809,1.5704000000000002,0.0177625274107118,-2.738667987797619,False,0.6447446599377813,0.643847617731595,0,0.579956229171838,"Fe, Ti",,POSSIBLE
1108,mp-1176992,Li6MnV3(PO4)6,"Li,Mn,O,P,V",2.904479739947706,0.3305000000000002,0.0171531363906112,-2.6845675768947053,False,0.6569326447369572,0.6226918527347359,0,0.5792551030624841,"Mn, V",,POSSIBLE
1109,mp-769593,Li4VCr3O8,"Cr,Li,O,V",4.037699590141031,1.7184,0.013814274375,-2.4160973761458333,False,0.7237107857835668,0.5177075766283078,0,0.5792385840008696,"Cr, V",,POSSIBLE
1110,mp-768946,Li4Cr3CoO8,"Co,Cr,Li,O",4.263025416800088,0.8859000000000004,0.0115320099999998,-2.2313493227083336,False,0.7693566889765793,0.4454625356587502,0,0.5790580664176812,"Co, Cr",,POSSIBLE
1111,mp-769505,Li7Mn10Cr6O32,"Cr,Li,Mn,O",4.069035815062755,0.0,0.0106044872590826,-2.15263169768443,False,0.7879073940153943,0.4146803003980032,0,0.578487171847768,"Cr, Mn",,POSSIBLE
1112,mp-755443,Li2MnCrO4,"Cr,Li,Mn,O",4.088150540262206,0.9948,0.0120932868750003,-2.272152621824713,False,0.7581310000592963,0.4614185144174286,0,0.578468530078713,"Cr, Mn",,POSSIBLE
1113,mp-1176976,Li6MnV3(PO4)6,"Li,Mn,O,P,V",2.9007520026157625,0.4426999999999998,0.0172384170156121,-2.6844822962697044,False,0.6552270092305402,0.6226585040626798,0,0.5783053314987351,"Mn, V",,POSSIBLE
1114,mp-1178138,Li12Mn7V(PO4)12,"Li,Mn,O,P,V",2.966258817916149,0.5488,0.0159132909374921,-2.577282103765394,False,0.6817298882760043,0.5807382664454623,0,0.5782098318077142,"Mn, V",,POSSIBLE
1115,mp-768398,Li24Ti5Cr7O36,"Cr,Li,O,Ti",3.474606497117829,1.166,0.015511358645833,-2.54315272037037,False,0.6897686425396138,0.5673920976725753,0,0.5779599875821889,"Cr, Ti",,POSSIBLE
1116,mp-768718,Li4Cr3CoO8,"Co,Cr,Li,O",4.300676242610598,0.8600999999999996,0.0116370684375004,-2.231244264270833,False,0.7672554918846513,0.4454214529464823,0,0.577888029067827,"Co, Cr",,POSSIBLE
1117,mp-768934,Li4Cr3CoO8,"Co,Cr,Li,O",4.301177417150469,0.0,0.0116685371875,-2.2312127955208334,False,0.7666261083952443,0.445409147208529,0,0.5775375611403696,"Co, Cr",,POSSIBLE
1118,mp-1176842,Li8Mn7Sb(PO4)12,"Li,Mn,O,P,Sb",3.068372304698064,0.0,0.0148934294682101,-2.484361635498661,False,0.702127392792599,0.5444020620203823,0,0.5767107877430633,Mn,,POSSIBLE
1119,mp-768397,Li24Ti5Cr7O36,"Cr,Li,O,Ti",3.482712200587533,1.2071999999999998,0.0156462729513888,-2.5430178060648143,False,0.6870703200322784,0.5673393399338554,0,0.5764574449946025,"Cr, Ti",,POSSIBLE
1120,mp-26297,LiV(PO3)3,"Li,O,P,V",2.726913378659433,2.4931,0.0168423688979437,-2.6388225630187074,False,0.6631480784269452,0.6048034347507139,0,0.5764126452975697,V,,POSSIBLE
1121,mp-759150,LiVOF2,"F,Li,O,V",3.2191538689261856,1.6095,0.0209256882499904,-2.964729583166668,False,0.581480589817234,0.7322481660199457,0,0.5761011825064597,V,,POSSIBLE
1122,mp-705340,LiVP2O7,"Li,O,P,V",2.939658216222194,2.071,0.0176641125000145,-2.700689597510822,False,0.6467129847014,0.6289963090916599,0,0.575840849767851,V,,POSSIBLE
1123,mp-1176911,Li7Mn4(P2O7)4,"Li,Mn,O,P",2.927965267526204,0.3291999999999999,0.0167972959042685,-2.6296574972808577,False,0.6640495504599202,0.601219469791951,0,0.575654067180139,Mn,,POSSIBLE
1124,mp-766679,Li9V21O40,"Li,O,V",3.857093057744511,0.6539999999999999,0.0152838534285706,-2.507324756571427,False,0.6943188082595971,0.5533817053336588,0,0.575558941409559,V,,POSSIBLE
1125,mp-768480,Li24Ti5Cr7O36,"Cr,Li,O,Ti",3.4731691404608407,1.2258999999999998,0.0157558660069438,-2.54290821300926,False,0.6848784293559456,0.5672964839760187,0,0.5752369055373766,"Cr, Ti",,POSSIBLE
1126,mp-768431,Li24Ti5Cr7O36,"Cr,Li,O,Ti",3.481484280061688,1.2212,0.0157861650347213,-2.542877913981481,False,0.6842724406265398,0.5672846356536008,0,0.5748994648233572,"Cr, Ti",,POSSIBLE
1127,mp-754256,Li2CrFeO4,"Cr,Fe,Li,O",4.122477434950226,1.6838000000000006,0.0111080572916666,-2.1660692414583336,False,0.7778358575141818,0.4199350020439087,0,0.5747869723481681,"Cr, Fe",,POSSIBLE
1128,mp-780292,Li8Mn5Fe3(BO3)8,"B,Fe,Li,Mn,O",3.2163249057250742,3.0066,0.014429622760411,-2.4319728681178154,False,0.7114036520710473,0.5239156288734468,0,0.5746424787447824,"Fe, Mn",,POSSIBLE
1129,mp-759723,Li2Zr7Fe(PO4)12,"Fe,Li,O,P,Zr",2.9941043203394613,0.0,0.0215898364285713,-3.0046915157483,False,0.5681974470764564,0.7478751315162797,0,0.5742648919227489,Fe,,POSSIBLE
1130,mp-540257,Li2CoP2O7,"Co,Li,O,P",2.9320035026447,3.2959000000000005,0.015517264305533,-2.5130049111210315,False,0.6896505277524271,0.555602908699617,0,0.5737688083087009,Co,,POSSIBLE
1131,mp-774276,Li2Cr3SnO8,"Cr,Li,O,Sn",4.438884964878002,0.9318,0.0125039660515939,-2.268205161011905,False,0.7499173057373246,0.4598748745097774,0,0.5734107242339507,Cr,,POSSIBLE
1132,mp-25394,Li2MnPCO7,"C,Li,Mn,O,P",2.6593626088727422,0.8778999999999999,0.0134992869212915,-2.3436889132700465,False,0.7300106198328059,0.4893925158215989,0,0.5727932214456029,Mn,,POSSIBLE
1133,mp-770456,Li6Ti2O7,"Li,O,Ti",2.9681381327814385,2.3765,0.019160892666667,-2.7981477254444447,False,0.61677697757767,0.6671069484969238,0,0.5727147696416419,Ti,,POSSIBLE
1134,mp-752433,LiLa3Ti4O12,"La,Li,O,Ti",5.517232381225254,0.0,0.0287253575625072,-3.5655037400833343,False,0.4254850994277293,0.9671786714965795,0,0.572529339709054,Ti,,POSSIBLE
1135,mp-27920,Li8CoO6,"Co,Li,O",2.53907545892006,1.0758,0.0084953063333346,-1.939283303777778,False,0.8300915815301442,0.3312512023816079,0,0.5724882906751421,Co,,POSSIBLE
1136,mp-757063,LiNi2O3,"Li,Ni,O",5.59683656927773,0.0,0.0018387068055574,-1.4028505926388892,False,0.9632253678556416,0.121481180600293,0,0.5722923655307054,Ni,,POSSIBLE
1137,mp-757721,Li4Mn3Cu(PO4)4,"Cu,Li,Mn,O,P",3.4272228155461244,0.0,0.0157177241964294,-2.518219476274924,False,0.6856412758558591,0.5576420450594967,0,0.5722774174915464,Mn,,POSSIBLE
1138,mp-768749,Li4AlCr3O8,"Al,Cr,Li,O",3.9129440723982185,3.2438,0.0162985898437497,-2.5644036589583337,False,0.674023806207661,0.5757021983765502,0,0.5722088628460061,Cr,,POSSIBLE
1139,mp-26261,Li2Cu(PO3)4,"Cu,Li,O,P",2.759519399276966,0.8250000000000002,0.0150911057456193,-2.466710169749375,False,0.6981738139167186,0.5374995218176444,0,0.5721204302903709,,,REVIEW
1140,mp-764957,Li2CoSiO4,"Co,Li,O,Si",3.226078368402757,2.7567,0.0154764846874995,-2.495667078645834,False,0.6904661311143316,0.5488230136252815,0,0.571844426881731,Co,,POSSIBLE
1141,mp-542008,Li3Fe2(AsO4)3,"As,Fe,Li,O",3.675282686030769,2.6231,0.0083046182499684,-1.9191242343750008,False,0.8339053946399396,0.3233680730721861,0,0.5718267926272319,Fe,,POSSIBLE
1142,mp-769608,Li4VCr3O8,"Cr,Li,O,V",4.054910655902089,1.9311,0.0144867981249996,-2.4154248523958337,False,0.7102601293549131,0.5174445887106128,0,0.5717486771939168,"Cr, V",,POSSIBLE
1143,mp-863081,Li2CrFeO4,"Cr,Fe,Li,O",4.162693225601231,2.0437,0.0114498350000005,-2.1657274637499992,False,0.7710002111451509,0.4198013511388969,0,0.570980589028447,"Cr, Fe",,POSSIBLE
1144,mp-768691,Li4Cr3CoO8,"Co,Cr,Li,O",4.301277786113596,0.8301000000000003,0.0122574268750001,-2.2306239058333333,False,0.7548481557787816,0.445178864080732,0,0.5709790881065862,"Co, Cr",,POSSIBLE
1145,mp-779765,Li8Mn5Fe3(BO3)8,"B,Fe,Li,Mn,O",3.1760958949903952,2.9851,0.0147761029687449,-2.431626387909482,False,0.7044739544334093,0.5237801390732544,0,0.5707837236140142,"Fe, Mn",,POSSIBLE
1146,mp-768545,Li2MnV(PO4)3,"Li,Mn,O,P,V",2.920767972724539,0.9468,0.0168247746052649,-2.5942497691329622,False,0.663499969026984,0.5873734090455028,0,0.5705056761307672,"Mn, V",,POSSIBLE
1147,mp-768407,Li24Ti5Cr7O36,"Cr,Li,O,Ti",3.4814385441105284,1.2211000000000003,0.0161814558680539,-2.5424826231481483,False,0.6763665173211455,0.5671300586395666,0,0.5704971050504783,"Cr, Ti",,POSSIBLE
1148,mp-532759,LiZnCr3(SO4)6,"Cr,Li,O,S,Zn",2.986275031295168,0.0,0.0095553675357127,-2.008505540809523,False,0.8088900715068302,0.3583203013913827,0,0.5703016448157406,Cr,,POSSIBLE
1149,mp-768491,Li2FePCO7,"C,Fe,Li,O,P",2.7389340183898936,2.2696,0.0130668082291638,-2.29024883969246,False,0.7386603103463776,0.4684949732862725,0,0.5702364113407031,Fe,,POSSIBLE
1150,mp-768741,Li4Cr3CoO8,"Co,Cr,Li,O",4.300675375680326,0.8064,0.0123445078125001,-2.2305368248958333,False,0.7531065135367073,0.4451448114031514,0,0.570009266436292,"Co, Cr",,POSSIBLE
1151,mp-771365,Li24Ti5Cr7O36,"Cr,Li,O,Ti",3.4785953707598622,1.1757999999999995,0.0162273948958313,-2.542436684120371,False,0.6754477243724942,0.5671120943531661,0,0.5699854814284799,"Cr, Ti",,POSSIBLE
1152,mp-768408,Li24Ti5Cr7O36,"Cr,Li,O,Ti",3.478734515574573,1.1906,0.0162562425347205,-2.542407836481482,False,0.6748707638124,0.5671008135909896,0,0.5696642048536664,"Cr, Ti",,POSSIBLE
1153,mp-768808,Li4AlCr3O8,"Al,Cr,Li,O",3.913258314296873,3.204,0.0165474998437504,-2.564154748958333,False,0.6690455390584821,0.5756048630443874,0,0.5694367485477008,Cr,,POSSIBLE
1154,mp-756671,Li4Cr3Fe3(SbO8)2,"Cr,Fe,Li,O,Sb",4.7583366544778105,1.678,0.0110291837499998,-2.116593825119048,False,0.7794133496254596,0.4005878240146323,0,0.5688830806991241,"Cr, Fe",,POSSIBLE
1155,mp-1178000,Li2TiCr3O8,"Cr,Li,O,Ti",3.8645693305143554,0.7439,0.0166795774801595,-2.5674402878571434,False,0.6664039506993372,0.5768896608429847,0,0.5684335541796801,"Cr, Ti",,POSSIBLE
1156,mp-768851,Li4AlCr3O8,"Al,Cr,Li,O",3.916167579853974,3.3975,0.0166567492187503,-2.564045499583333,False,0.6668605220859667,0.5755621414815567,0,0.5682200366658265,Cr,,POSSIBLE
1157,mp-1176977,Li6MnV3(PO4)6,"Li,Mn,O,P,V",2.9184260001980764,0.3467,0.0181468651406122,-2.6835738481447047,False,0.6370578016558811,0.622303258793308,0,0.5681879314883924,"Mn, V",,POSSIBLE
1158,mp-768694,Li4AlCr3O8,"Al,Cr,Li,O",3.916100339345884,3.1083,0.0166665167187503,-2.564035732083333,False,0.6666651694509602,0.5755583219369146,0,0.5681112558759482,Cr,,POSSIBLE
1159,mp-766088,LiCr3Ni(SO4)6,"Cr,Li,Ni,O,S",2.974080333326507,2.3309,0.0094406510357112,-1.9826092782380955,False,0.8111844324542595,0.3481936639756109,0,0.5680192202413066,"Cr, Ni",,POSSIBLE
1160,mp-768433,Li24Ti5Cr7O36,"Cr,Li,O,Ti",3.479893487523332,1.1976,0.0164258633680551,-2.542238215648148,False,0.6714783013866091,0.5670344839933267,0,0.5677751351602994,"Cr, Ti",,POSSIBLE
1161,mp-1176982,Li6MnV3(PO4)6,"Li,Mn,O,P,V",2.90245069560578,0.3410999999999999,0.0181864882656119,-2.683534225019705,False,0.636265328466643,0.6222877643172597,0,0.5677466481676945,"Mn, V",,POSSIBLE
1162,mp-776595,Li4V3Cr3(SbO8)2,"Cr,Li,O,Sb,V",4.5990986647883965,1.3902,0.0140901253571428,-2.3540619786904773,False,0.7181936917235999,0.4934488645751323,0,0.5677136330492762,"Cr, V",,POSSIBLE
1163,mp-766385,Li5V12O32,"Li,O,V",3.367790061145163,0.0,0.0141971188775507,-2.3600024736054435,False,0.7160537924514928,0.4957718730752266,0,0.5673497414246503,V,,POSSIBLE
1164,mp-31557,LiCo6P7O24,"Co,Li,O,P",3.6622583955647263,2.9974,0.013437059177642,-2.297685592390349,False,0.7312551914931529,0.471403087841976,0,0.5671814360659257,Co,,POSSIBLE
1165,mp-769575,Li6Co5(P2O7)4,"Co,Li,O,P",3.328839147506076,2.9488,0.0153545106205754,-2.449707859939209,False,0.6929056453581076,0.5308508316368404,0,0.5668958960198534,Co,,POSSIBLE
1166,mp-753151,LiVCoO4,"Co,Li,O,V",3.8305537001777656,1.9367,0.0112422945604393,-2.11914724547619,False,0.7751510759251548,0.4015863295733207,0,0.5668883071094974,"Co, V",,POSSIBLE
1167,mp-532301,Li20(CoO2)21,"Co,Li,O",4.889988839731036,0.0,0.0062725005271087,-1.7192153468273086,False,0.8745482973073622,0.2451944441633025,0,0.5668196189762051,Co,,POSSIBLE
1168,mp-768896,Li2Ni2(SO4)3,"Li,Ni,O,S",3.033484030054635,0.0,0.0088157510526318,-1.9235648516666664,False,0.8236826006969089,0.3251045599915194,0,0.5668120263803318,Ni,,POSSIBLE
1169,mp-1318887,Li2TiCr3O8,"Cr,Li,O,Ti",3.86605419647496,0.6110000000000002,0.016825179265874,-2.5672946860714285,False,0.6634918757056356,0.5768327238047941,0,0.5668119849697776,"Cr, Ti",,POSSIBLE
1170,mp-1289239,Li5Ti2V3O10,"Li,O,Ti,V",3.887071983451881,0.5090000000000003,0.0185079818750013,-2.699585986166668,False,0.6298353695486015,0.6285647459694004,0,0.566407114341021,"Ti, V",,POSSIBLE
1171,mp-775234,Li3V3(FeO6)2,"Fe,Li,O,V",3.1043810973494423,2.46,0.0127800404999991,-2.23852642925,False,0.7443957422918245,0.4482691165482261,0,0.5663118490523826,"Fe, V",,POSSIBLE
1172,mp-850007,Li7V16(PO4)24,"Li,O,P,V",3.001515924545416,0.8331999999999999,0.0176266199650356,-2.627890473459874,False,0.6474628455154467,0.6005284816815709,0,0.5662895336220456,V,,POSSIBLE
1173,mp-1314210,Li(NiO2)2,"Li,Ni,O",4.850258639651016,0.1299000000000001,6.878767857187995e-05,-1.2163243440476188,False,0.998624227871513,0.0485407830121094,0,0.5662325993835705,Ni,,POSSIBLE
1174,mp-1176835,Li8Fe7P12WO48,"Fe,Li,O,P,W",3.154199522984823,0.0343,0.0155924536184244,-2.463712781741855,False,0.6881467212105624,0.5363274043561839,0,0.5661952881904737,Fe,,POSSIBLE
1175,mp-1266205,Li3VSi4(HO6)2,"H,Li,O,Si,V",2.463334813505868,2.3965000000000005,0.0190690442234808,-2.7431291828409083,False,0.618613971219612,0.6455921515043671,0,0.5661949371973152,V,,POSSIBLE
1176,mp-1177300,Li4VCr3O8,"Cr,Li,O,V",4.0362642679999015,1.9407,0.0149959115625,-2.4149157389583333,False,0.7000777232599125,0.5172455017894464,0,0.5660786734192581,"Cr, V",,POSSIBLE
1177,mp-771058,Li4Cr3CoO8,"Co,Cr,Li,O",4.291981270176332,0.5942999999999996,0.0127359475000004,-2.230145385208333,False,0.7452776141868938,0.444991740365409,0,0.5656497969306847,"Co, Cr",,POSSIBLE
1178,mp-775101,Li8TiFe7(PO4)12,"Fe,Li,O,P,Ti",2.912577185568828,0.0,0.0159930141611877,-2.491644083496241,False,0.6801354022949295,0.5472498362954268,0,0.5656119139656106,"Fe, Ti",,POSSIBLE
1179,mp-771093,Li3Cr10Fe5O24,"Cr,Fe,Li,O",4.386725092544833,1.4123,0.0120061757142835,-2.170312636428571,False,0.7598732467738601,0.4215943659060484,0,0.56548831379274,"Cr, Fe",,POSSIBLE
1180,mp-758237,Li2Cr2Si5O13,"Cr,Li,O,Si",2.9662982398013065,2.8549,0.021210874848478,-2.910064710530303,False,0.5757767809118751,0.7108716703561042,0,0.5654823141261678,Cr,,POSSIBLE
1181,mp-752844,Li2MnSiO4,"Li,Mn,O,Si",3.063851989541065,2.7378,0.0182622490624986,-2.671822164949713,False,0.6347500920907014,0.617707806673047,0,0.5653102829854523,Mn,,POSSIBLE
1182,mp-761091,Li9V3P8O29,"Li,O,P,V",2.6217791370427785,1.6943,0.0187702230442274,-2.7110045719825084,False,0.624590475418527,0.6330299415951767,0,0.5650852410385017,V,,POSSIBLE
1183,mp-690161,Li9Mn20O40,"Li,Mn,O",4.02294869618446,0.5773999999999999,0.0104319506751195,-2.040790375777113,False,0.7913581722403457,0.3709451663441168,0,0.565077802952631,Mn,,POSSIBLE
1184,mp-768508,Li2FePCO7,"C,Fe,Li,O,P",2.734252567288208,2.1051,0.0135313205208298,-2.2897843274007936,False,0.7293699392002437,0.4683133274777354,0,0.5650631311773415,Fe,,POSSIBLE
1185,mp-752617,LiFe(SiO3)2,"Fe,Li,O,Si",2.526430237872974,3.0234,0.0192344304166649,-2.746548358333334,False,0.6153062027392222,0.6469292073971695,0,0.5648436340955816,Fe,,POSSIBLE
1186,mp-775903,Li2MnP2O7,"Li,Mn,O,P",2.726563975970677,3.7889,0.0180834227083064,-2.653161069281951,False,0.638326667417044,0.6104104544359347,0,0.5647233261319514,Mn,,POSSIBLE
1187,mp-766995,LiLa3Ti2O9,"La,Li,O,Ti",5.8918555179523775,2.6852,0.0304985892500031,-3.64943582,False,0.3900199873080112,1.0,0,0.5645109930194062,Ti,,POSSIBLE
1188,mp-756797,LiNiSnO4,"Li,Ni,O,Sn",5.175195582843013,0.3462,0.0068953224404761,-1.7523396919047625,False,0.8620916910195595,0.2581475964303167,0,0.5645020888113687,Ni,,POSSIBLE
1189,mp-1176886,Li8Mn3Fe5(BO3)8,"B,Fe,Li,Mn,O",3.268471173243753,3.1234,0.0147818441145819,-2.3859158975790216,False,0.704359129967864,0.5059052213936488,0,0.5644643489701022,"Fe, Mn",,POSSIBLE
1190,mp-705277,Li2Co(PO3)4,"Co,Li,O,P",2.8868939279874177,3.2054,0.0167018841666655,-2.538214582380952,False,0.6659578109514783,0.5654610571299503,0,0.5641881660187957,Co,,POSSIBLE
1191,mp-760182,Li6V3P8O29,"Li,O,P,V",2.595444876354642,1.3801,0.0182475003895055,-2.662222470263976,False,0.6350450695293554,0.613953881676479,0,0.5641586468279132,V,,POSSIBLE
1192,mp-769585,Li4Mn3Co3(TeO8)2,"Co,Li,Mn,O,Te",4.79191636959184,0.0,0.0078263148469401,-1.822767525373564,False,0.8434715917337869,0.2856881394546146,0,0.5639002242626979,"Co, Mn",,POSSIBLE
1193,mp-25417,LiTiO2,"Li,O,Ti",3.9045927724426814,0.0,0.02196384375,-2.957393104166666,False,0.5607171997508542,0.7293792631218334,0,0.5636772019556116,Ti,,POSSIBLE
1194,mp-1177876,Li2V2P4H6O17,"H,Li,O,P,V",2.612949712119572,2.1062,0.0137465125703046,-2.293245311862519,False,0.7250660401577713,0.4696667326128913,0,0.5631696785012863,V,,POSSIBLE
1195,mp-18951,LiFePO4,"Fe,Li,O,P",3.568159927743084,3.5133,0.0158785592857135,-2.4640174554251693,False,0.6824245306812338,0.5364465458698499,0,0.563089782929126,Fe,,POSSIBLE
1196,mp-756200,Li2SiNiO4,"Li,Ni,O,Si",3.281941443423871,3.2176,0.0157190584375008,-2.4509734561458334,False,0.6856145906744892,0.5313457383386826,0,0.5630590332895079,Ni,,POSSIBLE
1197,mp-1663233,Li3Mn(PO4)2,"Li,Mn,O,P",3.0425253250739286,0.9321000000000002,0.017626910000013,-2.602952995872625,False,0.6474570447376552,0.5907767735772271,0,0.5628732453577399,Mn,,POSSIBLE
1198,mp-756861,LiLa4Ti3O12,"La,Li,O,Ti",5.993685269653346,0.0,0.0306488670000018,-3.648766051166666,False,0.3870143917671775,0.999738089382248,0,0.5627662467557344,Ti,,POSSIBLE
1199,mp-757027,LiFePO4,"Fe,Li,O,P",2.882703066480476,3.5233,0.0159266878571422,-2.4639693268537406,False,0.6814619462688769,0.5364277253705267,0,0.5625537743275667,Fe,,POSSIBLE
1200,mp-755819,Li2FePCO7,"C,Fe,Li,O,P",2.722639223545069,2.5029,0.0137573905208299,-2.2895582574007936,False,0.7248484782126893,0.4682249236428473,0,0.5625453862919757,Fe,,POSSIBLE
1201,mp-1177031,Li7Fe4(P2O7)4,"Fe,Li,O,P",3.0155643218782773,1.5648999999999995,0.016978466063831,-2.5464034058611955,False,0.6604260983938763,0.5686632661752695,0,0.5622664972779763,Fe,,POSSIBLE
1202,mp-504367,Li6V3P8O29,"Li,O,P,V",2.5672060114785857,1.5598999999999998,0.0184224961503742,-2.662047474503106,False,0.6315451071028728,0.6138854502333416,0,0.5622097164882496,V,,POSSIBLE
1203,mp-1176941,Li7V3P8O29,"Li,O,P,V",2.585959045434276,0.6486999999999998,0.0187191477969888,-2.685466416393111,False,0.625611994142015,0.6230433405863216,0,0.5621517659833208,V,,POSSIBLE
1204,mp-779755,Li5Mn7Fe3O20,"Fe,Li,Mn,O",4.034881380730756,0.0,0.0100857902142648,-1.9899250856338264,False,0.7982814748421404,0.3510544833195548,0,0.5619238803250214,"Fe, Mn",,POSSIBLE
1205,mp-767720,Li2V4Si4O13,"Li,O,Si,V",3.4463298059940874,1.9007,0.0197532980434882,-2.76679714115942,False,0.6049287102263478,0.6548474188079824,0,0.5619073872072851,V,,POSSIBLE
1206,mp-768404,Li4TiCrO6,"Cr,Li,O,Ti",3.460818534550167,1.3111,0.0177341749999966,-2.601399950347222,False,0.6453117158007963,0.5901694608855765,0,0.5614807550003897,"Cr, Ti",,POSSIBLE
1207,mp-757891,Li8V3P8O29,"Li,O,P,V",2.6075370635229573,0.6427,0.0190645279166394,-2.707848480079365,False,0.6187042985748171,0.6317957635640483,0,0.5614158814635664,V,,POSSIBLE
1208,mp-757121,Li3V2FeO6,"Fe,Li,O,V",4.0210332606990855,1.0766999999999998,0.0141755518749988,-2.313883282500001,False,0.7164851383207229,0.4777371344736492,0,0.5612748231421749,"Fe, V",,POSSIBLE
1209,mp-777579,Li8Fe7Sn(PO4)12,"Fe,Li,O,P,Sn",3.017111328533708,0.0,0.0156658410032912,-2.432886229570803,False,0.6866789537153011,0.5242727954815022,0,0.5611689029619413,Fe,,POSSIBLE
1210,mp-31960,LiMnP2O7,"Li,Mn,O,P",2.8450853343504283,1.5180000000000002,0.0171010706818179,-2.5482237991409176,False,0.6579739729587387,0.5693751242145139,0,0.5611669786023862,Mn,,POSSIBLE
1211,mp-752491,Li3VCr(P2O7)2,"Cr,Li,O,P,V",2.810898877927293,0.6295999999999999,0.0186327032699278,-2.669537818633541,False,0.627340908003623,0.6168145215199434,0,0.5609225819339729,"Cr, V",,POSSIBLE
1212,mp-26397,LiMnP2O7,"Li,Mn,O,P",3.302688409576956,1.2185,0.0171429474999991,-2.5481819223227364,False,0.6571364252978853,0.5693587484401071,0,0.5607005958678745,Mn,,POSSIBLE
1213,mp-760818,Li9V3P8O29,"Li,O,P,V",2.615882100524217,1.7446,0.0191856236564733,-2.7105891713702626,False,0.6162823511097939,0.6328675007266961,0,0.5604589183647303,V,,POSSIBLE
1214,mp-26317,LiCrPO4,"Cr,Li,O,P",3.388232973994353,2.4369,0.017255488482136,-2.554134688639456,False,0.6548855752946438,0.5716865556263361,0,0.5602773608812717,Cr,,POSSIBLE
1215,mp-773163,Li2Fe3SnO8,"Fe,Li,O,Sn",4.647784311223733,0.0,0.0086524882202363,-1.8608730969047624,False,0.8269479013887016,0.3005891818483909,0,0.5600275594107227,Fe,,POSSIBLE
1216,mp-699599,LiCa9Co(PO4)7,"Ca,Co,Li,O,P",3.088015306425221,0.0009999999999998,0.0248317728804368,-3.160587014365942,False,0.5033578434526482,0.8088374879527511,0,0.5599399346824194,Co,,POSSIBLE
1217,mp-753412,Li4TiCrO6,"Cr,Li,O,Ti",3.456005174814801,1.1431,0.0178728706249957,-2.6012612547222225,False,0.6425377658844977,0.5901152244759151,0,0.559936099803044,"Cr, Ti",,POSSIBLE
1218,mp-769856,Li4Fe3NiO8,"Fe,Li,Ni,O",4.272895737193636,0.0,0.0082523903645821,-1.8249479952083345,False,0.8349499664373321,0.2865408040949984,0,0.5595117629737821,"Fe, Ni",,POSSIBLE
1219,mp-26205,Li3Cr3(PO4)4,"Cr,Li,O,P",2.910820990577805,2.7754000000000003,0.0183200692307545,-2.632813293791209,False,0.6335936731272708,0.6024535323108238,0,0.5593352565287872,Cr,,POSSIBLE
1220,mp-766206,SrLi4La15(CoO8)4,"Co,La,Li,O,Sr",6.625629493485889,0.0,0.0252100595982174,-3.186298736041667,False,0.495792007045543,0.8188919613358175,0,0.5592977903425848,Co,,POSSIBLE
1221,mp-753713,Li4FeSi2O7,"Fe,Li,O,Si",2.8294778691048825,3.442,0.0189371332142869,-2.6813129372023803,False,0.6212522269895014,0.6214191379562134,0,0.5591854231289005,Fe,,POSSIBLE
1222,mp-1177825,Li2V3WO8,"Li,O,V,W",4.980255371153677,0.9502000000000002,0.015570731250003,-2.409013977083334,False,0.688581174439096,0.5149376397009501,0,0.5589478198368354,V,,POSSIBLE
1223,mp-758894,Li2Ti(TeO4)3,"Li,O,Te,Ti",4.808169897666422,1.5785000000000005,0.0096144938888862,-1.930162530277778,False,0.8077075284926742,0.3276845577381532,0,0.5589287358793245,Ti,,POSSIBLE
1224,mp-1301329,LiTiMnO4,"Li,Mn,O,Ti",3.75688739329874,1.5162,0.0195736592857098,-2.730021838513959,False,0.6085215338435789,0.6404665731273104,0,0.558850144208527,"Mn, Ti",,POSSIBLE
1225,mp-775166,Li2TiMn3O8,"Li,Mn,O,Ti",3.890997902911829,0.7382,0.0153886689285798,-2.393462251342364,False,0.6922224699830349,0.5088561950394299,0,0.5588220267544697,"Mn, Ti",,POSSIBLE
1226,mp-754378,LiV3O4,"Li,O,V",4.796407014203892,0.0,0.0140874357291664,-2.288864624166667,False,0.7182474850087165,0.4679536809396907,0,0.5588199050836858,V,,POSSIBLE
1227,mp-768471,Li2FePCO7,"C,Fe,Li,O,P",2.758883236065472,2.3412,0.0141014282291633,-2.2892142196924605,False,0.7179676312339817,0.4680903889732195,0,0.5587138333193168,Fe,,POSSIBLE
1228,mp-756645,Li5Ti3O8,"Li,O,Ti",3.4536558408613054,0.0,0.0224476084374973,-2.9588574310416664,False,0.5510417754943204,0.7299518827143479,0,0.558556135471898,Ti,,POSSIBLE
1229,mp-769537,Li14MgCo13O28,"Co,Li,Mg,O",4.805378409138328,0.0,0.0078764975892884,-1.787312525029762,False,0.8424679233488785,0.2718235930913145,0,0.5584956154238433,Co,,POSSIBLE
1230,mp-757654,Li7V3P8O29,"Li,O,P,V",2.5946799936910048,0.9423,0.0190527787544363,-2.6851327854356635,False,0.6189392849884843,0.6229128754380234,0,0.5584361131469746,V,,POSSIBLE
1231,mp-773105,Li2Zr7Fe(PO4)12,"Fe,Li,O,P,Zr",2.999263539714284,0.0,0.0230113374285725,-3.0032700147482987,False,0.5397670435940292,0.7473192588233201,0,0.5584336145648781,Fe,,POSSIBLE
1232,mp-768485,Li2FePCO7,"C,Fe,Li,O,P",2.7461854039317584,2.1595,0.0141592492708308,-2.289156398650793,False,0.7168111948020833,0.4680677782693639,0,0.5580698795354232,Fe,,POSSIBLE
1233,mp-18713,Ba2Li(CuO2)3,"Ba,Cu,Li,O",5.500414901186571,0.0,0.00838210505208,-1.8243083702777776,False,0.8323556376938707,0.2862906811386075,0,0.5579973391301415,,,REVIEW
1234,mp-26065,LiMn6PO12,"Li,Mn,O,P",4.398313987024065,1.1511999999999998,0.0129395155208253,-2.189099651528122,False,0.7412061988532667,0.4289409584698607,0,0.557792744833748,Mn,,POSSIBLE
1235,mp-705312,LiFePO4,"Fe,Li,O,P",3.563942562018025,3.551,0.0164279097619042,-2.463468104948979,False,0.6714373729575656,0.5362317244039639,0,0.5569716586680484,Fe,,POSSIBLE
1236,mp-758307,LiV(PO3)3,"Li,O,P,V",2.9396712067331565,2.8372,0.0186130222908014,-2.6370519096258502,False,0.6277345328955451,0.6041110273097167,0,0.5566928526509507,V,,POSSIBLE
1237,mp-1176577,LiV(PO3)4,"Li,O,P,V",2.8564581232666684,2.2645,0.0188187880555554,-2.653149900939152,False,0.6236191620904445,0.6104060870969124,0,0.5566326696336639,V,,POSSIBLE
1238,mp-1650315,Li4Fe(BO3)2,"B,Fe,Li,O",2.6959799849238792,3.7594,0.0161284828846186,-2.43625138724359,False,0.6774259912805253,0.5255887279063153,0,0.5565403499714993,Fe,,POSSIBLE
1239,mp-6521,LiLaTiO4,"La,Li,O,Ti",4.862618558863308,2.2637,0.0287709680357117,-3.451740582380953,False,0.424572877659171,0.9226920106841277,0,0.5564572864519888,Ti,,POSSIBLE
1240,mp-1175469,Li9Co7O16,"Co,Li,O",4.815819958852067,0.0,0.007600354062502,-1.7498306231249998,False,0.8479908683806381,0.2571664343914392,0,0.5564032296463547,Co,,POSSIBLE
1241,mp-755014,Li5Ti2Ni3O10,"Li,Ni,O,Ti",4.2776534353852,0.5196000000000001,0.0146837426666648,-2.3177042191666657,False,0.706321185391315,0.4792312975832956,0,0.5562076061193768,"Ni, Ti",,POSSIBLE
1242,mp-758577,Li8VFe7(PO4)12,"Fe,Li,O,P,V",2.944050674351224,0.0,0.0163770101562512,-2.4537038160839586,False,0.6724553788019582,0.5324134354641531,0,0.5561951607535306,"Fe, V",,POSSIBLE
1243,mp-774582,Li2Ti3MnO8,"Li,Mn,O,Ti",3.601739403447312,1.7513000000000003,0.024005847678568,-3.066334227649836,False,0.5198765703022356,0.7719802853403102,0,0.5561252135353381,"Mn, Ti",,POSSIBLE
1244,mp-1191302,Li6Cu(B2O5)2,"B,Cu,Li,O",2.4527649743216213,1.0877,0.0169590079761903,-2.4995904660317465,False,0.6608152653959545,0.5503572397086464,0,0.5560734298658012,,,REVIEW
1245,mp-1193296,LiTi2O4,"Li,O,Ti",3.979234838303974,0.0,0.0259291671428592,-3.220281225,False,0.4814096621570014,0.8321806875841448,0,0.5560385548408014,Ti,,POSSIBLE
1246,mp-761083,Li9V3P8O29,"Li,O,P,V",2.6347287860853417,1.4812000000000003,0.0195881427381054,-2.71018665228863,False,0.6082318608884244,0.6327100971329775,0,0.5559760574851755,V,,POSSIBLE
1247,mp-1176933,Li7Fe4(P2O7)4,"Fe,Li,O,P",3.008626263499678,1.6231999999999998,0.0175436264893624,-2.545838245435664,False,0.6491227374182987,0.5684422622873411,0,0.5559722973806337,Fe,,POSSIBLE
1248,mp-757611,Li2CoNi(PO4)2,"Co,Li,Ni,O,P",3.6985788001522666,2.5657,0.015389475892853,-2.369179571853742,False,0.6922063304798738,0.4993605433025656,0,0.5554896719198286,"Co, Ni",,POSSIBLE
1249,mp-1290585,LiVOF2,"F,Li,O,V",3.223514233421587,1.9785,0.02281401574999,-2.9628412556666683,False,0.5437135303977145,0.7315097425558653,0,0.5550708516132958,V,,POSSIBLE
1250,mp-1650136,Li4Fe(BO3)2,"B,Fe,Li,O",2.699062422954186,3.7648,0.0162644734615415,-2.436115396666667,False,0.6747061430554991,0.5255355492956698,0,0.555025820934009,Fe,,POSSIBLE
1251,mp-1639253,LiNi2O3,"Li,Ni,O",5.3329387625541305,0.0,0.0033994743055574,-1.401289825138889,False,0.9320095968029152,0.120870848259121,0,0.5549100751322956,Ni,,POSSIBLE
1252,mp-26181,LiFeP2O7,"Fe,Li,O,P",3.26303111403911,2.5248,0.017194242272728,-2.508565137056276,False,0.6561105160053694,0.5538667515210389,0,0.5547141468353168,Fe,,POSSIBLE
1253,mp-1176869,Li7V3P8O29,"Li,O,P,V",2.5760418892562056,0.9407,0.0193936529033722,-2.684791911286728,False,0.6121217100511691,0.6227795778665628,0,0.55463979278144,V,,POSSIBLE
1254,mp-504371,LiNi6P7O24,"Li,Ni,O,P",3.7651625172110976,0.5318,0.0143492323684277,-2.278997002127193,False,0.71301148159786,0.4640949839453265,0,0.5545895592596872,Ni,,POSSIBLE
1255,mp-756486,Li2Mn3NbO8,"Li,Mn,Nb,O",4.304677135557374,0.7198000000000002,0.015383305357151,-2.35975752610427,False,0.6923297428585569,0.4956760872635311,0,0.5542679891144422,Mn,,POSSIBLE
1256,mp-772434,Li4CrO4,"Cr,Li,O",2.7827906306336057,1.7266,0.013167364722225,-2.1782411714814813,False,0.7366491533577398,0.4246947901274048,0,0.5538002108913486,Cr,,POSSIBLE
1257,mp-772709,Li6V3P8O29,"Li,O,P,V",2.582383995705206,1.1525,0.0191810239764613,-2.661288946677019,False,0.6163743459509028,0.6135888307407268,0,0.5537619810322509,V,,POSSIBLE
1258,mp-1177078,Li6MnV3(PO4)6,"Li,Mn,O,P,V",2.878122856097389,0.2042000000000001,0.019465543640611,-2.682255169644706,False,0.6106838759122227,0.6217875944575518,0,0.5535017898118657,"Mn, V",,POSSIBLE
1259,mp-863426,Li3Mn(PO4)2,"Li,Mn,O,P",3.071365089706086,1.5109,0.0184761882142998,-2.6021037176583386,False,0.6304712513396985,0.5904446664819476,0,0.5534148215055159,Mn,,POSSIBLE
1260,mp-1176863,Li7V3P8O29,"Li,O,P,V",2.6067531602258285,1.0035,0.0195141004565639,-2.6846714637335363,False,0.6097127264938531,0.6227324772976901,0,0.5532983666258108,V,,POSSIBLE
1261,mp-780694,Li2Mn(PO3)4,"Li,Mn,O,P",2.482998018350667,4.1741,0.0188759278508889,-2.633050490035218,False,0.622476350769008,0.6025462870221585,0,0.5532531933807099,Mn,,POSSIBLE
1262,mp-774230,Li4Ti5V3O16,"Li,O,Ti,V",3.7885484331473487,0.6295000000000002,0.0234761102678611,-3.0013609335714286,False,0.5304714614251548,0.7465727197108858,0,0.5530597556826451,"Ti, V",,POSSIBLE
1263,mp-1201415,Li3V(H4O3)4,"H,Li,O,V",1.6249728289697498,4.085100000000001,0.0058198474999997,-1.5798687090624997,False,0.883601479963048,0.1907034583749493,0,0.5527270244109087,V,,POSSIBLE
1264,mp-26077,Li3Fe3(PO4)4,"Fe,Li,O,P",2.990256037347308,1.7880999999999998,0.0167871937500008,-2.4583803734065928,False,0.6642515962705612,0.5342421858573716,0,0.5523231429988887,Fe,,POSSIBLE
1265,mp-780716,Li8Mn7V(PO4)12,"Li,Mn,O,P,V",2.9745745145028173,0.0803,0.0173661174945269,-2.504426465235502,False,0.6526729652021197,0.5522483392580242,0,0.5522570496014743,"Mn, V",,POSSIBLE
1266,mp-1273274,LiNi3O4,"Li,Ni,O",5.654714232140848,0.1005000000000002,0.003079798541667,-1.3549585010416667,False,0.9384031983205712,0.1027531558380204,0,0.5520853636196212,Ni,,POSSIBLE
1267,mp-1223044,Li3ZnFe2(PO4)3,"Fe,Li,O,P,Zn",3.579130765808733,3.6958,0.0171396923809545,-2.484813785663265,False,0.6572015285569202,0.5445788736649892,0,0.5520634464890524,Fe,,POSSIBLE
1268,mp-772675,Li6V3P8O29,"Li,O,P,V",2.5752040061569192,1.216,0.0193544287590707,-2.66111554189441,False,0.6129062035188091,0.6135210214437365,0,0.5518307694406528,V,,POSSIBLE
1269,mp-754346,SrLiLa3MnO8,"La,Li,Mn,O,Sr",6.168371738971082,1.5871000000000004,0.0260975123541697,-3.203038486161741,False,0.4780427125158207,0.8254379785237822,0,0.5518267843670253,Mn,,POSSIBLE
1270,mp-768742,Li2Mn2(SO4)3,"Li,Mn,O,S",2.866041988003112,4.3938,0.012794903157892,-2.13388588026467,False,0.7440984851244247,0.4073498180340492,0,0.5518266031303508,Mn,,POSSIBLE
1271,mp-780791,Li3ZnFe2(PO4)3,"Fe,Li,O,P,Zn",3.587918728956749,4.097099999999999,0.017161523928574,-2.484791954115646,False,0.656764891714971,0.5445703365192774,0,0.5518203082249812,Fe,,POSSIBLE
1272,mp-1176866,Li7V3P8O29,"Li,O,P,V",2.59019341910222,0.9478,0.0196555444991171,-2.684530019690983,False,0.606883807485024,0.6226771661295397,0,0.5517231022621021,V,,POSSIBLE
1273,mp-772076,Sr4Li4Nb5FeO20,"Fe,Li,Nb,O,Sr",4.761302333343756,1.255,0.02334575161764,-2.980317368921568,False,0.5330786695968038,0.7383437118161474,0,0.5516135674138938,Fe,,POSSIBLE
1274,mp-777637,Li4MnFe3(BO3)4,"B,Fe,Li,Mn,O",3.257606351375589,3.3969,0.0156691626041638,-2.362176204497126,False,0.6866125208017712,0.496621902476914,0,0.5514545523078941,"Fe, Mn",,POSSIBLE
1275,mp-1176923,Li6V3P8O29,"Li,O,P,V",2.578949323817141,1.3890000000000002,0.0193903318025494,-2.6610796388509312,False,0.6121881329635681,0.6135069816917674,0,0.551430916722081,V,,POSSIBLE
1276,mp-1575669,Li2CoP2O7,"Co,Li,O,P",2.9472357224297463,3.2057,0.0175266770138673,-2.5109954984126976,False,0.6494617315007094,0.5548171353139859,0,0.5513899496852852,Co,,POSSIBLE
1277,mp-766960,Li11Fe12(BO3)12,"B,Fe,Li,O",3.296771080328736,1.0162999999999998,0.0151413167957894,-2.318369082065728,False,0.6971695793677374,0.4794912897536496,0,0.551265220066033,Fe,,POSSIBLE
1278,mp-1176918,Li6V3P8O29,"Li,O,P,V",2.563438262596089,1.1982,0.0194650115851571,-2.661004959068324,False,0.6106945171648348,0.6134777784398052,0,0.550599206894591,V,,POSSIBLE
1279,mp-1176890,Li7Fe8(BO3)8,"B,Fe,Li,O",3.289287928473341,1.8478,0.0152432217553188,-2.318966639716312,False,0.6951314526859561,0.4797249624562565,0,0.5502260358369656,Fe,,POSSIBLE
1280,mp-1175314,Li7Mn5O12,"Li,Mn,O",4.133671809636954,0.9291999999999998,0.0132312914583216,-2.1567600555411883,False,0.7353706013901088,0.4162946794236495,0,0.5501569685628372,Mn,,POSSIBLE
1281,mp-768020,Li2MnSiO4,"Li,Mn,O,Si",3.0368916625276348,2.8232,0.0196293521874988,-2.670455061824713,False,0.6074076607833649,0.6171732060673164,0,0.5500848355544115,Mn,,POSSIBLE
1282,mp-758969,Li2Mn(SO4)2,"Li,Mn,O,S",2.761969808912619,4.3788,0.0135331186538456,-2.180368591315208,False,0.7293339760548403,0.4255267097616705,0,0.5500680352467469,Mn,,POSSIBLE
1283,mp-768421,Li24Ti5Cr7O36,"Cr,Li,O,Ti",3.4816931368511,1.1717999999999995,0.0180255390624992,-2.5406385399537035,False,0.6394843559486253,0.5664089367470482,0,0.5499595236332109,"Cr, Ti",,POSSIBLE
1284,mp-765504,Li8Fe3Co5O16,"Co,Fe,Li,O",4.616834609132384,0.0,0.0089756519531247,-1.8114129852083325,False,0.8204845395501262,0.2812479886429301,0,0.549703292777595,"Co, Fe",,POSSIBLE
1285,mp-26203,Li3Co2P5O16,"Co,Li,O,P",2.8624646796621667,3.282,0.0175358393910247,-2.496773487623627,False,0.6492784814858008,0.5492556707517978,0,0.5493426495803196,Co,,POSSIBLE
1286,mp-530398,Li13Mn21O48,"Li,Mn,O",3.913750097210339,0.0,0.0115223445325316,-2.013090367315672,False,0.7695500009334243,0.3601131807890924,0,0.5492921137895658,Mn,,POSSIBLE
1287,mp-755618,LiVP4(H2O7)2,"H,Li,O,P,V",2.433461195693111,2.2388000000000003,0.0153936268750012,-2.323706724871032,False,0.6921233097170874,0.4815785551725543,0,0.549220314654792,V,,POSSIBLE
1288,mp-756196,Li2Co3NiO8,"Co,Li,Ni,O",4.815196309670813,0.9328000000000004,0.0043766881249993,-1.4338890751190487,False,0.9124650567883013,0.1336186640361908,0,0.5486223136462326,"Co, Ni",,POSSIBLE
1289,mp-768420,Li24Ti7Cr5O36,"Cr,Li,O,Ti",3.433203366262647,1.2496,0.0196534902430451,-2.659950681435186,False,0.6069248931606465,0.6130655070822338,0,0.5483816187171374,"Cr, Ti",,POSSIBLE
1290,mp-504230,LiCo2P3O10,"Co,Li,O,P",2.785591069913168,3.0638,0.0161505861718769,-2.3780928242038684,False,0.6769839195724922,0.5028460375701668,0,0.548337268914429,Co,,POSSIBLE
1291,mp-1176914,Li6V3P8O29,"Li,O,P,V",2.5913583101681965,1.4555999999999998,0.0196793385416791,-2.660790632111801,False,0.6064079202147968,0.6133939666785078,0,0.548212244455616,V,,POSSIBLE
1292,mp-753723,Li2Mn2OF6,"F,Li,Mn,O",3.3536508017799407,1.631,0.0215747634848453,-2.8105938875026126,False,0.5684989100172476,0.6719739740004443,0,0.5478652914096417,Mn,,POSSIBLE
1293,mp-1178037,Li2CoNi3O8,"Co,Li,Ni,O",4.733764803521503,0.0618000000000003,0.002665955089288,-1.2905571777976197,False,0.9466801790118866,0.0775692572816337,0,0.5478233385051094,"Co, Ni",,POSSIBLE
1294,mp-753728,Li2Cr3SnO8,"Cr,Li,O,Sn",4.647870423810948,0.0,0.014802324801594,-2.2659068022619047,False,0.7039495107024883,0.4589761098464046,0,0.5478138693326102,Cr,,POSSIBLE
1295,mp-1176908,Li6V3P8O29,"Li,O,P,V",2.560472029709701,1.2342,0.0197288663677657,-2.6607411042857145,False,0.605417350331801,0.6133745990058412,0,0.547660652334535,V,,POSSIBLE
1296,mp-770764,Li2Fe(BO2)5,"B,Fe,Li,O",2.336762365626177,3.0402,0.0195354026388949,-2.644180773888889,False,0.6092866771004823,0.6068987432350912,0,0.5475222325375472,Fe,,POSSIBLE
1297,mp-758524,Li2NiO2F,"F,Li,Ni,O",3.938327551842005,0.0,0.0120504263888907,-2.041408924444444,False,0.7589882213440847,0.3711870475059562,0,0.5473589883663313,Ni,,POSSIBLE
1298,mp-26063,LiCr(PO3)3,"Cr,Li,O,P",2.824931662514828,3.1734000000000004,0.0190139458643896,-2.6009270028401343,False,0.6197159532654785,0.5899845165173396,0,0.5473383550770821,Cr,,POSSIBLE
1299,mp-26595,Li5V2P5O18,"Li,O,P,V",2.9732773138495805,1.9323,0.0203594847777877,-2.707321444662698,False,0.5928048120076232,0.6315896683194108,0,0.5470990305159865,V,,POSSIBLE
1300,mp-531021,Li11Mn13O32,"Li,Mn,O",3.803907939337675,0.0,0.0119412353095134,-2.0305525953530386,False,0.7611720723884214,0.3669417202865658,0,0.5470742419139298,Mn,,POSSIBLE
1301,mp-768403,Li4TiCrO6,"Cr,Li,O,Ti",3.4597360235469936,1.1997999999999998,0.0190279685416632,-2.6001061568055555,False,0.6194354959370686,0.5896635277204649,0,0.5470717574675505,"Cr, Ti",,POSSIBLE
1302,mp-1177041,Li6V3P8O29,"Li,O,P,V",2.572532370464863,0.9714,0.0198019071286355,-2.6606680635248448,False,0.6039565154099895,0.6133460366872495,0,0.5468471963160316,V,,POSSIBLE
1303,mp-764764,Li7Mn5O12,"Li,Mn,O",3.905907875196706,0.6299000000000001,0.0135308758333216,-2.1564604711661883,False,0.7293788330703723,0.416177528065121,0,0.5468204930114972,Mn,,POSSIBLE
1304,mp-1176857,Li7V3P8O29,"Li,O,P,V",2.5815329921556045,1.0983,0.0201120553501805,-2.684073508839919,False,0.5977534673095138,0.6224986492546685,0,0.5466389342593666,V,,POSSIBLE
1305,mp-775278,Li2MnV3O8,"Li,Mn,O,V",3.838900998608128,1.3458,0.0169817266964269,-2.4294255031855494,False,0.660360884862328,0.5229194912661933,0,0.5462203086174481,"Mn, V",,POSSIBLE
1306,mp-753011,LiMnPO4,"Li,Mn,O,P",2.8332192969359253,3.5998,0.0192892403571365,-2.614139492986748,False,0.6142099891435553,0.5951512117771351,0,0.5461184181509527,Mn,,POSSIBLE
1307,mp-1176850,Li7V3P8O29,"Li,O,P,V",2.600719347408724,0.6026000000000002,0.0201934357757131,-2.6839921284143866,False,0.5961258368446309,0.6224668257411468,0,0.5457325992739483,V,,POSSIBLE
1308,mp-1198701,Li6Cu(B2O5)2,"B,Cu,Li,O",2.4758474660944025,0.7405999999999999,0.017888499563492,-2.498660974444444,False,0.6422251828983082,0.5499937654714022,0,0.5457216685090602,,,REVIEW
1309,mp-755848,Li2CrFeO4,"Cr,Fe,Li,O",4.202969281863424,1.9275,0.0137213758333327,-2.163455922916668,False,0.7255687816784189,0.4189130735223559,0,0.545682405655955,"Cr, Fe",,POSSIBLE
1310,mp-27035,LiCrP2O7,"Cr,Li,O,P",3.316340578094442,2.8322,0.0198498699999989,-2.6544943652380955,False,0.60299724504364,0.6109318348736927,0,0.5454746269797945,Cr,,POSSIBLE
1311,mp-753513,Li3Mn(PO4)2,"Li,Mn,O,P",3.0393235971702515,1.6196,0.0191958069642996,-2.6013840989083383,False,0.6160786822060877,0.5901632622392023,0,0.5454004169970691,Mn,,POSSIBLE
1312,mp-754619,Li2CrP2O7,"Cr,Li,O,P",2.607868429196156,2.201,0.0196898958333395,-2.6398439592460314,False,0.6061967715335179,0.6052028479565159,0,0.5452292211282155,Cr,,POSSIBLE
1313,mp-1222656,Li2TiO3,"Li,O,Ti",3.418188550257079,2.0712,0.0236531458333342,-2.9583012575000005,False,0.5269307023563004,0.729734393114018,0,0.5452189238858716,Ti,,POSSIBLE
1314,mp-757263,Li7V3P8O29,"Li,O,P,V",2.598831654132521,0.5714000000000001,0.020312488328904,-2.683873075861196,False,0.5937447536636641,0.6224202706818498,0,0.5444067092536626,V,,POSSIBLE
1315,mp-26118,LiMn2(PO4)3,"Li,Mn,O,P",3.2627925527391506,1.0579,0.0164144418055531,-2.365856824340222,False,0.6717067357178768,0.4980611952132122,0,0.5437601229694565,Mn,,POSSIBLE
1316,mp-1177345,Li4MnNi3O8,"Li,Mn,Ni,O",4.542817074777509,0.0,0.0082949538541674,-1.7105036319540226,False,0.8340986851631514,0.2417877603784118,0,0.5433799929721774,"Mn, Ni",,POSSIBLE
1317,mp-1175409,Li9Co7O16,"Co,Li,O",4.821200703564265,0.1730999999999998,0.0087706906250017,-1.7486602865625,False,0.8245838214055917,0.2567087786200642,0,0.5433691742900979,Co,,POSSIBLE
1318,mp-757306,LiCu(PO3)4,"Cu,Li,O,P",2.607606578494688,0.5950000000000001,0.015997679074065,-2.3293605795502645,False,0.6800421027789165,0.4837894740717635,0,0.5433494724535213,,,REVIEW
1319,mp-776668,Li8Mn7Fe(PO4)12,"Fe,Li,Mn,O,P",3.013667095247288,0.1326,0.0176580059685713,-2.461569071946029,False,0.6468351169776406,0.5354891145926672,0,0.5431805044451359,"Fe, Mn",,POSSIBLE
1320,mp-25455,Li2CrPCO7,"C,Cr,Li,O,P",2.701927486680083,3.132,0.0172070580208352,-2.425300793234126,False,0.6558541975858843,0.5213065387403961,0,0.543177097231375,Cr,,POSSIBLE
1321,mp-32523,LiV(PO3)4,"Li,O,P,V",2.4184803886156425,2.2173000000000003,0.0200527458333334,-2.651915943161375,False,0.5989396736465544,0.6099235524853075,0,0.5428900638754626,V,,POSSIBLE
1322,mp-769597,Li2CoGe3O8,"Co,Ge,Li,O",5.064403949570539,2.4709,0.013278495535717,-2.105510020654762,False,0.7344265071078214,0.3962535433945022,0,0.5426233190973776,Co,,POSSIBLE
1323,mp-757708,Li7V3P8O29,"Li,O,P,V",2.5882394654714003,0.5752999999999999,0.0204777653501802,-2.683707798839919,False,0.5904391686508839,0.6223556397157783,0,0.5425660166585086,V,,POSSIBLE
1324,mp-1176959,Li6MnV3(PO4)6,"Li,Mn,O,P,V",2.9939845635784312,0.5296000000000001,0.0204609468906129,-2.681259766394704,False,0.590775542379394,0.6213983457091099,0,0.5424159693068552,"Mn, V",,POSSIBLE
1325,mp-758683,LiMnPO4F,"F,Li,Mn,O,P",3.3002047827198955,0.9579000000000002,0.0195404868749999,-2.607218466988404,False,0.6091849910067932,0.5924447702341887,0,0.5424074146357023,Mn,,POSSIBLE
1326,mp-1177043,Li7Mn4(P2O7)4,"Li,Mn,O,P",3.107003423568844,0.0232000000000001,0.0198114529255448,-2.626643340259581,False,0.6037655968966064,0.600040794869866,0,0.5420853564975866,Mn,,POSSIBLE
1327,mp-766583,Li2SiNiO4,"Li,Ni,O,Si",3.282170300974656,3.2426,0.0176185718750003,-2.449073942708334,False,0.6476238094873091,0.5306029406552374,0,0.5419041244473531,Ni,,POSSIBLE
1328,mp-850667,Li7V3P8O29,"Li,O,P,V",2.581431888438171,0.7224999999999999,0.0205437086480531,-2.683641855542047,False,0.5891202849037132,0.6223298528337637,0,0.5418316051888595,V,,POSSIBLE
1329,mp-695805,Li2FeP2O7,"Fe,Li,O,P",2.951704883164271,4.2488,0.0189634368055537,-2.555914196746031,False,0.6207261480681702,0.5723824256702857,0,0.5417332304220936,Fe,,POSSIBLE
1330,mp-1275701,Li2Ni3BiO8,"Bi,Li,Ni,O",5.634646615466282,0.4605999999999999,0.0041150033928598,-1.3621290815476197,False,0.9176988220265322,0.1055571847454391,0,0.5416793667754964,Ni,,POSSIBLE
1331,mp-1175419,Li9Co7O16,"Co,Li,O",4.81927008340793,0.1304999999999996,0.0089380475000018,-1.7484929296875,False,0.8212366387572454,0.2566433343349096,0,0.5415053183337033,Co,,POSSIBLE
1332,mp-1293130,Li2Mn3SbO8,"Li,Mn,O,Sb",4.428114699535185,1.1814999999999998,0.013307264999999,-2.0989009450328413,False,0.7338511100609605,0.3936690888890689,0,0.5414022916447024,Mn,,POSSIBLE
1333,mp-1290471,Li4Ni3BiO8,"Bi,Li,Ni,O",5.67939922221274,0.0346999999999999,0.0073234972395832,-1.615302088958333,False,0.8535280795274736,0.2045595501422727,0,0.541036286289906,Ni,,POSSIBLE
1334,mp-777884,Li32Mn13Cr3O48,"Cr,Li,Mn,O",3.709630952863262,1.3658,0.0144676193229162,-2.1893617758309394,False,0.7106437105705016,0.4290434612061213,0,0.5410192522359183,"Cr, Mn",,POSSIBLE
1335,mp-777838,Li32Mn13Cr3O48,"Cr,Li,Mn,O",3.713676557353348,1.3582,0.0144824603645838,-2.189346934789272,False,0.7103468857334393,0.4290376576718304,0,0.5408539673385322,"Cr, Mn",,POSSIBLE
1336,mp-777874,Li6MnV3(PO4)6,"Li,Mn,O,P,V",3.000351931588316,0.3485,0.0206092595156111,-2.681111453769706,False,0.5878092498687076,0.6213403486072735,0,0.5407642094403349,"Mn, V",,POSSIBLE
1337,mp-1312304,Li5Ni3(SnO5)2,"Li,Ni,O,Sn",5.1644200061619845,0.6194999999999999,0.0105303716666647,-1.8674970230833328,False,0.7893897258581284,0.3031794436089135,0,0.5402771544850904,Ni,,POSSIBLE
1338,mp-756201,LiVFeO4,"Fe,Li,O,V",3.6369901711979953,2.2008,0.0147981524107176,-2.2103885561904764,False,0.7040329596456142,0.4372659056663903,0,0.5402611947883245,"Fe, V",,POSSIBLE
1339,mp-777185,Li4V2(PO4)3,"Li,O,P,V",2.834497234037572,0.5211999999999999,0.0206919157142921,-2.683386693441044,False,0.5861561035966878,0.6222300726406962,0,0.5401663824024219,V,,POSSIBLE
1340,mp-777770,Li32Mn13Cr3O48,"Cr,Li,Mn,O",3.6952022079331455,1.279,0.0145532809895829,-2.1892761141642727,False,0.708930454127974,0.4290099635291353,0,0.5400652370055831,"Cr, Mn",,POSSIBLE
1341,mp-1177789,Li32Mn13Cr3O48,"Cr,Li,Mn,O",3.69141815433165,1.3133,0.0145798680729161,-2.18924952708094,False,0.7083987052888363,0.4289995667488234,0,0.5397691362709482,"Cr, Mn",,POSSIBLE
1342,mp-1176988,Li6MnV3(PO4)6,"Li,Mn,O,P,V",2.9996296110523857,0.5455999999999999,0.0207071708906134,-2.681013542394704,False,0.585850995954829,0.6213020607272836,0,0.5396737690297052,"Mn, V",,POSSIBLE
1343,mp-695780,Li2MnP2O7,"Li,Mn,O,P",2.885329803966249,4.2766,0.0203489818749726,-2.650895510115285,False,0.5930148728973235,0.609524515927954,0,0.5394917606683118,Mn,,POSSIBLE
1344,mp-778189,Li32Mn13Cr3O48,"Cr,Li,Mn,O",3.694073778086849,1.2672,0.0146049664062504,-2.1892244287476057,False,0.7078967318513009,0.4289897521386759,0,0.5394896157667521,"Cr, Mn",,POSSIBLE
1345,mp-775325,Li6MnV3(PO4)6,"Li,Mn,O,P,V",2.8800309381381144,0.5724000000000002,0.0207374356406111,-2.680983277644706,False,0.5852456927902666,0.6212902258090646,0,0.5393367100678192,"Mn, V",,POSSIBLE
1346,mp-776073,Li4Ti3Nb2Co3O16,"Co,Li,Nb,O,Ti",4.273398936686867,1.4451,0.0208262378571433,-2.687692597797619,False,0.5834696245031938,0.623913880566483,0,0.5392781516750257,"Co, Ti",,POSSIBLE
1347,mp-777750,Li32Mn13Cr3O48,"Cr,Li,Mn,O",3.704235206350351,1.2715999999999998,0.0146257767187503,-2.1892036184351054,False,0.7074805199872451,0.428981614343169,0,0.539257851013094,"Cr, Mn",,POSSIBLE
1348,mp-755975,Li2TiV3O8,"Li,O,Ti,V",3.76619138470615,0.0063999999999997,0.0211016303571387,-2.709517515714286,False,0.577961700209861,0.6324484337577578,0,0.5392358869306388,"Ti, V",,POSSIBLE
1349,mp-1285988,LiV3O4,"Li,O,V",4.649231698532982,0.2220999999999993,0.0158491488541656,-2.287102911041668,False,0.6830127472463282,0.4672647695572753,0,0.5391996803305269,V,,POSSIBLE
1350,mp-1101544,Li2Cr5(PO4)4,"Cr,Li,O,P",3.2230688199256043,2.5834,0.0185077257175905,-2.4990051164902987,False,0.6298404927659218,0.5501283409418308,0,0.5389571903508978,Cr,,POSSIBLE
1351,mp-1185524,Li95Mn16O64,"Li,Mn,O",2.4977441196236385,0.0316,0.0128943941428589,-2.0459734841917903,False,0.7421086385851182,0.3729720016628159,0,0.5386999518038006,Mn,,POSSIBLE
1352,mp-1177747,Li32Mn13Cr3O48,"Cr,Li,Mn,O",3.70528990860858,1.3745,0.0146943725520829,-2.189135022601773,False,0.7061085848152985,0.4289547901970023,0,0.538493898217365,"Cr, Mn",,POSSIBLE
1353,mp-766527,Li3Mn4(PO4)6,"Li,Mn,O,P",3.174157418893417,0.4885000000000001,0.0175490031531495,-2.418215982691386,False,0.6490152026920788,0.5185360498589262,0,0.5384459789312676,Mn,,POSSIBLE
1354,mp-26113,LiTi(PO3)4,"Li,O,P,Ti",2.399909260184437,0.2869000000000001,0.0217400196798882,-2.75505324098545,False,0.5651937415347518,0.6502550102092206,0,0.5384458114173407,Ti,,POSSIBLE
1355,mp-778088,Li32Mn13Cr3O48,"Cr,Li,Mn,O",3.70751464008706,1.3219,0.0147216138020827,-2.189107781351773,False,0.7055637524663522,0.4289441376072417,0,0.5381905120190283,"Cr, Mn",,POSSIBLE
1356,mp-26369,Li4Ni(PO4)2,"Li,Ni,O,P",2.710718369673763,3.7746,0.0192725089999967,-2.5528039236746034,False,0.6145446208000175,0.5711661649233338,0,0.5379076991631765,Ni,,POSSIBLE
1357,mp-672959,Li2Cu(PO3)4,"Cu,Li,O,P",2.902363539416628,0.8002999999999998,0.0181637378508829,-2.463637537644112,False,0.6367203428986675,0.5362979804308811,0,0.5379004817450755,,,REVIEW
1358,mp-758697,LiMnP2O7,"Li,Mn,O,P",3.16577826760802,0.6957,0.0191987918181828,-2.546126078004553,False,0.6160189843231912,0.5685548181456836,0,0.5378046277287445,Mn,,POSSIBLE
1359,mp-757679,Li7V3P8O29,"Li,O,P,V",2.587082144271218,0.4634,0.0209116309884782,-2.6832739332016216,False,0.5817617388397458,0.6221859781673567,0,0.5377340487204351,V,,POSSIBLE
1360,mp-772361,Li6V3P8O29,"Li,O,P,V",2.594301578446885,1.3512,0.0206202178895056,-2.659849752763975,False,0.5875900794345457,0.6130260392997541,0,0.537733657443914,V,,POSSIBLE
1361,mp-1193122,Li3V(H6O5)2,"H,Li,O,V",1.686689798428897,4.1095,0.0080362813461638,-1.6481950975,False,0.839272205106048,0.2174222391151157,0,0.537697496498617,V,,POSSIBLE
1362,mp-1176983,Li6MnV3(PO4)6,"Li,Mn,O,P,V",2.9946518989840536,0.5801999999999998,0.0208922045156114,-2.680828508769705,False,0.5821502735378172,0.6212297040146142,0,0.5376130468509145,"Mn, V",,POSSIBLE
1363,mp-772719,Li6V3P8O29,"Li,O,P,V",2.587411064135904,1.103,0.0206704328895055,-2.659799537763975,False,0.586585765887903,0.6130064029102779,0,0.537174412256944,V,,POSSIBLE
1364,mp-777837,Li32Mn13Cr3O48,"Cr,Li,Mn,O",3.7120380529082704,1.3448999999999998,0.0148220890104164,-2.18900730614344,False,0.703554221194193,0.4289048471497382,0,0.5370715181592145,"Cr, Mn",,POSSIBLE
1365,mp-1176930,Li6V3P8O29,"Li,O,P,V",2.572108153136793,1.3145,0.0207052391938535,-2.659764731459627,False,0.5858896304111464,0.6129927920340773,0,0.5367867739380576,V,,POSSIBLE
1366,mp-773399,Li3Fe(PO4)2,"Fe,Li,O,P",3.0761224233563715,2.474,0.0194873916071438,-2.561607267091837,False,0.6102469106875781,0.574608679710437,0,0.5367488387768209,Fe,,POSSIBLE
1367,mp-760789,Li7V3P8O29,"Li,O,P,V",2.6054897549582483,1.0791000000000002,0.0210031579033724,-2.683182406286728,False,0.5799311758503835,0.6221501869068087,0,0.5367147121350939,V,,POSSIBLE
1368,mp-757135,Li3Fe2NiO6,"Fe,Li,Ni,O",4.322492012919277,0.0,0.0098535740277752,-1.786101357499999,False,0.8029258612175592,0.2713499705216547,0,0.5365817133522367,"Fe, Ni",,POSSIBLE
1369,mp-26255,Li2FeP2O7,"Fe,Li,O,P",2.897536400669752,4.0294,0.0194328943055532,-2.5554447392460315,False,0.6113368714212835,0.5721988460563744,0,0.536504875401437,Fe,,POSSIBLE
1370,mp-758937,Li3Mn2(PO4)3,"Li,Mn,O,P",2.943871663018915,0.8159000000000001,0.0193567699999892,-2.548164625239532,False,0.6128593780688358,0.569351984479884,0,0.5363458525058191,Mn,,POSSIBLE
1371,mp-776829,Li8Mn7Cr(PO4)12,"Cr,Li,Mn,O,P",3.0038810617288982,0.0993999999999999,0.018539010639623,-2.4821937701039234,False,0.6292147858854487,0.543554326299517,0,0.5363121464418277,"Cr, Mn",,POSSIBLE
1372,mp-1176897,Li7V3P8O29,"Li,O,P,V",2.5820738423765075,1.0756,0.0210420850310315,-2.683143479159068,False,0.5791526227957184,0.6221349645979384,0,0.5362811801469236,V,,POSSIBLE
1373,mp-778110,Li32Mn13Cr3O48,"Cr,Li,Mn,O",3.7091995216286526,1.1045,0.0148968793229169,-2.1889325158309387,False,0.7020583947677858,0.428875600675471,0,0.5362385773586971,"Cr, Mn",,POSSIBLE
1374,mp-756531,LiNd6(CuO6)2,"Cu,Li,Nd,O",6.753651849951123,0.0,0.0256569440357115,-3.05356841373016,False,0.4868541977383641,0.7669882611621026,0,0.5362157001628363,,,REVIEW
1375,mp-1176904,Li6V3P8O29,"Li,O,P,V",2.5732936710557217,1.2517,0.0207748995199406,-2.6596950711335405,False,0.5844964050969383,0.6129655516219678,0,0.5360109658710048,V,,POSSIBLE
1376,mp-882371,Li8V3P8O29,"Li,O,P,V",2.6201581872331903,1.0099,0.0213503087499722,-2.705562699246032,False,0.5729880652665075,0.6309019174483304,0,0.5359591070034947,V,,POSSIBLE
1377,mp-1312602,Li2V3SnO8,"Li,O,Sn,V",4.278279039273629,1.0719999999999996,0.0177178410714287,-2.411514460119048,False,0.6456383987786052,0.5159154443164664,0,0.5356715248389962,V,,POSSIBLE
1378,mp-756944,Li4MnCr3O8,"Cr,Li,Mn,O",4.098847767715715,0.6756000000000002,0.0167162390625001,-2.329717641954023,False,0.6656707091622249,0.4839291020002219,0,0.5354940757393014,"Cr, Mn",,POSSIBLE
1379,mp-772169,Li4Fe3Ni3(TeO8)2,"Fe,Li,Ni,O,Te",4.940781378718132,0.0,0.0089131433482121,-1.7012991416666663,False,0.821734728511504,0.2381883785958107,0,0.535320033189861,"Fe, Ni",,POSSIBLE
1380,mp-887424,Li6MnV3(PO4)6,"Li,Mn,O,P,V",3.0007113100668987,0.4981,0.0211051912656117,-2.6806155220197048,False,0.5778904810797645,0.6211464163361059,0,0.5352410103115075,"Mn, V",,POSSIBLE
1381,mp-756399,Li4Mn3Nb2Cr3O16,"Cr,Li,Mn,Nb,O",4.339671171182096,0.6616,0.0184644347142874,-2.4681959984688016,False,0.6307063245107222,0.5380805496266602,0,0.5352166708502283,"Cr, Mn",,POSSIBLE
1382,mp-759912,Li10CoNi9O20,"Co,Li,Ni,O",4.802057037585223,0.4780000000000006,0.006695040666667,-1.5191597118333326,False,0.8660973805263303,0.1669634302099127,0,0.5347907598629511,"Co, Ni",,POSSIBLE
1383,mp-1177925,Li2Mn2(PO4)3,"Li,Mn,O,P",2.991272375854967,0.0,0.0184934050146248,-2.466460257050386,False,0.6301269106885731,0.5374017943837617,0,0.5346604289130318,Mn,,POSSIBLE
1384,mp-761676,Li2Co3SbO8,"Co,Li,O,Sb",5.200713346264055,0.5744000000000002,0.0094580660714038,-1.7392384561904757,False,0.8108361270423033,0.2530244068035817,0,0.5345184122545205,Co,,POSSIBLE
1385,mp-760223,Li7V3P8O29,"Li,O,P,V",2.582973739903919,1.0046000000000002,0.0212032898182661,-2.6829822743718337,False,0.5759284835623485,0.6220719260638833,0,0.5344858400816508,V,,POSSIBLE
1386,mp-764340,Li2FeSiO4,"Fe,Li,O,Si",2.985550152186553,2.9573,0.0195164434375003,-2.543749990208333,False,0.6096658662430524,0.5676256578271244,0,0.5339852066731724,Fe,,POSSIBLE
1387,mp-757438,Li4Fe2Si3O10,"Fe,Li,O,Si",2.986310587807785,3.1586000000000003,0.02092160535088,-2.654381393070175,False,0.5815622489008975,0.6108876575265003,0,0.5336699170297687,Fe,,POSSIBLE
1388,mp-765712,Li4FeNi3O8,"Fe,Li,Ni,O",4.521126696256468,0.0,0.0078295092187499,-1.6018981520833335,False,0.8434077034358362,0.199317990349518,0,0.5336355335120412,"Fe, Ni",,POSSIBLE
1389,mp-763910,Li4MnFe3O8,"Fe,Li,Mn,O",4.130322057537734,1.0999000000000003,0.0126128173437489,-1.986057234454023,False,0.7477402505290992,0.3495419744635761,0,0.5335968288532562,"Fe, Mn",,POSSIBLE
1390,mp-1222513,Li3Fe2CoO6,"Co,Fe,Li,O",4.400807354021594,2.0766,0.0111401804166622,-1.8673709083333336,False,0.7771933863483221,0.3031301269037519,0,0.5335519069078903,"Co, Fe",,POSSIBLE
1391,mp-32022,LiMnP2O7,"Li,Mn,O,P",2.857781150720175,1.7018,0.0195923227272736,-2.545732547095462,False,0.6081482599774127,0.5684009293434955,0,0.5334218682578005,Mn,,POSSIBLE
1392,mp-755249,Li2NiSnO4,"Li,Ni,O,Sn",5.245992044915411,2.1678,0.0123223178125,-1.960714100833334,False,0.7535503195229694,0.3396316360721458,0,0.5333237483628842,Ni,,POSSIBLE
1393,mp-771876,Li5NiO4,"Li,Ni,O",2.741982348375557,1.8688,0.0106542860833327,-1.8255009819166663,False,0.7869114040960207,0.2867570474959745,0,0.5331662388764025,Ni,,POSSIBLE
1394,mp-26335,LiFe(PO3)4,"Fe,Li,O,P",2.496101642631514,2.7007,0.0194236105555551,-2.530266271494708,False,0.6115225489257494,0.5623528996423278,0,0.5331609167839769,Fe,,POSSIBLE
1395,mp-1273137,LiV3O4,"Li,O,V",4.674056233850278,0.0670000000000001,0.016392744479166,-2.2865593154166675,False,0.6721406880989688,0.4670521985045994,0,0.5331456479310426,V,,POSSIBLE
1396,mp-755638,Li7Ni5O12,"Li,Ni,O",4.567904126218161,0.5288999999999997,0.0070618141666694,-1.5344557155555565,False,0.8587618115807429,0.1729448757246088,0,0.5328497028730217,Ni,,POSSIBLE
1397,mp-758684,Li2NiSnO4,"Li,Ni,O,Sn",5.222565651453872,2.1116,0.012366815,-1.960669603645834,False,0.7526603637688353,0.3396142356120373,0,0.5328281825370724,Ni,,POSSIBLE
1398,mp-1177035,Li6V3P8O29,"Li,O,P,V",2.5695607161519614,1.3452,0.0210627306068973,-2.659407240046584,False,0.5787397057087862,0.6128529963431294,0,0.5328053868599276,V,,POSSIBLE
1399,mp-677430,NaLiLa2Ti4O12,"La,Li,Na,O,Ti",4.75371818724126,1.9969,0.0308529922499865,-3.4456996884022986,False,0.3829318317000291,0.9203297415026108,0,0.5327279169609298,Ti,,POSSIBLE
1400,mp-698842,Li19Ni23O42,"Li,Ni,O",4.879017397840928,0.0,0.0062172820634938,-1.465116302896826,False,0.8756526814761035,0.145829955620567,0,0.5326494592790554,Ni,,POSSIBLE
1401,mp-777583,Li8Mn3Fe5(BO3)8,"B,Fe,Li,Mn,O",3.18925339003999,3.0954,0.0176687816145806,-2.3830289600790224,False,0.6466196011504776,0.5047762951934356,0,0.5323124839504652,"Fe, Mn",,POSSIBLE
1402,mp-752431,LiVPO4,"Li,O,P,V",3.421618593935597,2.5718,0.0206402871428847,-2.621742527210884,False,0.5871886889528235,0.5981243501068523,0,0.5322973014614513,V,,POSSIBLE
1403,mp-778500,Li5TiMn9O20,"Li,Mn,O,Ti",3.9854683109937534,0.0,0.0152656645714239,-2.1891385091822664,False,0.6946825903093913,0.4289561536113705,0,0.5322100784341449,"Mn, Ti",,POSSIBLE
1404,mp-26219,LiMnPO4,"Li,Mn,O,P",3.4419990581716604,3.2476000000000003,0.0205497346428513,-2.612878998701033,False,0.5889997633820994,0.594658300162539,0,0.5320802749170432,Mn,,POSSIBLE
1405,mp-1176870,Li7V3P8O29,"Li,O,P,V",2.5949569010394,0.3257000000000001,0.021434788435287,-2.6827507757548124,False,0.5712984487698843,0.6219813993884467,0,0.5319076366093927,V,,POSSIBLE
1406,mp-1275037,Li2V3SnO8,"Li,O,Sn,V",4.285148535374387,0.9987999999999996,0.0180820417857141,-2.4111502594047614,False,0.6383542862414255,0.5157730249781556,0,0.5316154161751385,V,,POSSIBLE
1407,mp-757075,Li2TiVO4,"Li,O,Ti,V",3.840080311376981,0.4813999999999998,0.0223215253645827,-2.751850674166666,False,0.5535634709664048,0.6490026583347309,0,0.5316108394486785,"Ti, V",,POSSIBLE
1408,mp-757784,Li8V3P8O29,"Li,O,P,V",2.6278897546901065,0.9401,0.0217518433333054,-2.7051611646626985,False,0.5649572652767069,0.6307448988390196,0,0.5314872104958457,V,,POSSIBLE
1409,mp-759819,Li13Mn17O40,"Li,Mn,O",3.916810844689016,0.0,0.0136138622142585,-2.045641956116584,False,0.7277190830641603,0.3728423588388175,0,0.5307403212788744,Mn,,POSSIBLE
1410,mp-754753,Li3Mn(PO4)2,"Li,Mn,O,P",3.043866840960511,0.2830000000000003,0.0205324417857273,-2.6000474640869107,False,0.589345625189723,0.5896405761505609,0,0.530514295507044,Mn,,POSSIBLE
1411,mp-755224,Li4Nb2Cr3Fe3O16,"Cr,Fe,Li,Nb,O",4.35889545034395,1.7983000000000002,0.0177276478571428,-2.3745511347619046,False,0.6454422604187184,0.5014610730518657,0,0.5305046187984481,"Cr, Fe",,POSSIBLE
1412,mp-861527,Li2CrFe(PO4)2,"Cr,Fe,Li,O,P",3.36595190643624,2.4576,0.0194373592889238,-2.5104806214966,False,0.6112475705493401,0.5546157946058937,0,0.5303016919141998,"Cr, Fe",,POSSIBLE
1413,mp-26040,LiMn2(PO4)3,"Li,Mn,O,P",3.2477403150358,1.0598,0.0176234893055537,-2.3646477768402203,False,0.6475254595496518,0.4975884016733263,0,0.5302949433379727,Mn,,POSSIBLE
1414,mp-1177007,Li6Mn3V(PO4)6,"Li,Mn,O,P,V",2.928089592668015,0.0167000000000001,0.0205704378749995,-2.5982989562912566,False,0.5885856931539649,0.5889568286632004,0,0.5298570212668009,"Mn, V",,POSSIBLE
1415,mp-752777,Li4Fe3CoO8,"Co,Fe,Li,O",4.329857103914912,1.7590999999999997,0.0116899870312501,-1.8834275164583327,False,0.7661971057336564,0.3094090039486737,0,0.5297015595355469,"Co, Fe",,POSSIBLE
1416,mp-1176935,Li6V3P8O29,"Li,O,P,V",2.564191492237004,1.1969,0.0213544473460265,-2.6591155233074537,False,0.5729052922289405,0.6127389215944226,0,0.5295565332839651,V,,POSSIBLE
1417,mp-1177950,Li2FeCuO4,"Cu,Fe,Li,O",4.557880953522652,0.1661000000000001,0.0093041471874988,-1.6884549320833333,False,0.8139145462435423,0.2331656980841408,0,0.5292609947633976,Fe,,POSSIBLE
1418,mp-770534,Li2Mn3O7,"Li,Mn,O",4.12232843846231,1.3964,0.013383061006948,-2.011608467954981,False,0.7323351694742742,0.359533689541234,0,0.5286211345502828,Mn,,POSSIBLE
1419,mp-762240,K2Li2TiO4,"K,Li,O,Ti",2.552916350291928,4.2118,0.0199628100000026,-2.540023648833333,False,0.6007384145754182,0.5661684858553802,0,0.5285650980658632,Ti,,POSSIBLE
1420,mp-772557,Li6V3P8O29,"Li,O,P,V",2.580199118576954,1.3950999999999998,0.0214525972373307,-2.659017373416149,False,0.5709422679246787,0.6127005404435172,0,0.5284634365138043,V,,POSSIBLE
1421,mp-772963,Li6V3P8O29,"Li,O,P,V",2.598891010882185,1.0571000000000002,0.0215027940851575,-2.658967176568323,False,0.5699383174263951,0.6126809111523812,0,0.5279043934878508,V,,POSSIBLE
1422,mp-1177106,Li6V3P8O29,"Li,O,P,V",2.5758031324914707,1.0171,0.0215095570199395,-2.658960413633541,False,0.5698030569062987,0.612678266531822,0,0.527829074584602,V,,POSSIBLE
1423,mp-1273514,Li2MnV3O8,"Li,Mn,O,V",3.801881405062118,1.6437,0.0186376545535704,-2.427769575328406,False,0.627241880995049,0.52227194682036,0,0.527778215934403,"Mn, V",,POSSIBLE
1424,mp-1177618,Li3MnCr3O8,"Cr,Li,Mn,O",4.047041579891867,1.7173000000000005,0.0171462906666652,-2.3066942911954027,False,0.6570695610626677,0.4749259060917156,0,0.5276123257165677,"Cr, Mn",,POSSIBLE
1425,mp-26241,Li2V3(P2O7)2,"Li,O,P,V",3.2097676697155006,2.6931000000000003,0.0212403331521686,-2.633849574575569,False,0.575187606891012,0.6028587660674402,0,0.5273537519136606,V,,POSSIBLE
1426,mp-755522,Li4Cr3GaO8,"Cr,Ga,Li,O",4.290743791644791,3.1792,0.0181939970312505,-2.3829910872395823,False,0.6361151511282097,0.5047614851600627,0,0.5265298529265373,Cr,,POSSIBLE
1427,mp-554531,Li11La12Fe3O28,"Fe,La,Li,O",5.875654638236319,2.3348000000000004,0.0262150296759244,-3.027454034567901,False,0.4756923343777417,0.7567763300625948,0,0.5265024994296661,Fe,,POSSIBLE
1428,mp-771052,Li10Fe3Ni7O20,"Fe,Li,Ni,O",4.548047892664049,0.2056,0.0087595548958319,-1.623315378833334,False,0.8248065389931054,0.2076931174224078,0,0.5263361875440508,"Fe, Ni",,POSSIBLE
1429,mp-1176927,Li6V3P8O29,"Li,O,P,V",2.566191051113312,0.9571,0.0216461078895058,-2.658823862763975,False,0.5670720026772529,0.6126248688208167,0,0.5263083055597749,V,,POSSIBLE
1430,mp-773693,Li6V3P8O29,"Li,O,P,V",2.5943604972335432,0.8649,0.0216690106068968,-2.6588009600465843,False,0.5666139421509011,0.6126159127981392,0,0.5260532376623444,V,,POSSIBLE
1431,mp-754247,Li4Cr3GaO8,"Cr,Ga,Li,O",4.291364992209274,3.0366,0.0182403682812504,-2.3829447159895825,False,0.6351877136185065,0.5047433518547655,0,0.5260134156393464,Cr,,POSSIBLE
1432,mp-27027,Li3Fe3(PO4)4,"Fe,Li,O,P",2.959692609245587,2.0788,0.0191530149038463,-2.456014552252747,False,0.6169345349592907,0.5333170402712284,0,0.5259749583225399,Fe,,POSSIBLE
1433,mp-18767,LiMnO2,"Li,Mn,O",4.232311104466936,0.3500000000000001,0.0152802350000005,-2.1445897290660927,False,0.6943911778071529,0.4115355184016709,0,0.525952579234519,Mn,,POSSIBLE
1434,mp-1222347,LiTiCrO4,"Cr,Li,O,Ti",3.8953263319136338,2.2833,0.0242141617857143,-2.8622025066666663,False,0.5157102319618152,0.6921553330811813,0,0.5258949941574118,"Cr, Ti",,POSSIBLE
1435,mp-26355,LiCr(PO3)4,"Cr,Li,O,P",2.5146683415237385,3.3484,0.0212256599537044,-2.6215241264947085,False,0.5754810748187269,0.5980389453169543,0,0.5258282220112338,Cr,,POSSIBLE
1436,mp-1175381,Li9Co7O16,"Co,Li,O",4.807135841294161,0.0205000000000001,0.0103692275000017,-1.7470617496875,False,0.7926126526637125,0.256083676704905,0,0.5255662458117587,Co,,POSSIBLE
1437,mp-1176664,LiMn3(PO4)3,"Li,Mn,O,P",3.4027517399647667,0.2761,0.0196716698684227,-2.493939886897631,False,0.6065612957487247,0.5481476016992045,0,0.5254603732565202,Mn,,POSSIBLE
1438,mp-753701,Li6V2OF11,"F,Li,O,V",2.9512972752241167,1.1776,0.0273230372499933,-3.108878457,False,0.4535318839859814,0.7886170484088891,0,0.525458503135401,V,,POSSIBLE
1439,mp-1307356,Li4Ni3BiO8,"Bi,Li,Ni,O",5.695776270438894,0.1300999999999996,0.0087302984895831,-1.613895287708333,False,0.825391675010666,0.204009425732022,0,0.525368720262074,Ni,,POSSIBLE
1440,mp-1176872,Li7V3P8O29,"Li,O,P,V",2.5849858051050507,0.7711000000000001,0.0220250520523093,-2.682160512137791,False,0.5594930171923289,0.6217505789906069,0,0.5253338621024933,V,,POSSIBLE
1441,mp-540023,Li5Mn9(P2O7)8,"Li,Mn,O,P",2.8302481375810844,0.4862999999999999,0.0199263502034812,-2.5134840010736244,False,0.6014676203417101,0.5557902550483832,0,0.5253337804548747,Mn,,POSSIBLE
1442,mp-759300,Li7V7P6(O8F)3,"F,Li,O,P,V",3.2889916904616863,2.135,0.0219119958481153,-2.67297742864235,False,0.5617541717757054,0.6181595682545753,0,0.5253206433657394,V,,POSSIBLE
1443,mp-772196,Li6V3P8O29,"Li,O,P,V",2.5794371420780746,1.2773,0.0217361413677661,-2.6587338292857146,False,0.5652713088234572,0.6125896615631242,0,0.5253056013999949,V,,POSSIBLE
1444,mp-675370,LiMnO2,"Li,Mn,O",4.022833341680681,0.9785,0.0153450566071429,-2.144524907458949,False,0.693094728177194,0.4115101701526546,0,0.5252306600508858,Mn,,POSSIBLE
1445,mp-757380,Li7V3P8O29,"Li,O,P,V",2.5959368464829127,0.7511000000000001,0.0220362269459259,-2.6821493372441743,False,0.5592695163053137,0.6217462090899116,0,0.5252094071493916,V,,POSSIBLE
1446,mp-540223,Li2MnP2O7,"Li,Mn,O,P",2.8290837681715124,4.2548,0.0216404349999725,-2.649604056990285,False,0.5671854619983105,0.609019497974098,0,0.5251088283900052,Mn,,POSSIBLE
1447,mp-1273419,Li3TiV2O6,"Li,O,Ti,V",3.899125988755,0.3327,0.0217605230208315,-2.658947957361112,False,0.5647836691846406,0.6126733955526954,0,0.5250667064949958,"Ti, V",,POSSIBLE
1448,mp-1665188,Li2CrFe(PO4)2,"Cr,Fe,Li,O,P",3.364376344055194,2.5057,0.0199136596460673,-2.510004321139456,False,0.6017214349135561,0.5544295391180798,0,0.5249971278937838,"Cr, Fe",,POSSIBLE
1449,mp-768645,Li2FePCO7,"C,Fe,Li,O,P",2.7187655000434665,2.4693,0.0171467565624965,-2.286168891359127,False,0.6570602430203557,0.4668995246251853,0,0.5247979672800105,Fe,,POSSIBLE
1450,mp-1176903,Li6V3P8O29,"Li,O,P,V",2.570944206341957,1.3871,0.021793515389505,-2.658676455263976,False,0.5641238129107247,0.6125672256647537,0,0.5246666260835624,V,,POSSIBLE
1451,mp-754898,Li4Fe3Sn3(SbO8)2,"Fe,Li,O,Sb,Sn",5.253202156986879,0.1651000000000007,0.013560966875004,-1.9968310683333328,False,0.7287770041189778,0.3537550422362942,0,0.5246416170481408,Fe,,POSSIBLE
1452,mp-1311252,Li2Mn3SbO8,"Li,Mn,O,Sb",4.432940364689807,0.8902999999999999,0.0148204478571418,-2.097387762175699,False,0.7035870447024236,0.3930773643459702,0,0.5245499521074226,Mn,,POSSIBLE
1453,mp-1176905,Li6V3P8O29,"Li,O,P,V",2.573797159303524,9.9999999999989e-05,0.0218102437590701,-2.6586597268944105,False,0.5637892410065625,0.6125606840978893,0,0.5244803219878706,V,,POSSIBLE
1454,mp-767687,Li4Si2NiO7,"Li,Ni,O,Si",2.918573428075612,3.4342,0.0213891110714303,-2.6236758627380943,False,0.5722120083695319,0.598880373793015,0,0.5243247354307978,Ni,,POSSIBLE
1455,mp-1177038,Li7V3P8O29,"Li,O,P,V",2.6078687343880365,0.6184999999999998,0.0221507899246491,-2.6820347742654507,False,0.5569782258248662,0.6217014096620558,0,0.523933517585396,V,,POSSIBLE
1456,mp-760259,Li6V3P8O29,"Li,O,P,V",2.5852266549221143,1.369,0.0218673976721133,-2.658602572981367,False,0.5626461473271234,0.6125383342722074,0,0.5238437980251904,V,,POSSIBLE
1457,mp-755306,Li5Ni3(SnO5)2,"Li,Ni,O,Sn",5.152136607276826,0.0567999999999999,0.0120134636666646,-1.866013931083333,False,0.7597274857601463,0.3025994859838777,0,0.5237599372624376,Ni,,POSSIBLE
1458,mp-777558,Li32Ti3Cr13O48,"Cr,Li,O,Ti",3.525905532932859,1.1255000000000002,0.0183352413281241,-2.374036210277777,False,0.6332902270868586,0.5012597137424718,0,0.5237505247076374,"Cr, Ti",,POSSIBLE
1459,mp-1176871,Li7V3P8O29,"Li,O,P,V",2.5914278254954217,0.8991999999999998,0.022168815137415,-2.6820167490526847,False,0.5566177167068349,0.6216943609694686,0,0.5237327705280732,V,,POSSIBLE
1460,mp-778578,Li2Co2(SO4)3,"Co,Li,O,S",2.978683697076552,2.9645,0.0128998106578954,-1.9365665931140348,False,0.7420003068231594,0.3301888427542522,0,0.523666263716726,Co,,POSSIBLE
1461,mp-760201,Li6V3P8O29,"Li,O,P,V",2.5852828196172206,1.347,0.0218893201721144,-2.6585806504813663,False,0.5622076914130056,0.6125297615599041,0,0.5235996468231195,V,,POSSIBLE
1462,mp-1173163,SrLiTi4CrO11,"Cr,Li,O,Sr,Ti",4.16456904183466,1.9998000000000005,0.0292964637499988,-3.252879392453704,False,0.4140628216089425,0.8449280800432598,0,0.5234593799000593,"Cr, Ti",,POSSIBLE
1463,mp-504206,LiV(PO3)5,"Li,O,P,V",2.4265598739435266,0.9191,0.0207897063257584,-2.566719244843074,False,0.5842002649861079,0.5766076996470585,0,0.5231228406188299,V,,POSSIBLE
1464,mp-1177334,Li4MnFe3(BO3)4,"B,Fe,Li,Mn,O",3.2275280116028453,3.153931586240532,0.0182342384374978,-2.359611128663792,False,0.6353103121472241,0.4956188390874969,0,0.5228872653615972,"Fe, Mn",,POSSIBLE
1465,mp-757591,Li6V3P8O29,"Li,O,P,V",2.581936802761933,1.2095000000000002,0.0219558451721146,-2.6585141254813665,False,0.5608771734663616,0.6125037472054303,0,0.5228587569283994,V,,POSSIBLE
1466,mp-772925,Li4Ti5O12,"Li,O,Ti",3.2861299849331296,3.0153,0.0284351296428564,-3.1789911516666662,False,0.4312897361163638,0.8160343575736267,0,0.5228213800147694,Ti,,POSSIBLE
1467,mp-756154,Li2Cr3BiO8,"Bi,Cr,Li,O",5.151926984309903,0.0,0.0155656099801619,-2.1438346201190472,False,0.6886836012174976,0.4112402358490229,0,0.5227100632167817,Cr,,POSSIBLE
1468,mp-776969,Li32Ti3Cr13O48,"Cr,Li,O,Ti",3.525547485781673,1.2218,0.0184546957031237,-2.3739167559027776,False,0.6309011073613171,0.5012130015522471,0,0.5224201595920109,"Cr, Ti",,POSSIBLE
1469,mp-753889,Li4CuNi3(PO4)4,"Cu,Li,Ni,O,P",3.7919337817550174,0.1019000000000001,0.0177326497321423,-2.314919111139456,False,0.6453422215693583,0.4781421914206779,0,0.5222879888603844,Ni,,POSSIBLE
1470,mp-768091,Li4Ni7O11,"Li,Ni,O",5.237083498651035,0.0,0.0065386508333364,-1.415114648560606,False,0.8692252193826764,0.1262769941746813,0,0.5222708186216105,Ni,,POSSIBLE
1471,mp-772985,Li6V3P8O29,"Li,O,P,V",2.588777795743729,1.4081,0.0220115587590701,-2.65845841189441,False,0.5597628866972373,0.6124819606139218,0,0.5222382738983532,V,,POSSIBLE
1472,mp-760326,Li2VOF5,"F,Li,O,V",2.853884896829644,2.5852,0.0252037349999998,-2.912346617407408,False,0.4959185007161,0.71176400157561,0,0.5218725759453186,V,,POSSIBLE
1473,mp-1177040,Li6Mn3V(PO4)6,"Li,Mn,O,P,V",2.963593233025344,0.0097,0.021300105999999,-2.5975692881662567,False,0.5739921338093114,0.58867149464964,0,0.5217306967224953,"Mn, V",,POSSIBLE
1474,mp-26269,LiFe(PO3)4,"Fe,Li,O,P",2.829135018570168,2.3323,0.0204585477777765,-2.5292313342724864,False,0.5908235252833375,0.5619481912807015,0,0.5216348058540812,Fe,,POSSIBLE
1475,mp-1177071,Li6V3P8O29,"Li,O,P,V",2.581037385590089,1.5876,0.0220952860416794,-2.658374684611801,False,0.558088318457702,0.6124492193706458,0,0.5213058019314621,V,,POSSIBLE
1476,mp-1101573,LiMn4P7O24,"Li,Mn,O,P",2.951699214251727,0.9861999999999996,0.0199952254861104,-2.489357183265486,False,0.6000900961084434,0.5463555524434992,0,0.5212739962148687,Mn,,POSSIBLE
1477,mp-758475,Li4(CuO2)3,"Cu,Li,O",4.01950795971932,0.0,0.0082133973076938,-1.542374556794872,False,0.835729838094367,0.1760415092161183,0,0.5212659391775433,,,REVIEW
1478,mp-756266,Li4Cr3GaO8,"Cr,Ga,Li,O",4.278789731773332,3.0916,0.0186799748437502,-2.3825051094270826,False,0.626395463774587,0.5045714453392306,0,0.5211175109447536,Cr,,POSSIBLE
1479,mp-1275879,Li3TiV2O6,"Li,O,Ti,V",3.891508083083631,0.3804999999999996,0.0221183301041651,-2.658590150277778,False,0.5576274309913252,0.6125334764200513,0,0.5210818037922468,"Ti, V",,POSSIBLE
1480,mp-768687,Li4Cr3FeO8,"Cr,Fe,Li,O",4.211845142658687,2.3039000000000005,0.0173638009374998,-2.275854263645833,False,0.6527192969676059,0.4628660277202517,0,0.5209987230342714,"Cr, Fe",,POSSIBLE
1481,mp-761592,Li3Fe2CoO6,"Co,Fe,Li,O",4.397238813680486,0.4305999999999996,0.0122850070833289,-1.866226081666668,False,0.7542965441718137,0.3026824466825132,0,0.5208019556333772,"Co, Fe",,POSSIBLE
1482,mp-772075,Li6V3P8O29,"Li,O,P,V",2.5887805343935137,0.875,0.0221427798460274,-2.6583271908074533,False,0.5571384295582023,0.612430647094635,0,0.5207768627401335,V,,POSSIBLE
1483,mp-773418,Li2NiSnO4,"Li,Ni,O,Sn",5.315102220176209,1.4935999999999998,0.0134502103125004,-1.9595862083333333,False,0.7309921652481655,0.3391905778939639,0,0.5207623931493784,Ni,,POSSIBLE
1484,mp-26555,LiMnP2O7,"Li,Mn,O,P",2.978803708356134,0.9181,0.0207355761363636,-2.5445892936863714,False,0.5852828833768604,0.5679538643387956,0,0.5206894383758517,Mn,,POSSIBLE
1485,mp-752722,Li4MnSi2O7,"Li,Mn,O,Si",2.804285129504077,3.2934000000000005,0.0233020235714249,-2.7494154641974555,False,0.5339532423177463,0.6480503785097388,0,0.5204919157531691,Mn,,POSSIBLE
1486,mp-559477,Rb5LiSi2NiO8,"Li,Ni,O,Rb,Si",3.603600010888076,3.273,0.0179930525980367,-2.3219112912254904,False,0.6401340940018421,0.4808764575056679,0,0.5203805118279969,Ni,,POSSIBLE
1487,mp-779088,Li2MnV(PO4)3,"Li,Mn,O,P,V",2.9046224005397896,1.1678,0.0213269577631605,-2.5897475859750667,False,0.5734550913022042,0.5856128470225603,0,0.5203647966741085,"Mn, V",,POSSIBLE
1488,mp-767393,Li15Ti11Nb5O42,"Li,Nb,O,Ti",3.8697495320372384,2.2795,0.0271421254794468,-3.056304059817351,False,0.4571501682019988,0.7680580254165563,0,0.520252901406894,Ti,,POSSIBLE
1489,mp-1282789,Li4MgNi3O8,"Li,Mg,Ni,O",4.2464212063980185,0.2269999999999998,0.0104554002777792,-1.7137625442708335,False,0.790889173861085,0.2430621459508901,0,0.5200607967064084,Ni,,POSSIBLE
1490,mp-849395,Li3Fe2(PO4)3,"Fe,Li,O,P",2.948551137324168,2.5377,0.0201604387499996,-2.492081610446428,False,0.5967857862606033,0.547420929586281,0,0.5198295077985302,Fe,,POSSIBLE
1491,mp-768728,Li4Cr3GaO8,"Cr,Ga,Li,O",4.290418211051604,3.0727,0.0188029135937508,-2.382382170677082,False,0.6239366556090357,0.504523370597087,0,0.5197483402939501,Cr,,POSSIBLE
1492,mp-777345,Li32Ti3Cr13O48,"Cr,Li,O,Ti",3.5376620827962424,1.1845,0.0187111138281244,-2.373660337777777,False,0.6257726756866497,0.5011127301956546,0,0.5195644271961365,"Cr, Ti",,POSSIBLE
1493,mp-759813,Li2TiVO4,"Li,O,Ti,V",3.882128568951104,0.2730999999999994,0.023403251718749,-2.7507689478125004,False,0.5319286520626566,0.6485796532566233,0,0.5195636372742793,"Ti, V",,POSSIBLE
1494,mp-696441,Li2Cr2H4O9,"Cr,H,Li,O",2.293075958607373,0.1020000000000003,0.0099427747843154,-1.6685000233333336,False,0.8011418220228113,0.2253624050406489,0,0.5195048438767733,Cr,,POSSIBLE
1495,mp-760349,Li6MnV3(PO4)6,"Li,Mn,O,P,V",2.9144656534897115,0.1591999999999998,0.0225251851406129,-2.679195528144704,False,0.5494902205039187,0.620591132998787,0,0.5194265178267308,"Mn, V",,POSSIBLE
1496,mp-757985,Li2CoSiO4,"Co,Li,O,Si",3.1332561040423808,2.8271,0.0201873587499994,-2.490956204583334,False,0.5962473789983217,0.5469808437982372,0,0.51937935377846,Co,,POSSIBLE
1497,mp-1176928,Li6V3P8O29,"Li,O,P,V",2.570449051448883,0.9865,0.0222770971286356,-2.658192873524845,False,0.5544520476708794,0.6123781228195241,0,0.5192809692058171,V,,POSSIBLE
1498,mp-1176917,Li6V3P8O29,"Li,O,P,V",2.5674453621843933,1.0851,0.022283581802549,-2.658186388850932,False,0.5543223524432224,0.6123755870118455,0,0.5192087492979183,V,,POSSIBLE
1499,mp-777044,Li32Ti3Cr13O48,"Cr,Li,O,Ti",3.536870287920644,1.2337000000000002,0.018748810807291,-2.3736226407986103,False,0.6250187259336955,0.5010979889317893,0,0.5191445953896587,"Cr, Ti",,POSSIBLE
1500,mp-1178047,Li2Cr3WO8,"Cr,Li,O,W",5.114332675208144,2.4218,0.0182769300000007,-2.3356504754761898,False,0.6344564693801408,0.4862491145410821,0,0.5191382482484562,Cr,,POSSIBLE
1501,mp-778621,Li32Ti3Cr13O48,"Cr,Li,O,Ti",3.5262526619708243,1.1997,0.018764024244791,-2.3736074273611103,False,0.6247144530795229,0.5010920397734895,0,0.5189751631144589,"Cr, Ti",,POSSIBLE
1502,mp-1302458,Li2MnV3O8,"Li,Mn,O,V",3.8047375967041095,1.6523,0.019428579910711,-2.426978649971264,False,0.6114231604820342,0.5219626583934056,0,0.5189696687028107,"Mn, V",,POSSIBLE
1503,mp-860461,Li2VCrO4,"Cr,Li,O,V",3.980181337851074,1.319,0.019497639791667,-2.431703807916666,False,0.610041944232432,0.5238104138798725,0,0.5188567141857929,"Cr, V",,POSSIBLE
1504,mp-759305,Li3Mn2P2(O4F)2,"F,Li,Mn,O,P",3.0946576171714533,0.6420999999999997,0.0224913129411774,-2.671705667214576,False,0.5501676736304292,0.6176622506658727,0,0.5187740082297915,Mn,,POSSIBLE
1505,mp-1177743,Li32Ti3Cr13O48,"Cr,Li,O,Ti",3.5250630813559973,1.1293000000000002,0.0187856762239579,-2.373585775381944,False,0.6242814076550683,0.5010835728473549,0,0.5187340247068618,"Cr, Ti",,POSSIBLE
1506,mp-754105,Li4TiCrO6,"Cr,Li,O,Ti",3.457839430751513,1.2953,0.021581383124996,-2.597552742222222,False,0.5683665154284344,0.5886650244196029,0,0.5186343420324999,"Cr, Ti",,POSSIBLE
1507,mp-772642,Li6V3P8O29,"Li,O,P,V",2.585611243507769,1.1302,0.0223365941938524,-2.658133376459628,False,0.5532620903158495,0.6123548567128768,0,0.5186183495232242,V,,POSSIBLE
1508,mp-1176881,Li7V3P8O29,"Li,O,P,V",2.5920465028020017,0.9613,0.0226354483289039,-2.681550115861196,False,0.547284926992082,0.6215118857909235,0,0.5185358698724684,V,,POSSIBLE
1509,mp-755971,Li2Mn3TeO8,"Li,Mn,O,Te",4.339349046642689,0.0,0.0140190942410738,-1.9884234490804595,False,0.7196143332072478,0.3504672739157162,0,0.5184514291344869,Mn,,POSSIBLE
1510,mp-756796,Li2TiVO4,"Li,O,Ti,V",3.8778368988270473,0.0,0.0235153301562487,-2.7506568693750006,False,0.529687053076941,0.6485358253993966,0,0.5183154180821063,"Ti, V",,POSSIBLE
1511,mp-773684,Li6V3P8O29,"Li,O,P,V",2.575788118427869,1.3481,0.0223664572373305,-2.6581035134161497,False,0.5526648213900486,0.6123431788805022,0,0.5182857643727025,V,,POSSIBLE
1512,mp-1275808,Li2Mn3SbO8,"Li,Mn,O,Sb",4.432997438531254,0.9483,0.0153885489285707,-2.09681966110427,False,0.6922248700155896,0.392855210529372,0,0.5182230021938545,Mn,,POSSIBLE
1513,mp-776968,Li32Ti3Cr13O48,"Cr,Li,O,Ti",3.5460430942280605,1.0685000000000002,0.0188397153906247,-2.373531736215277,False,0.6232006097434313,0.5010624410316895,0,0.5181321897199785,"Cr, Ti",,POSSIBLE
1514,mp-867537,Li4Co3NiO8,"Co,Li,Ni,O",4.85643506900524,0.0,0.0102398831250036,-1.681244285208333,False,0.7951995750572778,0.2303460013717332,0,0.5179808667616095,"Co, Ni",,POSSIBLE
1515,mp-756503,Li4Fe(BO3)2,"B,Fe,Li,O",2.720547054258291,3.779500000000001,0.0196169817307723,-2.4327628883974364,False,0.6076550732551086,0.5242245633731941,0,0.5176888874709277,Fe,,POSSIBLE
1516,mp-18162,Li(CuO)2,"Cu,Li,O",5.530181819155381,0.0,0.0046888394999999,-1.2321970916666665,False,0.9062219450783172,0.0547477620882136,0,0.5175837865239492,,,REVIEW
1517,mp-1176919,Li6V3P8O29,"Li,O,P,V",2.565958665211351,1.4247999999999998,0.0224480994112443,-2.658021871242236,False,0.551031955886929,0.6123112530112468,0,0.5173765142917474,V,,POSSIBLE
1518,mp-753341,LiMn3(OF3)2,"F,Li,Mn,O",3.837035708686103,0.8258999999999999,0.0222515084722232,-2.641776542677203,False,0.5549638277022527,0.6059585775383126,0,0.5173156073746484,Mn,,POSSIBLE
1519,mp-25948,LiVP4O13,"Li,O,P,V",2.302435431457497,0.9416,0.0207961749561365,-2.524126822468672,False,0.5840708906334849,0.5599520908751245,0,0.5172222216547103,V,,POSSIBLE
1520,mp-778325,Li2TiV3O8,"Li,O,Ti,V",3.902741433630128,1.2078000000000002,0.0230964078571389,-2.707522738214286,False,0.5380656120730075,0.6316683834160562,0,0.5170200208357738,"Ti, V",,POSSIBLE
1521,mp-769507,Li10CoNi9O20,"Co,Li,Ni,O",4.7732428474089446,0.0,0.0083074721666669,-1.5175472803333327,False,0.8338483155360603,0.1663328948531896,0,0.5168330867434496,"Co, Ni",,POSSIBLE
1522,mp-779404,Li3Cr2(AsO4)3,"As,Cr,Li,O",4.0245195890176015,2.6701999999999995,0.0152145994583312,-2.0723980585,False,0.6957039063472272,0.3833052334234717,0,0.5167939801891901,Cr,,POSSIBLE
1523,mp-777482,Li32Ti3Cr13O48,"Cr,Li,O,Ti",3.537614014403448,1.1528999999999998,0.0189708923697917,-2.37340055923611,False,0.6205770347721012,0.5010111447605903,0,0.5166712697908623,"Cr, Ti",,POSSIBLE
1524,mp-26279,LiCr(PO3)4,"Cr,Li,O,P",2.8449655451026272,2.7786,0.0220481202314815,-2.620701666216931,False,0.559031647385716,0.5977173252762649,0,0.5166684699088364,Cr,,POSSIBLE
1525,mp-772407,Li6V3P8O29,"Li,O,P,V",2.587383481327866,1.1848999999999998,0.0225334810416786,-2.657936489611802,False,0.5493243002445957,0.6122778648413907,0,0.5164256178290143,V,,POSSIBLE
1526,mp-759199,Li4Cr3FeO8,"Cr,Fe,Li,O",4.229043060770796,2.1058000000000003,0.0177792218750001,-2.2754388427083327,False,0.6444107661483017,0.4627035789036559,0,0.5163721739978455,"Cr, Fe",,POSSIBLE
1527,mp-1275702,Li2MnV3O8,"Li,Mn,O,V",3.806087119944018,1.6033,0.0196678413392845,-2.426739388542692,False,0.606637867364322,0.5218690960993084,0,0.516305010685135,"Mn, V",,POSSIBLE
1528,mp-771355,Li5Ti2Mn8O20,"Li,Mn,O,Ti",3.920717036183489,0.0,0.0184473061428649,-2.322254698622333,False,0.631048900559996,0.4810107456943254,0,0.5154306563010117,"Mn, Ti",,POSSIBLE
1529,mp-553966,Li(CuO)2,"Cu,Li,O",5.537039426791042,0.0,0.0049031914999986,-1.2319827396666674,False,0.9019348472519892,0.0546639405337577,0,0.5151965451754092,,,REVIEW
1530,mp-760124,Li6V3P8O29,"Li,O,P,V",2.598988267534561,1.3973999999999998,0.0226615843025488,-2.6578083863509314,False,0.5467622004684074,0.6122277705364293,0,0.5149989299453743,V,,POSSIBLE
1531,mp-768532,Li24Ti5Cr7O36,"Cr,Li,O,Ti",3.488238694382684,0.0,0.0211712123958314,-2.537492866620371,False,0.5765700406646608,0.5651788328589964,0,0.5149261138662122,"Cr, Ti",,POSSIBLE
1532,mp-757373,Li7V3P8O29,"Li,O,P,V",2.608353183744215,1.0528,0.0229756412012438,-2.6812099229888555,False,0.5404809777704768,0.6213788546301482,0,0.5147471368943142,V,,POSSIBLE
1533,mp-1235295,LiVFe(P2O7)2,"Fe,Li,O,P,V",2.8458149093050475,1.6635,0.0213792114285276,-2.5525062019954654,False,0.5724100038982409,0.5710497419651124,0,0.5146929118318219,"Fe, V",,POSSIBLE
1534,mp-1661932,Li3Cr(PO4)2,"Cr,Li,O,P",3.140562325266562,2.625,0.0228403512499966,-2.66919040994898,False,0.543186813292979,0.6166786686425665,0,0.5145902813360368,Cr,,POSSIBLE
1535,mp-861240,Li3Al2CrO6,"Al,Cr,Li,O",3.570735424256072,4.188700000000001,0.0250142712500007,-2.842488636666667,False,0.4997078268282614,0.6844462973467381,0,0.5143955088269021,Cr,,POSSIBLE
1536,mp-1191696,LiCr(MoO4)2,"Cr,Li,Mo,O",3.7634112053220856,2.760001377021188,0.0161503737499977,-2.129827416527778,False,0.6769881680673818,0.4057627708447028,0,0.514360462232706,Cr,,POSSIBLE
1537,mp-531604,LiMnO2,"Li,Mn,O",4.006127198566386,1.2916000000000003,0.0163251552499996,-2.1435448088160927,False,0.673492490916037,0.4111269062140643,0,0.5143152871787429,Mn,,POSSIBLE
1538,mp-777464,Li4Ti5Cr3O16,"Cr,Li,O,Ti",3.878807248585344,0.0,0.0264063406994043,-2.9503441125000003,False,0.47186606229762,0.7266227810789814,0,0.5138443076413345,"Cr, Ti",,POSSIBLE
1539,mp-866271,LiNiO2,"Li,Ni,O",4.646091866099784,0.0,0.008243928333333,-1.489747370833334,False,0.8351192093451406,0.1554618433676223,0,0.5137272103184952,Ni,,POSSIBLE
1540,mp-1274433,LiV3O4,"Li,O,V",4.734439970193673,0.3733000000000004,0.0181608182291661,-2.284791241666668,False,0.6367787361206384,0.4663607998233726,0,0.5134545848045315,V,,POSSIBLE
1541,mp-769522,Li13Mg(Ni6O13)2,"Li,Mg,Ni,O",4.64630247353012,0.0,0.0091557993162361,-1.5584436984294865,False,0.8168815436890272,0.1823252874434819,0,0.5130986996341836,Ni,,POSSIBLE
1542,mp-777593,Li32Ti3Cr13O48,"Cr,Li,O,Ti",3.546749237027271,1.0953,0.0192980694531241,-2.373073382152777,False,0.6140334048419528,0.5008832033758239,0,0.5130274938446124,"Cr, Ti",,POSSIBLE
1543,mp-769454,Li9(NiO2)10,"Li,Ni,O",4.865591942233626,0.0,0.0076976124465817,-1.439750425897435,False,0.8460456744613707,0.1359107235152624,0,0.5128938741840957,Ni,,POSSIBLE
1544,mp-1177123,Li5Ti2Fe3O10,"Fe,Li,O,Ti",3.970558506465319,1.7744000000000004,0.0203223588749992,-2.454141510166667,False,0.5935473400789546,0.5325845941115599,0,0.512855644982471,"Fe, Ti",,POSSIBLE
1545,mp-767146,Li7Ti12NbO30,"Li,Nb,O,Ti",3.6815398877257017,2.6266,0.0299503795499962,-3.227854914866666,False,0.4009843292002529,0.8351423509117271,0,0.5128412038792436,Ti,,POSSIBLE
1546,mp-1176915,Li6V3P8O29,"Li,O,P,V",2.579539360841425,1.5658,0.022859376041679,-2.657610594611801,False,0.5428063123269584,0.6121504248105554,0,0.5127961204635215,V,,POSSIBLE
1547,mp-762676,Li4Nb2V3Fe3O16,"Fe,Li,Nb,O,V",4.25443232812461,1.5942000000000005,0.0198924535491116,-2.418863351190476,False,0.6021455625734998,0.5187892009090669,0,0.5127562797335983,"Fe, V",,POSSIBLE
1548,mp-757536,Li6V3P8O29,"Li,O,P,V",2.587214676453036,1.0906000000000002,0.0228637904982011,-2.6576061801552795,False,0.5427180220056158,0.6121486985537081,0,0.5127469565968865,V,,POSSIBLE
1549,mp-1176925,Li6V3P8O29,"Li,O,P,V",2.553127254231373,1.4459,0.0228753270199399,-2.6575946436335407,False,0.5424872884585993,0.6121441872396772,0,0.5126184741861166,V,,POSSIBLE
1550,mp-850892,Li12Mn5V3(PO4)12,"Li,Mn,O,P,V",2.9509395476673466,0.2107999999999998,0.0224309704062513,-2.621845448567118,False,0.5513745406077298,0.5981645971214185,0,0.5126136063267479,"Mn, V",,POSSIBLE
1551,mp-769635,Li2VCrO4,"Cr,Li,O,V",3.986808326880225,1.3192,0.0200634106250001,-2.431138037083333,False,0.5987263749361489,0.5235891712942375,0,0.5125557161678651,"Cr, V",,POSSIBLE
1552,mp-777397,Li32Ti3Cr13O48,"Cr,Li,O,Ti",3.5267625460398326,1.1164,0.0193419296614578,-2.3730295219444435,False,0.6131561888429845,0.5008660520040554,0,0.5125390220650609,"Cr, Ti",,POSSIBLE
1553,mp-1253145,Li3VSi2O7,"Li,O,Si,V",2.837335293910268,2.2957,0.0251374081890922,-2.836812147435898,False,0.497245054827426,0.682226527290114,0,0.5122640647066242,V,,POSSIBLE
1554,mp-755661,Li4Cr3NiO8,"Cr,Li,Ni,O",4.19664061444395,0.3233999999999999,0.0170362848437504,-2.1856529970833334,False,0.6592697071975502,0.4275931570346706,0,0.5122559439207873,"Cr, Ni",,POSSIBLE
1555,mp-1198160,Rb2LiFe(MoO4)3,"Fe,Li,Mo,O,Rb",3.6667521940467935,2.6718,0.0158344436842083,-2.088642553070176,False,0.6833068546125299,0.3896575827658109,0,0.5121989240049254,Fe,,POSSIBLE
1556,mp-774273,Li6V3P8O29,"Li,O,P,V",2.590792098400791,1.458,0.0229273121286359,-2.6575426585248447,False,0.5414475722605074,0.6121238586557616,0,0.5120395152727957,V,,POSSIBLE
1557,mp-1147633,LiCu2BiO4,"Bi,Cu,Li,O",6.5817103708911375,0.0,0.0071276677343723,-1.3875962954166663,False,0.857444722461179,0.115516044257711,0,0.5120252128438473,,,REVIEW
1558,mp-1275948,LiNi3O4,"Li,Ni,O",5.669391312333448,0.0,0.0066836960416667,-1.351354603541667,False,0.8663242760868084,0.1013438650893867,0,0.51194870462903,Ni,,POSSIBLE
1559,mp-585339,LiCu2P5O16,"Cu,Li,O,P",2.9253120379794906,0.0,0.0175112518749962,-2.221381058189483,False,0.6497702384394155,0.4415644827961615,0,0.511921200120335,,,REVIEW
1560,mp-770521,Li4V3Fe3(WO8)2,"Fe,Li,O,V,W",5.184981184395746,1.0868000000000002,0.0173064811272336,-2.204269110833333,False,0.6538657086362596,0.4348729192597035,0,0.511831661490839,"Fe, V",,POSSIBLE
1561,mp-1177100,Li6V3P8O29,"Li,O,P,V",2.587646570767075,1.5882999999999998,0.0229493723460265,-2.6575205983074537,False,0.5410063619614472,0.6121152320895837,0,0.5117938303101504,V,,POSSIBLE
1562,mp-758506,LiFeSiO4,"Fe,Li,O,Si",2.8729706341287,3.0258,0.0213502871428596,-2.5271259779761897,False,0.5729884974145885,0.5611248995109025,0,0.5115373884068396,Fe,,POSSIBLE
1563,mp-769617,Li2VCrO4,"Cr,Li,O,V",3.9898383769461465,1.2694,0.0201551689583334,-2.43104627875,False,0.5968911835155741,0.5235532895383672,0,0.5115338022719943,"Cr, V",,POSSIBLE
1564,mp-757217,Li6V3P8O29,"Li,O,P,V",2.5863968688302323,1.4686,0.0229738306068965,-2.657496140046584,False,0.5405171901458721,0.6121056677773992,0,0.5115214383023193,V,,POSSIBLE
1565,mp-756926,Li4Ni3BiO8,"Bi,Li,Ni,O",5.715333332013948,0.0,0.0099907397395826,-1.6126348464583335,False,0.8001825099778236,0.2035165348568457,0,0.511331167687699,Ni,,POSSIBLE
1566,mp-756548,LiV5(BO5)2,"B,Li,O,V",4.035159695995979,0.0,0.0215039861776702,-2.5373866623148142,False,0.5699144752545469,0.5651373020592758,0,0.5112510171107473,V,,POSSIBLE
1567,mp-1278550,LiV3O4,"Li,O,V",4.6371082831957935,0.0,0.0183662494791665,-2.284585810416667,False,0.6326700557008527,0.4662804666951117,0,0.511166693978758,V,,POSSIBLE
1568,mp-775412,NaLi2V3O9,"Li,Na,O,V",2.823244618640362,3.0393,0.0196917151666742,-2.390861973369732,False,0.6061603843760172,0.5078393659840236,0,0.5111319895012177,V,,POSSIBLE
1569,mp-768624,Li2FePCO7,"C,Fe,Li,O,P",2.717889112640328,2.4418,0.0183766905208306,-2.284938957400793,False,0.6324612320508608,0.4664185635132472,0,0.51110017485761,Fe,,POSSIBLE
1570,mp-782668,Li4VP2(O4F)2,"F,Li,O,P,V",2.72085958932671,1.5804999999999998,0.0244746815196057,-2.774714638977592,False,0.5104997670028312,0.6579435269596372,0,0.5110551062874302,V,,POSSIBLE
1571,mp-775441,Li4V3Fe3(SbO8)2,"Fe,Li,O,Sb,V",4.59368118479128,1.1125000000000005,0.0168044038839232,-2.157116500119048,False,0.663907388949286,0.4164340657535822,0,0.5109009869358612,"Fe, V",,POSSIBLE
1572,mp-764344,Li2FeSiO4,"Fe,Li,O,Si",3.0653656801436218,2.9306,0.0216037187500006,-2.541662714895833,False,0.5679197969027967,0.5668094365589672,0,0.5107391910921767,Fe,,POSSIBLE
1573,mp-1176916,Li6V3P8O29,"Li,O,P,V",2.571157457245162,1.1059,0.0230710358242873,-2.6573989348291933,False,0.5385730595747257,0.6120676560377235,0,0.5104388623793024,V,,POSSIBLE
1574,mp-756294,Li2Ti2O5,"Li,O,Ti",2.4568116995543487,3.7434,0.0289460530555523,-3.1283753664814813,False,0.4210711300291708,0.7962412425373858,0,0.510273556404129,Ti,,POSSIBLE
1575,mp-764005,Li4TiV3O8,"Li,O,Ti,V",3.8928341575599,0.5023,0.0225258547656244,-2.611450766041667,False,0.5494768278230421,0.594099795079156,0,0.5101471835803777,"Ti, V",,POSSIBLE
1576,mp-773062,Li2Mn3CuO8,"Cu,Li,Mn,O",4.240698135114982,0.0657,0.0132095828333316,-1.8603878246756989,False,0.735804779746307,0.3003994179433442,0,0.5098324251406393,Mn,,POSSIBLE
1577,mp-1213707,Cs3Li2Fe(MoO4)4,"Cs,Fe,Li,Mo,O",3.742790503296391,2.9686,0.0166284848077085,-2.135014098485853,False,0.667425817931774,0.4077910035842914,0,0.5098110511169778,Fe,,POSSIBLE
1578,mp-1176719,LiV3O3F7,"F,Li,O,V",3.107184164154888,1.215,0.0260436511111024,-2.891604797380952,False,0.4791199519074688,0.7036529897965254,0,0.5097945199778917,V,,POSSIBLE
1579,mp-504358,LiCr6P7O24,"Cr,Li,O,P",3.251157538524496,2.3798,0.0215679317950989,-2.530631201469298,False,0.5686355456551803,0.562495604155175,0,0.5096230115646604,Cr,,POSSIBLE
1580,mp-849710,Li7Fe8(BO3)8,"B,Fe,Li,O",3.288331261654942,1.4263,0.0188944268617019,-2.315315434609929,False,0.6221063655622168,0.4782971722436352,0,0.5095625113444916,Fe,,POSSIBLE
1581,mp-761013,Li8MnNi7O16,"Li,Mn,Ni,O",4.613363390815271,0.0947,0.0099755642187506,-1.5984193782686784,False,0.8004860244884074,0.197957628753889,0,0.5095524835324853,"Mn, Ni",,POSSIBLE
1582,mp-887443,Li12Mn3V5(PO4)12,"Li,Mn,O,P,V",2.926767797352276,0.5555000000000003,0.0232780525859297,-2.665499699243842,False,0.5344326684943719,0.6152354299120989,0,0.5092703681411391,"Mn, V",,POSSIBLE
1583,mp-754209,Li4Cr3NiO8,"Cr,Li,Ni,O",4.268369468225759,0.4365999999999999,0.0173183260937497,-2.185370955833334,False,0.653628806110487,0.4274828658500968,0,0.5091148464083017,"Cr, Ni",,POSSIBLE
1584,mp-774164,Li2V3SnO8,"Li,O,Sn,V",4.30506000193691,1.1949,0.020113366964285,-2.4091189342261905,False,0.597727234673586,0.5149786828023232,0,0.5089925180512854,V,,POSSIBLE
1585,mp-753408,KLiCoO2,"Co,K,Li,O",3.417316248967188,1.7016,0.0098556035624985,-1.5843800291166672,False,0.8028852699755799,0.1924675933472854,0,0.5089505561581189,Co,,POSSIBLE
1586,mp-772104,Li6V3P8O29,"Li,O,P,V",2.5699834044750127,0.4913999999999998,0.0232148023460263,-2.6572551683074543,False,0.5356976903556385,0.6120114366727027,0,0.5088377325310471,V,,POSSIBLE
1587,mp-697764,LiFeP2O7,"Fe,Li,O,P",3.188781722932037,2.4906,0.0213442115909092,-2.504415167738095,False,0.5731100100926156,0.5522439214135714,0,0.5084958780456885,Fe,,POSSIBLE
1588,mp-757517,Li6V3P8O29,"Li,O,P,V",2.5816358788032625,1.3464,0.0232470319112438,-2.657222938742237,False,0.5350530903566263,0.6119988334207807,0,0.5084787913934177,V,,POSSIBLE
1589,mp-772961,Li6V3P8O29,"Li,O,P,V",2.597159584694176,0.7631999999999999,0.0232566554982014,-2.65721331515528,False,0.5348606160212916,0.6119950701528001,0,0.5083716133651904,V,,POSSIBLE
1590,mp-759104,LiV3P2(HO3)4,"H,Li,O,P,V",3.0190260248004743,2.1058,0.0187409112499956,-2.2900241781872293,False,0.6251767192106897,0.4684071202380391,0,0.5077896876491931,V,,POSSIBLE
1591,mp-1177898,Li2MnFeO4,"Fe,Li,Mn,O",4.109976683293441,1.2092999999999998,0.0156091265625004,-2.0367942293247125,False,0.6878132578311345,0.3693824880977034,0,0.5075811626413201,"Fe, Mn",,POSSIBLE
1592,mp-755452,Li2MnCo(PO4)2,"Co,Li,Mn,O,P",3.476352557464032,2.4609,0.0213535883928575,-2.4974057524202444,False,0.5729224715240429,0.5495029155551141,0,0.5074333797825135,"Co, Mn",,POSSIBLE
1593,mp-26563,LiFeP2O7,"Fe,Li,O,P",3.0309022335272906,2.3731,0.0214661104545461,-2.504293268874457,False,0.5706719999348714,0.5521962533151324,0,0.5071382886244756,Fe,,POSSIBLE
1594,mp-584012,Li2NiP2O7,"Li,Ni,O,P",2.6448900395550874,3.1132,0.0213062507638932,-2.4906830932043644,False,0.5738692368737368,0.5468740446066042,0,0.5070339958928667,Ni,,POSSIBLE
1595,mp-766239,Li7V5O12,"Li,O,V",3.694872448929488,0.9636999999999998,0.0211322474999926,-2.47563686263889,False,0.5773493490931085,0.5409902719583155,0,0.5068887371866202,V,,POSSIBLE
1596,mp-25457,Li2FePCO7,"C,Fe,Li,O,P",2.6811661939593656,2.4568,0.0187813559374969,-2.284534291984127,False,0.6243678145497844,0.4662603206031757,0,0.5065934102134929,Fe,,POSSIBLE
1597,mp-1198234,Li3V(H4O3)4,"H,Li,O,V",1.5941935296303849,3.992401518173642,0.0099695851562495,-1.5757189714062498,False,0.8006056073514182,0.1890807188580205,0,0.5065113356435872,V,,POSSIBLE
1598,mp-757184,Li6V3P8O29,"Li,O,P,V",2.588809493661844,1.4742000000000002,0.023427540715593,-2.657042429937888,False,0.5314428655732643,0.6119282461224417,0,0.5064684622081499,V,,POSSIBLE
1599,mp-1290742,Li4MgNi3O8,"Li,Mg,Ni,O",4.257928673609468,0.2297999999999995,0.0116769196527792,-1.7125410248958337,False,0.7664584568282985,0.2425844753305508,0,0.506456717621257,Ni,,POSSIBLE
1600,mp-768805,Li4Cr3FeO8,"Cr,Fe,Li,O",4.209523511915467,2.3087,0.0186900812499999,-2.274527983333333,False,0.6261933329231587,0.4623473907239161,0,0.5062279198611079,"Cr, Fe",,POSSIBLE
1601,mp-699179,Li7Mn17O32,"Li,Mn,O",4.086787613770959,0.0264000000000002,0.0158979382142856,-2.0499962667528737,False,0.6820369468818824,0.3745450958607226,0,0.5062111043362882,Mn,,POSSIBLE
1602,mp-1644676,LiNi2O3,"Li,Ni,O",5.331941280024384,0.0,0.0077739172222237,-1.396915382222223,False,0.8445195583635724,0.1191602385836559,0,0.5061918406042445,Ni,,POSSIBLE
1603,mp-758473,Li2CoSiO4,"Co,Li,O,Si",3.1747287116129903,2.7693000000000003,0.0213853400000001,-2.4897582233333333,False,0.5722874308154686,0.5465123776743636,0,0.506037419134535,Co,,POSSIBLE
1604,mp-1176896,Li6V3P8O29,"Li,O,P,V",2.548096361992686,1.6115,0.0234767777808091,-2.6569931928726715,False,0.530458110986118,0.6119089921507348,0,0.5059201082951221,V,,POSSIBLE
1605,mp-1177009,Li6V3P8O29,"Li,O,P,V",2.5781251977078203,1.5143000000000002,0.0234815257155931,-2.656988444937888,False,0.530363151009574,0.6119071354884503,0,0.5058672304762233,V,,POSSIBLE
1606,mp-757400,Li6V3P8O29,"Li,O,P,V",2.589409688552752,0.7950000000000002,0.0234823012590705,-2.6569876693944097,False,0.5303476399308052,0.6119068322150499,0,0.5058585932372104,V,,POSSIBLE
1607,mp-1176906,Li6V3P8O29,"Li,O,P,V",2.570651907920202,1.4765,0.0234919582155921,-2.656978012437889,False,0.5301544981951885,0.6119030558980253,0,0.5057510435716626,V,,POSSIBLE
1608,mp-757635,Li4MnP2O9,"Li,Mn,O,P",2.8337453703478226,1.4716000000000002,0.0221779605729173,-2.5486581403468795,False,0.5564348055295986,0.5695449717319065,0,0.5053798831474465,Mn,,POSSIBLE
1609,mp-756865,LiCrPO4,"Cr,Li,O,P",3.3610106170734726,2.4892000000000003,0.0222095088392793,-2.5491806682823133,False,0.5558038316914922,0.5697493043427284,0,0.5051043639502757,Cr,,POSSIBLE
1610,mp-766710,Li2SiNiO4,"Li,Ni,O,Si",3.2252362955891667,3.3558000000000003,0.0209397718750006,-2.4457527427083336,False,0.5811989135176502,0.5293041977153055,0,0.5049158716350646,Ni,,POSSIBLE
1611,mp-760147,Li5CoO4,"Co,Li,O",2.6889940709183726,1.6006000000000002,0.0144251844999976,-1.9207974721666663,False,0.7114924184766376,0.3240223865037026,0,0.5047286654384466,Co,,POSSIBLE
1612,mp-867640,Li4CoNi3O8,"Co,Li,Ni,O",4.698034638476178,0.0690000000000004,0.0099272310416669,-1.557722701458334,False,0.8014527010690613,0.1820433442524676,0,0.5045141560763474,"Co, Ni",,POSSIBLE
1613,mp-1265539,Li2FeSiO4,"Fe,Li,O,Si",3.023115598141513,3.2021,0.022178255,-2.541088178645833,False,0.5564289169085161,0.5665847662896603,0,0.504340572501065,Fe,,POSSIBLE
1614,mp-1177998,Li2FeSiO4,"Fe,Li,O,Si",2.9263662876422205,2.9997,0.0221806803125002,-2.5410857533333333,False,0.5563804100042286,0.5665838178802041,0,0.5043135617603971,Fe,,POSSIBLE
1615,mp-850062,LiNiO2,"Li,Ni,O",4.887144330841902,0.0,0.0091152113333334,-1.4888760878333336,False,0.8176933142966177,0.1551211313825166,0,0.5040237188470206,Ni,,POSSIBLE
1616,mp-1222709,Li3(CuO2)2,"Cu,Li,O",4.077147777896104,0.0,0.0103265088888893,-1.5847087977777774,False,0.7934670364102828,0.1925961571126376,0,0.5038155250150788,,,REVIEW
1617,mp-756408,Li3MnO3,"Li,Mn,O",2.969143287309336,1.3918,0.0167785871428574,-2.100974783990147,False,0.6644237307352583,0.3944800559203697,0,0.5035010714765215,Mn,,POSSIBLE
1618,mp-1304002,Li4Ni3BiO8,"Bi,Li,Ni,O",5.693197341608595,0.0,0.0107220628645832,-1.611903523333333,False,0.7855558501866738,0.2032305536616742,0,0.5031864113842567,Ni,,POSSIBLE
1619,mp-1176920,Li6V3P8O29,"Li,O,P,V",2.577832857563029,1.4697000000000002,0.0237630894112443,-2.656706881242236,False,0.5247318011383039,0.6117970310497326,0,0.5027314514934735,V,,POSSIBLE
1620,mp-772092,Li6V3P8O29,"Li,O,P,V",2.5895653464305286,1.5497999999999998,0.0237840532155919,-2.6566859174378883,False,0.5243125193958862,0.6117888332318081,0,0.5024979772988702,V,,POSSIBLE
1621,mp-756711,Li4CrO4,"Cr,Li,O",2.742242314120675,2.0888,0.017784895833337,-2.1736236403703697,False,0.6442972854508837,0.422889121715243,0,0.5023746995983212,Cr,,POSSIBLE
1622,mp-1290930,Li4Cr3NiO8,"Cr,Li,Ni,O",4.227067628568009,0.0,0.0179377770312498,-2.184751504895834,False,0.6412396202494284,0.427240631858855,0,0.5022160122877849,"Cr, Ni",,POSSIBLE
1623,mp-780303,Li4Fe3SbO8,"Fe,Li,O,Sb",4.574142446437964,1.2768999999999997,0.01501272046875,-1.949608897708334,False,0.6997415406003255,0.3352889875851224,0,0.5022089929849718,Fe,,POSSIBLE
1624,mp-26111,LiCr(PO3)3,"Cr,Li,O,P",2.9525939383606112,3.0959,0.0230749930072455,-2.5968659556972784,False,0.538493914848021,0.5883964590966742,0,0.5021104138502475,Cr,,POSSIBLE
1625,mp-757620,LiVOF3,"F,Li,O,V",3.396145209013348,1.8347,0.0276580533333428,-2.9647348572222234,False,0.4468314719407414,0.7322502284198064,0,0.50204488951434,V,,POSSIBLE
1626,mp-1288374,LiV3O4,"Li,O,V",4.6841449587357,0.4256000000000002,0.0191875919791666,-2.283764467916667,False,0.616242984124928,0.4659592837572757,0,0.5020193905837569,V,,POSSIBLE
1627,mp-1211002,LiTi3Zn2O8,"Li,O,Ti,Zn",4.447284443367443,0.0,0.0266858823214226,-2.8848641289880947,False,0.4662751544445085,0.7010170764261638,0,0.501807311693637,Ti,,POSSIBLE
1628,mp-768844,Li2Mn3CrO8,"Cr,Li,Mn,O",4.048387437771615,0.0,0.0173011022857227,-2.1302787864614112,False,0.6539732869175431,0.4059392773828828,0,0.5017640548886577,"Cr, Mn",,POSSIBLE
1629,mp-1305983,Li4Cr3CoO8,"Co,Cr,Li,O",4.223748433954705,1.936,0.0184806743750005,-2.224400658333333,False,0.6303815269154402,0.4427452862311374,0,0.5016706899843902,"Co, Cr",,POSSIBLE
1630,mp-1176948,Li6V3P8O29,"Li,O,P,V",2.57290332985539,0.9114,0.0238730989764608,-2.6565968716770194,False,0.5225315801563778,0.6117540122173377,0,0.501506273362076,V,,POSSIBLE
1631,mp-757631,Li6V3P8O29,"Li,O,P,V",2.591768089602352,1.0297999999999998,0.0238827041938529,-2.656587266459628,False,0.5223394732173088,0.6117502561327076,0,0.5013992999159675,V,,POSSIBLE
1632,mp-26267,Li2Cu(PO3)4,"Cu,Li,O,P",2.897389423731138,0.2524999999999999,0.0214493270614095,-2.4603519484335847,False,0.5710076723253075,0.5350131629580737,0,0.5013088268142449,,,REVIEW
1633,mp-772646,Li6V3P8O29,"Li,O,P,V",2.590140564424676,1.1088,0.0239150107155925,-2.656554959937888,False,0.5216933340670937,0.611737622787223,0,0.5010395017124296,V,,POSSIBLE
1634,mp-772090,Li4Ti9O20,"Li,O,Ti",3.2992890382116333,3.1247,0.0317401615909052,-3.285005818131313,False,0.3651882055474366,0.8574909996307697,0,0.5009753629218595,Ti,,POSSIBLE
1635,mp-778149,Li6Ti3P8O29,"Li,O,P,Ti",2.548570399662136,2.3633,0.0265847701268118,-2.867435775481366,False,0.4682974256140514,0.694201783438238,0,0.5005342082911115,Ti,,POSSIBLE
1636,mp-1177698,Li3Mn2(P2O7)2,"Li,Mn,O,P",2.959507048158404,0.2032,0.0232569511956386,-2.597330330192761,False,0.5348547019927765,0.5885780510205246,0,0.5001724039532107,Mn,,POSSIBLE
1637,mp-755965,LiTiFeO4,"Fe,Li,O,Ti",3.8109050211581934,1.3314000000000004,0.02351350479592,-2.6175385659523807,False,0.5297235607759476,0.596480406651406,0,0.5001161007547633,"Fe, Ti",,POSSIBLE
1638,mp-1176943,Li6V3P8O29,"Li,O,P,V",2.584868809808792,1.1042,0.0240018019112451,-2.656468168742236,False,0.5199574867401319,0.6117036834121171,0,0.5000729069013136,V,,POSSIBLE
1639,mp-1176909,Li6V3P8O29,"Li,O,P,V",2.6051379967236645,1.1723,0.024006890824288,-2.6564630798291926,False,0.5198557071064233,0.611701693411549,0,0.5000162316025749,V,,POSSIBLE
1640,mp-1004373,LiMnO2,"Li,Mn,O",4.3072277326257264,1.0353,0.0176289581249999,-2.142241005941093,False,0.6474160816853887,0.4106170589362825,0,0.4997948155546626,Mn,,POSSIBLE
1641,mp-32027,Li2Mn3(P2O7)2,"Li,Mn,O,P",3.230384345350443,3.4753,0.0233978989130507,-2.604979450610052,False,0.5320357096206644,0.5915692111851173,0,0.4996688642061565,Mn,,POSSIBLE
1642,mp-779077,Li24TiCr11O36,"Cr,Li,O,Ti",3.5539720390153486,0.8887,0.0195764501736066,-2.2972074435185186,False,0.6084657153327371,0.4712161094993509,0,0.4995817817577782,"Cr, Ti",,POSSIBLE
1643,mp-776162,Li8Mn7Ni(PO4)12,"Li,Mn,Ni,O,P",3.023400056216893,0.0,0.0212620921893353,-2.432380568261818,False,0.5747524202776801,0.5240750585023858,0,0.4995401016285591,"Mn, Ni",,POSSIBLE
1644,mp-766526,Li11Mn12(BO3)12,"B,Li,Mn,O",3.165423267788692,0.0,0.0219960772183132,-2.491166317209002,False,0.560072521688875,0.547063007561087,0,0.4995119395752617,Mn,,POSSIBLE
1645,mp-757632,Li6V3P8O29,"Li,O,P,V",2.589324691442265,1.3887,0.0240564075634184,-2.6564135630900627,False,0.5188653589655424,0.6116823300743958,0,0.4994647629570868,V,,POSSIBLE
1646,mp-26435,LiCrP2O7,"Cr,Li,O,P",3.0989593111827363,2.4891999999999994,0.0239871254545445,-2.6503571097835503,False,0.5202510198334537,0.6093139764754376,0,0.4993979526748027,Cr,,POSSIBLE
1647,mp-1282790,Li2Mn3SnO8,"Li,Mn,O,Sn",4.447009984898021,0.9553000000000004,0.0169992189285776,-2.0885970736042694,False,0.6600110355003844,0.3896397981893753,0,0.4993799988914928,Mn,,POSSIBLE
1648,mp-26257,Li2MnP2O7,"Li,Mn,O,P",2.508168013460012,3.1116,0.023967148749973,-2.6472773432402845,False,0.5206505593140566,0.6081096451931588,0,0.4991961834403367,Mn,,POSSIBLE
1649,mp-1176922,Li6V3P8O29,"Li,O,P,V",2.579454219510656,0.7214,0.0241211161503747,-2.656348854503106,False,0.5175711697697952,0.6116570260215043,0,0.4987441024809139,V,,POSSIBLE
1650,mp-1290584,Li2V3SnO8,"Li,O,Sn,V",4.262992349357083,0.9131000000000004,0.0210412385714287,-2.408191062619048,False,0.5791695522161263,0.5146158420523111,0,0.4986587984371784,V,,POSSIBLE
1651,mp-756610,Li3Mg(NiO2)4,"Li,Mg,Ni,O",4.737522773813793,0.0,0.0115698112500002,-1.6457964028125005,False,0.7686006537788197,0.2164842384555825,0,0.4984998430378047,Ni,,POSSIBLE
1652,mp-758465,Li2FeSiO4,"Fe,Li,O,Si",3.065793186395371,3.2006999999999994,0.0227247146875004,-2.540541718958333,False,0.5454995757385104,0.5663710752559683,0,0.4982546429957696,Fe,,POSSIBLE
1653,mp-758852,Li4Mn3(PO4)4,"Li,Mn,O,P",3.204716212764648,0.1758999999999999,0.0229992767592639,-2.5616092061369584,False,0.5400082602338425,0.5746094379668388,0,0.4981178464170069,Mn,,POSSIBLE
1654,mp-755607,Li5Co2Ni3O10,"Co,Li,Ni,O",4.678148176680163,0.2908000000000004,0.0110359121666681,-1.598409200333333,False,0.7792787794769492,0.1979536487100275,0,0.4978871057608317,"Co, Ni",,POSSIBLE
1655,mp-771835,Li6V3P8O29,"Li,O,P,V",2.5811126293266424,0.8370000000000001,0.0242253478895051,-2.656244622763975,False,0.5154865068682919,0.6116162665865672,0,0.4975832720828591,V,,POSSIBLE
1656,mp-768703,Li4Cr3FeO8,"Cr,Fe,Li,O",4.214581830897846,2.3743000000000003,0.0194673224999997,-2.273750742083333,False,0.6106482982445607,0.4620434534162981,0,0.4975717727302127,"Cr, Fe",,POSSIBLE
1657,mp-766525,Li11Mn12(BO3)12,"B,Li,Mn,O",3.165336923178105,0.0436,0.0221914165140884,-2.4909709779132263,False,0.5561656830761287,0.5469866208540896,0,0.4973364429908021,Mn,,POSSIBLE
1658,mp-760848,Li10Fe3Co7O20,"Co,Fe,Li,O",4.699120963971419,0.0,0.0135009635624951,-1.7919419003333346,False,0.7299770865564217,0.2736338931310018,0,0.4972592602018826,"Co, Fe",,POSSIBLE
1659,mp-1273426,Li2VO2F,"F,Li,O,V",3.47325670029574,1.673,0.0247109920833343,-2.6926081873611114,False,0.5057734919780804,0.6258361036307936,0,0.497218056858722,V,,POSSIBLE
1660,mp-768704,Li4Cr3FeO8,"Cr,Fe,Li,O",4.214938663683315,2.4179,0.0195271971875001,-2.2736908673958327,False,0.6094507883419865,0.4620200396418575,0,0.4969049474627428,"Cr, Fe",,POSSIBLE
1661,mp-1177669,Li3MnV(PO4)3,"Li,Mn,O,P,V",2.879501321024395,0.1230999999999999,0.0241660721875023,-2.6455173715929794,False,0.5166720368993242,0.6074214148091356,0,0.4967671154778258,"Mn, V",,POSSIBLE
1662,mp-758903,Li2VP4(H4O5)4,"H,Li,O,P,V",2.081544100822598,1.8897,0.0147811711757146,-1.8898401837264671,False,0.7043725889267507,0.3119166536959401,0,0.4965757527032919,V,,POSSIBLE
1663,mp-771733,Li3MgV8O16,"Li,Mg,O,V",3.8405671709342255,0.2811000000000003,0.0229300290624969,-2.544384515178572,False,0.5413932328503323,0.5678737864629512,0,0.4965221033297156,V,,POSSIBLE
1664,mp-1202865,Li3V2(PO4)3,"Li,O,P,V",2.8855389833370064,1.9273,0.0249012135000068,-2.702705422696428,False,0.501969012328053,0.6297845900527411,0,0.4965075632988885,V,,POSSIBLE
1665,mp-1177601,Li3MnV(PO4)3,"Li,Mn,O,P,V",2.923486656088868,0.4852000000000003,0.024201899437501,-2.64548154434298,False,0.5159554822341301,0.6074074046959255,0,0.4963681068723455,"Mn, V",,POSSIBLE
1666,mp-757068,Li4CrNi3(PO4)4,"Cr,Li,Ni,O,P",3.627721645850247,1.5358999999999998,0.0212783911160734,-2.40957405542517,False,0.5744264373459099,0.5151566562589015,0,0.496239370230866,"Cr, Ni",,POSSIBLE
1667,mp-697753,Li3Cr2(PO4)3,"Cr,Li,O,P",2.928287849215388,2.8872000000000004,0.0241932137499869,-2.643359378946428,False,0.5161291983275749,0.6065775397898252,0,0.496173198006605,Cr,,POSSIBLE
1668,mp-561087,LiFe(MoO4)2,"Fe,Li,Mo,O",3.779961936664429,2.4998,0.016076884687501,-1.990976456944446,False,0.678457969142671,0.3514656181704863,0,0.4961648493881393,Fe,,POSSIBLE
1669,mp-754279,Li4Cr3NiO8,"Cr,Li,Ni,O",4.218380004966924,0.0,0.0184898829687503,-2.184199398958333,False,0.6301973525562155,0.427024732880045,0,0.4960672004139343,"Cr, Ni",,POSSIBLE
1670,mp-766543,Li7Ti11O24,"Li,O,Ti",3.626939098677584,0.0,0.0311060621428573,-3.1965644111904767,False,0.377870365571222,0.822906315522,0,0.495845911496872,Ti,,POSSIBLE
1671,mp-1177757,Li2VO2F,"F,Li,O,V",3.465024372412896,1.6205000000000005,0.024835291666668,-2.6924838877777777,False,0.5032874667787511,0.625787496739823,0,0.4958337305872511,V,,POSSIBLE
1672,mp-1177895,Li2MnV(PO4)3,"Li,Mn,O,P,V",2.906868449846701,1.3347,0.0235437738157919,-2.587530769922436,False,0.5291181722127493,0.5847459693285095,0,0.4956760839819905,"Mn, V",,POSSIBLE
1673,mp-766502,Li3Mn4(PO4)6,"Li,Mn,O,P",3.171848990347905,0.3498000000000001,0.0214064404504457,-2.41435854539409,False,0.5718654161142276,0.5170276133130715,0,0.4954856435224002,Mn,,POSSIBLE
1674,mp-1172967,Li(NiO2)2,"Li,Ni,O",4.700239426779258,0.0,0.0064331476785728,-1.2099599840476185,False,0.8713353109398371,0.0460520236428499,0,0.4953526292919079,Ni,,POSSIBLE
1675,mp-1280637,Li4MgNi3O8,"Li,Mg,Ni,O",4.268026916247242,0.3117000000000001,0.0126790015277791,-1.711538943020834,False,0.746416548993798,0.2421926149305781,0,0.4952965171722913,Ni,,POSSIBLE
1676,mp-753283,Li6NiOF6,"F,Li,Ni,O",3.139770702484518,1.8946,0.0269645046428568,-2.8593866417857146,False,0.4607026328510815,0.691054199565001,0,0.4952554179158451,Ni,,POSSIBLE
1677,mp-772139,Li6V3P8O29,"Li,O,P,V",2.594273277962751,1.1744,0.0244377383242877,-2.656032232329193,False,0.5112386408754629,0.6115332120949128,0,0.495217876714724,V,,POSSIBLE
1678,mp-765358,Li3VOF5,"F,Li,O,V",2.942304443945229,2.7786,0.0291175140000063,-3.032076414,False,0.4176418648845799,0.7585838943926937,0,0.4952073887239617,V,,POSSIBLE
1679,mp-1311864,Li4Cr3NiO8,"Cr,Li,Ni,O",4.205916666377068,0.3054999999999999,0.0185674945312497,-2.184121787395834,False,0.6286451003687336,0.4269943831664317,0,0.4952028393110546,"Cr, Ni",,POSSIBLE
1680,mp-6944,LiTiO2,"Li,O,Ti",4.036423012731052,0.0,0.0281219825,-2.951234965416666,False,0.437552763452095,0.726971145807404,0,0.4950939209312437,Ti,,POSSIBLE
1681,mp-756308,Li4Ti3Fe3(SnO8)2,"Fe,Li,O,Sn,Ti",4.475263960453745,1.1995999999999998,0.0225168766071455,-2.499353323333333,False,0.5496563934146836,0.5502645059361182,0,0.4949035934557173,"Fe, Ti",,POSSIBLE
1682,mp-1176813,LiFeSnO4,"Fe,Li,O,Sn",5.088798344251337,2.1541999999999994,0.0163100844642869,-1.998405881904762,False,0.67379391069598,0.3543708672415943,0,0.4946164544173471,Fe,,POSSIBLE
1683,mp-31950,LiMn(PO3)4,"Li,Mn,O,P",2.5606590328893053,1.7367,0.0232144362500008,-2.551772177490877,False,0.5357050123749114,0.5707627044054738,0,0.4944047033481171,Mn,,POSSIBLE
1684,mp-1177909,Li2MnV(PO4)3,"Li,Mn,O,P,V",2.901928859630236,0.9035,0.02366713039474,-2.587407413343488,False,0.526651007355529,0.5846977311959061,0,0.4943022599641081,"Mn, V",,POSSIBLE
1685,mp-1177947,Li2FePCO7,"C,Fe,Li,O,P",2.732339303149092,1.789107330197019,0.0199047207291638,-2.28341092719246,False,0.6019002156631035,0.4658210329685421,0,0.4940824801536966,Fe,,POSSIBLE
1686,mp-757813,LiCoSbO4,"Co,Li,O,Sb",5.167210459071806,1.4278999999999995,0.0148769542857198,-1.878950433690477,False,0.7024569008869622,0.3076582573401458,0,0.4940316855568802,Co,,POSSIBLE
1687,mp-1172980,Li17(CoO4)3,"Co,Li,O",2.646887944516911,0.3449000000000002,0.0154480232812517,-1.9222114014583327,False,0.6910353669174029,0.3245752983082053,0,0.4936708062124434,Co,,POSSIBLE
1688,mp-1105323,LiNdTi2O6,"Li,Nd,O,Ti",4.915460760927173,2.6507,0.0343323523750029,-3.4397865912500007,False,0.3133436905627374,0.9180174467959752,0,0.4936451361880969,Ti,,POSSIBLE
1689,mp-1275836,Li2Cr3SnO8,"Cr,Li,O,Sn",4.425306188859778,1.0992000000000002,0.0196774690873091,-2.26103165797619,False,0.6064453098065249,0.4570697027579363,0,0.4935193163588665,Cr,,POSSIBLE
1690,mp-1222630,Li3FeIrO5,"Fe,Ir,Li,O",6.160905479337056,0.0,0.013995369349999,-1.803864161,False,0.7200888374290757,0.2782960489387996,0,0.4934524777145715,Fe,,POSSIBLE
1691,mp-769574,Li7V6Ni5O24,"Li,Ni,O,V",4.01098208696199,0.0,0.0180059131547629,-2.1250052531746024,False,0.6398768793978888,0.4038770817533699,0,0.4932892622825183,"Ni, V",,POSSIBLE
1692,mp-769545,Li10FeNi9O20,"Fe,Li,Ni,O",4.642422225193643,0.0,0.0106511339374977,-1.5320347100833338,False,0.7869744478630841,0.1719981505154719,0,0.4930352990051114,"Fe, Ni",,POSSIBLE
1693,mp-774918,Li3La14(CuO7)4,"Cu,La,Li,O",6.812884346040451,0.4793000000000003,0.030629995127553,-3.137072320204082,False,0.3873918343072727,0.7996421540290579,0,0.4929402627791702,,,REVIEW
1694,mp-764760,LiVOF3,"F,Li,O,V",3.2181105343757053,2.1361,0.0284812175000102,-2.963911693055556,False,0.4303679665400344,0.7319283331259776,0,0.492877298191111,V,,POSSIBLE
1695,mp-753602,Li3Mn(OF)2,"F,Li,Mn,O",3.289359666280163,2.4193,0.0244254068749993,-2.63770730224138,False,0.5114852731879215,0.6043673161608256,0,0.4928454609096457,Mn,,POSSIBLE
1696,mp-754195,Li4Cr3CoO8,"Co,Cr,Li,O",4.216189004767793,0.7871999999999999,0.0192766018750001,-2.2236047308333333,False,0.6144627621958029,0.442434041734774,0,0.4928064338148625,"Co, Cr",,POSSIBLE
1697,mp-766830,Li9Mn14O32,"Li,Mn,O",3.9100302736778,0.0,0.0167280473333306,-2.0187421691097183,False,0.6654345405600639,0.3623232969151647,0,0.4928021512283428,Mn,,POSSIBLE
1698,mp-768831,Li2Fe2(SO4)3,"Fe,Li,O,S",2.983649753879182,4.2958,0.016610252763149,-2.0084532578508765,False,0.6677904637414749,0.3582998563343489,0,0.4926897047748333,Fe,,POSSIBLE
1699,mp-774192,Li2VO3,"Li,O,V",3.46070146274602,1.6959,0.022451055833339,-2.477306122361112,False,0.5509728266474726,0.5416430297805329,0,0.4926101150792965,V,,POSSIBLE
1700,mp-777761,Li6MnV3(PO4)6,"Li,Mn,O,P,V",2.8660737023302936,0.0,0.024978624140612,-2.6767420891447053,False,0.5004207786326584,0.6196317247789263,0,0.4921025319205863,"Mn, V",,POSSIBLE
1701,mp-25418,LiTiPCO7,"C,Li,O,P,Ti",2.25393021957858,2.8265,0.0249329972727299,-2.672862814209956,False,0.5013333282991914,0.6181147487059526,0,0.4920734926116387,Ti,,POSSIBLE
1702,mp-1176902,Li6V3P8O29,"Li,O,P,V",2.586358997990572,1.4619,0.0247313191938527,-2.6557386514596275,False,0.5053669442840094,0.6114184083849143,0,0.4919482622909252,V,,POSSIBLE
1703,mp-583853,LiCrPO4,"Cr,Li,O,P",2.8642802379296195,2.6276,0.023396585267851,-2.547993591853741,False,0.5320619828790442,0.5692851025088228,0,0.4918838764615623,Cr,,POSSIBLE
1704,mp-31940,LiMnPO4,"Li,Mn,O,P",3.23018853702888,3.3679,0.024203644642851,-2.609225088701032,False,0.515920577656321,0.5932294522113023,0,0.4913866259849324,Mn,,POSSIBLE
1705,mp-26367,Li3Mn2(PO4)3,"Li,Mn,O,P",3.197114545305153,1.1331000000000002,0.0234020634999883,-2.544119331739533,False,0.5319524167584198,0.5677700874628192,0,0.4912933598291176,Mn,,POSSIBLE
1706,mp-1101551,Li3Mn3(PO4)4,"Li,Mn,O,P",2.8135646450095995,0.8884,0.0230664055768867,-2.515885022398636,False,0.5386656657718527,0.5567291655308849,0,0.4911213241103287,Mn,,POSSIBLE
1707,mp-1101663,NaLi15V16O48,"Li,Na,O,V",2.8282926860486466,3.0463000000000005,0.0216935183125004,-2.4030001118922426,False,0.5661237814273151,0.5125859400265458,0,0.4907731587943144,V,,POSSIBLE
1708,mp-759299,Li2MnP4(H4O5)4,"H,Li,Mn,O,P",2.104839869168297,4.1786,0.0152881303488348,-1.88615139763184,False,0.694233268700516,0.3104741675772735,0,0.4904942564373296,Mn,,POSSIBLE
1709,mp-21549,LiCr(GeO3)2,"Cr,Ge,Li,O",4.381153715009818,2.7518,0.0196853400000014,-2.2390929405833324,False,0.6062878894293202,0.4484906487036389,0,0.4904300662323997,Cr,,POSSIBLE
1710,mp-766078,LiV3Fe2CuO12,"Cu,Fe,Li,O,V",3.5866471324044613,0.7355,0.0171893215789502,-2.038248302280701,False,0.6562089312083951,0.3699510979332255,0,0.4903977964412462,"Fe, V",,POSSIBLE
1711,mp-759228,Li2FeP4(H4O5)4,"Fe,H,Li,O,P",2.1371367874048333,2.6388,0.014989369069764,-1.861384651633444,False,0.7002085748796194,0.3007892234274176,0,0.4903909443833869,Fe,,POSSIBLE
1712,mp-540231,Li2FeP2O7,"Fe,Li,O,P",2.9355956579424296,4.1959,0.0235768105555527,-2.551300822996032,False,0.5284574285051172,0.5705783829787653,0,0.4903540197203824,Fe,,POSSIBLE
1713,mp-770744,Li4Nb2Fe3Sn3O16,"Fe,Li,Nb,O,Sn",4.9435989886289535,1.5534,0.0200829411607106,-2.269829564940476,False,0.5983357589531303,0.460510091640281,0,0.4902631994983201,Fe,,POSSIBLE
1714,mp-757213,Li6V3P8O29,"Li,O,P,V",2.5989896737757627,1.2485,0.0249086664764623,-2.6555613041770187,False,0.5018199507883322,0.611349057387924,0,0.4899731430193561,V,,POSSIBLE
1715,mp-1222986,Li3Fe(MoO4)3,"Fe,Li,Mo,O",3.757457527500026,2.304,0.0178478796710503,-2.0872104719736853,False,0.6430375917052872,0.3890975727653661,0,0.4898548259057861,Fe,,POSSIBLE
1716,mp-759552,Li2CrP4(H4O5)4,"Cr,H,Li,O,P",2.093670481498621,2.7064,0.0152258353779073,-1.8756471572148388,False,0.6954791849245591,0.3063665233279279,0,0.4897418348732822,Cr,,POSSIBLE
1717,mp-1177394,Li4Mn3CrO8,"Cr,Li,Mn,O",4.043241224769255,0.9579,0.0193034415625001,-2.202754494820402,False,0.6139259612051834,0.4342806342863499,0,0.4896575006630733,"Cr, Mn",,POSSIBLE
1718,mp-779301,Li12Mn3V5(PO4)12,"Li,Mn,O,P,V",2.922341381737882,0.2517000000000002,0.0250393158359294,-2.663738435993843,False,0.4992069283533376,0.6145466944516337,0,0.4896551536524075,"Mn, V",,POSSIBLE
1719,mp-768590,Li2Ni2(SO4)3,"Li,Ni,O,S",3.210164572023001,3.5479000000000003,0.0157517825000006,-1.9166288202192976,False,0.6849601005964289,0.3223922506233949,0,0.489565343046224,Ni,,POSSIBLE
1720,mp-705293,Li3V2(PO4)3,"Li,O,P,V",2.83208996931654,1.9338,0.0255484315000069,-2.702058204696428,False,0.4890244777261942,0.6295314978547112,0,0.4892994869985557,V,,POSSIBLE
1721,mp-1666215,Li4Fe3Sn3(SbO8)2,"Fe,Li,O,Sb,Sn",5.228801580498489,0.0,0.0167461004464319,-1.9936459347619049,False,0.6650734734277977,0.3525095075685139,0,0.4891687380342686,Fe,,POSSIBLE
1722,mp-759741,Li9V3P8O29,"Li,O,P,V",2.667630374138288,0.937,0.0256026076360642,-2.704172187390672,False,0.4879409403897965,0.6303581629454277,0,0.4889928742452878,V,,POSSIBLE
1723,mp-754091,Li2CrO3,"Cr,Li,O",3.7971346866628894,0.8223000000000003,0.0197843516666678,-2.2365294956944446,False,0.6043076293853308,0.4474882230889974,0,0.488990074243081,Cr,,POSSIBLE
1724,mp-755972,Li3(NiO2)4,"Li,Ni,O",4.840248643783246,0.2483999999999997,0.0088515310277772,-1.3577272900000006,False,0.8229669915415343,0.1038358804892902,0,0.4889744035190955,Ni,,POSSIBLE
1725,mp-1667041,Li7Mn4CoO12,"Co,Li,Mn,O",3.997152849017572,0.5198999999999998,0.0178804553124969,-2.0831683483357275,False,0.6423860700883308,0.3875169153110939,0,0.4889432589074648,"Co, Mn",,POSSIBLE
1726,mp-756529,LiMnPCO7,"C,Li,Mn,O,P",2.596989023650029,0.9189,0.0192200318434387,-2.1900268832642933,False,0.6155941780880906,0.429303549000703,0,0.4888330400986959,Mn,,POSSIBLE
1727,mp-754265,Li2MgMn3O8,"Li,Mg,Mn,O",3.794193896363458,1.3888999999999998,0.0193105024999997,-2.196948732532841,False,0.613784740550342,0.4320103124804086,0,0.4887852166708312,Mn,,POSSIBLE
1728,mp-766484,Li11Mn12(BO3)12,"B,Li,Mn,O",3.132723402398111,0.0,0.0229605034154962,-2.490201891011819,False,0.5407837375691926,0.5466858722742398,0,0.4887711109590398,Mn,,POSSIBLE
1729,mp-752635,Li(CoO2)3,"Co,Li,O",4.816866463390611,0.0,0.0089999383749983,-1.3672647343333335,False,0.8199988045608364,0.1075654627164697,0,0.4886472544592245,Co,,POSSIBLE
1730,mp-752850,LiNiO2,"Li,Ni,O",4.876550452129246,0.0,0.0105012239583341,-1.487490075208333,False,0.7899726878880013,0.154579136286956,0,0.4885876760388354,Ni,,POSSIBLE
1731,mp-1662321,Li2TiV3O8,"Li,O,Ti,V",3.8831658761554975,1.2624999999999995,0.0256627846428525,-2.704956361428572,False,0.4867373840199067,0.6306648112940367,0,0.4884382451638616,"Ti, V",,POSSIBLE
1732,mp-755203,Li4NbFe(WO6)2,"Fe,Li,Nb,O,W",5.692818362222221,2.2989999999999995,0.0215649769999979,-2.3732628551666672,False,0.5686946423543238,0.500957296095051,0,0.4881171069281459,Fe,,POSSIBLE
1733,mp-756862,Li7Fe5O12,"Fe,Li,O",4.205121732849242,0.0182999999999999,0.015628890937493,-1.895819119305556,False,0.6874179649993903,0.314254694275143,0,0.4880690237459647,Fe,,POSSIBLE
1734,mp-768648,Li2FePCO7,"C,Fe,Li,O,P",2.72118915830386,2.454,0.0204559686458303,-2.282859679275793,False,0.5908751086180414,0.4656054695155964,0,0.4879432240703815,Fe,,POSSIBLE
1735,mp-754927,Li5Mn2Ni3O10,"Li,Mn,Ni,O",4.492124684255454,0.1815999999999999,0.0149084431666679,-1.8363745146264376,False,0.7018271147731545,0.2910091021265095,0,0.4878580988695133,"Mn, Ni",,POSSIBLE
1736,mp-1177111,Li6V3P8O29,"Li,O,P,V",2.5771012475748605,1.3891999999999998,0.0251179279982007,-2.6553520426552795,False,0.497634663900483,0.6112672264461083,0,0.4876425944014036,V,,POSSIBLE
1737,mp-768746,Li4Cr3GaO8,"Cr,Ga,Li,O",4.293700042612066,3.2245000000000004,0.0216938973437503,-2.3794911869270825,False,0.5661162007000647,0.5033928621258208,0,0.4875514121290729,Cr,,POSSIBLE
1738,mp-755680,Li4NbCr(WO6)2,"Cr,Li,Nb,O,W",5.696544593045119,1.8451,0.0226512933749951,-2.455900816166667,False,0.5469680217956945,0.5332725641966736,0,0.4874778094564677,Cr,,POSSIBLE
1739,mp-756397,Li3V6O16,"Li,O,V",3.5437768664947407,0.0,0.0217043917999975,-2.3786919144,False,0.5659063087440012,0.503080309569025,0,0.4873265781583594,V,,POSSIBLE
1740,mp-755855,Li2Fe3BiO8,"Bi,Fe,Li,O",5.180528910837332,0.0,0.0137115718750031,-1.735695458333333,False,0.7257648634898528,0.2516389306343786,0,0.4872443006414516,Fe,,POSSIBLE
1741,mp-705357,LiMnP2O7,"Li,Mn,O,P",3.0252033536057783,1.2075000000000002,0.0237404536363641,-2.5415844161863714,False,0.5251845227424259,0.5667788181390832,0,0.4872240738570134,Mn,,POSSIBLE
1742,mp-861746,Li4V3CrO8,"Cr,Li,O,V",3.942822200298385,1.0314,0.0226062818749994,-2.4498849630208337,False,0.54786826393849,0.5309200871399419,0,0.4871495756651491,"Cr, V",,POSSIBLE
1743,mp-26413,Li2MnP2O7,"Li,Mn,O,P",2.820714702799087,3.8876,0.0250546160416389,-2.646189875948618,False,0.4989009201115672,0.6076843951427378,0,0.4870850443613201,Mn,,POSSIBLE
1744,mp-1296375,Li2V3SnO8,"Li,O,Sn,V",4.268642195668254,0.9118999999999996,0.0220948032142862,-2.40713749797619,False,0.5580979751358198,0.5142038495069441,0,0.4869252336521313,V,,POSSIBLE
1745,mp-768690,Li4Cr3GaO8,"Cr,Ga,Li,O",4.293562881415707,3.1166,0.0217575692187503,-2.3794275150520825,False,0.5648427460231203,0.5033679634752943,0,0.4868422975290692,Cr,,POSSIBLE
1746,mp-768748,Li4Cr3GaO8,"Cr,Ga,Li,O",4.293946382652794,3.1494,0.02176302359375,-2.379422060677083,False,0.5647336570516839,0.5033658305621839,0,0.4867815520751905,Cr,,POSSIBLE
1747,mp-768686,Li4Cr3GaO8,"Cr,Ga,Li,O",4.295350598711377,3.0346,0.0217690876562501,-2.3794159966145827,False,0.5646123741657624,0.5033634592330379,0,0.4867140165227326,Cr,,POSSIBLE
1748,mp-1177422,Li4Fe2P4H3O16,"Fe,H,Li,O,P",2.822670937348519,1.5845,0.021426870258618,-2.35181093605706,False,0.5714568144393737,0.4925686027036291,0,0.4867002588879257,Fe,,POSSIBLE
1749,mp-777582,Li6MnV3(PO4)6,"Li,Mn,O,P,V",2.9333570554201605,0.0279,0.0254789430156128,-2.676241770269704,False,0.490414266160184,0.6194360769388014,0,0.4865304733166817,"Mn, V",,POSSIBLE
1750,mp-1176998,Li6V3P8O29,"Li,O,P,V",2.581551884417815,1.164,0.0252364045199398,-2.6552335661335404,False,0.4952651015039498,0.6112208966417737,0,0.4863231196517932,V,,POSSIBLE
1751,mp-760114,Li6V3P8O29,"Li,O,P,V",2.6063933553663903,1.4102,0.0252516883242872,-2.655218282329193,False,0.4949594212938461,0.6112149199667792,0,0.4861529036999881,V,,POSSIBLE
1752,mp-757498,Li8V3P8O29,"Li,O,P,V",2.610009969059976,0.0211999999999998,0.0258480232291393,-2.701064984766865,False,0.4830325623218259,0.6291431028856279,0,0.485867995286974,V,,POSSIBLE
1753,mp-759401,LiFeSiO4,"Fe,Li,O,Si",2.8665428234285955,3.1054,0.0236637475892873,-2.524812517529761,False,0.5267186643771723,0.5602202293851617,0,0.4857723456922513,Fe,,POSSIBLE
1754,mp-766701,Li2SiNiO4,"Li,Ni,O,Si",3.237345894021048,3.1114,0.0226959678125009,-2.4439965467708333,False,0.5460745209936273,0.5286174438085954,0,0.4853570918795034,Ni,,POSSIBLE
1755,mp-754937,LiTi3O6,"Li,O,Ti",3.8821134912273534,0.0,0.03325098275001,-3.291512927333333,False,0.3349713747867818,0.8600355805459474,0,0.4852467093238116,Ti,,POSSIBLE
1756,mp-759380,Li2VCrO4,"Cr,Li,O,V",4.00658885258385,1.7347000000000006,0.0225168299999998,-2.428684617708334,False,0.5496573255701709,0.52262977074866,0,0.485231948825625,"Cr, V",,POSSIBLE
1757,mp-1290870,Li3Mn(PO4)2,"Li,Mn,O,P",3.1101135316661783,1.2630000000000003,0.0246135710714421,-2.5959663348011963,False,0.5077219384974703,0.5880446656824257,0,0.4850626991624577,Mn,,POSSIBLE
1758,mp-776806,Li4V3Fe3(SnO8)2,"Fe,Li,O,Sn,V",4.580057786807197,0.9881999999999996,0.0195763269419604,-2.189015332619048,False,0.6084681799989057,0.4289079858732503,0,0.4847752940550358,"Fe, V",,POSSIBLE
1759,mp-768872,Li4Cr3GaO8,"Cr,Ga,Li,O",4.293777735032222,3.1699,0.0219524270312501,-2.3792326572395828,False,0.5609455372057732,0.5032917650505458,0,0.4846721632308663,Cr,,POSSIBLE
1760,mp-758615,Li4Cr2Si3O10,"Cr,Li,O,Si",2.920778573343185,2.3486,0.02629240008772,-2.727876355701755,False,0.4741449052693918,0.6396275900323161,0,0.4846493544094761,Cr,,POSSIBLE
1761,mp-34052,Li7Ti7O16,"Li,O,Ti",3.5545964047746583,0.0,0.0306398058333368,-3.074287731555556,False,0.3871956175449343,0.7750904735389352,0,0.4842392553883412,Ti,,POSSIBLE
1762,mp-1290385,Li2Mn3SnO8,"Li,Mn,O,Sn",4.458693221864626,0.8700999999999999,0.0183730892857205,-2.0872232032471265,False,0.6325332577245785,0.3891025512826184,0,0.4840791846974346,Mn,,POSSIBLE
1763,mp-1176627,LiV(SO4)2,"Li,O,S,V",2.837719924658522,1.8864,0.0189641405208362,-2.134048026215277,False,0.6207120735726769,0.40741322460655,0,0.4839862690772648,V,,POSSIBLE
1764,mp-768584,Li4MnV(PO4)3,"Li,Mn,O,P,V",2.8286953727443307,2.0378,0.0257548492857173,-2.675339066199664,False,0.4848960663260679,0.6190830778608138,0,0.4833719137306222,"Mn, V",,POSSIBLE
1765,mp-776390,Li4Nb2V3Ni3O16,"Li,Nb,Ni,O,V",4.454811809831615,1.589,0.0217917128571434,-2.353096977619048,False,0.564159864044231,0.4930715044858436,0,0.4828629517943723,"Ni, V",,POSSIBLE
1766,mp-755327,LiCr3(FeO4)2,"Cr,Fe,Li,O",4.37614567402215,1.3003,0.0189475107142822,-2.1241155623809527,False,0.6210446741900275,0.4035291714688417,0,0.4828097808186097,"Cr, Fe",,POSSIBLE
1767,mp-1176834,Li8Fe7Te(PO4)12,"Fe,Li,O,P,Te",3.069604756508441,0.0308999999999999,0.0225556047499946,-2.41353694367168,False,0.5488818201098994,0.5167063290072736,0,0.4827322162129904,Fe,,POSSIBLE
1768,mp-1176912,Li6V3P8O29,"Li,O,P,V",2.5965505127684887,1.3642,0.0255668083242879,-2.6549031623291928,False,0.4886569362830056,0.611091693459724,0,0.4826434076665564,V,,POSSIBLE
1769,mp-1173184,SrLi3La11(CoO8)3,"Co,La,Li,O,Sr",6.5783919742153,0.1966000000000001,0.0318683714880929,-3.1610498255952386,False,0.3626239730161308,0.8090184685671588,0,0.4825996491573775,Co,,POSSIBLE
1770,mp-757423,Li4VNi3(PO4)4,"Li,Ni,O,P,V",3.6344688143835535,1.9017,0.0227962484375066,-2.429504070782313,False,0.5440688814405213,0.5229502148334594,0,0.4822704599839975,"Ni, V",,POSSIBLE
1771,mp-1176859,Li8MnFe7(PO4)12,"Fe,Li,Mn,O,P",2.93855204996689,0.0,0.0226073187225868,-2.413331355398842,False,0.5478475267070286,0.5166259344758147,0,0.4821352167554009,"Fe, Mn",,POSSIBLE
1772,mp-772239,Li6V3P8O29,"Li,O,P,V",2.567174673760831,1.4447,0.025634535715592,-2.654835434937888,False,0.4873023701859109,0.6110652089145907,0,0.4818891267223578,V,,POSSIBLE
1773,mp-757307,LiV(SiO3)2,"Li,O,Si,V",3.1283639646255272,2.0453,0.0292513573749992,-2.945193912333335,False,0.4149649612774106,0.7246088144085935,0,0.4818438137455836,V,,POSSIBLE
1774,mp-1177371,Li4V3CrO8,"Cr,Li,O,V",3.958236592196245,1.4942999999999995,0.0230913528125,-2.449399892083333,False,0.5381667143294995,0.5307304019492141,0,0.4817473335634497,"Cr, V",,POSSIBLE
1775,mp-1177849,Li2TiCr3O8,"Cr,Li,O,Ti",3.8716112138609033,0.0,0.0244815489087315,-2.5596383164285714,False,0.51036241736768,0.573838728857435,0,0.4815428846523262,"Cr, Ti",,POSSIBLE
1776,mp-753971,Li5Fe(Ni2O5)2,"Fe,Li,Ni,O",4.593221010573164,0.0,0.0122330455416665,-1.5751473433333332,False,0.7553357890228759,0.1888571858205741,0,0.4815346989997827,"Fe, Ni",,POSSIBLE
1777,mp-1220781,NaLi3V4O12,"Li,Na,O,V",2.8283286532713414,3.0399,0.0224052367500009,-2.3924992030689665,False,0.5518892206749801,0.5084795985845678,0,0.4815069308758378,V,,POSSIBLE
1778,mp-1307565,Li2Cr3SnO8,"Cr,Li,O,Sn",4.419409101659546,0.9602999999999996,0.0207852723015937,-2.259923854761905,False,0.5842889466655814,0.4566365004204119,0,0.4811816958132139,Cr,,POSSIBLE
1779,mp-758686,LiMn3Al2(HO2)6,"Al,H,Li,Mn,O",3.2184113522344475,0.7926000000000002,0.0179377393750002,-2.0308132645677683,False,0.641240373384579,0.3670436540160274,0,0.481147484267128,Mn,,POSSIBLE
1780,mp-1275695,Li2Mn3SnO8,"Li,Mn,O,Sn",4.457300807525803,0.8759000000000001,0.0186401503571502,-2.086956142175697,False,0.6271919642501529,0.388998118041305,0,0.4811049216520409,Mn,,POSSIBLE
1781,mp-850710,Li7V3P8O29,"Li,O,P,V",2.5903606980484515,0.3264,0.0259965894991172,-2.6781889746909826,False,0.4800611968431189,0.6201975240045425,0,0.4811027916653053,V,,POSSIBLE
1782,mp-758346,LiMn3Al2(HO2)6,"Al,H,Li,Mn,O",3.224793194812401,0.8297999999999999,0.017953552083334,-2.0307974518594345,False,0.6409241149520631,0.3670374705150911,0,0.4809713779039166,Mn,,POSSIBLE
1783,mp-764648,LiTiO2,"Li,O,Ti",3.932010700890733,0.0,0.0293973162499998,-2.9499596316666663,False,0.4120457444016542,0.7264724312753467,0,0.4808905103672811,Ti,,POSSIBLE
1784,mp-766108,Ba3LiTi5(SbO7)3,"Ba,Li,O,Sb,Ti",5.25170151364916,2.3975,0.0297865685605991,-2.9811152436363644,False,0.4042605931799555,0.7386557177636339,0,0.4808728274662474,Ti,,POSSIBLE
1785,mp-760008,Li3Fe(PO4)2,"Fe,Li,O,P",3.0879736832002096,2.4323,0.0245065503571435,-2.556588108341837,False,0.5098623816547274,0.572645956299935,0,0.4808503946150773,Fe,,POSSIBLE
1786,mp-849334,Li2Fe2(PO4)3,"Fe,Li,O,P",2.926640484680536,0.0,0.0225874440131539,-2.4020891327944867,False,0.5482450262573441,0.5122297050296664,0,0.4808151612019224,Fe,,POSSIBLE
1787,mp-1177068,Li6V3P8O29,"Li,O,P,V",2.582059307061559,1.1456,0.0257590298460268,-2.654710940807454,False,0.4848124539920762,0.6110165259466982,0,0.4805026337769862,V,,POSSIBLE
1788,mp-1663957,Li3Mn(PO4)2,"Li,Mn,O,P",3.0575095577814304,1.0275,0.0250370175000131,-2.595542888372625,False,0.4992528956916923,0.5878790785273171,0,0.4803467701149918,Mn,,POSSIBLE
1789,mp-1177485,Li4Fe3Cu(PO4)4,"Cu,Fe,Li,O,P",3.538178645811526,0.3192999999999997,0.0225831439285721,-2.396204517568027,False,0.5483310291090261,0.5099285480744756,0,0.4800570578360308,Fe,,POSSIBLE
1790,mp-26399,Li3V(PO4)2,"Li,O,P,V",3.0978365514164854,2.0699000000000005,0.0264730230357139,-2.708453483520408,False,0.4705323975823428,0.632032347915394,0,0.4800041404406764,V,,POSSIBLE
1791,mp-1176849,Li7V3P8O29,"Li,O,P,V",2.576893939353857,0.9552,0.0261029359884785,-2.678082628201621,False,0.4779342383664953,0.6201559376043724,0,0.4799184092631028,V,,POSSIBLE
1792,mp-545467,Li3(CuO2)2,"Cu,Li,O",4.09298670343586,0.0,0.0124947155555554,-1.582540591111112,False,0.7501023181536275,0.1917482879386508,0,0.4796681757630229,,,REVIEW
1793,mp-757689,Li7V3P8O29,"Li,O,P,V",2.639650244525883,0.0030999999999998,0.0261266646055,-2.6780588995846,False,0.4774596596247282,0.6201466586167083,0,0.4796541433094484,V,,POSSIBLE
1794,mp-584674,LiCo(PO3)3,"Co,Li,O,P",2.4421764435247004,3.1495,0.0236735530357004,-2.478453332482993,False,0.5265225528036668,0.5420916420430921,0,0.479319478757099,Co,,POSSIBLE
1795,mp-766120,Li3VSi2O7,"Li,O,Si,V",2.824875894231762,2.2777000000000003,0.0281087690865282,-2.8338407865384623,False,0.4378170352861515,0.6810645876335039,0,0.4791719750791097,V,,POSSIBLE
1796,mp-1283531,LiVO2,"Li,O,V",4.005734158775208,0.6681999999999997,0.0235917987499991,-2.4701892433333343,False,0.528157660572781,0.5388600006369478,0,0.4790877135379613,V,,POSSIBLE
1797,mp-697754,Li2V(PO3)4,"Li,O,P,V",2.803079070827597,2.8952000000000004,0.025735097828317,-2.642314666065162,False,0.4852911008024812,0.6061690086929928,0,0.4790692584839121,V,,POSSIBLE
1798,mp-1177860,Li2SiNiO4,"Li,Ni,O,Si",3.2220769867308365,3.5775,0.0232635321875003,-2.443428982395834,False,0.5347230803801695,0.5283954998651451,0,0.479036119161894,Ni,,POSSIBLE
1799,mp-540237,Li14Ni9(P2O7)8,"Li,Ni,O,P",3.1191468653296983,3.9337,0.0234493042631589,-2.4568565410626566,False,0.5310075887507315,0.5336462968719667,0,0.4788303777180906,Ni,,POSSIBLE
1800,mp-531078,Li13Co11O24,"Co,Li,O",4.709959972919744,0.2045999999999996,0.0145190906249981,-1.738988151111111,False,0.7096142706433027,0.2529265259308086,0,0.4788121329295995,Co,,POSSIBLE
1801,mp-758390,LiNiPO4,"Li,Ni,O,P",3.834862760397233,3.6481,0.0220514174999992,-2.342996729710884,False,0.5589657011258484,0.4891218400084594,0,0.4786237796221774,Ni,,POSSIBLE
1802,mp-755521,Li2Ti3FeO8,"Fe,Li,O,Ti",3.713869900176914,0.0,0.0299227351785731,-2.9746813176190483,False,0.4015372240864163,0.7361397548613599,0,0.4784943874490049,"Fe, Ti",,POSSIBLE
1803,mp-772026,Li6V3P8O29,"Li,O,P,V",2.593908456034044,1.0766999999999998,0.0259473173460271,-2.654522653307453,False,0.481046653197211,0.6109428968182797,0,0.478405673144864,V,,POSSIBLE
1804,mp-1222301,LiTiO2,"Li,O,Ti",4.090368217346586,0.0,0.0296245412499995,-2.9497324066666666,False,0.40750118310252,0.7263835757819932,0,0.4783599022300836,Ti,,POSSIBLE
1805,mp-554028,Na5LiMn2O8,"Li,Mn,Na,O",2.8010172930336648,1.7783999999999998,0.0155447318229136,-1.8167300705369984,False,0.6891011699948242,0.283327215136854,0,0.4781701687950522,Mn,,POSSIBLE
1806,mp-756405,Li4Fe3CoO8,"Co,Fe,Li,O",4.336668897220941,1.6510999999999996,0.0163293351562501,-1.8787881683333327,False,0.6734088916634018,0.3075948040741616,0,0.4780330718408276,"Co, Fe",,POSSIBLE
1807,mp-1221179,Na4Li(NiO2)5,"Li,Na,Ni,O",4.607046371450303,0.3016999999999998,0.009838005166662,-1.356265745442529,False,0.8032372426398795,0.1032643489117243,0,0.4779230055710373,Ni,,POSSIBLE
1808,mp-754365,Li2Cr2O7,"Cr,Li,O",2.7209150987762944,2.378,0.0163512442121209,-1.879422356515151,False,0.6729707046355168,0.3078428010101259,0,0.4778788679030783,Cr,,POSSIBLE
1809,mp-1176944,Li6V3P8O29,"Li,O,P,V",2.583372997189093,1.2745,0.0260140496286354,-2.6544559210248453,False,0.4797119895424857,0.6109168014067109,0,0.4776624747407159,V,,POSSIBLE
1810,mp-765310,Li5Ni2O2F5,"F,Li,Ni,O",3.739835684380224,2.1843000000000004,0.0251487932142859,-2.583158045476192,False,0.4970173512521811,0.5830360316545282,0,0.4774221542677845,Ni,,POSSIBLE
1811,mp-1176865,Li7V3P8O29,"Li,O,P,V",2.614414713449705,0.4693,0.0263309538608194,-2.677854610329281,False,0.4733738194066417,0.6200667720612314,0,0.4773789708950839,V,,POSSIBLE
1812,mp-773709,Li3Fe(NiO3)2,"Fe,Li,Ni,O",4.447991325379007,0.0,0.0133402603472241,-1.6336328550000008,False,0.733191194215209,0.2117277282044664,0,0.4773598616899281,"Fe, Ni",,POSSIBLE
1813,mp-760070,Li6V3P8O29,"Li,O,P,V",2.594926458398848,0.939,0.0260497911503749,-2.6544201795031057,False,0.4789971494656028,0.6109028248172187,0,0.4772644208921081,V,,POSSIBLE
1814,mp-775295,Li2MnCr3O8,"Cr,Li,Mn,O",4.014501822964015,0.0,0.0208277058730139,-2.233557675328408,False,0.583440263789751,0.4463261037588952,0,0.4771062813999764,"Cr, Mn",,POSSIBLE
1815,mp-770910,Li3Mn(BO3)2,"B,Li,Mn,O",2.8416043318234783,1.3619,0.0245607829166667,-2.5328322309386984,False,0.5087777158337902,0.5633563085644142,0,0.4770024517061295,Mn,,POSSIBLE
1816,mp-766878,Li13Ni15O28,"Li,Ni,O",4.8628587308593865,0.0,0.0113018468452388,-1.4666961666666667,False,0.773960014163574,0.146447755487222,0,0.4769347222104934,Ni,,POSSIBLE
1817,mp-861577,Li2VO3,"Li,O,V",3.466572196688409,1.7501999999999995,0.0238685858333393,-2.475888592361112,False,0.5226218442363314,0.5410887099323932,0,0.4768230628063199,V,,POSSIBLE
1818,mp-31723,Li3Cr(PO4)2,"Cr,Li,O,P",3.3110938783750368,2.7819000000000003,0.0262465987499975,-2.665784162448979,False,0.4750609443798,0.6153466681932449,0,0.4766548532765258,Cr,,POSSIBLE
1819,mp-1176722,LiMn2(PO4)2,"Li,Mn,O,P",3.405223085634681,0.1326,0.0244583245512837,-2.5214117028318808,False,0.5108269107819374,0.5588903534129563,0,0.4765664246246003,Mn,,POSSIBLE
1820,mp-1299584,Li2TiVO4,"Li,O,Ti,V",3.8714483913740994,0.0,0.0272758995312489,-2.7468963000000004,False,0.4544746510773471,0.6470652686952217,0,0.4764339021358685,"Ti, V",,POSSIBLE
1821,mp-756192,Li2ZnFe(PO4)2,"Fe,Li,O,P,Zn",3.616881347650976,3.4097000000000004,0.0240701448214286,-2.488912064889455,False,0.5185906100993989,0.5461814905537293,0,0.4763883572484747,Fe,,POSSIBLE
1822,mp-1178068,Li24TiCr11O36,"Cr,Li,O,Ti",3.589937630265517,0.9709000000000004,0.0216627610069393,-2.295121132685186,False,0.5667389358360236,0.4704002653871944,0,0.476346507595331,"Cr, Ti",,POSSIBLE
1823,mp-1235089,LiTi4O8,"Li,O,Ti",3.5737462706891248,0.0,0.0345778584615406,-3.332484099743589,False,0.3084335026011021,0.8760572055334668,0,0.4762584483673195,Ti,,POSSIBLE
1824,mp-754280,Li5CoO4,"Co,Li,O",2.80159776191394,1.5084,0.0169941714999986,-1.9182284851666656,False,0.6601119854336238,0.323017793667069,0,0.4761178197719672,Co,,POSSIBLE
1825,mp-761629,Li17V16O32,"Li,O,V",3.891574054669885,0.6445999999999996,0.023542106076924,-2.444152372871796,False,0.529151527440018,0.5286783790273364,0,0.4760707727515776,V,,POSSIBLE
1826,mp-771960,Li2Ni3TeO8,"Li,Ni,O,Te",5.151965104154639,0.0,0.0120200017857143,-1.517521372738095,False,0.7595967216153452,0.1663227637841767,0,0.4759911642129017,Ni,,POSSIBLE
1827,mp-768580,Li2MnV(PO4)3,"Li,Mn,O,P,V",2.915627601377724,1.1712,0.0253191301315816,-2.585755413606646,False,0.4936105669539883,0.5840517228269452,0,0.4759039148141244,"Mn, V",,POSSIBLE
1828,mp-26689,Li2V(PO3)4,"Li,O,P,V",2.4982998120290394,1.2918000000000005,0.0260255438809489,-2.64202422001253,False,0.4794821013953783,0.6060554308415275,0,0.4758345565619927,V,,POSSIBLE
1829,mp-761486,LiFePO4,"Fe,Li,O,P",2.9265788602810714,3.4886,0.0237222442857145,-2.456173770425169,False,0.5255487146678066,0.5333793019469307,0,0.4757345487487194,Fe,,POSSIBLE
1830,mp-26289,Li3Cr3(PO4)4,"Cr,Li,O,P",3.0396040362303145,2.007,0.025833723461524,-2.62529963956044,False,0.4833185615318212,0.5995153456959555,0,0.4756555798360861,Cr,,POSSIBLE
1831,mp-753504,Li3Nb4VO12,"Li,Nb,O,V",4.681512891219227,0.0,0.0281467364687486,-2.810518531499999,False,0.4370576773991738,0.6719445063151572,0,0.4755622997798506,V,,POSSIBLE
1832,mp-772998,Li5Ni5(SnO6)2,"Li,Ni,O,Sn",5.474512717479788,0.1229999999999993,0.0149982145138878,-1.75303883111111,False,0.7000316636108825,0.2584209922234859,0,0.4754647622642055,Ni,,POSSIBLE
1833,mp-756504,LiMn3CrO8,"Cr,Li,Mn,O",4.0865074659283644,1.1147999999999998,0.0183810675641034,-2.021911351317418,False,0.6323736900045973,0.363562593861331,0,0.4750524373539944,"Cr, Mn",,POSSIBLE
1834,mp-1314918,Li2TiVO4,"Li,O,Ti,V",3.8685528170944368,0.2105000000000005,0.0274009339062493,-2.746771265625,False,0.4519739298464569,0.6470163744666958,0,0.4750413924788949,"Ti, V",,POSSIBLE
1835,mp-776063,Li2MnPO4F,"F,Li,Mn,O,P",3.0684618117754754,3.0801,0.0271587747222232,-2.7269831176933965,False,0.4568171788549568,0.6392782926226346,0,0.4749968507881483,Mn,,POSSIBLE
1836,mp-768531,Li3MnV(PO4)3,"Li,Mn,O,P,V",2.825723951091585,0.8828999999999998,0.026129960187502,-2.64355348359298,False,0.4773937470956296,0.6066534436918237,0,0.4748952661947346,"Mn, V",,POSSIBLE
1837,mp-1176929,Li6V3P8O29,"Li,O,P,V",2.567872315683468,1.1336,0.0262684913677659,-2.6542014792857143,False,0.4746230861183977,0.6108173029084812,0,0.4748287533830871,V,,POSSIBLE
1838,mp-1178130,Li2CrCo3O8,"Co,Cr,Li,O",4.540797784111614,0.5611000000000002,0.0143179991468276,-1.6934484163690482,False,0.7136361544557377,0.2351183815906242,0,0.4747913185073742,"Co, Cr",,POSSIBLE
1839,mp-756252,Li4Cr3CoO8,"Co,Cr,Li,O",4.205932438368984,0.8529,0.0209194462499997,-2.2219618864583337,False,0.5816054315009703,0.4417916135360996,0,0.4745100520631685,"Co, Cr",,POSSIBLE
1840,mp-775292,Li2V(Si2O5)3,"Li,O,Si,V",2.5971847407837902,1.9546,0.0312619623263916,-3.051494560173611,False,0.3747523198428962,0.766177288421822,0,0.4742758268612306,V,,POSSIBLE
1841,mp-759126,Li2Mn2(PO4)3,"Li,Mn,O,P",3.0027202911670114,0.3269999999999999,0.0239492681725197,-2.4610043938924915,False,0.5210081756868173,0.5352682993345176,0,0.4738984013948307,Mn,,POSSIBLE
1842,mp-1199729,LiMn2O4,"Li,Mn,O",4.019859537042061,0.0154,0.0188279853968245,-2.049278357345377,False,0.6234352127838694,0.3742643600500226,0,0.473881893048636,Mn,,POSSIBLE
1843,mp-775874,Li2Ti3FeO8,"Fe,Li,O,Ti",3.7437486163418408,1.3264999999999998,0.0303467594642867,-2.9742572933333338,False,0.3930566239818961,0.7359739417373591,0,0.4737720227981186,"Fe, Ti",,POSSIBLE
1844,mp-31817,Li2Fe(PO3)4,"Fe,Li,O,P",2.6148918713269915,3.9524,0.0253021467982579,-2.5678254176441104,False,0.4939502382021048,0.5770402644175303,0,0.4736367235572932,Fe,,POSSIBLE
1845,mp-775285,Li2CoNi3O8,"Co,Li,Ni,O",4.622004162482425,0.0313999999999996,0.009349787946431,-1.2838733449404762,False,0.8130017187522598,0.0749555692366804,0,0.4733853945465811,"Co, Ni",,POSSIBLE
1846,mp-32383,Li2NiP2O7,"Li,Ni,O,P",3.046964023408752,4.116,0.0243457784722265,-2.4876435654960307,False,0.5130778627249601,0.5456854485714585,0,0.4731827314987386,Ni,,POSSIBLE
1847,mp-776240,Li4Co3Sn3(SbO8)2,"Co,Li,O,Sb,Sn",5.387996682552761,0.375,0.017651262678572,-1.9494320160119056,False,0.6469699845967831,0.3352198186538809,0,0.473160428057089,Co,,POSSIBLE
1848,mp-1176942,Li6V3P8O29,"Li,O,P,V",2.57315800499286,1.3001999999999998,0.026423669411244,-2.6540463012422366,False,0.4715194833860097,0.6107566211102159,0,0.4731005332508809,V,,POSSIBLE
1849,mp-743603,Li3Ti3Fe(PO4)6,"Fe,Li,O,P,Ti",2.799048026584871,2.4446000000000003,0.028939022567556,-2.8548825691312727,False,0.4212117416857318,0.6892928986614432,0,0.4729189724586576,"Fe, Ti",,POSSIBLE
1850,mp-25408,LiMnPCO7,"C,Li,Mn,O,P",2.586592950061829,0.91,0.020649942752529,-2.1885969723552026,False,0.586995574155116,0.4287443876439906,0,0.4729081014607106,Mn,,POSSIBLE
1851,mp-769631,Li2Mn3NiO8,"Li,Mn,Ni,O",4.244158421441657,0.5476000000000001,0.0174726853571431,-1.933180654318555,False,0.6505415792006776,0.3288647839484981,0,0.472900542942347,"Mn, Ni",,POSSIBLE
1852,mp-759293,Li2CrPO4F,"Cr,F,Li,O,P",3.070304216213302,2.6173,0.0267212043749882,-2.676447923201059,False,0.4655687038442649,0.6195166922778788,0,0.4728936294116033,Cr,,POSSIBLE
1853,mp-1177546,Li3MnV(PO4)3,"Li,Mn,O,P,V",2.923152314893411,0.6126999999999998,0.0263488620625009,-2.6433345817179807,False,0.4730156505418648,0.6065678429256269,0,0.4724573528219951,"Mn, V",,POSSIBLE
1854,mp-755501,Li2CoSnO4,"Co,Li,O,Sn",5.154632453354457,1.7113999999999994,0.0179706118749995,-1.9685022683333344,False,0.6405829145164842,0.3426771700826336,0,0.472257612512988,Co,,POSSIBLE
1855,mp-767511,Ba4Li6Ti19O44,"Ba,Li,O,Ti",4.374639377629851,0.0,0.035215294908685,-3.353738138949772,False,0.2956846016951547,0.8843685187226947,0,0.4721555124852782,Ti,,POSSIBLE
1856,mp-697792,LiMn2(PO4)3,"Li,Mn,O,P",3.0611969081622035,0.5692,0.0228478620833305,-2.359423404062444,False,0.543036594600082,0.4955454300785085,0,0.4721110275575231,Mn,,POSSIBLE
1857,mp-772112,Li6V3P8O29,"Li,O,P,V",2.594878388231169,1.0057999999999998,0.026519333976462,-2.6539506366770182,False,0.4696061662739454,0.6107192118368572,0,0.47203511559357,V,,POSSIBLE
1858,mp-772267,Li2AlFeO4,"Al,Fe,Li,O",3.0112795114540467,3.1075,0.0245621168749998,-2.496377974583333,False,0.5087510363072625,0.5491010068445555,0,0.4719984223645888,Fe,,POSSIBLE
1859,mp-759755,Li6V3P8O29,"Li,O,P,V",2.6081622500587844,1.2329,0.0265350349547217,-2.6539349356987585,False,0.4692921424730535,0.6107130720275519,0,0.4718602535698225,V,,POSSIBLE
1860,mp-1176932,Li6V3P8O29,"Li,O,P,V",2.578574327425339,1.4437,0.0265487975634179,-2.6539211730900627,False,0.469016886586351,0.610707690210474,0,0.471706979196159,V,,POSSIBLE
1861,mp-759438,Li6CoOF6,"Co,F,Li,O",3.1055933582913453,0.0,0.0291858266071427,-2.864843297857143,False,0.4162755943129639,0.6931880046801412,0,0.4715673785101796,Co,,POSSIBLE
1862,mp-1222530,LiFe2Rh3O8,"Fe,Li,O,Rh",5.848303933801404,0.8435000000000001,0.0114288733035703,-1.436815397380952,False,0.7714194507286518,0.134762991501448,0,0.4714477449262653,Fe,,POSSIBLE
1863,mp-1176672,LiMn3O6,"Li,Mn,O",4.026873945247072,0.5949,0.0182170795083278,-1.979643219712644,False,0.6356534953596377,0.3470337977918957,0,0.4710712516749642,Mn,,POSSIBLE
1864,mp-1666339,Li7Mn4CoO12,"Co,Li,Mn,O",3.989657979435876,1.0113,0.0194880926041634,-2.081560711044061,False,0.6102328905580762,0.3868882547117554,0,0.4710389789560563,"Co, Mn",,POSSIBLE
1865,mp-1177445,Li4Cr3CoO8,"Co,Cr,Li,O",4.177946137889895,1.7071999999999998,0.0212449418750004,-2.221636390833333,False,0.5750954311910677,0.4416643296793766,0,0.470885002542869,"Co, Cr",,POSSIBLE
1866,mp-1177654,Li3MgTi8O16,"Li,Mg,O,Ti",3.704199558165433,0.0,0.0335725582142867,-3.2093207997023816,False,0.3285397787489121,0.8278946539294623,0,0.4704600071872134,Ti,,POSSIBLE
1867,mp-694974,Li7Mn16O32,"Li,Mn,O",4.032355327997599,0.2915000000000001,0.0188821066318176,-2.026796113095088,False,0.6223527734835665,0.365472761834352,0,0.4702094920579848,Mn,,POSSIBLE
1868,mp-777351,Li24TiCr11O36,"Cr,Li,O,Ti",3.556131663613884,0.0,0.0222139451736058,-2.29456994851852,False,0.5557151038081596,0.4701847268634501,0,0.4702079614966953,"Cr, Ti",,POSSIBLE
1869,mp-777269,LiV3OF11,"F,Li,O,V",2.925358651740832,1.4645,0.0307501441015602,-2.979403870520833,False,0.3849888224141952,0.7379864916551837,0,0.4700391244071217,V,,POSSIBLE
1870,mp-752498,Li2VOF5,"F,Li,O,V",2.320418259863426,3.2968,0.0298616550000003,-2.907688697407408,False,0.4027588441356474,0.7099425392382719,0,0.4699972530080012,V,,POSSIBLE
1871,mp-772227,Li6V3P8O29,"Li,O,P,V",2.5942773894979045,1.3586,0.0267029451721132,-2.653767025481367,False,0.4659338928276024,0.6106474113599077,0,0.469990235031149,V,,POSSIBLE
1872,mp-780134,Li4Ti3V2Cr3O16,"Cr,Li,O,Ti,V",3.924725250254157,1.1816999999999998,0.0281263994642859,-2.7668628094047625,False,0.4374644229747998,0.6548730981317256,0,0.4698110169822439,"Cr, Ti, V",,POSSIBLE
1873,mp-849240,Li2Fe3P4(HO4)4,"Fe,H,Li,O,P",2.8808206203365065,3.9237,0.0213369408620742,-2.218767008628898,False,0.573255426630761,0.4405422684123721,0,0.4694802785912487,Fe,,POSSIBLE
1874,mp-774822,Li2Mn3CoO8,"Co,Li,Mn,O",4.2572190476519,0.0,0.0177862807142998,-1.9332590900328408,False,0.6442695874580243,0.3288954559436105,0,0.4694616826821771,"Co, Mn",,POSSIBLE
1875,mp-4711,Li2CuO2,"Cu,Li,O",3.771216700745743,0.0,0.0144333912499954,-1.6624233733333331,False,0.711328281262723,0.2229861535996224,0,0.4692757084543655,,,REVIEW
1876,mp-1306720,Li2Ni3SbO8,"Li,Ni,O,Sb",4.945047441626019,0.2494,0.012939133928568,-1.5413974261904764,False,0.7412138308013559,0.175659405917958,0,0.4691483990120311,Ni,,POSSIBLE
1877,mp-1275319,Li2MnCrO4,"Cr,Li,Mn,O",4.173043254859016,1.3272999999999997,0.0219128362500002,-2.262333072449713,False,0.5617373635112899,0.4575786160601804,0,0.4691080655522726,"Cr, Mn",,POSSIBLE
1878,mp-1274697,Li2FeNiO4,"Fe,Li,Ni,O",4.443460917650236,0.0,0.0150167082291661,-1.706447315208334,False,0.699661784316214,0.240201552762011,0,0.4688845248406215,"Fe, Ni",,POSSIBLE
1879,mp-757344,Li2Si4Ni2O11,"Li,Ni,O,Si",3.3564892443856977,0.0,0.027354521929829,-2.69688122877193,False,0.452902181895555,0.6275070606235483,0,0.4687236712607971,Ni,,POSSIBLE
1880,mp-26313,Li4Ni5(P3O11)2,"Li,Ni,O,P",3.4040611490745527,3.845,0.0230726895945885,-2.351967759086229,False,0.5385399837225593,0.4926299277674471,0,0.4686174657660141,Ni,,POSSIBLE
1881,mp-1235619,LiMn2P2(H2O5)2,"H,Li,Mn,O,P",2.8979351346481046,0.7675999999999998,0.0204600080263137,-2.1408512986042694,False,0.590794319918658,0.4100736190373691,0,0.4684626426183411,Mn,,POSSIBLE
1882,mp-765538,Li3Co2NiO6,"Co,Li,Ni,O",4.785000135291027,0.0,0.0144711516666733,-1.6589544824999998,False,0.710573062742429,0.2216296567071782,0,0.4683855643558484,"Co, Ni",,POSSIBLE
1883,mp-774814,Li3Mn2V3O12,"Li,Mn,O,V",3.0758155983734645,1.0912,0.0225402998750094,-2.3046385689181035,False,0.5491879217384434,0.474122023520927,0,0.4679960651884683,"Mn, V",,POSSIBLE
1884,mp-770628,Li2CrO3,"Cr,Li,O",3.56831396110946,0.0,0.0217041445833343,-2.234609702777778,False,0.5659112531439575,0.4467374951904512,0,0.4676093125458346,Cr,,POSSIBLE
1885,mp-1176845,Li7V3P8O29,"Li,O,P,V",2.5812369434233684,0.0084999999999999,0.0272148969459253,-2.676970667244174,False,0.4556947192406615,0.6197211093968077,0,0.4675344838712465,V,,POSSIBLE
1886,mp-774249,Li3MnCr2O6,"Cr,Li,Mn,O",4.07275070966926,0.5482999999999998,0.0225981412500031,-2.30310641566092,False,0.5480310786345357,0.4735228806732633,0,0.4671501014846368,"Cr, Mn",,POSSIBLE
1887,mp-758824,LiMnPH2O5,"H,Li,Mn,O,P",2.5473532099404026,3.87,0.0213942460000007,-2.206006765340722,False,0.5721093084128595,0.4355524226089483,0,0.4671034675402046,Mn,,POSSIBLE
1888,mp-1177928,Li2MgCo3O8,"Co,Li,Mg,O",4.108171826463494,1.234,0.0148464731899347,-1.6790077379761894,False,0.703066531025637,0.2294714078731272,0,0.4670015848196949,Co,,POSSIBLE
1889,mp-758143,Li3Ni5O8,"Li,Ni,O",5.207918246519246,0.0,0.0115820870833331,-1.4164327122916671,False,0.7683551338004748,0.1267924181073248,0,0.4669726699278249,Ni,,POSSIBLE
1890,mp-768646,Li2FePCO7,"C,Fe,Li,O,P",2.728133883016935,2.4902,0.0223676307291631,-2.2809480171924608,False,0.5526413512368203,0.4648579211492639,0,0.4666530155824936,Fe,,POSSIBLE
1891,mp-1176913,Li6V3P8O29,"Li,O,P,V",2.585459074847618,1.4711,0.0270164135416788,-2.6534535571118014,False,0.459664440871029,0.6105248307168073,0,0.4664991332299485,V,,POSSIBLE
1892,mp-758472,LiMnCO4,"C,Li,Mn,O",3.103309830885875,1.0439999999999998,0.0195511713690459,-2.05323571089491,False,0.6089712982434867,0.375811868475673,0,0.4664683680004032,Mn,,POSSIBLE
1893,mp-1203476,Na2LiV5H18O23,"H,Li,Na,O,V",2.242128601244284,2.47,0.0158162175000011,-1.7529175368079992,False,0.683671383213604,0.2583735605361985,0,0.4664500069551516,V,,POSSIBLE
1894,mp-26421,Li3V3(PO4)4,"Li,O,P,V",2.802813785443255,1.8452,0.0275513159615456,-2.693844867829671,False,0.4489662481715324,0.6263197029405291,0,0.466143332523528,V,,POSSIBLE
1895,mp-761055,Li9V3P8O29,"Li,O,P,V",2.628152120177764,0.6098000000000003,0.0276571266156562,-2.70211766841108,False,0.4468500065444767,0.6295547509197438,0,0.4661116664213725,V,,POSSIBLE
1896,mp-849528,Li3FeO4,"Fe,Li,O",3.619973636219848,0.3288,0.0164953037500001,-1.80451671,False,0.670089475014578,0.278551225804604,0,0.4660421402896294,Fe,,POSSIBLE
1897,mp-760160,Li6V3P8O29,"Li,O,P,V",2.59048395155271,1.4484,0.0270580369112449,-2.653411933742236,False,0.4588319622508511,0.6105085540525417,0,0.4660355731563577,V,,POSSIBLE
1898,mp-25849,LiVP2O7,"Li,O,P,V",3.1763610131247324,2.0537,0.0275249465909226,-2.690828763419913,False,0.4494936426977332,0.6251402664994021,0,0.466020596758544,V,,POSSIBLE
1899,mp-757010,Li3Fe(NiO2)4,"Fe,Li,Ni,O",5.058101506159508,0.0,0.0130448858854173,-1.5267062756249992,False,0.739098763135361,0.1699144859864909,0,0.4659743898197204,"Fe, Ni",,POSSIBLE
1900,mp-1178001,Li2CrO2,"Cr,Li,O",3.056212714841657,2.6563,0.0200481165000008,-2.0891893708333327,False,0.5990322615620749,0.3898714138236602,0,0.4659227386974223,Cr,,POSSIBLE
1901,mp-1266318,LiFe(SiO3)2,"Fe,Li,O,Si",2.727183615167141,3.0363,0.0281225696666655,-2.7376602190833337,False,0.4375410199603834,0.643453533514215,0,0.4658562977081861,Fe,,POSSIBLE
1902,mp-760315,Li4Nb2Ni3Sn3O16,"Li,Nb,Ni,O,Sn",5.194307841345711,2.0723,0.0215704600892845,-2.210937124940477,False,0.5685849790894031,0.4374804214411495,0,0.465839886003574,Ni,,POSSIBLE
1903,mp-1175141,Li7Mn4CoO12,"Co,Li,Mn,O",3.98194259472556,0.5566,0.0199576248958299,-2.081091178752395,False,0.6008421180576726,0.3867046458508403,0,0.465809790979514,"Co, Mn",,POSSIBLE
1904,mp-756159,Li3Ni5O8,"Li,Ni,O",5.1901455590397925,0.0,0.0116887706250006,-1.4163260287499997,False,0.7662214341867998,0.1267506999041008,0,0.4657845337691751,Ni,,POSSIBLE
1905,mp-26493,LiCrP2O7,"Cr,Li,O,P",3.091187171559942,3.1776,0.027006080909091,-2.647338154329004,False,0.4598710963102489,0.6081334251438225,0,0.4657758017709748,Cr,,POSSIBLE
1906,mp-759336,Li7Cr7P6(O8F)3,"Cr,F,Li,O,P",3.266256635314917,1.5399000000000005,0.0263103623005314,-2.589831806727457,False,0.473785656167446,0.5856457812353638,0,0.4655581343244727,Cr,,POSSIBLE
1907,mp-1275690,Li2MnO2F,"F,Li,Mn,O",3.5664826212885563,1.0471999999999997,0.024831875000002,-2.469879919099617,False,0.5033558010337951,0.5387390405427981,0,0.4654043547585667,Mn,,POSSIBLE
1908,mp-25411,LiNiO2,"Li,Ni,O",4.891956026565844,0.0,0.0125890033333337,-1.4854022958333335,False,0.748216537161777,0.1537627179070283,0,0.4653360467064373,Ni,,POSSIBLE
1909,mp-26429,LiVPO5,"Li,O,P,V",3.212371665046106,1.2693,0.0269594806249999,-2.639335812559524,False,0.4608031145635632,0.6050041390797392,0,0.4651931616878685,V,,POSSIBLE
1910,mp-27041,LiCrPO4,"Cr,Li,O,P",3.3444945201103566,3.0855,0.0258124381249933,-2.545577738996599,False,0.4837442740046415,0.5683403922106993,0,0.4649784879762976,Cr,,POSSIBLE
1911,mp-758116,Li2Cr3WO8,"Cr,Li,O,W",5.133168122779125,2.3180000000000005,0.0231694183928574,-2.330757987083333,False,0.5366053816623758,0.4843359251038543,0,0.4646505337006557,Cr,,POSSIBLE
1912,mp-772982,Li3Ti6Co3O16,"Co,Li,O,Ti",4.070256494323027,0.0,0.0298194695535727,-2.8648615298214293,False,0.4036025644446883,0.6931951342221435,0,0.4645997074223288,"Co, Ti",,POSSIBLE
1913,mp-768550,Li2MnV(PO4)3,"Li,Mn,O,P,V",2.9084325569057805,1.1412,0.0263514464473706,-2.5847230972908566,False,0.4729639621472739,0.5836480393610569,0,0.4644069929573706,"Mn, V",,POSSIBLE
1914,mp-1176926,Li6V3P8O29,"Li,O,P,V",2.568448408276053,1.1202,0.027205575715592,-2.6532643949378887,False,0.4558811463619425,0.6104508595504001,0,0.4643924313417084,V,,POSSIBLE
1915,mp-1174246,Li7Co5O12,"Co,Li,O",4.715808037241223,0.1197999999999996,0.0159633700000023,-1.7453913426388894,False,0.6807282935158279,0.2554304702249593,0,0.4638012260124411,Co,,POSSIBLE
1916,mp-504102,Li(NiO2)2,"Li,Ni,O",4.86269887687429,0.0,0.0092737948214294,-1.2071193369047617,False,0.8145216017531752,0.044941199115082,0,0.4637163006545251,Ni,,POSSIBLE
1917,mp-504262,LiCo(PO3)3,"Co,Li,O,P",3.118332294031366,3.307,0.0250876339285577,-2.477039251590136,False,0.4982405534658611,0.541538670955506,0,0.4635708392406507,Co,,POSSIBLE
1918,mp-1288099,LiMnO2,"Li,Mn,O",4.172574715738729,0.4942000000000002,0.0208985418750007,-2.1389714221910925,False,0.5820235246403835,0.4093385003394414,0,0.4633814136710154,Mn,,POSSIBLE
1919,mp-780842,Li24TiCr11O36,"Cr,Li,O,Ti",3.553858089921018,1.0276,0.022829734062495,-2.2939541596296302,False,0.5433991599072402,0.4699439249027329,0,0.4633499116649386,"Cr, Ti",,POSSIBLE
1920,mp-757347,Li13Ni15O28,"Li,Ni,O",4.868489991895532,0.0,0.0125305045238111,-1.4654675089880946,False,0.7493865291336208,0.1459672934597505,0,0.4632511437344041,Ni,,POSSIBLE
1921,mp-1176947,Li6V3P8O29,"Li,O,P,V",2.5921657870661474,1.489,0.0273254545199401,-2.6531445161335405,False,0.4534835379349315,0.610403981388653,0,0.4630573393502409,V,,POSSIBLE
1922,mp-756675,Li5Fe3(SnO5)2,"Fe,Li,O,Sn",4.883265457892727,1.4391000000000007,0.0192635036249999,-2.0008397983333333,False,0.6147247307293594,0.3553226412323177,0,0.4624615263324589,Fe,,POSSIBLE
1923,mp-768581,Li8Mn3Cr(PO4)6,"Cr,Li,Mn,O,P",2.8506809427124464,0.4664999999999999,0.0270105074206332,-2.6229793018646874,False,0.4597825648852521,0.5986079862473779,0,0.462393205873471,"Cr, Mn",,POSSIBLE
1924,mp-772983,Li8Fe2O9,"Fe,Li,O",3.0307869337236166,0.5312000000000001,0.0173321125000001,-1.8438580644298248,False,0.6533530742662806,0.293935516516723,0,0.4622216216273074,Fe,,POSSIBLE
1925,mp-1176938,Li6V3P8O29,"Li,O,P,V",2.576755381964146,1.0791,0.0274291181068955,-2.6530408525465847,False,0.4514102382302002,0.6103634441275164,0,0.4619028364712408,V,,POSSIBLE
1926,mp-757882,Li6V3P8O29,"Li,O,P,V",2.578261120727986,1.4905,0.0274898733242876,-2.652980097329193,False,0.4501951174922489,0.6103396860251282,0,0.4612262047295318,V,,POSSIBLE
1927,mp-753967,Li2Mn3GaO8,"Ga,Li,Mn,O",4.247130807594055,0.0,0.0206092878571197,-2.0961756848542694,False,0.5878086830308898,0.3926033860056541,0,0.4607059607689683,Mn,,POSSIBLE
1928,mp-772081,Li6V3P8O29,"Li,O,P,V",2.590166896957961,1.3295,0.0275449774547231,-2.652924993198758,False,0.4490930200179396,0.6103181377593316,0,0.4606125092256328,V,,POSSIBLE
1929,mp-1176660,LiMnPCO7,"C,Li,Mn,O,P",2.650779328773065,1.1726,0.0217559463888941,-2.187490968718838,False,0.5648752030580398,0.4283118890247364,0,0.4605905228405796,Mn,,POSSIBLE
1930,mp-1177959,Li2MnV(PO4)3,"Li,Mn,O,P,V",2.8997336854213005,1.3257,0.0267088732894755,-2.584365670448752,False,0.4658153288811111,0.5835082689203351,0,0.4604263250067284,"Mn, V",,POSSIBLE
1931,mp-26365,Li2NiP2O7,"Li,Ni,O,P",3.011028018362229,3.5678,0.0254998051388932,-2.4864895388293644,False,0.4899970180665411,0.5452341707243473,0,0.4603303196901191,Ni,,POSSIBLE
1932,mp-1288887,Li2TiVO4,"Li,O,Ti,V",3.867560722081625,0.1562999999999998,0.0287232826562489,-2.7454489168750005,False,0.4255265981126486,0.6464992748932917,0,0.4603143751746088,"Ti, V",,POSSIBLE
1933,mp-762351,Li4Ti7O16,"Li,O,Ti",3.539897140843588,2.4521000000000006,0.0348710689814808,-3.239361694691358,False,0.3025692131020549,0.839642034477507,0,0.4602877792732576,Ti,,POSSIBLE
1934,mp-766660,Li11Fe12(BO3)12,"B,Fe,Li,O",3.2937358963589363,1.5745,0.0233281670774792,-2.310182231784038,False,0.5334303651438517,0.4762898523203051,0,0.4600881491412252,Fe,,POSSIBLE
1935,mp-26223,Li4Cu(PO4)2,"Cu,Li,O,P",2.776195960818031,0.0398,0.0255182564999989,-2.4860849216746024,False,0.4896279858667505,0.5450759466869143,0,0.4600719735671328,,,REVIEW
1936,mp-756967,Li2CrO4,"Cr,Li,O",2.383615368625614,3.0643,0.0203190523809526,-2.06795511952381,False,0.593613470851889,0.3815678386180176,0,0.4600361524848451,Cr,,POSSIBLE
1937,mp-1211177,Li4CuSbO6,"Cu,Li,O,Sb",4.338826825230213,0.5709,0.0187391112499994,-1.940599721527778,False,0.625212719696205,0.3317659826594634,0,0.4599850897637249,,,REVIEW
1938,mp-555519,Li2Cu(WO4)2,"Cu,Li,O,W",6.459069242142558,0.4236999999999997,0.0203189347115388,-2.0654983112820515,False,0.593615824271909,0.380607112868665,0,0.4597011928535827,,,REVIEW
1939,mp-1278198,Li2TiVO4,"Li,O,Ti,V",3.874900806235755,0.1425,0.0287790273437487,-2.7453931721875007,False,0.4244116893242484,0.6464774761400311,0,0.4596935457773475,"Ti, V",,POSSIBLE
1940,mp-774345,Li2Mn2(PO4)3,"Li,Mn,O,P",2.9948408909453903,0.9609,0.0252549143567302,-2.459698747708281,False,0.49489489977469,0.5347577312375068,0,0.4593574008092069,Mn,,POSSIBLE
1941,mp-26461,LiVPO5,"Li,O,P,V",3.1690673531400315,1.6961,0.0275071928125001,-2.6387881003720235,False,0.4498487230556709,0.604789958260568,0,0.4590932830718178,V,,POSSIBLE
1942,mp-770972,Li2Ni3BiO8,"Bi,Li,Ni,O",5.819971456294967,0.3269999999999999,0.0115614125000034,-1.3546826724404764,False,0.7687686310445105,0.1026452940867175,0,0.458748600004832,Ni,,POSSIBLE
1943,mp-776488,LiMnOF2,"F,Li,Mn,O",3.368827419333352,0.9908,0.0279914476666629,-2.674470270252874,False,0.4401634953335935,0.6187433384286404,0,0.4586500908835006,Mn,,POSSIBLE
1944,mp-26727,LiVP2O7,"Li,O,P,V",2.9053812683792417,2.1442,0.0281997779545593,-2.690153932056276,False,0.435996833373806,0.6248763761979546,0,0.4585049900248774,V,,POSSIBLE
1945,mp-757334,Li3V(PO4)2,"Li,O,P,V",2.998736585285154,2.0582000000000003,0.0284309976785719,-2.706495508877551,False,0.4313723765167457,0.6312666891944569,0,0.45819814830227,V,,POSSIBLE
1946,mp-764642,Li2CoSiO4,"Co,Li,O,Si",3.25390379119193,2.5197,0.0256870365625001,-2.4854565267708333,False,0.4862523390844448,0.5448302151908408,0,0.4581293618132389,Co,,POSSIBLE
1947,mp-767070,LiLa5Ti8O24,"La,Li,O,Ti",5.120231408396513,2.1172000000000004,0.0398843567105249,-3.626340367236843,False,0.2023021060721584,0.990968608870084,0,0.4581051714442165,Ti,,POSSIBLE
1948,mp-753590,Li3Fe3CoO8,"Co,Fe,Li,O",4.228481555836637,0.0,0.0170061141666684,-1.781493998,False,0.6598731288784202,0.2695482796802867,0,0.4572721187712315,"Co, Fe",,POSSIBLE
1949,mp-763578,Li4(NiO2)5,"Li,Ni,O",4.843265768290738,0.4896000000000002,0.012038484671053,-1.3822061212280703,False,0.7592270589223902,0.1134082366362363,0,0.4572677652299973,Ni,,POSSIBLE
1950,mp-770709,RbLi2Fe2(BO3)3,"B,Fe,Li,O,Rb",3.008320132972904,2.3855,0.0245965159803915,-2.391504229803921,False,0.5080630449194831,0.5080905179801481,0,0.4572663559987675,Fe,,POSSIBLE
1951,mp-756600,Li7Mn5O12,"Li,Mn,O",3.9564662904881054,0.7342,0.0215805922916549,-2.1484107547078555,False,0.5683823323086017,0.4130297163046993,0,0.4571706834763757,Mn,,POSSIBLE
1952,mp-768583,Li4MnV(PO4)3,"Li,Mn,O,P,V",2.8352367176033044,1.8184,0.0281419521428611,-2.6729519633425203,False,0.4371533652076052,0.6181496101435411,0,0.4567867144144222,"Mn, V",,POSSIBLE
1953,mp-1173962,Li3Mn2O5,"Li,Mn,O",3.866080380809528,1.2723,0.0216402229999879,-2.150375400586208,False,0.5671897020551945,0.4137979837875298,0,0.4567836304559924,Mn,,POSSIBLE
1954,mp-1176950,Li8Mn7Cu(PO4)12,"Cu,Li,Mn,O,P",3.032802622187998,0.0945,0.0249928673647739,-2.419005245893397,False,0.5001359103069849,0.5188446883062825,0,0.4566703915760406,Mn,,POSSIBLE
1955,mp-40286,NaLiLa2Ti4O12,"La,Li,Na,O,Ti",4.78649203830472,1.6749,0.037703630249986,-3.4388490504022995,False,0.2459172235837704,0.9176508249253112,0,0.4564322616949327,Ti,,POSSIBLE
1956,mp-1175269,Li7Mn4CoO12,"Co,Li,Mn,O",4.013605514618803,0.8241,0.020814055937496,-2.0802347477107284,False,0.5837132661824913,0.3863697416689473,0,0.4562717059845018,"Co, Mn",,POSSIBLE
1957,mp-772078,Li6V3P8O29,"Li,O,P,V",2.588045601648974,1.2014999999999998,0.0279350929982005,-2.65253487765528,False,0.4412906039058021,0.6101655845231974,0,0.4562677867313103,V,,POSSIBLE
1958,mp-1210913,Li2NiGeO4,"Ge,Li,Ni,O",3.860833732386582,2.9925,0.0201613568749987,-2.025950692708334,False,0.5967674235129361,0.3651421633282184,0,0.4560218400969913,Ni,,POSSIBLE
1959,mp-766211,Li3Mn4(PO4)6,"Li,Mn,O,P",3.0951829167561966,0.0132999999999998,0.0249519780180147,-2.410813007826521,False,0.5009537082730053,0.5156411439995272,0,0.4559989399499874,Mn,,POSSIBLE
1960,mp-774906,Li2MnNi3O8,"Li,Mn,Ni,O",4.53200195354802,0.2229000000000001,0.013012959910716,-1.4484255656855498,False,0.7397372912421488,0.1393031047487731,0,0.4556115968452525,"Mn, Ni",,POSSIBLE
1961,mp-768106,Li4MnV(PO4)3,"Li,Mn,O,P,V",2.8254749200789604,1.9026,0.0282586683333363,-2.6728352471520447,False,0.4348190099112396,0.618103968710217,0,0.4554868444997577,"Mn, V",,POSSIBLE
1962,mp-583985,Li9Co3P8O29,"Co,Li,O,P",2.8527420964035635,2.188,0.0259259086564638,-2.484639045962098,False,0.4814748327639606,0.5445105423530489,0,0.4553898478437455,Co,,POSSIBLE
1963,mp-752646,Li3Fe(BO3)2,"B,Fe,Li,O",2.5773053843253044,2.4444000000000004,0.0256836827083359,-2.4600649256944447,False,0.4863194170725077,0.5349009237806505,0,0.4546910027131069,Fe,,POSSIBLE
1964,mp-1317623,Li4Cr3CoO8,"Co,Cr,Li,O",4.188975181759476,1.6271000000000004,0.0227029140625001,-2.2201784186458333,False,0.5459355941197335,0.4410941950638364,0,0.4546475450381961,"Co, Cr",,POSSIBLE
1965,mp-540415,LiMnP2O7,"Li,Mn,O,P",3.0046506875463788,0.6864999999999999,0.0266737522727273,-2.5386511175500086,False,0.4665177586907726,0.5656317625884727,0,0.4545558841858904,Mn,,POSSIBLE
1966,mp-25996,Li3Co(PO4)2,"Co,Li,O,P",2.631109178723675,0.8078,0.025655958749998,-2.456484207984694,False,0.4868739037184374,0.5335006974030077,0,0.4545058911361933,Co,,POSSIBLE
1967,mp-770688,Li4CrO5,"Cr,Li,O",2.6502916832265364,1.3916,0.0207377291666652,-2.059533565333333,False,0.5852398221899993,0.3782746210917816,0,0.4542780195866231,Cr,,POSSIBLE
1968,mp-777904,Li2Ti3CrO8,"Cr,Li,O,Ti",3.859704933899451,0.0,0.0328910081845226,-3.034193229761906,False,0.3421709632079012,0.75941166734401,0,0.4539881133347491,"Cr, Ti",,POSSIBLE
1969,mp-1177968,Li2FeSnO4,"Fe,Li,O,Sn",4.944059026623165,1.9579,0.0202628256250001,-2.018632114895833,False,0.5947380211393922,0.3622802606230735,0,0.4539040028447414,Fe,,POSSIBLE
1970,mp-777836,Li14Co13O28,"Co,Li,O",4.7461091980202506,0.3116000000000003,0.016374516795456,-1.7056926895757567,False,0.6725052466905034,0.2399064592076929,0,0.4538451464024693,Co,,POSSIBLE
1971,mp-584129,Li2NiP2O7,"Li,Ni,O,P",3.117569065295943,4.13,0.026083949513894,-2.485905394454364,False,0.4783139729802211,0.5450057432334005,0,0.4538246952708118,Ni,,POSSIBLE
1972,mp-771874,Li6V3P8O29,"Li,O,P,V",2.594197269792366,0.9502,0.0281708557155919,-2.6522991149378883,False,0.4365752859555895,0.6100733903871285,0,0.4536420939110692,V,,POSSIBLE
1973,mp-761220,Li7Fe8(BO3)8,"B,Fe,Li,O",3.312896476895825,1.5200999999999998,0.0239198857978726,-2.3102899756737587,False,0.5215958311063268,0.4763319851687019,0,0.4535939019175254,Fe,,POSSIBLE
1974,mp-26204,LiCo2P5O16,"Co,Li,O,P",2.9974790407951546,1.1541,0.024171997187512,-2.3286497552728176,False,0.5165535353007259,0.4835115088748869,0,0.4533334725216097,Co,,POSSIBLE
1975,mp-543090,Li17(CoO4)3,"Co,Li,O",2.672715103035272,0.0,0.0190850014062515,-1.9185744233333333,False,0.6182948232593831,0.3231530715038788,0,0.4531657278190183,Co,,POSSIBLE
1976,mp-759411,Li3TiV2O6,"Li,O,Ti,V",3.908834278739248,0.0,0.0282350255208312,-2.6524734548611115,False,0.4352918725395309,0.610141565367387,0,0.4529600777753274,"Ti, V",,POSSIBLE
1977,mp-850217,Li4V2Si4O13,"Li,O,Si,V",3.039191667362858,2.2682,0.0310859232065041,-2.8801819185144923,False,0.3782731497312246,0.6991861153892296,0,0.4527653727384039,V,,POSSIBLE
1978,mp-759033,LiFe(PO3)4,"Fe,Li,O,P",2.922943661829933,2.4755000000000003,0.0266505686111093,-2.523039313439154,False,0.4669814381774555,0.5595268245032713,0,0.4526741795737455,Fe,,POSSIBLE
1979,mp-763655,LiMn3O6,"Li,Mn,O",4.039473072974581,0.3087999999999997,0.0198934075083263,-1.9779668917126445,False,0.6021264831318535,0.3463782759458735,0,0.4524019623035751,Mn,,POSSIBLE
1980,mp-765709,Li5Ti2Fe3O10,"Fe,Li,O,Ti",3.99410076784167,1.4627,0.0257761603749999,-2.4486877086666667,False,0.4844698387912622,0.5304519052659875,0,0.4521165781782898,"Fe, Ti",,POSSIBLE
1981,mp-26337,Li3Cr3(PO4)4,"Cr,Li,O,P",3.037294915151472,1.9048,0.0279690594230617,-2.6231643035989025,False,0.4406112662453582,0.5986803304892745,0,0.4518743121061931,Cr,,POSSIBLE
1982,mp-754314,Li4Cr3NiO8,"Cr,Li,Ni,O",4.202813884883335,0.0,0.0224614767187496,-2.180227805208334,False,0.5507644061279885,0.4254716558768268,0,0.4518355029272831,"Cr, Ni",,POSSIBLE
1983,mp-772333,Li2Ni3SbO8,"Li,Ni,O,Sb",5.245913307242179,0.4228999999999998,0.0145063732142816,-1.5398301869047626,False,0.7098686222884452,0.17504654280899,0,0.4516940322417914,Ni,,POSSIBLE
1984,mp-25542,LiMnO2,"Li,Mn,O",3.938303683147776,1.6207000000000005,0.0219572200000008,-2.1379127440660923,False,0.5608496765377462,0.4089245081858511,0,0.4515908999608083,Mn,,POSSIBLE
1985,mp-772715,Li4Ti3V3Cr2O16,"Cr,Li,O,Ti,V",3.898772189768817,0.8841999999999999,0.0299352296428612,-2.778582677619048,False,0.4012873314299868,0.6594561091217999,0,0.4515176704791227,"Cr, Ti, V",,POSSIBLE
1986,mp-1222689,Li2Ti2MnNiO8,"Li,Mn,Ni,O,Ti",3.928608055922088,1.5606999999999998,0.027664237619045,-2.594817127947455,False,0.4467077845583449,0.5875952726052796,0,0.4513476269189376,"Mn, Ni, Ti",,POSSIBLE
1987,mp-777480,Li2Ti3MnO8,"Li,Mn,O,Ti",3.688255780354481,1.4421999999999997,0.0334349655357097,-3.0569051097926936,False,0.3312916694392237,0.7682930637798053,0,0.4511129905145049,"Mn, Ti",,POSSIBLE
1988,mp-772945,Li4Mn2(PO4)3,"Li,Mn,O,P",2.844822133674333,0.3391999999999999,0.027718293452378,-2.5971445549106664,False,0.4456266533088876,0.5885054042855993,0,0.4510715508198479,Mn,,POSSIBLE
1989,mp-768644,Li2FePCO7,"C,Fe,Li,O,P",2.71270801375499,2.4491,0.02376921302083,-2.279546434900794,False,0.5246093272946062,0.4643098375933095,0,0.4510435731696917,Fe,,POSSIBLE
1990,mp-753765,Li4Cr3NiO8,"Cr,Li,Ni,O",4.2098678997114,0.0,0.0225527079687504,-2.1801365739583334,False,0.5489397565162564,0.4254359802349385,0,0.4508194591661695,"Cr, Ni",,POSSIBLE
1991,mp-754449,Li5Cu2Ni5O12,"Cu,Li,Ni,O",4.979052828700632,0.2508999999999997,0.0131396470833315,-1.4223973561111112,False,0.7372035136130769,0.1291248699469342,0,0.4506556369686193,Ni,,POSSIBLE
1992,mp-26415,Li2V(PO4)2,"Li,O,P,V",2.807039631330544,1.2191,0.0285177242948719,-2.658300478150183,False,0.4296378207942576,0.6124202012091008,0,0.4506478718600269,V,,POSSIBLE
1993,mp-758078,Li2Co3(SiO4)2,"Co,Li,O,Si",3.422467451591044,2.4703,0.0241766973333312,-2.3088211108888888,False,0.51645953111637,0.4757575910433664,0,0.4505678989791817,Co,,POSSIBLE
1994,mp-755956,LiNi3O4,"Li,Ni,O",5.917863464460838,0.0,0.0121980816666669,-1.3458402179166669,False,0.7560350759551727,0.0991874850464713,0,0.45053491154161,Ni,,POSSIBLE
1995,mp-768640,Li2FePCO7,"C,Fe,Li,O,P",2.7238677273128142,2.4529,0.0238280640624974,-2.2794875838591264,False,0.5234322905848438,0.4642868241117748,0,0.4503881482607852,Fe,,POSSIBLE
1996,mp-1177616,Li3MnV(PO4)3,"Li,Mn,O,P,V",2.9184401662618624,0.4902999999999999,0.0283501973125011,-2.6413332464679806,False,0.4329884056359083,0.6057852282001137,0,0.4501684529697893,"Mn, V",,POSSIBLE
1997,mp-754896,Li3(NiO2)4,"Li,Ni,O",4.874182969958347,0.0301,0.0123511403611118,-1.3542276806666658,False,0.7529738607751916,0.1024673712413714,0,0.4499992033608354,Ni,,POSSIBLE
1998,mp-771918,Li2MnPO4F,"F,Li,Mn,O,P",3.1251572279299515,3.5992999999999995,0.0294352565277797,-2.72470663588784,False,0.4112869286107986,0.6383880828572337,0,0.449643639735971,Mn,,POSSIBLE
1999,mp-1175354,Li7Mn5O12,"Li,Mn,O",3.8524457620616,1.0655,0.0222802149999887,-2.147711131999521,False,0.5543896894027004,0.4127561314398716,0,0.4493789751754403,Mn,,POSSIBLE
2000,mp-1176921,Li6V3P8O29,"Li,O,P,V",2.5851795447175294,0.9319,0.0285656913677652,-2.651904279285715,False,0.4286784663961767,0.609918991369998,0,0.4492448034973965,V,,POSSIBLE
2001,mp-11206,LiTi(SiO3)2,"Li,O,Si,Ti",3.1698374835238194,0.0,0.0345774603666697,-3.134037300666667,False,0.3084414646059153,0.7984553208974267,0,0.4491021678473527,Ti,,POSSIBLE
2002,mp-1235226,LiVFe(P2O7)2,"Fe,Li,O,P,V",2.834856725253626,1.5996,0.027297968095195,-2.546587445328798,False,0.4540332738449252,0.5687352341263768,0,0.4487756325589408,"Fe, V",,POSSIBLE
2003,mp-753313,Li2Mn(PO4)2,"Li,Mn,O,P",2.889317936226655,0.6466999999999999,0.0264332527991513,-2.4753750741448783,False,0.4713278130425256,0.5408879005388428,0,0.4485410623619841,Mn,,POSSIBLE
2004,mp-766036,Li2VSiO5,"Li,O,Si,V",3.0214435109095583,2.2562,0.0297060019444437,-2.7362591515740746,False,0.4058719472377508,0.6429056512620116,0,0.4482465489224669,V,,POSSIBLE
2005,mp-1101152,Li2MnCrO4,"Cr,Li,Mn,O",4.083583148065255,0.8481000000000001,0.0237910399999998,-2.260454868699713,False,0.5241727818228833,0.4568441514509831,0,0.4481904830104299,"Cr, Mn",,POSSIBLE
2006,mp-770941,Li4Mn3Nb2Fe3O16,"Fe,Li,Mn,Nb,O",4.337916679637297,0.7705000000000002,0.023918606250004,-2.270507981325945,False,0.5216214224088861,0.4607753838512173,0,0.4481631666728134,"Fe, Mn",,POSSIBLE
2007,mp-752946,Li2CoSiO4,"Co,Li,O,Si",3.0761256905246137,2.4566,0.026583773125,-2.4845597902083334,False,0.4683173659192514,0.5444795496845403,0,0.4481423936451774,Co,,POSSIBLE
2008,mp-861603,Li2SiNiO4,"Li,Ni,O,Si",3.2432325283640533,3.3466,0.0260450437500008,-2.440647470833333,False,0.4790920987538046,0.5273078000867105,0,0.4480583843449413,Ni,,POSSIBLE
2009,mp-697850,Li2Cr(PO3)4,"Cr,Li,O,P",2.8050336294958376,0.0960999999999998,0.0282017379614796,-2.6135250909335834,False,0.4359576327066434,0.5949109521333837,0,0.4479955312353382,Cr,,POSSIBLE
2010,mp-764896,Li7Fe8(BO3)8,"B,Fe,Li,O",3.285850935844924,1.1564,0.0244297919680844,-2.309780069503546,False,0.5113975701432403,0.476132588252349,0,0.4479150694671043,Fe,,POSSIBLE
2011,mp-1304294,Li3Mn2CoO6,"Co,Li,Mn,O",4.251761650506496,0.9128000000000004,0.0205990402083386,-2.001385837155173,False,0.5880136387710495,0.3555361676880546,0,0.4478451600148964,"Co, Mn",,POSSIBLE
2012,mp-757104,Li4MnCo3(PO4)4,"Co,Li,Mn,O,P",3.582119981914701,2.3728,0.0260123220535728,-2.435412322494136,False,0.4797465415097905,0.5252606147485713,0,0.4477018129923847,"Co, Mn",,POSSIBLE
2013,mp-768707,Li2FePCO7,"C,Fe,Li,O,P",2.709311958691158,2.4508,0.0240902605208308,-2.279225387400793,False,0.518188290684685,0.4641842931593674,0,0.4474680624823554,Fe,,POSSIBLE
2014,mp-770856,Li2MnCrO4,"Cr,Li,Mn,O",4.072056568799493,0.6476999999999999,0.0238561378125004,-2.2603897708872127,False,0.5228708080112477,0.4568186951928868,0,0.4474654877236966,"Cr, Mn",,POSSIBLE
2015,mp-755387,Li4Cr3CoO8,"Co,Cr,Li,O",4.192633977674433,0.5846999999999998,0.0233562528125004,-2.219525079895833,False,0.5328686428666584,0.440838709369224,0,0.4473713018558904,"Co, Cr",,POSSIBLE
2016,mp-767763,Li7Mn8O20,"Li,Mn,O",3.812645663291345,0.0,0.0208212664952256,-2.0148199219080456,False,0.5835690530826864,0.3607895166966173,0,0.4472393100392935,Mn,,POSSIBLE
2017,mp-757294,Li2Fe3Si3O10,"Fe,Li,O,Si",3.4629583009263123,3.0276000000000005,0.0275095257870408,-2.5521641712037044,False,0.4498020629354837,0.5709159920927653,0,0.4472117318469839,Fe,,POSSIBLE
2018,mp-850209,Li5Mn(Ni2O5)2,"Li,Mn,Ni,O",4.558094725190247,0.0,0.0164160102499995,-1.658221118229885,False,0.6716753664058249,0.2213428773297815,0,0.4468914585886272,"Mn, Ni",,POSSIBLE
2019,mp-753835,LiMn2O3F,"F,Li,Mn,O",3.881525933737671,1.1058,0.0246329545535788,-2.3179942063136303,False,0.5073342636255986,0.479344695981402,0,0.44680448858757,Mn,,POSSIBLE
2020,mp-1265172,Li3V(Si2O5)3,"Li,O,Si,V",2.6760332681688253,2.3997,0.0334682578833325,-3.0275178104,False,0.3306258135053957,0.7568012693651591,0,0.4467246417057733,V,,POSSIBLE
2021,mp-1302787,Li2Al(NiO2)3,"Al,Li,Ni,O",4.914993715419716,0.3918999999999997,0.019685648819447,-1.9179876959722224,False,0.6062817129570971,0.3229236339457951,0,0.4464782140074317,Ni,,POSSIBLE
2022,mp-767778,Li2V3Si3O10,"Li,O,Si,V",3.3413096012089927,1.925,0.0299732678472182,-2.743964348703704,False,0.4005265570811713,0.6459187400169463,0,0.4463611654005754,V,,POSSIBLE
2023,mp-774587,Li4Mn3Ni3(SnO8)2,"Li,Mn,Ni,O,Sn",4.94676411767428,0.0057,0.0187446791071428,-1.8402736738259449,False,0.6251013610512802,0.2925338538674556,0,0.4461925974318136,"Mn, Ni",,POSSIBLE
2024,mp-849650,Li3Mn2(P2O7)2,"Li,Mn,O,P",2.9532347139036697,0.1606,0.0281075383695519,-2.592479743018848,False,0.4378416499576915,0.5866812468995314,0,0.4461513438915663,Mn,,POSSIBLE
2025,mp-768596,Li2MnV(PO4)3,"Li,Mn,O,P,V",2.9258303157794443,0.891,0.0280443467105291,-2.5830301970276976,False,0.4391055001855427,0.5829860369930013,0,0.4455531380495989,"Mn, V",,POSSIBLE
2026,mp-1173947,Li3Mn2O5,"Li,Mn,O",3.8634820698806345,1.2586999999999997,0.0226569059999874,-2.149358717586208,False,0.5468557677817145,0.4134004136717888,0,0.4454608170650691,Mn,,POSSIBLE
2027,mp-778197,Li2Cr3TeO8,"Cr,Li,O,Te",4.650828385226745,0.0,0.0229338620535717,-2.171037528809524,False,0.5413165719947993,0.4218778323826149,0,0.4453813559310549,Cr,,POSSIBLE
2028,mp-585354,LiCr2P3O10,"Cr,Li,O,P",3.1711495263792577,2.5486,0.0278642292633879,-2.563863766703869,False,0.4427078977191672,0.5754910755131846,0,0.4449112201751566,Cr,,POSSIBLE
2029,mp-867994,Li6Mn9O20,"Li,Mn,O",3.950895790662511,0.0,0.0214406509999856,-2.0459943728965526,False,0.5711811958943515,0.3729801701133261,0,0.4446927172815574,Mn,,POSSIBLE
2030,mp-26481,Li3Cr(PO4)2,"Cr,Li,O,P",3.158104966715502,2.787,0.0291291173214256,-2.6629016438775506,False,0.4174097953259326,0.6142194699986571,0,0.4445522019287929,Cr,,POSSIBLE
2031,mp-867983,Li2TiCr3O8,"Cr,Li,O,Ti",3.8776840254357294,0.0,0.0278160971230168,-2.5563037682142857,False,0.4436705535113348,0.5725347661478224,0,0.444405972582972,"Cr, Ti",,POSSIBLE
2032,mp-1178077,Li24MnCr11O36,"Cr,Li,Mn,O",3.5993106559293624,1.004,0.023775945138885,-2.2303784560823763,False,0.5244746831173633,0.4450828818661218,0,0.4442400843676924,"Cr, Mn",,POSSIBLE
2033,mp-758636,Li2Fe3(P2O7)2,"Fe,Li,O,P",3.345615333323939,3.7629,0.0265470445652153,-2.4530095191407857,False,0.4690519470233144,0.5321419332200359,0,0.4442282474898354,Fe,,POSSIBLE
2034,mp-761969,Li4Fe3Ni3(SbO8)2,"Fe,Li,Ni,O,Sb",4.904465271801414,0.0,0.0175985214714273,-1.7332021326190474,False,0.648024822967824,0.2506639248628566,0,0.444146026334303,"Fe, Ni",,POSSIBLE
2035,mp-757073,Ba4LiY2Cu5O14,"Ba,Cu,Li,O,Y",5.87862515126769,0.0,0.0241403329540599,-2.258967747435897,False,0.517186828511919,0.4562626181972786,0,0.444144672050603,,,REVIEW
2036,mp-770504,Li24MnCr11O36,"Cr,Li,Mn,O",3.591394254549303,0.8510999999999997,0.0237951126388846,-2.2303592885823766,False,0.5240913279464998,0.4450753864863492,0,0.4440266156407971,"Cr, Mn",,POSSIBLE
2037,mp-1173952,Li3Mn2O5,"Li,Mn,O",3.869999662290309,1.4069000000000005,0.0227861319999878,-2.149229491586208,False,0.5442712129200378,0.4133498803238556,0,0.4440216252193702,Mn,,POSSIBLE
2038,mp-766812,Li2SiNiO4,"Li,Ni,O,Si",3.178793093467811,3.5472,0.0264182437500002,-2.440274270833334,False,0.4716279980745819,0.527161861611105,0,0.4439020505049068,Ni,,POSSIBLE
2039,mp-768894,Li4Cr3FeO8,"Cr,Fe,Li,O",4.236946875018897,1.7827000000000006,0.0243022853124994,-2.268915779270833,False,0.5139477376527766,0.4601527591438762,0,0.4437247214093838,"Cr, Fe",,POSSIBLE
2040,mp-1222873,Li2Al(NiO2)3,"Al,Li,Ni,O",4.919244685568556,0.0078999999999993,0.0199403134027802,-1.9177330313888887,False,0.6011883525888377,0.3228240483051666,0,0.4436420108306691,Ni,,POSSIBLE
2041,mp-775331,LiVO2,"Li,O,V",3.978178936632247,1.4973000000000003,0.0267765349999997,-2.4670045070833337,False,0.4644620764173334,0.5376146213402379,0,0.4436192594986167,V,,POSSIBLE
2042,mp-26771,Li2CrP2O7,"Cr,Li,O,P",2.786618505719655,3.4773,0.0288163618750063,-2.630717493204365,False,0.4236649886272528,0.6016339772657592,0,0.4435876357880047,Cr,,POSSIBLE
2043,mp-1177121,Li7Fe4(PO4)6,"Fe,Li,O,P",2.94836411057317,1.6567,0.0272277057926801,-2.503002496858304,False,0.4554385388500861,0.5516915017063644,0,0.4435832219647749,Fe,,POSSIBLE
2044,mp-752967,Li4V2P4H3O16,"H,Li,O,P,V",2.7288735095766024,0.5921000000000003,0.0268779410723301,-2.4727623288156817,False,0.4624339276141183,0.5398661961698996,0,0.4432918288472299,V,,POSSIBLE
2045,mp-776367,Li4V3Ni3(WO8)2,"Li,Ni,O,V,W",5.430928682365657,1.0464999999999995,0.0228053358258932,-2.1448080826190474,False,0.5438871312212585,0.4116209047485663,0,0.4432052388336904,"Ni, V",,POSSIBLE
2046,mp-850798,Li2MnSiO4,"Li,Mn,O,Si",2.92662782108078,2.9571999999999994,0.0292281321874998,-2.660856281824712,False,0.4154294712929241,0.6134196387552124,0,0.4431830827754326,Mn,,POSSIBLE
2047,mp-774656,Li5Ti6FeO16,"Fe,Li,O,Ti",3.499315922082924,2.1950000000000003,0.0338812369642855,-3.0344564327380943,False,0.3223661204757841,0.759514591891491,0,0.443131473423703,"Fe, Ti",,POSSIBLE
2048,mp-31964,Li2Mn(PO3)4,"Li,Mn,O,P",2.59404467965453,4.101,0.0288024971929958,-2.623123920693112,False,0.4239422860077778,0.5986645389037665,0,0.4427008459205961,Mn,,POSSIBLE
2049,mp-1177579,Li3MnV(PO4)3,"Li,Mn,O,P,V",2.922738817154793,0.3313000000000001,0.0290261370625017,-2.64065730671798,False,0.4194694282856906,0.6055209044682901,0,0.4426405021210313,"Mn, V",,POSSIBLE
2050,mp-1277563,Li4TiNi3O8,"Li,Ni,O,Ti",4.374384207346613,0.1774999999999997,0.0210424263541622,-1.998446786979167,False,0.5791457962410248,0.3543868630192019,0,0.4425655899892843,"Ni, Ti",,POSSIBLE
2051,mp-762521,LiMn3Al2(HO2)6,"Al,H,Li,Mn,O",3.215067612966635,0.4314,0.0214113577083328,-2.027339646234435,False,0.5717670696299428,0.3656853084522449,0,0.4424617462547543,Mn,,POSSIBLE
2052,mp-1283290,Li2TiVO4,"Li,O,Ti,V",4.005989468339506,0.0,0.0303410092187492,-2.7438311903125,False,0.3931716304439064,0.64586666892202,0,0.4422977308668555,"Ti, V",,POSSIBLE
2053,mp-756061,Li4Cr3NiO8,"Cr,Li,Ni,O",4.233156780939733,0.0,0.0233202548437496,-2.179369027083334,False,0.5335886119529497,0.4251358338767029,0,0.4422712784309683,"Cr, Ni",,POSSIBLE
2054,mp-756823,LiMg2Mn3O8,"Li,Mg,Mn,O",3.873847565085201,0.0,0.0249405161607141,-2.309574234794746,False,0.5011829485111154,0.4760520973530213,0,0.442268855754671,Mn,,POSSIBLE
2055,mp-1100541,Li9Mn7O16,"Li,Mn,O",3.90886143478114,0.9314999999999998,0.0228889754687386,-2.144572025797413,False,0.5422143158006442,0.4115285956041243,0,0.4422528821517978,Mn,,POSSIBLE
2056,mp-1176727,LiMn3(PO4)3,"Li,Mn,O,P",3.4078827850299707,0.2622999999999997,0.0271488357894771,-2.486462720976578,False,0.4570159601911332,0.5452236837024966,0,0.4421870674009971,Mn,,POSSIBLE
2057,mp-772868,Li2MgCr3(SO4)6,"Cr,Li,Mg,O,S",2.7432598671456105,0.9556999999999998,0.0225827829464293,-2.119422871296296,False,0.5483382488492654,0.4016941120278329,0,0.4421789760768375,Cr,,POSSIBLE
2058,mp-765985,Li5Ti12O24,"Li,O,Ti",3.74507908884586,0.0,0.0366286460975633,-3.247900535284553,False,0.2674171966337835,0.842981116416449,0,0.4421228488943381,Ti,,POSSIBLE
2059,mp-26887,LiVP2O7,"Li,O,P,V",3.0462980134772324,2.0546,0.0296732009091051,-2.6886805091017307,False,0.4065279767933521,0.624300199617276,0,0.4420954571023903,V,,POSSIBLE
2060,mp-1175187,Li7Mn4CoO12,"Co,Li,Mn,O",4.027775143337575,0.7872000000000003,0.0221046701041629,-2.078944133544061,False,0.5579006346764666,0.3858650517866351,0,0.4418981171973789,"Co, Mn",,POSSIBLE
2061,mp-26539,Li3V(PO4)2,"Li,O,P,V",3.065077899166546,2.1261,0.0299007148214283,-2.7050257917346943,False,0.4019776371698073,0.6306919617576925,0,0.4418298870585864,V,,POSSIBLE
2062,mp-849996,Li3Mn2(P2O7)2,"Li,Mn,O,P",2.959711111317716,0.1143,0.0284958735869427,-2.592091407801457,False,0.4300748408475697,0.5865293898533089,0,0.4418264489148215,Mn,,POSSIBLE
2063,mp-26635,LiV2P3O10,"Li,O,P,V",3.281263659850953,2.4879,0.0289128162499974,-2.6249576973288686,False,0.4217358751066573,0.5993816304547422,0,0.4417383019678213,V,,POSSIBLE
2064,mp-776780,Li4Ti3Cr3(SnO8)2,"Cr,Li,O,Sn,Ti",4.500065184380541,0.0,0.0294054094419662,-2.6631625072619047,False,0.4118838783790026,0.61432147965743,0,0.4415486509885519,"Cr, Ti",,POSSIBLE
2065,mp-18782,LiFeO2,"Fe,Li,O",4.231705401984335,0.0,0.0202219131249998,-1.924714834583333,False,0.5955562821764807,0.3255542565451936,0,0.4414999449878822,Fe,,POSSIBLE
2066,mp-755496,Li4Ni3SnO8,"Li,Ni,O,Sn",4.963758126083072,0.0,0.0176486065104182,-1.7178652523958329,False,0.6470231086764212,0.2446664947440804,0,0.4414959829324598,Ni,,POSSIBLE
2067,mp-758089,Li2Ti3O6,"Li,O,Ti",3.985487176940587,0.0,0.0350219390909103,-3.1141508369696966,False,0.2995517702128025,0.7906787930380235,0,0.4414910511803496,Ti,,POSSIBLE
2068,mp-755429,Li2TiVO5,"Li,O,Ti,V",3.079633633517356,2.2828,0.0312274676388852,-2.808320263333333,False,0.375442222898755,0.6710848817031091,0,0.4413729311904034,"Ti, V",,POSSIBLE
2069,mp-1177665,Li3Fe2P2(O4F)2,"F,Fe,Li,O,P",3.235302838659288,1.7061,0.0282382395588296,-2.567430565252101,False,0.4352275909125027,0.5768858588543491,0,0.4412852256008986,Fe,,POSSIBLE
2070,mp-26333,Li2CoP2O7,"Co,Li,O,P",2.975237671511056,2.9940999999999995,0.0274430043055335,-2.5010791711210314,False,0.4511325105113206,0.5509393923114253,0,0.4409516680902252,Co,,POSSIBLE
2071,mp-761127,Li7V3P8O29,"Li,O,P,V",2.631577536067374,1.0280999999999998,0.0296184175842242,-2.674567146605876,False,0.4076236580700249,0.6187812215671167,0,0.4407664394870045,V,,POSSIBLE
2072,mp-1640700,Li7Co5O12,"Co,Li,O",4.42067880145138,0.5946000000000002,0.0180365958333359,-1.7433181168055552,False,0.6392632175490744,0.2546197429535132,0,0.4407116796857206,Co,,POSSIBLE
2073,mp-768717,Li4Cr3NiO8,"Cr,Li,Ni,O",4.252282677752505,0.0,0.0234751576562501,-2.1792141242708336,False,0.5304905139143635,0.4250752597064901,0,0.4405461235501715,"Cr, Ni",,POSSIBLE
2074,mp-753934,LiLa4CoO8,"Co,La,Li,O",6.728217999885034,1.4673999999999996,0.0365688173214238,-3.230711773988096,False,0.2686137882967541,0.8362595150735771,0,0.4404284138389667,Co,,POSSIBLE
2075,mp-1285020,LiCoAsO4,"As,Co,Li,O",4.369853910254581,2.2017,0.0188647636904795,-1.8063811169047628,False,0.6226996369889836,0.279280295208651,0,0.4402329036669688,Co,,POSSIBLE
2076,mp-1177033,Li6Mn3V(PO4)6,"Li,Mn,O,P,V",2.957602491209754,0.0,0.0286184929999979,-2.5902509011662573,False,0.4276224195070749,0.5858096665610161,0,0.4402257140252468,"Mn, V",,POSSIBLE
2077,mp-758499,LiFeSiO4,"Fe,Li,O,Si",2.899283317656018,2.9611,0.0277552310714312,-2.520721034047618,False,0.4448878909630562,0.5586202699469223,0,0.4402054345111037,Fe,,POSSIBLE
2078,mp-758339,LiMn3Al2(HO2)6,"Al,H,Li,Mn,O",3.2301313157750724,0.3788999999999998,0.021622633541666,-2.0271283704011016,False,0.5675414959667912,0.3656026898213525,0,0.4401087642192085,Mn,,POSSIBLE
2079,mp-779038,Li3MnV(PO4)3,"Li,Mn,O,P,V",3.00685030562796,0.6344999999999998,0.0292789625625014,-2.64040448121798,False,0.4144128500802361,0.6054220379943771,0,0.4398247808421618,"Mn, V",,POSSIBLE
2080,mp-1306771,Li4TiNi3O8,"Li,Ni,O,Ti",4.374888524341246,0.0794999999999999,0.0212977010416617,-1.9981915122916671,False,0.5740402336248499,0.3542870387996025,0,0.4397225920735284,"Ni, Ti",,POSSIBLE
2081,mp-756307,Li3TiV3O8,"Li,O,Ti,V",3.792579108429397,1.5812,0.0297118177499999,-2.672927452555556,False,0.4057556295576802,0.6181400252912219,0,0.4395146051086517,"Ti, V",,POSSIBLE
2082,mp-757572,Li2MnCo3O8,"Co,Li,Mn,O",4.635717216626625,0.0063999999999999,0.0170736635714288,-1.6564713430069793,False,0.6585221225602157,0.2206586342196959,0,0.4394176893850122,"Co, Mn",,POSSIBLE
2083,mp-775905,Li2MnP2O7,"Li,Mn,O,P",2.787478468798011,4.0492,0.0293758979166396,-2.641868594073617,False,0.4124741168469434,0.6059945738954136,0,0.4389588651292136,Mn,,POSSIBLE
2084,mp-753377,Li5NiOF5,"F,Li,Ni,O",3.240486935437001,1.8952,0.0314530412500007,-2.8085573872222223,False,0.3709306898228047,0.6711776081202426,0,0.4389240422446275,Ni,,POSSIBLE
2085,mp-779028,Li7Mn8(BO3)8,"B,Li,Mn,O",3.182943300576102,0.3126,0.0274271123936182,-2.484817552555637,False,0.4514503530368333,0.5445803466942779,0,0.4389008155132555,Mn,,POSSIBLE
2086,mp-775921,Li3V2(PO4)3,"Li,O,P,V",2.858261401955752,2.0174000000000003,0.0300750372500075,-2.697531598946428,False,0.3984911415707615,0.6277613854677225,0,0.4388866127776217,V,,POSSIBLE
2087,mp-772084,Li5Cu6(P2O7)4,"Cu,Li,O,P",3.555411345330713,0.0,0.0245529698936195,-2.2520281483789253,False,0.5089339784024759,0.4535489137286531,0,0.4386558079263903,,,REVIEW
2088,mp-766637,Li5Fe6(BO3)6,"B,Fe,Li,O",3.307011596602825,1.6005000000000005,0.0252834522142855,-2.309635864190476,False,0.4943241349248443,0.476076197299606,0,0.4385049432635265,Fe,,POSSIBLE
2089,mp-758480,Li3Mn3(PO4)4,"Li,Mn,O,P",3.232852722534527,0.6286999999999998,0.0278098544230411,-2.511141573552482,False,0.4437954091949599,0.5548742574555294,0,0.4382934651666632,Mn,,POSSIBLE
2090,mp-1650226,Li7Mn4CoO12,"Co,Li,Mn,O",3.982633002168684,0.5362,0.0224375694791643,-2.078611234169061,False,0.5512425573692191,0.3857348727209393,0,0.4381906120053992,"Co, Mn",,POSSIBLE
2091,mp-758412,Li8Mn7Co(PO4)12,"Co,Li,Mn,O,P",3.046579515572616,0.1275999999999999,0.0268550532200366,-2.4322241554986603,False,0.4628916908345099,0.5240138938715698,0,0.4379952928140299,"Co, Mn",,POSSIBLE
2092,mp-754235,LiMnP2HO7,"H,Li,Mn,O,P",2.9263692896571247,3.7928,0.0271159320833289,-2.4521730405666733,False,0.4576740431906244,0.5318148313765658,0,0.4378559147366415,Mn,,POSSIBLE
2093,mp-759826,Li3Mn(PO4)2,"Li,Mn,O,P",3.072708107188159,0.2591999999999999,0.0288719601785851,-2.5917079456940533,False,0.4225530075567629,0.5863794384186704,0,0.4376369576027542,Mn,,POSSIBLE
2094,mp-1177178,Li9Mn21O40,"Li,Mn,O",4.084405799224011,0.0,0.0220799557142781,-2.0442566768078825,False,0.5583949291414344,0.3723006505038755,0,0.4374224387041453,Mn,,POSSIBLE
2095,mp-757358,LiMnPO5,"Li,Mn,O,P",3.381859475683896,1.2614999999999998,0.0258994765972273,-2.348543774800904,False,0.4820034810793431,0.4912909914140196,0,0.4370537615885456,Mn,,POSSIBLE
2096,mp-31972,Li3Mn(PO4)2,"Li,Mn,O,P",3.0805061342895543,1.0943,0.0289398850000139,-2.5916400208726245,False,0.4211944928039129,0.5863528766692193,0,0.4368804778763788,Mn,,POSSIBLE
2097,mp-754570,Li4Ti3V3(SnO8)2,"Li,O,Sn,Ti,V",4.399695051293434,0.5294999999999996,0.0303042245982201,-2.70097948654762,False,0.393907332777981,0.6291096691241499,0,0.436837417221342,"Ti, V",,POSSIBLE
2098,mp-26579,LiCrPO4,"Cr,Li,O,P",3.2811501993194545,2.9731,0.0283426006249936,-2.5430475764965985,False,0.4331403414354384,0.5673509815507705,0,0.4368000313322608,Cr,,POSSIBLE
2099,mp-757432,Li7V3P8O29,"Li,O,P,V",2.5949609672076352,0.0,0.0299758152437981,-2.674209748946302,False,0.4004756084623548,0.6186414625381151,0,0.4367860965426354,V,,POSSIBLE
2100,mp-21270,LiFe(GeO3)2,"Fe,Ge,Li,O",4.3609028981275975,2.7405,0.0224862547499986,-2.0714179218333326,False,0.5502688388185679,0.3829219546158112,0,0.4366705454657463,Fe,,POSSIBLE
2101,mp-752582,Li4VO4F,"F,Li,O,V",2.298410858952359,3.8303,0.0291505744999982,-2.6059247133333328,False,0.416980645965916,0.5919388526665822,0,0.4365179537145576,V,,POSSIBLE
2102,mp-850906,Li2Cr2(PO4)3,"Cr,Li,O,P",2.94624191374108,0.0,0.0286768326052717,-2.567449980294485,False,0.4264556116631562,0.5768934510346528,0,0.4364632942768644,Cr,,POSSIBLE
2103,mp-777734,Li32Mn11Cr5O48,"Cr,Li,Mn,O",3.6796265862801607,1.2296,0.0240507374479168,-2.195589767853209,False,0.5189787628052177,0.4314788943835494,0,0.436455932577112,"Cr, Mn",,POSSIBLE
2104,mp-756814,Li2Mn5(Si2O7)2,"Li,Mn,O,Si",3.4658513328743696,0.0,0.030034427566667,-2.676340642652873,False,0.3993033461929623,0.6194747406174701,0,0.4364329996222438,Mn,,POSSIBLE
2105,mp-770635,LiNiO2,"Li,Ni,O",5.008100711116447,0.0,0.0151857620833339,-1.4828055370833333,False,0.6962806616267146,0.1527472650305774,0,0.4364159066553951,Ni,,POSSIBLE
2106,mp-19206,LiLa4CoO8,"Co,La,Li,O",6.724379700613794,0.1563999999999996,0.0369349553571378,-3.230345635952381,False,0.2612909288083658,0.8361163381529083,0,0.4363507291981191,Co,,POSSIBLE
2107,mp-26643,LiFeP2O7,"Fe,Li,O,P",3.058860044338661,2.6721,0.0278248202272726,-2.497934559101731,False,0.4434960890729619,0.5497097034462889,0,0.4363212451963302,Fe,,POSSIBLE
2108,mp-1308674,Li4Cr3CoO8,"Co,Cr,Li,O",4.180378699036392,1.7527999999999997,0.0243670343750004,-2.218514298333333,False,0.5126527389352161,0.440443446988726,0,0.4361142128604229,"Co, Cr",,POSSIBLE
2109,mp-768769,Li4Cr3NiO8,"Cr,Li,Ni,O",4.220707461475404,0.0,0.0238781501562499,-2.178811131770834,False,0.5224305551979246,0.4249176709842752,0,0.4360579902033548,"Cr, Ni",,POSSIBLE
2110,mp-1313788,Li3(NiO2)4,"Li,Ni,O",4.827155875983739,0.0077000000000007,0.0136054670277783,-1.3529733539999995,False,0.7278869890585579,0.1019768714513253,0,0.4360297489901707,Ni,,POSSIBLE
2111,mp-754716,Li2CuNiO4,"Cu,Li,Ni,O",4.7431259199412485,0.0,0.0149331222916657,-1.4593532327083336,False,0.7013335256154402,0.1435763284015992,0,0.4359851540290518,Ni,,POSSIBLE
2112,mp-1173929,Li2MnCoO4,"Co,Li,Mn,O",4.688453518167777,0.0,0.0208178315625007,-1.9322245024497129,False,0.5836377526638361,0.3284908843070549,0,0.4359725734725791,"Co, Mn",,POSSIBLE
2113,mp-1178011,Li2Fe2(SO4)3,"Fe,Li,O,S",2.9229994156525563,4.1795,0.0217036423684113,-2.0033598682456137,False,0.5659212975779014,0.3563081052232574,0,0.4359645504959859,Fe,,POSSIBLE
2114,mp-755824,Li5Fe2Ni3O10,"Fe,Li,Ni,O",4.474938494278041,0.0,0.0174369827500031,-1.6593324958333326,False,0.6512556409750723,0.2217774774189288,0,0.4358127196329148,"Fe, Ni",,POSSIBLE
2115,mp-758865,Li2Fe(PO3)4,"Fe,Li,O,P",2.606632333553129,4.3505,0.028713212061417,-2.564414352380952,False,0.42572801272606,0.5757063799997977,0,0.4356476399992621,Fe,,POSSIBLE
2116,mp-758986,LiMn(PO3)4,"Li,Mn,O,P",2.915207131432984,1.0613,0.0285020129166673,-2.54648460082421,False,0.4299520525968531,0.5686950171643617,0,0.4355168849357958,Mn,,POSSIBLE
2117,mp-772439,Li3AlFeO4,"Al,Fe,Li,O",2.84862601659748,2.4242,0.0266132823611133,-2.3942506309722225,False,0.4677271732361941,0.5091644879691737,0,0.4354575160691176,Fe,,POSSIBLE
2118,mp-26619,Li3V(PO4)2,"Li,O,P,V",3.064848300270749,2.1454,0.0304823267857141,-2.7044441797704084,False,0.3903452409809629,0.6304645245565615,0,0.4353524661343261,V,,POSSIBLE
2119,mp-675534,Li7Mn10O24,"Li,Mn,O",3.862461625359422,0.0,0.0215455370172756,-1.986158178357164,False,0.5690834472531496,0.3495814482024456,0,0.4353494028600883,Mn,,POSSIBLE
2120,mp-767395,Li3CuSbO5,"Cu,Li,O,Sb",4.766096967758348,0.4336000000000002,0.0209558984999977,-1.938577125,False,0.5808763766671823,0.3309750537901443,0,0.4353232759935008,,,REVIEW
2121,mp-1177960,Li2MnPCO7,"C,Li,Mn,O,P",2.691965760765704,1.838802242907839,0.0258436148379574,-2.33134458535338,False,0.4831207313347282,0.4845653121813564,0,0.4353142614975752,Mn,,POSSIBLE
2122,mp-768567,Li2MnV(PO4)3,"Li,Mn,O,P,V",2.911514701636042,1.1589999999999998,0.0289641551315815,-2.5821103886066457,False,0.4207090836251378,0.5826263493219995,0,0.4353092182565257,"Mn, V",,POSSIBLE
2123,mp-26553,Li2Mn3(P2O7)2,"Li,Mn,O,P",3.3062096183282814,3.5737000000000005,0.0291816091304424,-2.5991957403926604,False,0.4163599449847307,0.5893075127594131,0,0.4352555992073965,Mn,,POSSIBLE
2124,mp-753536,Li2CoNiO4,"Co,Li,Ni,O",4.767091637961695,0.0,0.0170193856249971,-1.6202891802083332,False,0.6596076961315669,0.206509733675855,0,0.4350626396589111,"Co, Ni",,POSSIBLE
2125,mp-778215,Li6MnV3(PO4)6,"Li,Mn,O,P,V",2.870597573544954,0.1364,0.0301011061406129,-2.671619607144704,False,0.3979697567259742,0.6176285971947911,0,0.4350533752174627,"Mn, V",,POSSIBLE
2126,mp-1275135,Li2MnO2F,"F,Li,Mn,O",3.5195020139390527,2.7138,0.027562513750003,-2.467149280349616,False,0.4487422893815249,0.5376712343889778,0,0.4349931911959809,Mn,,POSSIBLE
2127,mp-771319,Li5Fe2Ni5O12,"Fe,Li,Ni,O",4.870588572309751,0.0,0.0165756606250013,-1.583746454861111,False,0.6684823158364493,0.1922198364849085,0,0.4349422164797651,"Fe, Ni",,POSSIBLE
2128,mp-770727,Li3Al2FeO6,"Al,Fe,Li,O",3.5967202369107234,2.6281000000000003,0.0302612195833331,-2.682679986458334,False,0.3947674446773073,0.6219537174966533,0,0.4348058956963476,Fe,,POSSIBLE
2129,mp-774798,Li2Mn3SnO8,"Li,Mn,O,Sn",4.445146767635916,0.6080999999999999,0.0228021557142916,-2.0827941368185554,False,0.5439507343111983,0.38737058128545,0,0.4347526073210666,Mn,,POSSIBLE
2130,mp-781628,Li7Mn8(BO3)8,"B,Li,Mn,O",3.190334888338918,0.5628,0.0277998440957452,-2.48444482085351,False,0.4439956184413926,0.544434591344818,0,0.4347496971134522,Mn,,POSSIBLE
2131,mp-779303,Li7Mn8(BO3)8,"B,Li,Mn,O",3.182225268857081,0.2751999999999999,0.0278006547340439,-2.484444010215211,False,0.4439794054567304,0.5444342743477184,0,0.4347406690229032,Mn,,POSSIBLE
2132,mp-760033,Li7Mn4(PO4)6,"Li,Mn,O,P",2.907939198387331,0.2600999999999998,0.0288553292073157,-2.568036078607674,False,0.4228856314687357,0.5771226426058801,0,0.4345800222198627,Mn,,POSSIBLE
2133,mp-1177917,Li32Mn11Cr5O48,"Cr,Li,Mn,O",3.6663955845749534,1.1768,0.0242320226562506,-2.195408482644876,False,0.5153530097327109,0.4314080034753125,0,0.4344369565693504,"Cr, Mn",,POSSIBLE
2134,mp-1177993,Li2Mn3SnO8,"Li,Mn,O,Sn",4.440445813599701,0.6745999999999999,0.0228581794642925,-2.082738113068555,False,0.5428302441974926,0.3873486734058337,0,0.4341286700006627,Mn,,POSSIBLE
2135,mp-766834,Li7Ti16O32,"Li,O,Ti",3.748973484275228,0.0,0.0372497367272739,-3.237525571030303,False,0.2549952164861703,0.8389240251309943,0,0.4338707778632417,Ti,,POSSIBLE
2136,mp-772990,Li4Ti2V3Cr3O16,"Cr,Li,O,Ti,V",3.966997352436748,0.9932,0.0300519717633918,-2.658513355714286,False,0.398952457525518,0.6125034461908689,0,0.433800057805839,"Cr, Ti, V",,POSSIBLE
2137,mp-764685,LiVOF3,"F,Li,O,V",2.693690365111229,2.2221,0.0337859000000104,-2.958607010555556,False,0.3242728854806124,0.7298539567121951,0,0.4337989718636051,V,,POSSIBLE
2138,mp-1175313,Li7Mn5O12,"Li,Mn,O",3.87274916879977,1.2911,0.023691507499989,-2.1462998394995214,False,0.5261634586742675,0.412204250742969,0,0.4336613900308863,Mn,,POSSIBLE
2139,mp-705468,Li3Mn3(PO4)4,"Li,Mn,O,P",2.838455467279882,0.6397999999999999,0.0282357515384257,-2.510715676437097,False,0.4352773519917811,0.5547077119684334,0,0.4335502427844313,Mn,,POSSIBLE
2140,mp-26393,LiMn4(PO4)3,"Li,Mn,O,P",3.563441527148068,3.1074,0.0287424846249972,-2.5510677891993025,False,0.4251425535575125,0.5704872559769985,0,0.4334989440485813,Mn,,POSSIBLE
2141,mp-779060,Li7Mn8(BO3)8,"B,Li,Mn,O",3.1617268497073785,0.3579000000000001,0.0279139494148941,-2.4843307155343606,False,0.4417134812758953,0.544389970883041,0,0.4334789045108067,Mn,,POSSIBLE
2142,mp-777960,Li32Mn11Cr5O48,"Cr,Li,Mn,O",3.685573157503655,1.0192,0.0243272164062506,-2.195313288894875,False,0.5134491090520198,0.4313707783124981,0,0.4333767823879852,"Cr, Mn",,POSSIBLE
2143,mp-760950,Li8TiNi7O16,"Li,Ni,O,Ti",4.596121211078055,0.0,0.0186666434374975,-1.7400736128125,False,0.6266620954960926,0.2533509917025915,0,0.433336999618758,"Ni, Ti",,POSSIBLE
2144,mp-777404,Li7Mn8(BO3)8,"B,Li,Mn,O",3.1820386388884154,0.4490999999999998,0.0279313396276608,-2.4843133253215943,False,0.4413656723291537,0.5443831705048481,0,0.4332852294577314,Mn,,POSSIBLE
2145,mp-684119,LiTi(PO3)5,"Li,O,P,Ti",2.384811054532856,1.4422,0.0307367666666662,-2.7087300815854976,False,0.3852563747209442,0.6321405105627003,0,0.4331401847934644,Ti,,POSSIBLE
2146,mp-1222538,LiV3O4,"Li,O,V",5.038039320975306,0.0,0.0254067532291664,-2.277545306666667,False,0.4918580813639578,0.4635273038205857,0,0.4327565010873818,V,,POSSIBLE
2147,mp-774300,Li3CoNi3O8,"Co,Li,Ni,O",4.684937333763312,0.0,0.0148181708055572,-1.426063192444445,False,0.7036325863484024,0.1305583816465797,0,0.4326933560679242,"Co, Ni",,POSSIBLE
2148,mp-753612,LiMn2O2F3,"F,Li,Mn,O",3.457197335511517,0.6333,0.0289034114583346,-2.558074872399425,False,0.4219239734770709,0.5732273498694692,0,0.4326877578667032,Mn,,POSSIBLE
2149,mp-782001,Li8La4TiNb7O28,"La,Li,Nb,O,Ti",4.940292377293411,0.0,0.0360367679427167,-3.130875999583333,False,0.2792549194033835,0.7972191058357084,0,0.4326168927143589,Ti,,POSSIBLE
2150,mp-859108,Li2Mn2Si2O7,"Li,Mn,O,Si",3.2966986633128634,2.8691000000000004,0.0307083279487176,-2.7008281475022105,False,0.3858251567519107,0.6290504885518381,0,0.4323715072066942,Mn,,POSSIBLE
2151,mp-752703,Li2CoNi3O8,"Co,Li,Ni,O",4.771493122356782,0.0,0.0130712438392883,-1.2801518890476191,False,0.7385715969472803,0.0735003077146053,0,0.431939486021116,"Co, Ni",,POSSIBLE
2152,mp-38676,Li11(NiO2)12,"Li,Ni,O",4.659352969414187,0.0,0.0150903919592204,-1.4409607546099288,False,0.6981880898372567,0.1363840180685408,0,0.4317378557344805,Ni,,POSSIBLE
2153,mp-771575,Li2TiMn3O8,"Li,Mn,O,Ti",4.039909022823386,0.7279,0.0267999546428647,-2.382050965628079,False,0.4639936772420491,0.5043938540912871,0,0.4317343714150775,"Mn, Ti",,POSSIBLE
2154,mp-779296,Li7Mn8(BO3)8,"B,Li,Mn,O",3.182503562597772,0.4436,0.0280722606914904,-2.4841724042577646,False,0.4385472130358819,0.5443280638455875,0,0.4317157895156907,Mn,,POSSIBLE
2155,mp-754316,Li3Co(NiO3)2,"Co,Li,Ni,O",4.715701110421413,0.0,0.0167697911111135,-1.574099685833333,False,0.6645996537430671,0.1884475032415087,0,0.431486435693215,"Co, Ni",,POSSIBLE
2156,mp-757871,Li3CoNi3O8,"Co,Li,Ni,O",4.622947591895508,0.0,0.0149452259166684,-1.425936137333334,False,0.7010914498501565,0.1305086972166936,0,0.4312783414434289,"Co, Ni",,POSSIBLE
2157,mp-1282881,Li(CoO2)4,"Co,Li,O",4.402363261004501,1.1762,0.0133088718269149,-1.292840721025641,False,0.7338189730891643,0.078462228390095,0,0.4310622151355737,Co,,POSSIBLE
2158,mp-849655,Li3Mn2(P2O7)2,"Li,Mn,O,P",2.95824867215092,0.1725000000000001,0.0294629197825955,-2.5911243616058046,False,0.410733656051687,0.5861512300257794,0,0.4310564413374506,Mn,,POSSIBLE
2159,mp-757161,Li3Fe3NiO8,"Fe,Li,Ni,O",4.233803496337995,0.9040000000000004,0.0184869713620674,-1.708721835999999,False,0.6302555854753459,0.2410909956802041,0,0.4310224204995117,"Fe, Ni",,POSSIBLE
2160,mp-754321,Li4V3CrO8,"Cr,Li,O,V",3.9387499909785033,0.9862000000000002,0.0276554784374996,-2.4448357664583336,False,0.4468829705522424,0.5289456175542876,0,0.430916599947734,"Cr, V",,POSSIBLE
2161,mp-755460,Li2AlVO4,"Al,Li,O,V",3.617348788527247,1.6555,0.0316296492708341,-2.763732589375,False,0.3673984817620843,0.6536490372007105,0,0.430846327989395,V,,POSSIBLE
2162,mp-1100536,Li9Mn7O16,"Li,Mn,O",3.938123632729448,0.9337,0.0239347204687385,-2.1435262807974134,False,0.5212991336870171,0.4111196609010898,0,0.4306064048432408,Mn,,POSSIBLE
2163,mp-756931,Li5Ni7O12,"Li,Ni,O",5.295216262112065,0.0,0.0151479869444433,-1.4361923123611124,False,0.6970361745952343,0.134519336415788,0,0.4304516637729046,Ni,,POSSIBLE
2164,mp-1177884,Li2Ti3MnO8,"Li,Mn,O,Ti",3.654502812510726,1.811,0.0352947524999951,-3.055045322828408,False,0.2940954284334505,0.7675658009863441,0,0.4304005159836181,"Mn, Ti",,POSSIBLE
2165,mp-767498,Li10Ti11Nb6O42,"Li,Nb,O,Ti",3.955497124007866,2.1918,0.0360604216304363,-3.1159175434782624,False,0.2787818392678682,0.7913696570645596,0,0.4303093915699234,Ti,,POSSIBLE
2166,mp-1175349,Li7Mn5O12,"Li,Mn,O",3.8499952052043582,0.9997000000000004,0.0239924943749878,-2.145998852624522,False,0.5201436399761986,0.4120865509420183,0,0.4303092948166157,Mn,,POSSIBLE
2167,mp-757927,LiMn3Al2(HO2)6,"Al,H,Li,Mn,O",3.207939347757617,0.0,0.0225073216666666,-2.0262436822761014,False,0.5498474948019253,0.3652567358118422,0,0.4302559796752037,Mn,,POSSIBLE
2168,mp-759320,Li3Mn3(PO4)4,"Li,Mn,O,P",2.865661115456192,0.8985000000000001,0.0285346309615013,-2.5104167970140217,False,0.4292996829007096,0.55459083627874,0,0.4302216182929493,Mn,,POSSIBLE
2169,mp-1100553,Li9Mn7O16,"Li,Mn,O",3.910953409569002,0.9223000000000005,0.0239770476562384,-2.143483953609913,False,0.5204525785182923,0.4111031090114315,0,0.4301350063390617,Mn,,POSSIBLE
2170,mp-26913,LiCr4(PO4)3,"Cr,Li,O,P",3.1926837936097785,2.6339,0.0280505141250007,-2.4706052608630946,False,0.4389821502323096,0.5390226827487339,0,0.4300981215898272,Cr,,POSSIBLE
2171,mp-760234,Li4V2(PO4)3,"Li,O,P,V",2.816470454672799,0.1052999999999997,0.0305784169047687,-2.673500192250567,False,0.3884234126773638,0.6183639930243648,0,0.4300602745310777,V,,POSSIBLE
2172,mp-1174296,Li4Mn3O7,"Li,Mn,O",3.922284196982723,0.9933,0.0239992567857019,-2.144546178366174,False,0.5200083899376017,0.41151848806202,0,0.4300360852873879,Mn,,POSSIBLE
2173,mp-705291,LiCrP2O7,"Cr,Li,O,P",3.0446616195187413,2.8553,0.030227147727273,-2.6441170875108218,False,0.3954488909901716,0.606873838913194,0,0.4299027336642123,Cr,,POSSIBLE
2174,mp-1311067,Li5Ti2Mn3O10,"Li,Mn,O,Ti",3.866515013646112,1.3729,0.0296605625000063,-2.5980000256063223,False,0.406780748384828,0.5888399329277472,0,0.4298233881363669,"Mn, Ti",,POSSIBLE
2175,mp-766496,Li2SiNiO4,"Li,Ni,O,Si",3.186098319989018,3.4759,0.0277001015625009,-2.4389924130208334,False,0.4459904960141079,0.5266605958686078,0,0.4296259813617721,Ni,,POSSIBLE
2176,mp-756596,Li2Mn3CuO8,"Cu,Li,Mn,O",4.206206033989939,0.0,0.0204143339047595,-1.8531830736042707,False,0.5917078146713809,0.2975820267630529,0,0.429593007436328,Mn,,POSSIBLE
2177,mp-756411,Li6NiO4,"Li,Ni,O",2.683581471220032,2.8595,0.0208549336363628,-1.8873770504545464,False,0.5828957011774613,0.3109534545670053,0,0.4294263447460555,Ni,,POSSIBLE
2178,mp-756351,Li3Mn4NiO8,"Li,Mn,Ni,O",4.602389171899272,0.0,0.0223624031250002,-2.00387195323276,False,0.552745904730344,0.3565083541578899,0,0.4287881715569506,"Mn, Ni",,POSSIBLE
2179,mp-777002,Li4V5Cr3O16,"Cr,Li,O,V",3.9880689995458223,1.0910000000000002,0.0278954317187487,-2.447822132976192,False,0.4420838401943753,0.5301134251031003,0,0.4286858108929915,"Cr, V",,POSSIBLE
2180,mp-1208707,SrLiTi3Cr2O11,"Cr,Li,O,Sr,Ti",4.277307874086979,0.2061000000000001,0.0350100562654294,-3.019325906851852,False,0.2997894299280845,0.7535978558707116,0,0.4286434360151955,"Cr, Ti",,POSSIBLE
2181,mp-766892,Li4Ni5O9,"Li,Ni,O",5.1308114256534125,0.0,0.0155068007407441,-1.4513838318518526,False,0.6898598018709909,0.1404599237593491,0,0.4285838643448172,Ni,,POSSIBLE
2182,mp-780785,Li8Fe7Co(PO4)12,"Co,Fe,Li,O,P",2.933461575170035,0.0,0.0270548828618411,-2.3793932348997493,False,0.4588950440898041,0.5033545583488874,0,0.4285663696715028,"Co, Fe",,POSSIBLE
2183,mp-777865,Li7Mn8(BO3)8,"B,Li,Mn,O",3.1638367168122867,0.1554000000000002,0.0283760666489376,-2.483868598300317,False,0.4324710119283332,0.5442092616529028,0,0.4283322981390992,Mn,,POSSIBLE
2184,mp-1275606,Li3Mn2CoO6,"Co,Li,Mn,O",4.206023586520718,0.8129999999999997,0.0223689864583391,-1.9996158909051729,False,0.5526142362875613,0.3548440367726486,0,0.4281332428285858,"Co, Mn",,POSSIBLE
2185,mp-1173910,Li2MnCoO4,"Co,Li,Mn,O",4.362059780945982,0.8774000000000002,0.0215263903125002,-1.9315159436997127,False,0.5694663865139191,0.3282138050362824,0,0.4280813443453544,"Co, Mn",,POSSIBLE
2186,mp-1306592,Li2Ni3SbO8,"Li,Ni,O,Sb",4.940337885222996,0.2080999999999999,0.0166352232142816,-1.5377013369047623,False,0.6672910479824727,0.1742140639135082,0,0.4279849987600879,Ni,,POSSIBLE
2187,mp-757558,Li2NbCo3O8,"Co,Li,Nb,O",5.023529702965612,0.6339999999999999,0.0219241554910754,-1.9622019844047625,False,0.5615109756361617,0.3402134674234144,0,0.427905750198084,Co,,POSSIBLE
2188,mp-1173885,Li2MnCoO4,"Co,Li,Mn,O",4.37349380915098,0.8275000000000001,0.0215611053125002,-1.9314812286997127,False,0.568772077148754,0.3282002298643085,0,0.4276947228843227,"Co, Mn",,POSSIBLE
2189,mp-778813,Li7Mn8(BO3)8,"B,Li,Mn,O",3.174492417741764,0.3466999999999998,0.0284349353723412,-2.483809729576913,False,0.4312936215790767,0.5441862412569906,0,0.4276766763084388,Mn,,POSSIBLE
2190,mp-1222534,Li4AlNi3O8,"Al,Li,Ni,O",4.31881161454558,0.0,0.0208842229687498,-1.8768451102083328,False,0.582309906628254,0.3068349784021996,0,0.4276626910863095,Ni,,POSSIBLE
2191,mp-1222691,Li5Fe2(IrO5)2,"Fe,Ir,Li,O",5.988287142244331,0.0,0.0190574846578908,-1.7298388029824563,False,0.6188451656498692,0.2493487072848167,0,0.4276368886571139,Fe,,POSSIBLE
2192,mp-849241,LiNiO2,"Li,Ni,O",4.676945104479567,0.0,0.0159780043333332,-1.482013294833333,False,0.6804356029012639,0.1524374616375557,0,0.4275926931688397,Ni,,POSSIBLE
2193,mp-769566,Li5Fe2Co3O10,"Co,Fe,Li,O",4.712430265709245,3.264566955607506e-05,0.0200101059999999,-1.8053604555833327,False,0.5997924818162946,0.2788811693850726,0,0.4274942742837375,"Co, Fe",,POSSIBLE
2194,mp-755821,Li5Cu(PO4)2,"Cu,Li,O,P",2.9151683214304165,1.8895,0.0289728342187514,-2.525703097247024,False,0.4205354995403577,0.5605684872799712,0,0.4274934952951866,,,REVIEW
2195,mp-780417,Li3MnNb4O12,"Li,Mn,Nb,O",4.649792685478316,0.0,0.0323619075624943,-2.7976185608965523,False,0.3527531183854599,0.6669000206634186,0,0.4274292223441994,Mn,,POSSIBLE
2196,mp-705367,LiV4P7O24,"Li,O,P,V",2.943948604617576,1.9612,0.0306400494444272,-2.658858542523148,False,0.3871907452574067,0.612638430211996,0,0.4273783604657723,V,,POSSIBLE
2197,mp-773482,Li2V3FeO8,"Fe,Li,O,V",3.8542264394273618,1.2138,0.0267690576339294,-2.346177711726191,False,0.4646116257559299,0.4903657512256187,0,0.427164407094728,"Fe, V",,POSSIBLE
2198,mp-676365,Li2TiO3,"Li,O,Ti",3.3179289229366185,2.2599,0.0342703189583337,-2.9476840843750005,False,0.3145843756310543,0.725582586948136,0,0.4269753120289274,Ti,,POSSIBLE
2199,mp-777666,Li2V3CrO8,"Cr,Li,O,V",3.968803314175736,1.1225,0.0282412595982179,-2.4624727269047617,False,0.435167189310012,0.5358424855121506,0,0.4268868240497593,"Cr, V",,POSSIBLE
2200,mp-760272,LiV(OF)2,"F,Li,O,V",3.074336255762621,2.0841,0.0310244116666735,-2.686050223888889,False,0.3795033971219813,0.6232716363418981,0,0.4268719411367541,V,,POSSIBLE
2201,mp-1222732,Li2TiMn2NiO8,"Li,Mn,Ni,O,Ti",4.065316246703305,1.2839,0.0257390222023765,-2.260828330418719,False,0.4852126122626015,0.4569901922708356,0,0.4268135040392233,"Mn, Ni, Ti",,POSSIBLE
2202,mp-755223,Li3Ni4SnO8,"Li,Ni,O,Sn",5.47781216934434,0.0,0.018143806302084,-1.6473935528125,False,0.6371189792516369,0.2171087980384174,0,0.4264035179018464,Ni,,POSSIBLE
2203,mp-695259,Ba3LiTi5(SbO7)3,"Ba,Li,O,Sb,Ti",5.233990695210323,2.3328,0.0346875156818109,-2.976214296515152,False,0.3062403286131531,0.7367392205720606,0,0.4262909079374554,Ti,,POSSIBLE
2204,mp-540447,LiNi(PO3)3,"Li,Ni,O,P",3.16862217026304,3.9183,0.0283963628571566,-2.4692922340901364,False,0.4320650822885868,0.5385092284998718,0,0.4261140252336779,Ni,,POSSIBLE
2205,mp-1177664,Li3Mn2(P2O7)2,"Li,Mn,O,P",2.959901573406066,0.1055000000000001,0.0299082184782477,-2.590679062910152,False,0.4018275620091363,0.5859770976226902,0,0.4260971432729665,Mn,,POSSIBLE
2206,mp-768412,Li2CoSnO4,"Co,Li,O,Sn",5.136674030205582,1.7159000000000004,0.0221173887499999,-1.9643554914583337,False,0.557646258328581,0.3410555883682292,0,0.4260748980095997,Co,,POSSIBLE
2207,mp-25927,LiNi(PO3)3,"Li,Ni,O,P",2.531161321398959,4.5463000000000005,0.02840753464287,-2.469281062304422,False,0.4318416435604742,0.5385048598145102,0,0.4259896048933393,Ni,,POSSIBLE
2208,mp-26617,Li3Cr(PO4)2,"Cr,Li,O,P",3.106172444319019,2.6333999999999995,0.0308100641071398,-2.6612206970918373,False,0.3837904061378114,0.6135621419936149,0,0.4258314730735615,Cr,,POSSIBLE
2209,mp-759712,LiMnPO4F,"F,Li,Mn,O,P",3.1178146804821334,0.9038,0.0300163649999998,-2.596742588863404,False,0.3996646023990968,0.5883482169539197,0,0.4257374072533751,Mn,,POSSIBLE
2210,mp-779356,Li7Mn8(BO3)8,"B,Li,Mn,O",3.1696869536609102,0.3379000000000001,0.028609273670213,-2.4836353912790416,False,0.4278068085898979,0.5441180669123199,0,0.4257350681437558,Mn,,POSSIBLE
2211,mp-26705,Li3Cr2(PO4)3,"Cr,Li,O,P",3.0481413054368187,2.9029,0.0305288817499871,-2.637023710946428,False,0.3894141291362366,0.6041000003207323,0,0.4256127711371864,Cr,,POSSIBLE
2212,mp-1177586,Li3MnV(PO4)3,"Li,Mn,O,P,V",2.8969238730268203,0.6335,0.0305573853125009,-2.6391260584679808,False,0.3888440501964728,0.6049221155203287,0,0.4255869680401751,"Mn, V",,POSSIBLE
2213,mp-779313,Li7Mn8(BO3)8,"B,Li,Mn,O",3.3587692054916736,0.1137999999999999,0.0286319651595752,-2.4836126997896795,False,0.4273529726811058,0.5441091934895794,0,0.4254823526959609,Mn,,POSSIBLE
2214,mp-1177560,Li3MnV(PO4)3,"Li,Mn,O,P,V",2.892294999648168,0.3131999999999999,0.0306157888125016,-2.63906765496798,False,0.387675964440779,0.6048992770483026,0,0.4249365274093344,"Mn, V",,POSSIBLE
2215,mp-1176873,Li7V3P8O29,"Li,O,P,V",2.5926068868522774,0.6495999999999997,0.0310496751374147,-2.673135889052685,False,0.3789981208917582,0.6182215336102244,0,0.4248265032540456,V,,POSSIBLE
2216,mp-754336,Li2MnFeO4,"Fe,Li,Mn,O",4.200396211451401,0.0,0.0230485903125003,-2.0293547655747126,False,0.5390219758656557,0.3664733133951287,0,0.4247277464144057,"Fe, Mn",,POSSIBLE
2217,mp-757072,Li3Mn(FeO3)2,"Fe,Li,Mn,O",4.119006660439073,0.6681999999999997,0.0226126541666662,-1.9939684989942528,False,0.5477408163860825,0.3526356451150141,0,0.4246799248026003,"Fe, Mn",,POSSIBLE
2218,mp-1177425,Li4Fe3Co3(TeO8)2,"Co,Fe,Li,O,Te",4.849414883161262,0.2488000000000001,0.0192315062499934,-1.7219477223809525,False,0.615364686861513,0.2462629294877446,0,0.4246426030945428,"Co, Fe",,POSSIBLE
2219,mp-758733,LiMn3Al2(HO2)6,"Al,H,Li,Mn,O",3.229053823275408,0.2496,0.023014354791667,-2.025736649151101,False,0.5397066955181364,0.365058462389162,0,0.4246091443711818,Mn,,POSSIBLE
2220,mp-1101604,Li2CrP2O7,"Cr,Li,O,P",2.78595485310431,3.4997,0.0305481454166738,-2.628985709662698,False,0.389028850605688,0.6009567697358813,0,0.4243007372406868,Cr,,POSSIBLE
2221,mp-770549,Li4Cr3Cu3(TeO8)2,"Cr,Cu,Li,O,Te",4.933656103549177,0.0,0.020383031011903,-1.8111360502380944,False,0.5923338809731822,0.2811396942501152,0,0.4241825275227905,Cr,,POSSIBLE
2222,mp-505245,Li2Cr(H2O3)2,"Cr,H,Li,O",2.081781336218237,3.052,0.0189631778205141,-1.6962627578205125,False,0.6207313278388293,0.2362189193753546,0,0.4240788520927302,Cr,,POSSIBLE
2223,mp-1570562,Li6NiO4,"Li,Ni,O",2.686536608385341,3.1994,0.0213385381818174,-1.886893445909092,False,0.5732234798049834,0.3107643428034475,0,0.4240404338739475,Ni,,POSSIBLE
2224,mp-1100551,Li9Mn7O16,"Li,Mn,O",3.923008022791788,0.8566000000000003,0.024531816093738,-2.142929185172414,False,0.5093570601068271,0.4108861688718738,0,0.4239565421639107,Mn,,POSSIBLE
2225,mp-757527,LiTi6O12,"Li,O,Ti",3.8686129792767048,0.0,0.0398290202631503,-3.371757199122808,False,0.2034088499479225,0.8914148053612401,0,0.4238700493477914,Ti,,POSSIBLE
2226,mp-756312,Li4MgNi3O8,"Li,Mg,Ni,O",4.281408162500082,0.0,0.0191125740277797,-1.7051053705208332,False,0.6177433633904739,0.2396767902699387,0,0.4236457264592391,Ni,,POSSIBLE
2227,mp-32495,Li3V3(PO4)4,"Li,O,P,V",3.113661662439381,1.8287,0.0313674567307771,-2.69002872706044,False,0.372642403295658,0.6248274152487837,0,0.4236429171496862,V,,POSSIBLE
2228,mp-1100492,Li9Mn7O16,"Li,Mn,O",3.921920423212164,0.9063,0.0245848364062384,-2.142876164859913,False,0.5082966395533773,0.4108654354753504,0,0.4233660541707302,Mn,,POSSIBLE
2229,mp-26417,Li2Cr(PO3)4,"Cr,Li,O,P",2.588503867162653,3.4217,0.0304218407246388,-2.6113049881704247,False,0.3915549785199672,0.594042789183373,0,0.4232702144001625,Cr,,POSSIBLE
2230,mp-1045574,Li3(NiO2)4,"Li,Ni,O",4.82866702878169,0.0,0.0147599156944453,-1.3518189053333325,False,0.7047977042862889,0.1015254285826792,0,0.4231726373613966,Ni,,POSSIBLE
2231,mp-1303744,Li4TiNi3O8,"Li,Ni,O,Ti",4.37766254880472,0.0,0.0227920476041623,-1.9966971657291663,False,0.5441528992406782,0.3537026801196497,0,0.4230800326242504,"Ni, Ti",,POSSIBLE
2232,mp-26453,Li3Mn2(PO4)3,"Li,Mn,O,P",3.2924884676638904,0.0903,0.0295517712499888,-2.5379696239895324,False,0.4089566027341056,0.5653652670596645,0,0.4228039749746407,Mn,,POSSIBLE
2233,mp-1177996,Li2MgCr3(SO4)6,"Cr,Li,Mg,O,S",2.7277304440397523,0.8518000000000003,0.0243268962797618,-2.1176787579629632,False,0.5134555116681573,0.4010120829786618,0,0.4227547604600181,Cr,,POSSIBLE
2234,mp-1100549,Li9Mn7O16,"Li,Mn,O",3.895818865046573,0.8886000000000003,0.0246512617187386,-2.1428097395474133,False,0.5069681153836262,0.4108394601033036,0,0.4226262744971507,Mn,,POSSIBLE
2235,mp-1307265,LiV3OF11,"F,Li,O,V",2.79266510365504,1.8749,0.0350075506640603,-2.975146463958333,False,0.2998395426314098,0.7363216486118661,0,0.4226243254614285,V,,POSSIBLE
2236,mp-26841,LiNi(PO3)3,"Li,Ni,O,P",2.4751969300411307,4.8999,0.0287209525000129,-2.4689676444472792,False,0.4255732018659816,0.5383822989241053,0,0.4224990656497267,Ni,,POSSIBLE
2237,mp-780308,Li5Mn6(BO3)6,"B,Li,Mn,O",3.13108722290813,0.4954,0.0288996976428652,-2.4824141274072256,False,0.4219982507883456,0.5436404962055528,0,0.4223732116055335,Mn,,POSSIBLE
2238,mp-1651188,Li7Mn4CoO12,"Co,Li,Mn,O",4.001798266729367,0.7915000000000001,0.0238679186458297,-2.077180885002395,False,0.5226351881665124,0.3851755399852279,0,0.4222607924864116,"Co, Mn",,POSSIBLE
2239,mp-780897,Li2Mn2P4H6O17,"H,Li,Mn,O,P",2.8213805388691826,0.8574,0.0252663702957116,-2.18936479285807,False,0.4946657779045605,0.4290446410033891,0,0.4222318021986945,Mn,,POSSIBLE
2240,mp-764721,LiVOF3,"F,Li,O,V",3.1360134066474084,1.9123,0.0348352700000091,-2.9575576405555566,False,0.3032852023890828,0.7294436044663575,0,0.4221121228772206,V,,POSSIBLE
2241,mp-1274020,Li2TiVO4,"Li,O,Ti,V",3.989453853821508,0.0,0.0321575220312491,-2.7420146775000003,False,0.3568408841480351,0.6451563283250883,0,0.4220672011952002,"Ti, V",,POSSIBLE
2242,mp-1222380,LiCoAsO4,"As,Co,Li,O",4.731179969578391,2.233,0.0205085736904804,-1.8047373069047623,False,0.5898229935336256,0.2786374894059021,0,0.4219257677355598,Co,,POSSIBLE
2243,mp-754735,Li2Ni3SbO8,"Li,Ni,O,Sb",4.8942053878488645,0.0,0.01718109678571,-1.5371554633333335,False,0.656373429292025,0.1740006020783316,0,0.4219055968380298,Ni,,POSSIBLE
2244,mp-1222641,Li3Nb4CuO12,"Cu,Li,Nb,O",4.791927875801494,1.0371,0.0319381028749976,-2.722790548500001,False,0.3612293264664005,0.6376388039919896,0,0.4218497109537166,,,REVIEW
2245,mp-753103,LiCo(CO3)2,"C,Co,Li,O",3.2363725203388087,0.0,0.0200363474583316,-1.766132306833334,False,0.599267645570427,0.2635411473341106,0,0.4218366066306735,Co,,POSSIBLE
2246,mp-753451,LiFe2P2HO8,"Fe,H,Li,O,P",2.8263870773698634,3.8901,0.0265202194642908,-2.2864857259906453,False,0.4695884562784888,0.4670234216325351,0,0.4217318485245562,Fe,,POSSIBLE
2247,mp-770667,Li24MnCr11O36,"Cr,Li,Mn,O",3.5685931158496054,0.0,0.0257980958333297,-2.228356305387932,False,0.4840311237070747,0.4442921273382741,0,0.421719362607287,"Cr, Mn",,POSSIBLE
2248,mp-756870,Li3Mn(NiO2)4,"Li,Mn,Ni,O",5.063143348165589,0.0,0.0183784498958337,-1.63044363612069,False,0.6324260440761672,0.2104805959921931,0,0.4215025328391595,"Mn, Ni",,POSSIBLE
2249,mp-1278326,Li2TiVO4,"Li,O,Ti,V",4.006090766491664,0.0,0.0322124995312487,-2.7419597000000007,False,0.3557413193166052,0.6451348295776538,0,0.4214549159763117,"Ti, V",,POSSIBLE
2250,mp-757655,Li17Ni11O28,"Li,Ni,O",4.340044122217194,0.4691000000000001,0.017232996726193,-1.5367205988690478,False,0.6553354164811693,0.1738305499427125,0,0.4212751715445925,Ni,,POSSIBLE
2251,mp-1653341,Li7Mn4CoO12,"Co,Li,Mn,O",4.005353659501656,0.6415000000000002,0.0239879305208301,-2.077060873127395,False,0.5202349182905567,0.385128609786696,0,0.4209242184851498,"Co, Mn",,POSSIBLE
2252,mp-768700,Li4Cr3NiO8,"Cr,Li,Ni,O",4.236921625579153,0.0,0.0252386889062501,-2.1774505930208337,False,0.4952194131614784,0.4243856373530376,0,0.4209056503123763,"Cr, Ni",,POSSIBLE
2253,mp-757761,Li3V(Si2O5)3,"Li,O,Si,V",2.611142458018904,2.4198,0.0358013538833326,-3.0251847144,False,0.2839632640993917,0.7558889208290327,0,0.4207409175448269,V,,POSSIBLE
2254,mp-1177536,Li3Ni3TeO8,"Li,Ni,O,Te",4.8913757776529945,0.0,0.0185738014999978,-1.640244211777778,False,0.6285189592923225,0.2143130747474353,0,0.4206950037723798,Ni,,POSSIBLE
2255,mp-753687,Li3Cr2CoO6,"Co,Cr,Li,O",4.2195944555879175,0.7767,0.025084511666666,-2.162549980833333,False,0.4983029995459966,0.418558808231281,0,0.4205622326312465,"Co, Cr",,POSSIBLE
2256,mp-772960,Li4Cr2(PO4)3,"Cr,Li,O,P",2.8692215318358927,1.3157,0.0308342177381115,-2.624568921060091,False,0.383307327002383,0.5992296009370113,0,0.4205493901792646,Cr,,POSSIBLE
2257,mp-757736,Li7(NiO2)9,"Li,Ni,O",4.829708374921131,0.1642000000000001,0.0151863736519626,-1.3668527389215672,False,0.6962684300891561,0.107404353439005,0,0.4205391602526876,Ni,,POSSIBLE
2258,mp-850982,LiCo3(OF3)2,"Co,F,Li,O",4.263654098326716,0.1858999999999999,0.0243423662500017,-2.100362096111111,False,0.5131461080899811,0.3942404665980527,0,0.420214522758808,Co,,POSSIBLE
2259,mp-761069,Li2CrP2O7,"Cr,Li,O,P",2.9182652386251706,2.3913,0.0309201184375069,-2.628613736641865,False,0.381589289840797,0.6008113110659271,0,0.4201580682855128,Cr,,POSSIBLE
2260,mp-1284734,Li5Mn3O8,"Li,Mn,O",3.803525926298528,1.1759,0.0249671190624889,-2.150084919403736,False,0.5006508832988783,0.4136843921986707,0,0.4201475230839178,Mn,,POSSIBLE
2261,mp-778471,Li3MnV(PO4)3,"Li,Mn,O,P,V",3.017296346214312,0.6243000000000003,0.0310614991875013,-2.6386219445929804,False,0.3787616367002184,0.604724983659532,0,0.4199726444659563,"Mn, V",,POSSIBLE
2262,mp-759061,Li3Cr3CoO8,"Co,Cr,Li,O",4.143443758816845,0.9782000000000002,0.0250830375555581,-2.155946822,False,0.4983324821658298,0.4159766674640766,0,0.4196746988036332,"Co, Cr",,POSSIBLE
2263,mp-772049,Li2Ti2O5,"Li,O,Ti",2.528230691695036,3.7604,0.0370850944444409,-3.120236325092593,False,0.2582881065588513,0.7930585005942231,0,0.4196289338153463,Ti,,POSSIBLE
2264,mp-677318,LiNi4O5,"Li,Ni,O",5.912800874998279,0.0,0.0146317138333351,-1.3154159858333336,False,0.7073617760938767,0.0872902019496764,0,0.419600547534019,Ni,,POSSIBLE
2265,mp-697811,Li2FeP2O7,"Fe,Li,O,P",2.8994929638639686,3.7642,0.0299741315972195,-2.5449035019543653,False,0.400509281848129,0.5680767343164318,0,0.4191069620272221,Fe,,POSSIBLE
2266,mp-1100557,Li9Mn7O16,"Li,Mn,O",3.892233783615913,0.8778999999999999,0.0249843773437383,-2.1424766239224136,False,0.5003057130180742,0.4107091964738476,0,0.4189163609257875,Mn,,POSSIBLE
2267,mp-1174220,Li4Mn3O7,"Li,Mn,O",3.90939210672832,0.0,0.0249990514285585,-2.1435463837233177,False,0.5000122273630003,0.4111275220756925,0,0.4189013577761425,Mn,,POSSIBLE
2268,mp-753950,Li2Co(CO3)2,"C,Co,Li,O",2.544442409966476,2.8996,0.0227268727272713,-1.9604577328787889,False,0.5454564143609117,0.3395313843345238,0,0.4188370124155848,Co,,POSSIBLE
2269,mp-760842,Li9V3P8O29,"Li,O,P,V",2.632522169409788,0.5619000000000001,0.0319090026360644,-2.6978657923906706,False,0.3618113390955194,0.6278920705743952,0,0.418758461203574,V,,POSSIBLE
2270,mp-1290794,Li5Mn3O8,"Li,Mn,O",3.810263659802418,0.7119,0.0250919937499887,-2.149960044716236,False,0.4981533558610796,0.4136355604153494,0,0.4187567918689661,Mn,,POSSIBLE
2271,mp-1643730,Li6NiO4,"Li,Ni,O",2.683780836671625,3.2768,0.0218170949999993,-1.8864148890909096,False,0.5636522143396995,0.310577204934915,0,0.418710739614055,Ni,,POSSIBLE
2272,mp-554446,Li2NiPO4F,"F,Li,Ni,O,P",3.5431017138734946,3.6477,0.0296742112499988,-2.5130066708399466,False,0.4065077697029156,0.555603596831171,0,0.4180405322275135,Ni,,POSSIBLE
2273,mp-775023,Li2Fe3SnO8,"Fe,Li,O,Sn",4.46369416019203,0.0,0.0214096314345217,-1.848115953690476,False,0.5718015955718667,0.295600548317362,0,0.4179510694756034,Fe,,POSSIBLE
2274,mp-778232,Li2V3Cr2O12,"Cr,Li,O,V",2.930150870466912,0.0,0.0273798856761722,-2.3273413249561394,False,0.4523949001262403,0.4829998520532024,0,0.4178671432880531,"Cr, V",,POSSIBLE
2275,mp-881278,Li3Mn(PO4)2,"Li,Mn,O,P",2.599319923951428,1.3018,0.0306727466071565,-2.5899071592654823,False,0.3865367931820134,0.5856752475658366,0,0.4175815728981501,Mn,,POSSIBLE
2276,mp-1177564,Li3MnV(PO4)3,"Li,Mn,O,P,V",3.012858205900295,0.5853000000000002,0.0313024116875011,-2.6383810320929806,False,0.373943321708566,0.6046307757200775,0,0.4172895984417384,"Mn, V",,POSSIBLE
2277,mp-1235333,LiTi8O16,"Li,O,Ti",3.9928369326152935,0.0,0.0407213024000086,-3.3940175328,False,0.1855629664972444,0.9001196262704834,0,0.4171015007681536,Ti,,POSSIBLE
2278,mp-1639949,Li7Mn5O12,"Li,Mn,O",3.885563474797334,1.0463,0.025178547291655,-2.1448127997078554,False,0.4964222616779563,0.4116227493486465,0,0.4171002061949022,Mn,,POSSIBLE
2279,mp-32395,Li2Ni3(P2O7)2,"Li,Ni,O,P",3.5659381620040884,3.7281,0.0277826689130442,-2.3533400502277426,False,0.4443391267288109,0.4931665571277902,0,0.4169948146955726,Ni,,POSSIBLE
2280,mp-1298695,Li4TiNi3O8,"Li,Ni,O,Ti",4.388421802930621,0.2440000000000002,0.0233696354166621,-1.9961195779166667,False,0.5326009871731608,0.3534768165481471,0,0.41664742873709,"Ni, Ti",,POSSIBLE
2281,mp-777532,Li32Ti5Cr11O48,"Cr,Li,O,Ti",3.5121741327500584,0.7584999999999997,0.029081018671869,-2.453995502430556,False,0.4183717812927753,0.5325274983279729,0,0.4164891041258169,"Cr, Ti",,POSSIBLE
2282,mp-1100556,Li9Mn7O16,"Li,Mn,O",3.924834283527419,0.8506,0.0252210598437381,-2.142239941422414,False,0.4955719991675612,0.4106166426602019,0,0.4162804244732293,Mn,,POSSIBLE
2283,mp-540179,Li2Cr3(P2O7)2,"Cr,Li,O,P",3.138400627122352,2.1845,0.0304804743478124,-2.5639702137060034,False,0.3903822902387344,0.5755327012185018,0,0.4161467050577795,Cr,,POSSIBLE
2284,mp-761748,Li2CrCo3O8,"Co,Cr,Li,O",4.578331725826642,0.0,0.019597835753971,-1.688168579761905,False,0.6080379979561997,0.2330537210710768,0,0.4159897012507867,"Co, Cr",,POSSIBLE
2285,mp-756577,Li4MnNb(WO6)2,"Li,Mn,Nb,O,W",5.689685485514747,0.4554,0.0285064321874983,-2.404083534563218,False,0.4298636659880338,0.5130096084430493,0,0.4159783792484858,Mn,,POSSIBLE
2286,mp-1222649,Li2MgTi3O8,"Li,Mg,O,Ti",3.407338307660123,2.3786,0.0383944458928571,-3.1983205215476187,False,0.2321007243630304,0.8235930359628286,0,0.4159129609866567,Ti,,POSSIBLE
2287,mp-1222642,Li2Ti3ZnO8,"Li,O,Ti,Zn",3.865119568534394,2.3639,0.0361731448214284,-3.0194907690476183,False,0.2765273450383676,0.7536623246208058,0,0.4158718533883842,Ti,,POSSIBLE
2288,mp-1305999,Li3Ti(NiO2)4,"Li,Ni,O,Ti",4.908201146528888,0.2639999999999998,0.0226028389583285,-1.926909874583334,False,0.5479371232007135,0.3264126187946424,0,0.4156098343385173,"Ni, Ti",,POSSIBLE
2289,mp-779625,Li4Mn2(PO4)3,"Li,Mn,O,P",2.930610200469122,0.0270000000000001,0.0309045510714272,-2.5939582972916178,False,0.3819006413620439,0.5872594300631666,0,0.4155861532712325,Mn,,POSSIBLE
2290,mp-863409,Li4FeCo3(PO4)4,"Co,Fe,Li,O,P",3.596733954312626,2.3105,0.0284276308928568,-2.394613833996599,False,0.4314397131393151,0.5093065171645461,0,0.4155491232342144,"Co, Fe",,POSSIBLE
2291,mp-641353,LiMn2O4,"Li,Mn,O",4.047101051103377,0.0,0.024073433492064,-2.044032909250137,False,0.5185248357994968,0.3722131470304901,0,0.4154632611503948,Mn,,POSSIBLE
2292,mp-1174248,Li4Mn3O7,"Li,Mn,O",3.906142036114197,0.8759999999999999,0.0253082121428436,-2.143237223009032,False,0.4938289296741253,0.4110066259252099,0,0.4154582303945924,Mn,,POSSIBLE
2293,mp-1320203,Li5Co2Ni3O10,"Co,Li,Ni,O",4.691933703327899,0.4882999999999997,0.0184448839166684,-1.591000228583333,False,0.6310973457373767,0.195056397790942,0,0.4153732793823869,"Co, Ni",,POSSIBLE
2294,mp-761669,Li2Ti3CoO8,"Co,Li,O,Ti",3.807862186211408,1.8695,0.0353228283928572,-2.947250478511904,False,0.2935339030020943,0.725413026983843,0,0.4153382060954969,"Co, Ti",,POSSIBLE
2295,mp-26303,Li6Cu9(PO4)8,"Cu,Li,O,P",3.729023957859523,0.2721,0.0250800874545529,-2.123253203584416,False,0.4983914849817911,0.403191949260396,0,0.4152324989811237,,,REVIEW
2296,mp-753725,Li3Mn2(P2O7)2,"Li,Mn,O,P",2.938768337865285,0.0,0.0308906154347692,-2.589696665953631,False,0.3821793578546606,0.5855929349370669,0,0.4151561740480367,Mn,,POSSIBLE
2297,mp-1178085,Li11Fe5(OF11)2,"F,Fe,Li,O",3.091466266753229,2.3187,0.0340656640138874,-2.843001090666666,False,0.3186775297303317,0.6846466905824778,0,0.4148989830555497,Fe,,POSSIBLE
2298,mp-761245,K2Li2CoO4,"Co,K,Li,O",2.740107412374112,1.2409,0.0196676745370343,-1.6824221776296302,False,0.6066412034543248,0.2308066118336623,0,0.4144349760416605,Co,,POSSIBLE
2299,mp-849745,Li3Mn2(P2O7)2,"Li,Mn,O,P",2.965907451056622,0.1008999999999999,0.0309605463043354,-2.5896267350840647,False,0.3807807215978853,0.5855655887299331,0,0.4143773529343135,Mn,,POSSIBLE
2300,mp-1177646,Li3Mn2P2(CO7)2,"C,Li,Mn,O,P",2.650843182550411,0.6622,0.0269583093115697,-2.267304410875991,False,0.4608265411481558,0.4595226395104817,0,0.4142875214601543,Mn,,POSSIBLE
2301,mp-759301,Li(CoO2)3,"Co,Li,O",4.792208984695618,0.0,0.0156807423749976,-1.360583930333334,False,0.6863809222611872,0.1049529590948669,0,0.4142430429268564,Co,,POSSIBLE
2302,mp-1222368,LiVMoO6,"Li,Mo,O,V",3.757649461681313,2.7403,0.0258585559722206,-2.178402661481482,False,0.4828219046187515,0.4247579401928543,0,0.4142173266078123,V,,POSSIBLE
2303,mp-757216,Li3MnFe3O8,"Fe,Li,Mn,O",4.1021207129075785,1.6051000000000002,0.0228677964999972,-1.9368575458620687,False,0.5426379008889832,0.3303026187470749,0,0.414056762050417,"Fe, Mn",,POSSIBLE
2304,mp-1222472,LiFe(SO4)2,"Fe,Li,O,S",2.9904427136813188,2.0509,0.0230066169791731,-1.9474070690277767,False,0.5398614538554662,0.3344279706473251,0,0.4139735893470702,Fe,,POSSIBLE
2305,mp-775011,Li2NbFe3O8,"Fe,Li,Nb,O",4.35741195965404,1.8009,0.0259349299107167,-2.182662671190476,False,0.481294405245213,0.4264238011869518,0,0.4139602533003004,Fe,,POSSIBLE
2306,mp-758517,Li11Ni13O24,"Li,Ni,O",4.934793155523541,0.0,0.0169291249305576,-1.457736674305555,False,0.6614129343702434,0.1429441792348534,0,0.4138075766358325,Ni,,POSSIBLE
2307,mp-705355,Li2Mn(PO3)5,"Li,Mn,O,P",2.573225242768841,1.5914,0.0308022828985494,-2.5719540438179136,False,0.3839460324087784,0.5786547483675617,0,0.4136994797534747,Mn,,POSSIBLE
2308,mp-759732,Li15Mn8P8(O4F)8,"F,Li,Mn,O,P",3.096807810298116,0.2203000000000001,0.0324979067957684,-2.7072909784590307,False,0.3500330970310746,0.6315777546234818,0,0.4135704174853096,Mn,,POSSIBLE
2309,mp-753219,Li3MnNi3O8,"Li,Mn,Ni,O",4.481341353899204,0.0,0.0185669309166689,-1.583539662528735,False,0.6286563728123974,0.1921389711104338,0,0.4130096449354704,"Mn, Ni",,POSSIBLE
2310,mp-1177280,Li4Ti3Mn3(SnO8)2,"Li,Mn,O,Sn,Ti",4.4026625126236425,0.4062999999999999,0.0310666478906282,-2.587722428468801,False,0.3786586612486999,0.5848209166921038,0,0.4129495845290213,"Mn, Ti",,POSSIBLE
2311,mp-540313,LiFe(PO3)3,"Fe,Li,O,P",3.044222701327618,4.189500000000001,0.0302759239285705,-2.523708880161565,False,0.3944733538057258,0.5597886560862969,0,0.4128863742233531,Fe,,POSSIBLE
2312,mp-771076,Li2Ti3VO8,"Li,O,Ti,V",3.716406519357844,0.2568000000000001,0.0371502005357307,-3.074562339761904,False,0.2569859671691983,0.7751978580593621,0,0.4126615322638358,"Ti, V",,POSSIBLE
2313,mp-771050,Li7MgNi7O16,"Li,Mg,Ni,O",4.592339870724927,0.3481000000000001,0.0179734303181016,-1.5331933254301071,False,0.6405265448941028,0.1724512227489171,0,0.4126475276538776,Ni,,POSSIBLE
2314,mp-1177542,Li3MnV(PO4)3,"Li,Mn,O,P,V",3.0149955621554296,0.5447,0.0317460295625009,-2.637937414217981,False,0.365070844532503,0.6044573005956696,0,0.412349019701361,"Mn, V",,POSSIBLE
2315,mp-1100481,Li9Mn7O16,"Li,Mn,O",3.938418692368576,0.8933,0.025579975156238,-2.141881026109914,False,0.4883935960919495,0.4104762901586535,0,0.4122831794061009,Mn,,POSSIBLE
2316,mp-1301359,Li3Co2NiO6,"Co,Li,Ni,O",4.759290894410508,0.0,0.0195302266666717,-1.6538954075000014,False,0.6093901979412831,0.2196513241951845,0,0.4120425723360204,"Co, Ni",,POSSIBLE
2317,mp-705056,LiVP2O7,"Li,O,P,V",2.77123259643287,1.9593,0.0323931320454686,-2.6859605779653672,False,0.3521286203024557,0.6232365806360486,0,0.4118035443889676,V,,POSSIBLE
2318,mp-760590,Li5(CuO2)3,"Cu,Li,O",3.719553325270749,0.0,0.0189585975892843,-1.6052986583333335,False,0.6208229336990475,0.2006477457043239,0,0.4116793245309895,,,REVIEW
2319,mp-1315117,Li5Mn3O8,"Li,Mn,O",3.796969953889009,0.7989999999999999,0.0257306581249894,-2.1493213803412354,False,0.4853798960667447,0.4133858130806457,0,0.4116439774149356,Mn,,POSSIBLE
2320,mp-1174337,Li4Mn3O7,"Li,Mn,O",3.89006667048056,0.9809,0.0256704049999871,-2.1428750301518886,False,0.4865849748214491,0.4108649917519867,0,0.4114244832649923,Mn,,POSSIBLE
2321,mp-780675,Li3MnV(PO4)3,"Li,Mn,O,P,V",3.0117417072511485,0.4907000000000001,0.0318618105625017,-2.63782163321798,False,0.3627551932979145,0.6044120248651116,0,0.411059565016642,"Mn, V",,POSSIBLE
2322,mp-1175148,Li7Mn4CoO12,"Co,Li,Mn,O",3.983775276780362,0.7370999999999999,0.0248997632291638,-2.076149040419061,False,0.5019980181361567,0.3847720409885665,0,0.4107691243208845,"Co, Mn",,POSSIBLE
2323,mp-780156,Li5Mn6(BO3)6,"B,Li,Mn,O",3.1375230416221287,0.7233,0.0299548330714358,-2.481358991978654,False,0.4008952575700217,0.5432278894102592,0,0.4106221529571027,Mn,,POSSIBLE
2324,mp-756225,Li3Co4SbO8,"Co,Li,O,Sb",5.279143364885469,1.2620999999999991,0.0205111668749982,-1.7222631781250008,False,0.5897711291436987,0.2463862872862643,0,0.4106093215792268,Co,,POSSIBLE
2325,mp-778246,Li2Mn2(PO4)3,"Li,Mn,O,P",2.961384619287976,0.0,0.0296325898830467,-2.455321072181964,False,0.4073402082702732,0.5330458574620291,0,0.4106031646603604,Mn,,POSSIBLE
2326,mp-1175363,Li7Mn5O12,"Li,Mn,O",3.8892105836386377,1.2011999999999996,0.0257637918749891,-2.1442275551245213,False,0.4847172121281639,0.4113938916253121,0,0.4105823287393494,Mn,,POSSIBLE
2327,mp-770985,Li24MnCr11O36,"Cr,Li,Mn,O",3.582467011157456,1.1265999999999998,0.0268036443055521,-2.2273507569157096,False,0.4639198829929303,0.4438989113383169,0,0.4105205546145225,"Cr, Mn",,POSSIBLE
2328,mp-1302768,Li2CrCo3O8,"Co,Cr,Li,O",4.4410067959545065,0.6872,0.0200978428968277,-1.687668572619048,False,0.5980377202107042,0.2328581951326506,0,0.410421114412315,"Co, Cr",,POSSIBLE
2329,mp-25397,Li2NiPO4F,"F,Li,Ni,O,P",3.3316337790209265,0.6458999999999997,0.0303601658333318,-2.512320716256613,False,0.3927884929843195,0.5553353568359228,0,0.4104010460339487,Ni,,POSSIBLE
2330,mp-1177487,Li47(CoO4)8,"Co,Li,O",2.651730403756705,0.8284,0.022939561695404,-1.9154200837547897,False,0.5412025776205446,0.3219195787127849,0,0.4103332702407742,Co,,POSSIBLE
2331,mp-25879,LiNi3P3O11,"Li,Ni,O,P",3.6819452075522254,3.7143,0.027191791527775,-2.2564940084589944,False,0.4561568338368824,0.4552952717467529,0,0.4102396037216488,Ni,,POSSIBLE
2332,mp-776035,Li9Cu3P8O29,"Cu,Li,O,P",2.7964846375783674,0.6214000000000001,0.0291198891666715,-2.41127180494169,False,0.4175943609105204,0.5158205549094955,0,0.4102140927191097,,,REVIEW
2333,mp-753715,Li4Si2NiO7,"Li,Ni,O,Si",2.9191469340667986,3.3812000000000006,0.0316363478571446,-2.6134286259523805,False,0.3672645082287774,0.5948732298603234,0,0.4102011099769408,Ni,,POSSIBLE
2334,mp-772975,Li4Fe2(PO4)3,"Fe,Li,O,P",2.923192826990003,1.5436,0.0304359732142831,-2.5169258041553286,False,0.3912723249145189,0.5571361593760354,0,0.4101974344845978,Fe,,POSSIBLE
2335,mp-18911,LiVP2O7,"Li,O,P,V",2.8232066204290978,2.1256,0.0325399997727409,-2.685813710238095,False,0.3491912261360815,0.623179148556108,0,0.4101678763694826,V,,POSSIBLE
2336,mp-764348,LiFeSiO4,"Fe,Li,O,Si",2.883682835474309,2.9041,0.0304613096428596,-2.5180149554761897,False,0.3907655895079078,0.5575620679598262,0,0.4100677980152885,Fe,,POSSIBLE
2337,mp-26465,LiVPO5,"Li,O,P,V",3.230979311957162,2.47,0.0319115224999997,-2.634383770684524,False,0.3617609411370225,0.6030676614742342,0,0.4100421991413444,V,,POSSIBLE
2338,mp-755803,Li2AlFeO4,"Al,Fe,Li,O",2.910959587181292,3.119,0.0301484643749994,-2.490791627083333,False,0.3970225792622773,0.5469164863773658,0,0.4097831888263306,Fe,,POSSIBLE
2339,mp-1100540,Li9Mn7O16,"Li,Mn,O",3.9328914016636434,1.0164,0.0258245010937381,-2.141636500172414,False,0.4835030113754838,0.4103806691978687,0,0.4095598904757701,Mn,,POSSIBLE
2340,mp-1175308,Li7Mn5O12,"Li,Mn,O",3.878371259334378,0.987,0.0258680820833214,-2.1441232649161885,False,0.4826313798268492,0.4113531093262105,0,0.4094208471689408,Mn,,POSSIBLE
2341,mp-752884,Li5CoOF5,"Co,F,Li,O",3.410981664646994,0.0690999999999997,0.0342281806249991,-2.814739888888889,False,0.3154271536655254,0.6735952524628598,0,0.4092432728780398,Co,,POSSIBLE
2342,mp-1174244,Li4Mn3O7,"Li,Mn,O",3.915428033781867,1.0555999999999996,0.0258687203571303,-2.142676714794746,False,0.4826186141784823,0.4107874412672314,0,0.4092158422416962,Mn,,POSSIBLE
2343,mp-690572,Li5(NiO2)6,"Li,Ni,O",4.852506110512187,0.2139000000000006,0.0165770961775368,-1.3957104128985507,False,0.6684536043984661,0.1186890397994955,0,0.4091906463489798,Ni,,POSSIBLE
2344,mp-1222345,LiNiAsO4,"As,Li,Ni,O",4.827000864147864,2.6352,0.0215546409523765,-1.795668527976191,False,0.568901366095137,0.2750911770467295,0,0.4091776633186806,Ni,,POSSIBLE
2345,mp-776978,Li4Mn3V3(SbO8)2,"Li,Mn,O,Sb,V",4.563068498396258,0.3523,0.0272856054910777,-2.2555392602545163,False,0.4542805292623664,0.4549219210030522,0,0.4090769634453698,"Mn, V",,POSSIBLE
2346,mp-1176848,Li8Mn3Cr(PO4)6,"Cr,Li,Mn,O,P",2.8523250320657105,0.5567000000000002,0.0317990814682511,-2.618190727817069,False,0.3640097921055343,0.596735432129383,0,0.4090627869033278,"Cr, Mn",,POSSIBLE
2347,mp-1222636,Li3Co2RuO6,"Co,Li,O,Ru",4.867661447588485,0.2808999999999999,0.020438827708336,-1.7028692883333332,False,0.5912179319920873,0.2388023786253154,0,0.4087506951145084,Co,,POSSIBLE
2348,mp-540330,Li2V(PO3)5,"Li,O,P,V",2.529882516814497,2.2923,0.0322004453985638,-2.646454896733954,False,0.3559824052221811,0.6077880305377426,0,0.4085161335604095,V,,POSSIBLE
2349,mp-758231,LiMn3Al2(HO2)6,"Al,H,Li,Mn,O",3.216079472705479,0.1309,0.0245085485416662,-2.0242424554011014,False,0.5098224174252174,0.3644741634659709,0,0.4079682867969594,Mn,,POSSIBLE
2350,mp-778090,Li32Mn11Cr5O48,"Cr,Li,Mn,O",3.6922883883766553,1.1614,0.0266087385937501,-2.193031766707376,False,0.4678180498092433,0.4304785975244359,0,0.4079674365286364,"Cr, Mn",,POSSIBLE
2351,mp-755843,LiFe2OF5,"F,Fe,Li,O",3.672731959446288,2.2705,0.0312887116049349,-2.5668030875925925,False,0.3742173270558007,0.5766404860432411,0,0.4076436999958248,Fe,,POSSIBLE
2352,mp-1277600,Li5Mn3O8,"Li,Mn,O",3.809894877006046,0.8373999999999997,0.0261119606249895,-2.148940077841236,False,0.4777537432016733,0.4132367061524712,0,0.4073974059142852,Mn,,POSSIBLE
2353,mp-769473,Li13Ni9O22,"Li,Ni,O",4.378273860066491,0.0,0.0183857335606072,-1.5270887262121209,False,0.6322803688157621,0.1700640418698756,0,0.4072766175031256,Ni,,POSSIBLE
2354,mp-759229,Li2FePO4F,"F,Fe,Li,O,P",3.1767773544747526,3.7155,0.031746696388887,-2.6002603048677253,False,0.3650575078248895,0.5897238067483607,0,0.4071849616656154,Fe,,POSSIBLE
2355,mp-1177238,Li5V3P8O29,"Li,O,P,V",2.5526202150419537,0.9305,0.0320153492592503,-2.62035637241799,False,0.3596843779423678,0.5975822994170643,0,0.4069802126642748,V,,POSSIBLE
2356,mp-1177217,Li5V3P8O29,"Li,O,P,V",2.5361433971936043,1.2186,0.032067448703696,-2.620304272973545,False,0.3586423749984371,0.5975619261225782,0,0.4063999803920428,V,,POSSIBLE
2357,mp-767614,Li3Mn4(PO4)6,"Li,Mn,O,P",3.0028342814881483,0.0392296694105902,0.0294086896396352,-2.4063562962049003,False,0.4118182735407142,0.5138983634521673,0,0.4063644776556513,Mn,,POSSIBLE
2358,mp-774835,Li8Fe7(PO4)8,"Fe,Li,O,P",3.333016817835273,0.0243999999999999,0.0301078997272634,-2.4615503093419915,False,0.3978338831602387,0.5354817775459586,0,0.4062272578792169,Fe,,POSSIBLE
2359,mp-26305,Li2Cr3(P2O7)2,"Cr,Li,O,P",3.1314108466507093,3.1927000000000003,0.0313873030434646,-2.563063385010352,False,0.3722454716879114,0.5751780892209692,0,0.4060473406556905,Cr,,POSSIBLE
2360,mp-753625,Li8MnO5F,"F,Li,Mn,O",2.5700503715355425,1.975,0.0269829241666661,-2.2078605418065136,False,0.4603342374058077,0.4362773350192694,0,0.4058808978299386,Mn,,POSSIBLE
2361,mp-754083,Li2Ni5O7,"Li,Ni,O",5.846015797687327,0.0,0.0164718436904731,-1.36155974154762,False,0.6705586825340056,0.1053345464504191,0,0.4056743666513498,Ni,,POSSIBLE
2362,mp-777735,Li32Ti5Cr11O48,"Cr,Li,O,Ti",3.493305179943069,0.8674,0.0300689862760359,-2.4530075348263893,False,0.3986121626825821,0.532141157261252,0,0.4054860945168583,"Cr, Ti",,POSSIBLE
2363,mp-1275975,LiV3O4,"Li,O,V",4.669855718241775,0.3286000000000006,0.027858670104166,-2.2750933897916674,False,0.4428190824033155,0.4625684908220595,0,0.4054494671095443,V,,POSSIBLE
2364,mp-758877,Li7Mn7P6(O8F)3,"F,Li,Mn,O,P",3.302404890871545,3.182,0.0325556052659568,-2.651390801951228,False,0.3488791120618248,0.6097181979631029,0,0.4052848809210896,Mn,,POSSIBLE
2365,mp-1304790,Li2FeCo3O8,"Co,Fe,Li,O",4.420697904626424,0.7057999999999998,0.0187855756189145,-1.5446420504761906,False,0.6242834197830769,0.1769282042088778,0,0.4052807523537995,"Co, Fe",,POSSIBLE
2366,mp-1177304,Li4Si2NiO7,"Li,Ni,O,Si",2.9196301340687514,3.6284,0.0320798910714312,-2.6129850827380943,False,0.3583935242871199,0.5946997839317106,0,0.4052613627340147,Ni,,POSSIBLE
2367,mp-752986,Li4CuNi3O8,"Cu,Li,Ni,O",4.623583841137677,0.0190000000000001,0.0178392518750003,-1.4682995752083334,False,0.6432101499538324,0.1470747624495597,0,0.4052417493319538,Ni,,POSSIBLE
2368,mp-1177577,Li3MnV(PO4)3,"Li,Mn,O,P,V",3.0105487858034365,0.5802,0.0323869613125014,-2.6372964824679803,False,0.352252036626496,0.6042066666123831,0,0.4052109534589069,"Mn, V",,POSSIBLE
2369,mp-1176597,LiV2(SO4)3,"Li,O,S,V",2.8422979499715657,0.5052000000000003,0.02596053241228,-2.1192101157407404,False,0.4807823483070867,0.4016109147570544,0,0.4049941117338667,V,,POSSIBLE
2370,mp-756858,LiV3O8,"Li,O,V",3.2953489905084625,1.7675,0.0284647987500044,-2.3184465502777782,False,0.4306963459694837,0.4795215834106017,0,0.4047155444769266,V,,POSSIBLE
2371,mp-752891,LiTi3O6,"Li,O,Ti",3.7789717651426016,0.0,0.0405339857500095,-3.2842299243333337,False,0.1893093500301765,0.8571875892392661,0,0.4041357987503401,Ti,,POSSIBLE
2372,mp-775461,Li2V3FeO8,"Fe,Li,O,V",3.850681883575341,1.1613000000000002,0.0288657701339287,-2.344080999226191,False,0.422676810119797,0.4895458395802973,0,0.4038132894189924,"Fe, V",,POSSIBLE
2373,mp-759995,Li5V3P8O29,"Li,O,P,V",2.5581387010136827,0.9863,0.0323071311481397,-2.620064590529101,False,0.3538486614497425,0.597468199191786,0,0.4037306335144834,V,,POSSIBLE
2374,mp-1273461,Li4Si2NiO7,"Li,Ni,O,Si",2.921128398025292,3.6686,0.0322218858928593,-2.6128430879166658,False,0.3555535895522075,0.5946442573835241,0,0.4036799643379476,Ni,,POSSIBLE
2375,mp-1177064,Li5V3P8O29,"Li,O,P,V",2.554550178968062,1.3175,0.0323210245925844,-2.620050697084656,False,0.353570788812774,0.5974627662118739,0,0.4035759020211815,V,,POSSIBLE
2376,mp-2897108,Li4MnCo5O12,"Co,Li,Mn,O",4.890505560156679,0.0,0.0210863047727194,-1.71658080118861,False,0.5782682160326739,0.2441642148641973,0,0.4035049940204397,"Co, Mn",,POSSIBLE
2377,mp-1174288,Li4Mn3O7,"Li,Mn,O",3.9033966068472528,0.9137,0.0263845357142731,-2.1421608994376027,False,0.4723021678826374,0.4105857335852496,0,0.4034711990902879,Mn,,POSSIBLE
2378,mp-778123,Li2Mn3P4(HO4)4,"H,Li,Mn,O,P",2.7954368667480884,3.6289,0.0286758270689624,-2.3257532996217662,False,0.4264757226606086,0.4823788606370125,0,0.4033942486862891,Mn,,POSSIBLE
2379,mp-1282869,Li2Fe3SnO8,"Fe,Li,O,Sn",4.462439776610819,0.2279999999999997,0.02271670000595,-1.846808885119048,False,0.545659871531662,0.2950894240011062,0,0.4033942277428013,Fe,,POSSIBLE
2380,mp-1177908,Li2MnPCO7,"C,Li,Mn,O,P",2.697412406480414,1.9916825645398613,0.0287219402546243,-2.328466259936713,False,0.4255534465072842,0.4834397537043835,0,0.4032583093755405,Mn,,POSSIBLE
2381,mp-1100581,Li9Mn7O16,"Li,Mn,O",3.917187439103275,0.9251999999999998,0.026416659843738,-2.141044341422414,False,0.4716596766271208,0.4101491077153077,0,0.4029650098452741,Mn,,POSSIBLE
2382,mp-756879,Li2Mn3FeO8,"Fe,Li,Mn,O",4.055155632870511,0.0,0.0245038952976033,-1.9868562250328408,False,0.5099154835617944,0.3498544167655487,0,0.4029025618269289,"Fe, Mn",,POSSIBLE
2383,mp-752799,Li2FeSiO4,"Fe,Li,O,Si",3.1196325626186767,3.0614,0.0312945265625002,-2.5319719070833333,False,0.3741010263357768,0.5630198821121649,0,0.4028125232239349,Fe,,POSSIBLE
2384,mp-1290445,Na2Li(NiO2)3,"Li,Na,Ni,O",4.58718099405452,0.2254,0.0168585615277825,-1.3712264471743305,False,0.6628242214618371,0.1091146758268762,0,0.402743458343417,Ni,,POSSIBLE
2385,mp-765231,Li5V3P8O29,"Li,O,P,V",2.559392857676003,0.8481000000000001,0.0323988139259174,-2.619972907751323,False,0.3520149811606625,0.5974323469816353,0,0.4027095610819367,V,,POSSIBLE
2386,mp-755271,LiNiBO3,"B,Li,Ni,O",3.5842462942995823,3.0096,0.0273769623611066,-2.216087830138889,False,0.4524533672161834,0.4394945856023285,0,0.4026724569297159,Ni,,POSSIBLE
2387,mp-1177572,Li3MnV(PO4)3,"Li,Mn,O,P,V",2.8945838470667145,0.2549000000000001,0.0326353155625014,-2.6370481282179803,False,0.3472848846272574,0.6041095486041964,0,0.4024450285564603,"Mn, V",,POSSIBLE
2388,mp-1100497,Li9Mn7O16,"Li,Mn,O",3.936077076144272,0.9811,0.0264675182812386,-2.1409934829849133,False,0.4706424941568822,0.4101292197119837,0,0.4023985986854795,Mn,,POSSIBLE
2389,mp-1247560,LiVPO4F,"F,Li,O,P,V",2.577675084493728,1.9749,0.0347061703125,-2.802961444747025,False,0.3058672309668579,0.6689893355735946,0,0.40237324448253,V,,POSSIBLE
2390,mp-768782,Li3Mn2P2(CO7)2,"C,Li,Mn,O,P",2.6835758463145543,0.9409,0.0280484638767868,-2.2662142563107737,False,0.439023155749689,0.4590963386117069,0,0.4021464541764263,Mn,,POSSIBLE
2391,mp-1100554,Li9Mn7O16,"Li,Mn,O",3.9181064122466416,0.9744000000000002,0.0265086798437383,-2.140952321422413,False,0.4698192518026153,0.4101131236356578,0,0.4019401817639187,Mn,,POSSIBLE
2392,mp-774317,Li3VP2H2O9,"H,Li,O,P,V",2.594646767155304,2.4006000000000003,0.0304130183895212,-2.454468876281513,False,0.3917314276023458,0.5327126094163982,0,0.4019016984770295,V,,POSSIBLE
2393,mp-1176588,LiNiO2,"Li,Ni,O",4.843288458154715,0.1291000000000002,0.0182864545833343,-1.479704844583333,False,0.6342659751439945,0.1515347507305428,0,0.401883449084887,Ni,,POSSIBLE
2394,mp-759994,Li5V3P8O29,"Li,O,P,V",2.5203681989786366,1.3305,0.0324820077036953,-2.6198897139735453,False,0.3503510831616804,0.5973998143634446,0,0.4017830307661298,V,,POSSIBLE
2395,mp-1120802,Li12MnCo(Ni5O12)2,"Co,Li,Mn,Ni,O",4.659331510490955,0.0,0.0195133281597197,-1.575299944331897,False,0.6097281726390819,0.1889168598749855,0,0.4014713959077399,"Co, Mn, Ni",,POSSIBLE
2396,mp-757419,LiTi(SiO3)2,"Li,O,Si,Ti",3.2353071908242006,0.1787999999999998,0.0388612269916706,-3.129753534041668,False,0.2227649764618841,0.7967801698494521,0,0.4013937965013445,Ti,,POSSIBLE
2397,mp-25402,Li2VPCO7,"C,Li,O,P,V",2.6348450756706505,2.0513000000000003,0.0304998646874983,-2.45698344219246,False,0.3899944782140288,0.5336959210880337,0,0.4012905353985276,V,,POSSIBLE
2398,mp-752782,Li5Ti2Mn3O10,"Li,Mn,O,Ti",3.865336957128993,1.4794999999999998,0.0322448007500071,-2.595415787356322,False,0.3550952862274447,0.5878293761463761,0,0.4010426890763262,"Mn, Ti",,POSSIBLE
2399,mp-760774,Li2Ni3SnO8,"Li,Ni,O,Sn",5.034724408184935,0.5037000000000003,0.0182445652380964,-1.4695695077976194,False,0.6351037733493615,0.1475713648777557,0,0.4009570530493633,Ni,,POSSIBLE
2400,mp-756432,Li2Ti(TeO4)3,"Li,O,Te,Ti",4.783024566074215,1.5033,0.0238401308333306,-1.9159368933333336,False,0.5231909519128924,0.3221216751813575,0,0.400497609865566,Ti,,POSSIBLE
2401,mp-758764,Li3Ni2P2(O4F)2,"F,Li,Ni,O,P",3.30341830070915,0.0431999999999999,0.0299966491176508,-2.410678603340336,False,0.4000589253648869,0.5155885856237811,0,0.4004884139190112,Ni,,POSSIBLE
2402,mp-757744,Li4Cu3Ni3(TeO8)2,"Cu,Li,Ni,O,Te",5.116177167329576,0.0,0.0181572635937525,-1.4587970005952384,False,0.6368498297878546,0.1433588158971292,0,0.4004429919473153,Ni,,POSSIBLE
2403,mp-765592,Li2NiP2O7,"Li,Ni,O,P",3.14214134610618,4.5175,0.0308812893055598,-2.481108054662698,False,0.3823658829547853,0.5431297613037123,0,0.4003966520814312,Ni,,POSSIBLE
2404,mp-770607,Li3VSi4(HO6)2,"H,Li,O,Si,V",2.474364581131361,2.3287000000000004,0.0339625814962074,-2.7282356455681818,False,0.3207392078927983,0.6397680890017883,0,0.4003253954916649,V,,POSSIBLE
2405,mp-782643,Li5Mn6(BO3)6,"B,Li,Mn,O",3.130696406309616,0.4417999999999999,0.0308867722142931,-2.4804270528357977,False,0.3822562233009792,0.542863458065495,0,0.4002431331384618,Mn,,POSSIBLE
2406,mp-754320,Li2MnPCO7,"C,Li,Mn,O,P",2.716002754200449,0.4036999999999999,0.0290048527546247,-2.3281833474367133,False,0.4198951201851593,0.483329121820729,0,0.4001075087390928,Mn,,POSSIBLE
2407,mp-766523,LiCo2(PO4)2,"Co,Li,O,P",2.913971072062197,0.6711999999999999,0.0279822971153853,-2.245308665393773,False,0.440346508827716,0.4509212848333868,0,0.4000130295469292,Co,,POSSIBLE
2408,mp-1305992,Li4Ni3SbO8,"Li,Ni,O,Sb",4.965788422980484,0.0644999999999997,0.0223063398958336,-1.787968633645833,False,0.5538671844380143,0.272080161931779,0,0.3998550081170305,Ni,,POSSIBLE
2409,mp-773176,Li2CrAsCO7,"As,C,Cr,Li,O",3.0164043440320616,2.96,0.0261408555555542,-2.0940265703472227,False,0.4771758367953109,0.3917629827498634,0,0.3995637541998732,Cr,,POSSIBLE
2410,mp-756255,Li8VO6,"Li,O,V",2.6380090067333826,1.7832,0.0275765104999976,-2.209285109111111,False,0.4484623506056895,0.436834406779267,0,0.3995463352058727,V,,POSSIBLE
2411,mp-758328,LiMn3Al2(HO2)6,"Al,H,Li,Mn,O",3.2437621835138777,0.0,0.0252923929166666,-2.023458611026101,False,0.4941453184652634,0.3641676440308158,0,0.3992386005666804,Mn,,POSSIBLE
2412,mp-752657,Li2FeP2O7,"Fe,Li,O,P",2.908351149469298,4.3859,0.031770969305553,-2.543106664246032,False,0.364572042943395,0.567374087595999,0,0.3990955542774669,Fe,,POSSIBLE
2413,mp-777462,Li4Ni3Sn3(SbO8)2,"Li,Ni,O,Sb,Sn",5.504785014348078,0.7593999999999994,0.024319338749998,-1.9440737699404769,False,0.5136066643022498,0.3331244964041863,0,0.3990772391077026,Ni,,POSSIBLE
2414,mp-1281672,Li2TiVO4,"Li,O,Ti,V",3.9769020086525058,0.0,0.034228688906249,-2.7399435106250003,False,0.3154169879034068,0.644346406201661,0,0.3990005855174551,"Ti, V",,POSSIBLE
2415,mp-777591,Li4Ti5Fe3O16,"Fe,Li,O,Ti",3.859172785635905,1.1951999999999998,0.0348448014030644,-2.788818240714286,False,0.3030945717566627,0.6634586881011345,0,0.3989125553015615,"Fe, Ti",,POSSIBLE
2416,mp-777842,Li32Mn3Cr13O48,"Cr,Li,Mn,O",3.5954268259447653,1.0061,0.0278157862499988,-2.223639307296456,False,0.4436767710555599,0.442447562732416,0,0.3988788710369035,"Cr, Mn",,POSSIBLE
2417,mp-1303805,Li4Cr3CoO8,"Co,Cr,Li,O",4.182082005934637,0.7262,0.0277165690625,-2.2151647636458334,False,0.4456611415716412,0.4391336238743556,0,0.3988103962204271,"Co, Cr",,POSSIBLE
2418,mp-1306908,Li4Si2NiO7,"Li,Ni,O,Si",2.916003764381731,3.6002000000000005,0.0326621641071449,-2.61240280970238,False,0.3467479064913785,0.5944720882210499,0,0.3987765794476256,Ni,,POSSIBLE
2419,mp-766205,SrLiLa15(CoO8)4,"Co,La,Li,O,Sr",6.658103926890355,0.8101000000000003,0.0393930859890439,-3.1533638260062906,False,0.2121276530332904,0.8060128869392938,0,0.3987747195970626,Co,,POSSIBLE
2420,mp-769483,Li11(CoO4)2,"Co,Li,O",2.645405788975596,0.2894000000000001,0.0239640205952449,-1.913115221269842,False,0.5207131232525098,0.3210182707879868,0,0.3987486125646758,Co,,POSSIBLE
2421,mp-754080,LiV3Zn2O8,"Li,O,V,Zn",4.620026616547196,0.0,0.0286787514285586,-2.2913176980952383,False,0.4264172346797717,0.468912946399724,0,0.3986490103137778,V,,POSSIBLE
2422,mp-1643980,Li7Mn5O12,"Li,Mn,O",3.882798706348,1.1557999999999995,0.0268436412499886,-2.143147705749522,False,0.4631199333141098,0.4109716205329448,0,0.3985560305092911,Mn,,POSSIBLE
2423,mp-1203349,K2LiV5H10O19,"H,K,Li,O,V",2.6187513165318745,2.5943004500922004,0.0240924481756952,-1.9202595605495496,False,0.518144536997227,0.3238120381612247,0,0.3983137087049034,V,,POSSIBLE
2424,mp-763993,Li2TiVO4,"Li,O,Ti,V",3.852494176996911,0.0,0.0342906932812496,-2.73988150625,False,0.3141768836762967,0.6443221596208236,0,0.3983100418892514,"Ti, V",,POSSIBLE
2425,mp-26511,LiNi4(PO4)3,"Li,Ni,O,P",4.353336443717663,3.6545,0.0272513473749969,-2.1728588171130965,False,0.4549657008258926,0.4225900404176159,0,0.3981376496004065,Ni,,POSSIBLE
2426,mp-775267,Li3MnV(PO4)3,"Li,Mn,O,P,V",2.89966984698143,0.3627,0.0330385934375012,-2.63664485034298,False,0.339219218333832,0.6039518482871461,0,0.3979537169841087,"Mn, V",,POSSIBLE
2427,mp-1222601,Li3Al2CoO6,"Al,Co,Li,O",3.719106941247937,2.5686,0.0327580487499998,-2.6137574983333334,False,0.3448301877672052,0.5950018341849354,0,0.3979072452366902,Co,,POSSIBLE
2428,mp-763305,Li8FeO6,"Fe,Li,O",2.3345895097031875,0.0,0.0247544713333347,-1.968938306111111,False,0.5049038952485503,0.3428476810381409,0,0.397693830750052,Fe,,POSSIBLE
2429,mp-1298961,LiLa4CoO8,"Co,La,Li,O",6.705066807131729,1.2603999999999995,0.0404119476785673,-3.226868643630953,False,0.1917501443815811,0.8347566732035974,0,0.3976274150311287,Co,,POSSIBLE
2430,mp-780392,Li5Cu(PO4)2,"Cu,Li,O,P",2.897848777453824,1.8462,0.0316618742187513,-2.523014057247024,False,0.3667539741103236,0.5595169481630273,0,0.3975456176177375,,,REVIEW
2431,mp-773438,Li5Cu(PO4)2,"Cu,Li,O,P",2.903461915449309,1.6448999999999998,0.0316695989062516,-2.523006332559524,False,0.3665994782764065,0.5595139274526354,0,0.397459587660446,,,REVIEW
2432,mp-765155,Li5V3P8O29,"Li,O,P,V",2.577068378816842,0.6093,0.0328815197036949,-2.6194902019735453,False,0.3423607353841898,0.5972435866778435,0,0.3973336597985496,V,,POSSIBLE
2433,mp-1642266,Li7Mn5O12,"Li,Mn,O",3.877248686973496,1.0453,0.0269681514583224,-2.143023195541188,False,0.4606296955579577,0.4109229312778493,0,0.397169358504124,Mn,,POSSIBLE
2434,mp-752723,LiVH2OF5,"F,H,Li,O,V",2.4062597837087742,1.9578,0.0317818761875035,-2.529582989583333,False,0.3643539023620042,0.5620857047855345,0,0.3971246429740394,V,,POSSIBLE
2435,mp-1641670,Li6NiO4,"Li,Ni,O",2.6858364087866944,3.0631000000000004,0.0237609799999996,-1.8844710040909087,False,0.5247739899322599,0.3098170559165512,0,0.3970616640335359,Ni,,POSSIBLE
2436,mp-690528,Li7(NiO2)8,"Li,Ni,O",4.861898635709588,0.0,0.017942038024195,-1.4164625781720424,False,0.641154399241024,0.1268040970490574,0,0.3970163535497333,Ni,,POSSIBLE
2437,mp-1176878,Li7V3P8O29,"Li,O,P,V",2.6086320500298066,0.5316000000000001,0.0335550016267767,-2.6706305625633235,False,0.3288909152354031,0.6172418349801261,0,0.3969246456225158,V,,POSSIBLE
2438,mp-1177902,Li2MnP2O7,"Li,Mn,O,P",2.833606562657975,4.1338,0.0331722287499722,-2.6380722632402844,False,0.3365464760332303,0.6045100328056159,0,0.3966790733002422,Mn,,POSSIBLE
2439,mp-777909,Li2Cr2(PO4)3,"Cr,Li,O,P",2.9253236138878185,0.0,0.0322571157631657,-2.56386969713659,False,0.3548489826420163,0.5754933945869012,0,0.3965896285585244,Cr,,POSSIBLE
2440,mp-756825,Li5Ti2Fe5O12,"Fe,Li,O,Ti",4.298185926782311,1.5239999999999996,0.0287282244791633,-2.2802448976388887,False,0.4254277603211909,0.4645829688560778,0,0.3965893072762823,"Fe, Ti",,POSSIBLE
2441,mp-766086,LiLa2Ti2CrO9,"Cr,La,Li,O,Ti",5.376633420204584,2.2594000000000003,0.0423591611666669,-3.3748802773333333,False,0.1528053493142196,0.8926360735103349,0,0.396465567851438,"Cr, Ti",,POSSIBLE
2442,mp-779437,Li12Mn3V5(PO4)12,"Li,Mn,O,P,V",2.9432042951864053,0.0,0.0334282893359292,-2.655349462493843,False,0.3314251952358913,0.6112662174835497,0,0.3962270334989826,"Mn, V",,POSSIBLE
2443,mp-32502,LiV(PO3)4,"Li,O,P,V",2.3430754922812107,2.2154,0.0332457716666656,-2.638722917328042,False,0.3350755978594787,0.604764468673017,0,0.3959591428582693,V,,POSSIBLE
2444,mp-773182,Li4Cr3Sn5O16,"Cr,Li,O,Sn",5.211292689197205,0.0,0.0278483065848211,-2.204320371726191,False,0.4430263555860099,0.4348929646417022,0,0.3958770331969012,Cr,,POSSIBLE
2445,mp-1177093,Li5V3P8O29,"Li,O,P,V",2.5388616780604574,0.6322,0.0330136038148065,-2.6193581178624346,False,0.3397190175292481,0.5971919356761627,0,0.3958626371277434,V,,POSSIBLE
2446,mp-1277483,LiLa4CoO8,"Co,La,Li,O",6.693399688165841,1.237,0.0405734078571384,-3.226707183452381,False,0.1885208972525835,0.8346935347997071,0,0.3958292306688184,Co,,POSSIBLE
2447,mp-779008,Li4Mn3O8,"Li,Mn,O",3.691150648935924,1.6716,0.0264942993333283,-2.0947261104750963,False,0.4701068658902869,0.3920365353219081,0,0.3957715636023257,Mn,,POSSIBLE
2448,mp-777797,Li32Mn3Cr13O48,"Cr,Li,Mn,O",3.6105105587504975,1.1235999999999997,0.0281040265624987,-2.223351066983956,False,0.4379118870461458,0.4423348474274469,0,0.3956687344749866,"Cr, Mn",,POSSIBLE
2449,mp-557492,LiLa5Ti8O24,"La,Li,O,Ti",5.075478132520285,2.0496,0.0455088148684197,-3.6207159090789474,False,0.0898114255880477,0.9887691853714964,0,0.3954654989534499,Ti,,POSSIBLE
2450,mp-756842,Li3Cr2NiO6,"Cr,Li,Ni,O",4.260123830193632,0.0,0.0266823697916702,-2.1073627216666666,False,0.4663454059871418,0.3969780352525702,0,0.3954322856313276,"Cr, Ni",,POSSIBLE
2451,mp-26605,Li3Cr2(PO4)3,"Cr,Li,O,P",2.986885852502331,3.034,0.0332474003749867,-2.6343051923214285,False,0.3350430232536754,0.603036933696834,0,0.3953365895834133,Cr,,POSSIBLE
2452,mp-1185486,LiTi2O4,"Li,O,Ti",3.872781930447264,0.0,0.0403650125000023,-3.2058453796428563,False,0.1926888606147189,0.8265356038073361,0,0.395266334670663,Ti,,POSSIBLE
2453,mp-1100514,Li9Mn7O16,"Li,Mn,O",3.923443101309957,0.7577999999999996,0.0271080279687385,-2.1403529732974134,False,0.4578321276147481,0.4098787507746724,0,0.3952652329592468,Mn,,POSSIBLE
2454,mp-1290247,Li(CoO2)4,"Co,Li,O",4.410298028384535,1.1774,0.0165355306730692,-1.289614062179487,False,0.6692849257010635,0.0772004554176721,0,0.3951268685317701,Co,,POSSIBLE
2455,mp-758153,Li4Cr3Co3(SbO8)2,"Co,Cr,Li,O,Sb",5.026859499192452,0.0,0.0255323892857139,-2.011850058333333,False,0.4893453263398084,0.3596281625625036,0,0.3950097863837709,"Co, Cr",,POSSIBLE
2456,mp-753674,Li3Mn4O8,"Li,Mn,O",4.022280345974713,0.7442000000000002,0.0265765243333406,-2.095760793114944,False,0.4684623437079668,0.3924411441300413,0,0.3950086894848962,Mn,,POSSIBLE
2457,mp-1259488,LiFe(SiO3)2,"Fe,Li,O,Si",2.4582726622924884,3.2173000000000003,0.0344846121666648,-2.7312981765833344,False,0.3102984536539386,0.6409656803947341,0,0.3950021376478232,Fe,,POSSIBLE
2458,mp-1101550,Li2Cr(PO3)5,"Cr,Li,O,P",2.525702263687286,3.3963,0.0331329660144952,-2.622655408907866,False,0.337331741334791,0.5984813291081014,0,0.3950009229219705,Cr,,POSSIBLE
2459,mp-765238,Li4V3OF11,"F,Li,O,V",3.1932112705501217,2.1408,0.0393915523684151,-3.124997817017544,False,0.2121583258595956,0.7949204643486107,0,0.3949092417447913,V,,POSSIBLE
2460,mp-1177058,Li5V3P8O29,"Li,O,P,V",2.535439033394919,0.8553000000000001,0.033130192148139,-2.6192415295291016,False,0.3373872194102291,0.5971463442409,0,0.394564191159941,V,,POSSIBLE
2461,mp-769539,Li7VGeO8,"Ge,Li,O,V",2.679700296969452,3.5013,0.0299842176470583,-2.3643067260784307,False,0.4003075581304104,0.4974550350380641,0,0.3942784192350481,V,,POSSIBLE
2462,mp-1643099,Li7Mn5O12,"Li,Mn,O",3.884837542205628,1.2079,0.0272290943749888,-2.142762252624521,False,0.4554107668293103,0.4108208905182605,0,0.3942632334375119,Mn,,POSSIBLE
2463,mp-777576,Li32Mn3Cr13O48,"Cr,Li,Mn,O",3.59908240632012,1.1199,0.0282426878124999,-2.223212405733955,False,0.4351386246390786,0.4422806244600012,0,0.3941244621124936,"Cr, Mn",,POSSIBLE
2464,mp-770678,Li2Cr2O7,"Cr,Li,O",2.8648652658512463,2.4367,0.0238772142121206,-1.871896386515152,False,0.5224492743330029,0.3048997983593861,0,0.3940620303089368,Cr,,POSSIBLE
2465,mp-778359,Li32Mn3Cr13O48,"Cr,Li,Mn,O",3.5948530351395287,1.1586,0.0282681066666654,-2.223186986879789,False,0.4346302406984513,0.4422706845113714,0,0.3938413719631282,"Cr, Mn",,POSSIBLE
2466,mp-774897,Li3Mn2CrO6,"Cr,Li,Mn,O",4.099103497748633,0.2176,0.0281816679166677,-2.21460559257184,False,0.4363590390172349,0.4389149621001286,0,0.3936177081945242,"Cr, Mn",,POSSIBLE
2467,mp-757170,Li4Mn3Sn(PO4)4,"Li,Mn,O,P,Sn",3.471731456074294,3.2141,0.0325015673809527,-2.5601739891320667,False,0.349959884339862,0.5740482016810466,0,0.3933948069752904,Mn,,POSSIBLE
2468,mp-1100505,Li9Mn7O16,"Li,Mn,O",3.936073840164503,0.9934000000000004,0.0272920795312385,-2.1401689217349134,False,0.45415104671263,0.4098067780939003,0,0.3932154480248116,Mn,,POSSIBLE
2469,mp-1307940,Li2Fe3SnO8,"Fe,Li,O,Sn",4.460478218726908,0.1697000000000001,0.0236542964345227,-1.845871288690476,False,0.5269076900221293,0.2947227803957487,0,0.3929522026506832,Fe,,POSSIBLE
2470,mp-1100499,Li9Mn7O16,"Li,Mn,O",3.936760145519093,0.9664,0.0273372560937383,-2.140123745172413,False,0.4532475032752232,0.4097891119667181,0,0.3927123159897241,Mn,,POSSIBLE
2471,mp-26845,Li3Mn2(PO4)3,"Li,Mn,O,P",2.9938383732453366,1.4004,0.032290300749989,-2.535231094489532,False,0.3541852739531412,0.564294375257328,0,0.3923049320142924,Mn,,POSSIBLE
2472,mp-777827,Li32Mn3Cr13O48,"Cr,Li,Mn,O",3.609976495473398,1.1206999999999998,0.0284434528124988,-2.223011640733956,False,0.4311232704781505,0.442202116051494,0,0.3918885393810057,"Cr, Mn",,POSSIBLE
2473,mp-775755,Li4Ti3Ni3(SbO8)2,"Li,Ni,O,Sb,Ti",4.680811601255392,1.0106000000000002,0.0305206222321432,-2.3897652540476195,False,0.3895793217213084,0.5074104979614171,0,0.3918623012332156,"Ni, Ti",,POSSIBLE
2474,mp-26247,Li5Cu(PO4)2,"Cu,Li,O,P",2.896045228558405,1.7933,0.0321813751562514,-2.522494556309524,False,0.3563638152130632,0.5593137992485187,0,0.3917599281041662,,,REVIEW
2475,mp-1644001,Li7Mn5O12,"Li,Mn,O",3.873299250321169,1.1193,0.027454355208321,-2.142536991791189,False,0.4509054893934051,0.4107328031049962,0,0.3917545002531215,Mn,,POSSIBLE
2476,mp-771909,Li4Mn2P4H3O16,"H,Li,Mn,O,P",2.77802660341061,0.5505,0.0307285304741347,-2.40538627074196,False,0.3854211007934754,0.5135190385932163,0,0.3917132689440372,Mn,,POSSIBLE
2477,mp-772995,Li7Ti12Fe5O32,"Fe,Li,O,Ti",3.7907835291014593,0.0,0.0372726259821423,-2.929446047738096,False,0.2545374252139023,0.7184506703756932,0,0.3914533184991389,"Fe, Ti",,POSSIBLE
2478,mp-540033,LiMnP2O7,"Li,Mn,O,P",2.913439655295674,0.2189000000000001,0.032340168636364,-2.5329847011863715,False,0.3531879027726385,0.5634159314891749,0,0.3914489225461623,Mn,,POSSIBLE
2479,mp-753344,LiNi6O7,"Li,Ni,O",6.364719797130062,0.0,0.0167780670238082,-1.2812803755952384,False,0.6644341332565563,0.0739415981929049,0,0.3913183326586227,Ni,,POSSIBLE
2480,mp-774297,Li3MnV(PO4)3,"Li,Mn,O,P,V",2.881368193416488,0.0,0.033642366687502,-2.63604107709298,False,0.327143590452174,0.6037157449974445,0,0.3912294854978013,"Mn, V",,POSSIBLE
2481,mp-766727,Li5Fe11O16,"Fe,Li,O",4.777174348561909,1.1468000000000005,0.0226037502343752,-1.748551487395834,False,0.547918897433942,0.2566662331095325,0,0.3911885751770044,Fe,,POSSIBLE
2482,mp-1638896,Li5Mn6O12,"Li,Mn,O",4.009266495777603,1.1652,0.0271145728260888,-2.110002701054474,False,0.4577012287021171,0.3980103893991077,0,0.3910393120758522,Mn,,POSSIBLE
2483,mp-1315015,Li8VO6,"Li,O,V",2.6382258559065725,1.8661,0.0283450138333307,-2.208516605777778,False,0.4330920766176784,0.436533886401548,0,0.3909875023802649,V,,POSSIBLE
2484,mp-778190,Li32Mn3Cr13O48,"Cr,Li,Mn,O",3.606577229548936,1.1591,0.0285372751041661,-2.222917818442289,False,0.4292467993340957,0.4421654271923735,0,0.3908436391510833,"Cr, Mn",,POSSIBLE
2485,mp-757408,Li2Fe5(Si2O7)2,"Fe,Li,O,Si",3.5332613105755435,3.0941,0.031622784166668,-2.470122319466666,False,0.3675357856974251,0.5388338303071428,0,0.3907365227410838,Fe,,POSSIBLE
2486,mp-26056,Li3Fe(PO4)2,"Fe,Li,O,P",2.5704310326646302,2.3294,0.0325983273214296,-2.5484963313775504,False,0.3480246594271172,0.5694816969346845,0,0.390732156612054,Fe,,POSSIBLE
2487,mp-759335,Li5V3P8O29,"Li,O,P,V",2.542960515660557,1.1308,0.0335104217036956,-2.618861299973545,False,0.3297825257234789,0.5969976568836699,0,0.3903295690571978,V,,POSSIBLE
2488,mp-1177800,Li2VCr3O8,"Cr,Li,O,V",3.916864038850132,1.1642,0.0306505214732144,-2.387246063690476,False,0.3869813018565934,0.5064253779172512,0,0.3900885982921643,"Cr, V",,POSSIBLE
2489,mp-774631,Li2TiV3O8,"Li,O,Ti,V",3.900814406416413,0.3450999999999999,0.0345106391071379,-2.6961085069642863,False,0.3097779078231142,0.6272048906270985,0,0.3898995610221972,"Ti, V",,POSSIBLE
2490,mp-760206,Li4Mn3NiO8,"Li,Mn,Ni,O",4.274068231855528,0.2042999999999999,0.0261440671875021,-2.0235938510704026,False,0.4771116032899418,0.3642205291484638,0,0.3898885670114304,"Mn, Ni",,POSSIBLE
2491,mp-768832,Li2Cu2(SO4)3,"Cu,Li,O,S",3.162964976540877,0.2349999999999998,0.0231420974999974,-1.781498495219298,False,0.5371518068900114,0.2695500383012106,0,0.38977600719493,,,REVIEW
2492,mp-755397,Li5Mn3(SnO5)2,"Li,Mn,O,Sn",4.72059326616914,0.9559000000000002,0.0276734477500033,-2.145626573272989,False,0.4465235794545354,0.4119409724825802,0,0.3897673090688975,Mn,,POSSIBLE
2493,mp-777959,Li32Mn3Cr13O48,"Cr,Li,Mn,O",3.610659898248016,1.1328,0.028637755208333,-2.2228173383381216,False,0.4272371701439517,0.4421261348203721,0,0.3897245907663037,"Cr, Mn",,POSSIBLE
2494,mp-543091,Li16(CoO4)3,"Co,Li,O",2.65486494539802,0.0,0.0247690286290405,-1.9117113147849447,False,0.504612745407271,0.3204692783648915,0,0.3897012574017111,Co,,POSSIBLE
2495,mp-1306001,Li4Ni3SbO8,"Li,Ni,O,Sb",4.986428129427626,0.2214,0.0232311945833334,-1.787043778958333,False,0.5353698411873157,0.271718500937002,0,0.3895548879809744,Ni,,POSSIBLE
2496,mp-1648494,Li7Co5O12,"Co,Li,O",4.374272479328158,0.8523000000000001,0.0226345193750026,-1.7387201932638885,False,0.5473035063207146,0.2528217420086481,0,0.3895045381794199,Co,,POSSIBLE
2497,mp-1306526,Li3Mn2CoO6,"Co,Li,Mn,O",4.234166839530034,1.2429000000000006,0.025839933125006,-1.996144944238506,False,0.4831943665869824,0.3534867359542054,0,0.3894772592068122,"Co, Mn",,POSSIBLE
2498,mp-1177151,Li5Fe2P2(CO7)2,"C,Fe,Li,O,P",2.7615056194754963,1.6246999999999998,0.0298098367499966,-2.314682503038095,False,0.4037952231148793,0.4780496667003439,0,0.389404756058304,Fe,,POSSIBLE
2499,mp-760242,LiVOF4,"F,Li,O,V",2.63300059950572,2.1252,0.0361808276190425,-2.826325607619048,False,0.2763736870134753,0.6781258047947969,0,0.3893495595355903,V,,POSSIBLE
2500,mp-779472,Li5Cu(PO4)2,"Cu,Li,O,P",2.904133119950802,1.9919,0.0324040907812515,-2.522271840684524,False,0.3519094426304281,0.5592267071295313,0,0.3892795409420714,,,REVIEW
2501,mp-25248,Li4(CuO2)3,"Cu,Li,O",3.791993498963618,0.0,0.0200717565384627,-1.5305161975641026,False,0.5985594544153959,0.1714043418277838,0,0.3891992195681921,,,REVIEW
2502,mp-705961,Li5Mn12O24,"Li,Mn,O",4.004919849783116,0.0,0.026043066087392,-2.010304827687134,False,0.4791316525395003,0.3590239058503763,0,0.3891807759443569,Mn,,POSSIBLE
2503,mp-758864,Li5V3P8O29,"Li,O,P,V",2.573202306586453,1.1831999999999998,0.0336316827036959,-2.618740038973545,False,0.3273572730105449,0.5969502382194405,0,0.3889790835326038,V,,POSSIBLE
2504,mp-765285,Li3Fe(Si2O5)3,"Fe,Li,O,Si",2.592169399967228,3.3824,0.0376313941999981,-2.939889681700001,False,0.2473619640708549,0.7225346146955944,0,0.3889361953824282,Fe,,POSSIBLE
2505,mp-1174285,Li4Mn3O7,"Li,Mn,O",3.917085728016648,0.9326999999999996,0.0276963103571299,-2.140849124794746,False,0.4460663211442923,0.4100727689772188,0,0.3888619457713874,Mn,,POSSIBLE
2506,mp-757037,LiFeSi3O8,"Fe,Li,O,Si",2.7412301137776223,3.3579,0.0364879077564106,-2.84630608602564,False,0.2702320014242236,0.685939096757648,0,0.3887062846484997,Fe,,POSSIBLE
2507,mp-757523,Li2Fe2Si5O13,"Fe,Li,O,Si",3.085544661931373,3.3943,0.0362110773106056,-2.824043972803032,False,0.2757686850216673,0.6772335799637709,0,0.3887045297492368,Fe,,POSSIBLE
2508,mp-756155,Li6FeO4,"Fe,Li,O",2.5665936555802995,2.2934,0.0255198450000007,-1.9617434840909087,False,0.4895962154381803,0.3400341725764995,0,0.388289878892774,Fe,,POSSIBLE
2509,mp-831264,Li2VPO4F,"F,Li,O,P,V",3.082136622511957,1.2128000000000003,0.0350669132921801,-2.7273575798677245,False,0.2986522740545873,0.6394247246668295,0,0.3880574043634133,V,,POSSIBLE
2510,mp-770707,Li2AlFeO4,"Al,Fe,Li,O",3.024010385571481,3.069500000000001,0.0321207681249999,-2.488819323333333,False,0.3575759721882259,0.5461452243122347,0,0.3878176132128064,Fe,,POSSIBLE
2511,mp-26361,LiCo(PO3)4,"Co,Li,O,P",2.926990140155208,1.0286657604678542,0.0309878762500011,-2.397715732883597,False,0.3802341153116934,0.5105195032177411,0,0.3878105895476408,Co,,POSSIBLE
2512,mp-26307,Li3Fe3(PO4)4,"Fe,Li,O,P",3.154181772204108,2.3379,0.0315639454807694,-2.443603621675824,False,0.3687125752884782,0.5284637919077568,0,0.3877542435763779,Fe,,POSSIBLE
2513,mp-770952,Li4Co3Ni(PO4)4,"Co,Li,Ni,O,P",3.686915394711084,2.5693,0.0306019258035661,-2.363727572210885,False,0.3879532283593527,0.497228559066545,0,0.3874042712709347,"Co, Ni",,POSSIBLE
2514,mp-771151,Li2MnAsCO7,"As,C,Li,Mn,O",2.990612836434485,0.7415000000000002,0.0262548115972105,-2.014125467674809,False,0.4748966852199366,0.3605179529448042,0,0.3873744604016466,Mn,,POSSIBLE
2515,mp-1177911,Li2Mn3SbO8,"Li,Mn,O,Sb",4.434334117171417,0.6637,0.0271382264285708,-2.08506998360427,False,0.457228150271377,0.3882605427286973,0,0.3873666726043014,Mn,,POSSIBLE
2516,mp-767151,Li2CuNi(PO4)2,"Cu,Li,Ni,O,P",3.767103250294447,0.0,0.0294568001785675,-2.2707985743537416,False,0.4108560497831501,0.4608890191767757,0,0.387281984092604,Ni,,POSSIBLE
2517,mp-777826,Li32Mn3Cr13O48,"Cr,Li,Mn,O",3.5946434473993465,1.172,0.0288701879166657,-2.2225849056297893,False,0.422588453273259,0.4420352428719933,0,0.3871359843054901,"Cr, Mn",,POSSIBLE
2518,mp-760997,Li3Mn(PO4)2,"Li,Mn,O,P",2.5921681579068374,0.9068,0.033407644642871,-2.5871722612297674,False,0.3318380946664334,0.5846057758341378,0,0.3871229736084866,Mn,,POSSIBLE
2519,mp-777886,Li32Mn3Cr13O48,"Cr,Li,Mn,O",3.6217985361497993,1.1143,0.0288744010416657,-2.222580692504789,False,0.4225041896366722,0.4420335953450905,0,0.3870890626709514,"Cr, Mn",,POSSIBLE
2520,mp-1222854,Li2Ti4Co(PO5)4,"Co,Li,O,P,Ti",3.3254940177889294,2.3821000000000003,0.0377653906451609,-2.936573535115208,False,0.2446819990189934,0.7212378478749335,0,0.3870083462166731,"Co, Ti",,POSSIBLE
2521,mp-1176658,LiMn2O2F3,"F,Li,Mn,O",3.7945261232488896,1.9853,0.0330179095833349,-2.553960374274425,False,0.3396329009971007,0.5716183906405138,0,0.3868645322725852,Mn,,POSSIBLE
2522,mp-755151,Li3Al2VO6,"Al,Li,O,V",3.507932610986393,1.9796,0.036828186250001,-2.859061117916668,False,0.2634263397545101,0.6909269046635487,0,0.3867089034972226,V,,POSSIBLE
2523,mp-1222675,Li2VPO4F,"F,Li,O,P,V",3.017707168063927,3.1584,0.0351942002366234,-2.7272302929232817,False,0.296106500827157,0.639374949579379,0,0.386639807807719,V,,POSSIBLE
2524,mp-774850,Li16V3Ga13O32,"Ga,Li,O,V",3.833886104928745,1.5151,0.0307517658203053,-2.3696679359505213,False,0.3849563876017975,0.4995515162710132,0,0.3865690438758432,V,,POSSIBLE
2525,mp-756037,LiMnCo3O8,"Co,Li,Mn,O",4.359440033830426,0.0,0.0194923200641001,-1.4631656724049515,False,0.6101483402188881,0.1450671688026284,0,0.3863550962013084,"Co, Mn",,POSSIBLE
2526,mp-26683,Li5Cr2P5O18,"Cr,Li,O,P",3.032086236045385,0.0,0.034421132666667,-2.6621721131626987,False,0.3115680607789414,0.6139341897188254,0,0.3862393998300066,Cr,,POSSIBLE
2527,mp-759087,LiFeSiO4,"Fe,Li,O,Si",2.8878403476449384,2.9793000000000003,0.0326056487500023,-2.5158706163690465,False,0.3478782288805405,0.5567235321064534,0,0.386186262121556,Fe,,POSSIBLE
2528,mp-772729,Li5V3P8O29,"Li,O,P,V",2.5566653019278816,0.9293,0.0338825268148061,-2.6184891948624345,False,0.3223403231174054,0.5968521465603027,0,0.3861854290106789,V,,POSSIBLE
2529,mp-759775,Li8Mn9O18,"Li,Mn,O",4.019494843549912,0.5634000000000001,0.0276485979999998,-2.117269598229885,False,0.4470205811583938,0.400852082582829,0,0.3861595485411068,Mn,,POSSIBLE
2530,mp-759423,LiCr(PO3)4,"Cr,Li,O,P",2.922960398939723,1.7675000000000003,0.0337853396759264,-2.6089644467724864,False,0.3242840921134526,0.5931275291520017,0,0.3859508858655995,Cr,,POSSIBLE
2531,mp-1644153,Li7Mn5O12,"Li,Mn,O",3.872051233513307,1.0604,0.0279804416666555,-2.142010905332855,False,0.4403836183028617,0.4105270789469946,0,0.3858954676980221,Mn,,POSSIBLE
2532,mp-26711,Li3V2(PO4)3,"Li,O,P,V",2.966690507062431,1.9519999999999995,0.034842189000007,-2.6927644471964287,False,0.3031468205225663,0.625897208459745,0,0.3857947742483222,V,,POSSIBLE
2533,mp-771196,Li8Mn12Ni4O31,"Li,Mn,Ni,O",4.4527624046681415,0.8603000000000001,0.0253595804545447,-1.9304366837607088,False,0.4928015495823266,0.3277917644406747,0,0.3857679698245158,"Mn, Ni",,POSSIBLE
2534,mp-753028,Li3Mn4O8,"Li,Mn,O",4.062417239409665,0.7410999999999999,0.0274255780000078,-2.094911739448277,False,0.4514810413229791,0.3921091248432755,0,0.3855527664227849,Mn,,POSSIBLE
2535,mp-1177086,Li5V3P8O29,"Li,O,P,V",2.5592411170939053,1.1703,0.0339431552592515,-2.618428566417989,False,0.3211277378725881,0.5968284380320049,0,0.3855102091411252,V,,POSSIBLE
2536,mp-1178046,Li2Co(CO3)2,"C,Co,Li,O",2.2823746574214656,2.7568,0.0257768338636354,-1.9574077717424243,False,0.4844563688368632,0.3383387083460498,0,0.3848695507813923,Co,,POSSIBLE
2537,mp-26915,LiV(PO3)4,"Li,O,P,V",2.766203576255995,2.2658,0.0342479644444448,-2.637720724550263,False,0.3150314719394736,0.604372564904924,0,0.3847977072834339,V,,POSSIBLE
2538,mp-504313,LiCrPO4,"Cr,Li,O,P",3.284262134653296,2.669,0.0330222538392792,-2.5383679232823124,False,0.3395460147062522,0.5655210205206057,0,0.3846826652706507,Cr,,POSSIBLE
2539,mp-771120,Li4Ti3Cr5O16,"Cr,Li,O,Ti",3.960521450219299,0.1653000000000002,0.0350435853472212,-2.700224681547619,False,0.2991188392470119,0.6288145054288661,0,0.3846004384859597,"Cr, Ti",,POSSIBLE
2540,mp-756787,Li3Co(NiO2)4,"Co,Li,Ni,O",5.280261915289588,0.0,0.0198365095833334,-1.4778369231250004,False,0.603264456981228,0.1508043069733597,0,0.3845769587803513,"Co, Ni",,POSSIBLE
2541,mp-758507,LiFeSiO4,"Fe,Li,O,Si",2.896858222677229,2.9586,0.0327619403571448,-2.515714324761904,False,0.3447523545744552,0.5566624148532476,0,0.384445640214587,Fe,,POSSIBLE
2542,mp-768927,Li2MnPCO7,"C,Li,Mn,O,P",2.7070414295937213,0.513031838617177,0.0304241940046248,-2.3267640061867128,False,0.3915079122853961,0.4827740936899954,0,0.3843002845484663,Mn,,POSSIBLE
2543,mp-759905,Li5V3P8O29,"Li,O,P,V",2.555225536969846,0.8421,0.0340746997036962,-2.618297021973545,False,0.3184968134965718,0.5967769980649722,0,0.3840451967458548,V,,POSSIBLE
2544,mp-770903,Li3Mn(BO3)2,"B,Li,Mn,O",2.6128449324557903,1.2378,0.0327626143749899,-2.5125210678136987,False,0.3447388740357214,0.5554137035691125,0,0.3840011769688362,Mn,,POSSIBLE
2545,mp-765137,Li5V3P8O29,"Li,O,P,V",2.54811965018553,0.8053999999999999,0.0340874033703624,-2.6182843183068782,False,0.3182427367361432,0.5967720303432468,0,0.3839037158250151,V,,POSSIBLE
2546,mp-1100526,Li9Mn7O16,"Li,Mn,O",3.916238702169121,0.685,0.0281428745312384,-2.139318126734913,False,0.4371349171912239,0.4094740778651939,0,0.383740131707991,Mn,,POSSIBLE
2547,mp-776549,Li8FeO5F,"F,Fe,Li,O",2.324258295136957,2.9946,0.0285061343333321,-2.1670833387777786,False,0.4298696231517108,0.4203315610388603,0,0.383544339097042,Fe,,POSSIBLE
2548,mp-773095,Li5V3P8O29,"Li,O,P,V",2.544559730598184,0.9724,0.0341207775925846,-2.618250944084656,False,0.3175752432882396,0.5967589794774492,0,0.383532026625639,V,,POSSIBLE
2549,mp-779959,Li3Co2(NiO4)2,"Co,Li,Ni,O",4.712621785185187,0.0,0.02012207566667,-1.4924672886666674,False,0.5975530582765143,0.1565254571467492,0,0.3834380920534451,"Co, Ni",,POSSIBLE
2550,mp-25883,LiFe3(P3O10)2,"Fe,Li,O,P",2.674139154399437,2.4394,0.0319068593611069,-2.438690611373015,False,0.3618542051728669,0.5265425774537686,0,0.3833097149538959,Fe,,POSSIBLE
2551,mp-861061,Li2Si3Ni3O10,"Li,Ni,O,Si",3.7805204831000783,3.7239,0.0318808295833381,-2.43581092925926,False,0.3623748077503707,0.5254164884454321,0,0.3832019152186051,Ni,,POSSIBLE
2552,mp-26571,LiCrP2O7,"Cr,Li,O,P",3.1808179599776647,2.9141000000000004,0.0344330713636358,-2.639911163874459,False,0.3113292836188289,0.6052291280771654,0,0.3830613008173638,Cr,,POSSIBLE
2553,mp-756740,Li5Fe2P2(CO7)2,"C,Fe,Li,O,P",2.738862646164685,1.3572,0.0303839579499962,-2.314108381838095,False,0.392312644232564,0.4778251587347997,0,0.3830107598850901,Fe,,POSSIBLE
2554,mp-1177180,Li5V3P8O29,"Li,O,P,V",2.5549485116376123,1.0168,0.0341696388148067,-2.618202082862434,False,0.3165980056623653,0.5967398724777511,0,0.3829878584815138,V,,POSSIBLE
2555,mp-773571,Li5V3P8O29,"Li,O,P,V",2.567005203256473,1.0087,0.0341874601481402,-2.618184261529101,False,0.3162415741879832,0.5967329035114598,0,0.3827893820324017,V,,POSSIBLE
2556,mp-1644021,Li2FeP2O7,"Fe,Li,O,P",2.754483473574941,4.3451,0.0332358320138874,-2.5416418015376974,False,0.3352743935964913,0.5668012584678469,0,0.3827813569418167,Fe,,POSSIBLE
2557,mp-1643524,Li7Mn4CoO12,"Co,Li,Mn,O",4.002725684363929,0.7755999999999998,0.0274195846874967,-2.073629218960728,False,0.4516009091900342,0.3837866741546214,0,0.3827058360086363,"Co, Mn",,POSSIBLE
2558,mp-760378,LiTi2O4,"Li,O,Ti",3.751547779887425,0.0,0.0415197928571444,-3.204690599285714,False,0.1695929419434668,0.8260840312323602,0,0.3824055290002328,Ti,,POSSIBLE
2559,mp-1311728,Li4Ni3SbO8,"Li,Ni,O,Sb",4.96331240297251,0.0,0.0239133102083339,-1.7863616633333326,False,0.5217273446710164,0.2714517621521692,0,0.3819581563223183,Ni,,POSSIBLE
2560,mp-759548,Li5V3P8O29,"Li,O,P,V",2.5581159295198788,0.9103,0.034264534925918,-2.618107186751323,False,0.3147000578397432,0.5967027637055204,0,0.3819309991087909,V,,POSSIBLE
2561,mp-1105411,LiCr(GeO3)2,"Cr,Ge,Li,O",4.503079413323643,2.864190772538844,0.0294433980000006,-2.229334882583333,False,0.4111240969700322,0.4446747963204809,0,0.381754432045686,Cr,,POSSIBLE
2562,mp-778743,Li5Cu(PO4)2,"Cu,Li,O,P",2.8939981543090108,1.7069,0.0331053885937517,-2.5215705428720234,False,0.337883297189301,0.5589524672214333,0,0.3814691769816172,,,REVIEW
2563,mp-754842,LiFeSiO4,"Fe,Li,O,Si",2.882495174012805,0.0,0.0330405803571451,-2.515435684761904,False,0.339179479404937,0.5565534537148692,0,0.3813424224729196,Fe,,POSSIBLE
2564,mp-1174312,Li4Mn3O7,"Li,Mn,O",3.87296992210984,0.6667000000000001,0.0283730414285585,-2.1401723937233177,False,0.4325315171520376,0.4098081358020863,0,0.3813251819643509,Mn,,POSSIBLE
2565,mp-766507,Li5Fe3(BO3)4,"B,Fe,Li,O",3.059147851045904,1.148,0.031328637812499,-2.377615975347222,False,0.3734187921335111,0.502659567593657,0,0.381311184331211,Fe,,POSSIBLE
2566,mp-1177621,Li3V24O58,"Li,O,V",3.3877127812722865,0.9003000000000001,0.0308666761764691,-2.3403480432941173,False,0.382658149478825,0.4880860810105462,0,0.381292110567045,V,,POSSIBLE
2567,mp-772839,Li2ZnCr3(SO4)6,"Cr,Li,O,S,Zn",2.8892545860930032,0.7164000000000001,0.0269643097222189,-2.0259546317129624,False,0.4607065313164238,0.3651437036613665,0,0.3811888885055113,Cr,,POSSIBLE
2568,mp-758323,Li2Ti3Co(PO4)6,"Co,Li,O,P,Ti",2.8983010022064857,0.0,0.0362137748379653,-2.768664439847883,False,0.2757147337467536,0.655577619033318,0,0.3810952702223757,"Co, Ti",,POSSIBLE
2569,mp-697758,LiFeP2O7,"Fe,Li,O,P",3.023785700567036,2.5246000000000004,0.0327980134090903,-2.492961365919913,False,0.3440308838040146,0.547764954700714,0,0.3809347202374579,Fe,,POSSIBLE
2570,mp-757866,LiMn(SiO3)2,"Li,Mn,O,Si",3.3427859613715456,0.0863999999999998,0.0367476743597032,-2.8096728130014377,False,0.2650365992803897,0.6716137912335071,0,0.3808349565359418,Mn,,POSSIBLE
2571,mp-752814,Li2TiV2O6,"Li,O,Ti,V",3.761559348753388,1.2730999999999997,0.0359182773863544,-2.742669439545456,False,0.2816247624961669,0.6454123705941087,0,0.3807879490808298,"Ti, V",,POSSIBLE
2572,mp-757509,Li6V3P8O29,"Li,O,P,V",2.591272782263497,1.342,0.0347130419112451,-2.645756928742236,False,0.305729797138185,0.6075150927437096,0,0.3807816708863001,V,,POSSIBLE
2573,mp-771059,Li4Nb2Co3Sn3O16,"Co,Li,Nb,O,Sn",5.095089664020222,1.6597999999999995,0.029386628214282,-2.217645777440477,False,0.4122595079993522,0.440103815115373,0,0.3807790646900243,Co,,POSSIBLE
2574,mp-1177165,Li5V3P8O29,"Li,O,P,V",2.5511285457668964,1.0487,0.034373642592584,-2.6179980790846566,False,0.312517875072135,0.596660097557208,0,0.380715865434697,V,,POSSIBLE
2575,mp-1174294,Li4Mn3O7,"Li,Mn,O",3.883355004076888,0.8471000000000002,0.02842843785713,-2.1401169972947462,False,0.4314235736361541,0.4097864732341879,0,0.3807082311318505,Mn,,POSSIBLE
2576,mp-705002,Li3V4P9O32,"Li,O,P,V",2.799431312053293,1.4125,0.0343862259028036,-2.618811850349702,False,0.3122662054731072,0.5969783197917007,0,0.3806888249373042,V,,POSSIBLE
2577,mp-1222541,LiFeSiO4,"Fe,Li,O,Si",2.8507337621057705,3.1089,0.0331374032142877,-2.515338861904761,False,0.3372429961419049,0.55651559149575,0,0.3802641049015602,Fe,,POSSIBLE
2578,mp-850339,Li5CoOF5,"Co,F,Li,O",2.5593615017125257,1.0417999999999998,0.0368313081249986,-2.812136761388889,False,0.2633639014123609,0.6725773091103464,0,0.3802522039654197,Co,,POSSIBLE
2579,mp-775382,Li5V3P8O29,"Li,O,P,V",2.573288929579177,0.5988,0.0344169184814733,-2.617954803195768,False,0.3116523456196882,0.5966431746813909,0,0.3802339012293153,V,,POSSIBLE
2580,mp-1650471,Li7Mn4CoO12,"Co,Li,Mn,O",4.0111759172150485,0.9348999999999998,0.0276461382291639,-2.0734026654190614,False,0.4470697772386912,0.3836980812325582,0,0.3801827059126755,"Co, Mn",,POSSIBLE
2581,mp-1204473,Li3V5(H8O11)2,"H,Li,O,V",2.4267244389904787,2.4457,0.0240530043478237,-1.783829060108696,False,0.5189334241955317,0.2704613970559253,0,0.3800748722771163,V,,POSSIBLE
2582,mp-1175162,Li7Mn4CoO12,"Co,Li,Mn,O",4.019659670079482,0.7788000000000004,0.0276603221874962,-2.0733884814607286,False,0.4467860942455981,0.3836925346482679,0,0.3800247389619727,"Co, Mn",,POSSIBLE
2583,mp-755726,Li2FePCO7,"C,Fe,Li,O,P",2.697537962716641,0.7558,0.0301474761458306,-2.273168171775793,False,0.3970423441122507,0.4618156414585924,0,0.3800087637722452,Fe,,POSSIBLE
2584,mp-775073,Li4Cr3Fe3(SnO8)2,"Cr,Fe,Li,O,Sn",4.647402077220655,0.4681999999999999,0.0276769228968118,-2.0740220283333337,False,0.4464540755808651,0.3839402808026433,0,0.379928839850401,"Cr, Fe",,POSSIBLE
2585,mp-849506,Li3Fe2(P2O7)2,"Fe,Li,O,P",3.016908760976305,1.3206000000000002,0.0332049834420322,-2.518181311133539,False,0.335891373355703,0.5576271207225325,0,0.379909747598523,Fe,,POSSIBLE
2586,mp-770390,Li2Cr4O13,"Cr,Li,O",2.4060036804238027,1.5539,0.023441563719297,-1.7304895108771932,False,0.5311624017161584,0.2496031641932376,0,0.3795004284115202,Cr,,POSSIBLE
2587,mp-1177088,Li5V3P8O29,"Li,O,P,V",2.5320479299601626,1.057,0.0344842840370285,-2.617887437640212,False,0.310305016335185,0.5966168316307849,0,0.3794836500551265,V,,POSSIBLE
2588,mp-755514,Li5Mn2Fe3O10,"Fe,Li,Mn,O",4.117305002397958,0.1865999999999998,0.0268494896249995,-2.0040605446264363,False,0.4630029642361589,0.3565821021228029,0,0.3794553660728684,"Fe, Mn",,POSSIBLE
2589,mp-771027,Li2FeAsCO7,"As,C,Fe,Li,O",3.011802100763111,2.1987,0.0262116999999948,-1.952732996805556,False,0.4757589287945899,0.336510654948173,0,0.379446140068885,Fe,,POSSIBLE
2590,mp-765196,Li5V3P8O29,"Li,O,P,V",2.5646696475542528,0.9659,0.0344970053703619,-2.6178747163068787,False,0.3100505862366465,0.596611857000575,0,0.3793419723803568,V,,POSSIBLE
2591,mp-769962,Li4TiFe3O8,"Fe,Li,O,Ti",4.0548368582814565,0.6277000000000004,0.0298770818749982,-2.2460141166666663,False,0.402450302473937,0.4511971489367639,0,0.3792666684885327,"Fe, Ti",,POSSIBLE
2592,mp-773516,Li3NiO3,"Li,Ni,O",3.030585179045434,1.4144,0.0232927376190481,-1.716244253571428,False,0.5341389638703804,0.2440326091669295,0,0.3791878433371345,Ni,,POSSIBLE
2593,mp-758062,Li2NbCo3O8,"Co,Li,Nb,O",4.900693826221811,0.7380999999999998,0.0263003895982176,-1.95782575029762,False,0.4739851129040865,0.338502157309558,0,0.3791675671555929,Co,,POSSIBLE
2594,mp-1648306,Li2FeP2O7,"Fe,Li,O,P",2.7666778101237024,4.3689,0.0335626343055528,-2.5413149992460315,False,0.3287382596007915,0.5666734636439716,0,0.3791417550558254,Fe,,POSSIBLE
2595,mp-1646544,Li7Mn5O12,"Li,Mn,O",3.865582016581945,0.8853999999999997,0.0285952408333223,-2.141396106166188,False,0.4280874691133906,0.4102866640134813,0,0.3790484404170833,Mn,,POSSIBLE
2596,mp-777691,Li32Mn3Cr13O48,"Cr,Li,Mn,O",3.5965517122414674,1.1507,0.0296118345833331,-2.2218432589631223,False,0.4077553198637619,0.4417452246941487,0,0.3788762545680211,"Cr, Mn",,POSSIBLE
2597,mp-770704,Li2AlFeO4,"Al,Fe,Li,O",2.9436201177325723,3.0421,0.0329255928125,-2.488014498645833,False,0.3414792613183587,0.5458305006037035,0,0.3788542689363935,Fe,,POSSIBLE
2598,mp-1101527,LiCr4P7O24,"Cr,Li,O,P",3.0305339318680926,2.1691,0.0342583718055475,-2.5942892628009258,False,0.3148233219097959,0.5873888528978574,0,0.3787389255646378,Cr,,POSSIBLE
2599,mp-753282,Li2MnOF3,"F,Li,Mn,O",3.098306511839002,1.5105,0.0368032879761957,-2.7976394974425287,False,0.2639243119474949,0.6669082078220581,0,0.3785762443088425,Mn,,POSSIBLE
2600,mp-765148,Li5V3P8O29,"Li,O,P,V",2.5872624663748747,1.2546,0.0345685778148059,-2.6178031438624347,False,0.3086191180394628,0.5965838688616748,0,0.3785448690232907,V,,POSSIBLE
2601,mp-756856,Li5Fe7O12,"Fe,Li,O",4.516351706497027,1.221,0.0249266998958308,-1.8427738211111115,False,0.5014592775360349,0.2935115271889659,0,0.3785316371609573,Fe,,POSSIBLE
2602,mp-755702,Li2TiVO4,"Li,O,Ti,V",4.025271497640386,0.0,0.0360669320312494,-2.7381052675,False,0.2786516294952768,0.643627568046635,0,0.3785280450387245,"Ti, V",,POSSIBLE
2603,mp-768948,Li2MnPCO7,"C,Li,Mn,O,P",2.719277996846009,0.0,0.0309856442129579,-2.32620255597838,False,0.3802787566547004,0.4825545406687395,0,0.378047405394144,Mn,,POSSIBLE
2604,mp-26739,Li3Cr2(PO4)3,"Cr,Li,O,P",3.3710055286819864,3.1279,0.0348083566249863,-2.632744236071428,False,0.3038234771500372,0.6024265275456745,0,0.3779521970735066,Cr,,POSSIBLE
2605,mp-1177321,Li4Nb2V3Ni3O16,"Li,Nb,Ni,O,V",4.410548662919019,1.0597,0.0312127653571439,-2.343675925119048,False,0.3757362724998577,0.4893874368533309,0,0.3779405527735876,"Ni, V",,POSSIBLE
2606,mp-754139,Li2Cr3TeO8,"Cr,Li,O,Te",4.434422731001763,0.0,0.0289979134821436,-2.164973477380952,False,0.4200339075068088,0.4195065075662109,0,0.3778459267769187,Cr,,POSSIBLE
2607,mp-1175317,Li7Mn5O12,"Li,Mn,O",3.876745321751561,0.9829,0.0287075468749877,-2.1412838001245222,False,0.4258413179829595,0.4102427471524897,0,0.3777976863939991,Mn,,POSSIBLE
2608,mp-1177046,Li5V3P8O29,"Li,O,P,V",2.563884263211613,1.1555,0.0346376438148068,-2.6177340778624343,False,0.3072377794073118,0.5965568608585766,0,0.3777756799745233,V,,POSSIBLE
2609,mp-754228,Li4Ni3SbO8,"Li,Ni,O,Sb",4.972847770254191,0.0,0.0242951145833334,-1.785979858958333,False,0.5140911541705647,0.2713024589676379,0,0.3777059954324838,Ni,,POSSIBLE
2610,mp-763178,Li4Ti3Ni3(TeO8)2,"Li,Ni,O,Te,Ti",4.589815288193929,1.3917000000000002,0.0305312118750018,-2.287136176130953,False,0.3893675260073381,0.4672777777470427,0,0.377699361515501,"Ni, Ti",,POSSIBLE
2611,mp-773580,Li5V3P8O29,"Li,O,P,V",2.561037208886163,0.9096,0.0346523788148056,-2.6177193428624346,False,0.3069430754322325,0.5965510987914865,0,0.3776115760647481,V,,POSSIBLE
2612,mp-779753,LiV4OF11,"F,Li,O,V",3.296641236954955,1.3346999999999998,0.0409537644117614,-3.1219372404901966,False,0.1809136635502445,0.793723637250871,0,0.3773057879904393,V,,POSSIBLE
2613,mp-1666644,Li7Mn5O12,"Li,Mn,O",3.869452302667916,0.605,0.0287629781249885,-2.141228368874521,False,0.4247326780290962,0.4102210709678002,0,0.3771803477547329,Mn,,POSSIBLE
2614,mp-850959,Li5Mn6(BO3)6,"B,Li,Mn,O",3.128589686497925,0.1641999999999999,0.0329582725000054,-2.478355552550084,False,0.3408256587521577,0.5420534055630449,0,0.3771728042607525,Mn,,POSSIBLE
2615,mp-831152,Li3V2(PO4)3,"Li,O,P,V",2.858668146297398,0.0,0.035619689250006,-2.691986946946429,False,0.2875966057741131,0.6255931698711376,0,0.3771357426306604,V,,POSSIBLE
2616,mp-758130,LiVP2O7,"Li,O,P,V",3.0633329429999328,0.1774999999999997,0.0355079484091049,-2.6828457616017314,False,0.2898314527367823,0.622018543251532,0,0.3771137891432665,V,,POSSIBLE
2617,mp-758186,Li3Fe(PO4)2,"Fe,Li,O,P",2.588883776039144,1.0627,0.0338214326785726,-2.5472732260204083,False,0.3235622223236158,0.5690034061219117,0,0.3771104144206578,Fe,,POSSIBLE
2618,mp-770733,Li2AlFeO4,"Al,Fe,Li,O",2.958994474389132,3.0507,0.0330875121874996,-2.4878525792708333,False,0.3382408301369125,0.5457671826327536,0,0.3770509704967656,Fe,,POSSIBLE
2619,mp-753201,LiV2H4(OF5)2,"F,H,Li,O,V",2.3142025017706107,1.0103000000000002,0.0322930158771921,-2.423810474649124,False,0.3541309706766116,0.5207237551861024,0,0.3770253481872722,V,,POSSIBLE
2620,mp-757564,Li5Mn3(FeO5)2,"Fe,Li,Mn,O",4.110183579772021,1.0806,0.0276062764999931,-2.046290401022989,False,0.4478670225757202,0.3730959308140458,0,0.3769104382015622,"Fe, Mn",,POSSIBLE
2621,mp-1177702,Li3Fe2(SiO4)2,"Fe,Li,O,Si",2.9551679952302363,1.5291,0.0335362580000033,-2.5228280970000005,False,0.329265792827393,0.5594442290982526,0,0.3769016662394546,Fe,,POSSIBLE
2622,mp-1100555,Li9Mn7O16,"Li,Mn,O",3.931919485086049,0.6400000000000001,0.0287697101562383,-2.1386912911099136,False,0.4245980355879808,0.4092289561192991,0,0.3767590542151441,Mn,,POSSIBLE
2623,mp-1101532,LiCr2(PO4)3,"Cr,Li,O,P",2.986096854739921,0.1005999999999998,0.032869214444438,-2.466843056236772,False,0.3426068438889529,0.5375514865855956,0,0.3765767844438825,Cr,,POSSIBLE
2624,mp-1639032,Li7Mn5O12,"Li,Mn,O",3.869367767473456,0.7261000000000002,0.0288219597916556,-2.1411693872078548,False,0.4235530287841007,0.4101980064058442,0,0.3765234680733009,Mn,,POSSIBLE
2625,mp-705329,Li3Fe2(PO4)3,"Fe,Li,O,P",2.928239498815862,2.5285,0.0330424330000003,-2.479199616196428,False,0.3391424260480402,0.5423834735208741,0,0.376362550058728,Fe,,POSSIBLE
2626,mp-1648875,Li7Mn5O12,"Li,Mn,O",3.8837103080256106,0.7654999999999998,0.0288369670833219,-2.141154379916188,False,0.4232528789022146,0.4101921378601078,0,0.3763563316472558,Mn,,POSSIBLE
2627,mp-1100523,Li9Mn7O16,"Li,Mn,O",3.900620359108932,0.8445999999999998,0.0288074789062386,-2.138653522359913,False,0.4238426503989908,0.4092141867897153,0,0.3763384230958453,Mn,,POSSIBLE
2628,mp-1177092,Li5V3P8O29,"Li,O,P,V",2.545951215321629,1.0516,0.0347749292592505,-2.6175967924179906,False,0.3044920334825495,0.5965031758947904,0,0.3762467299785789,V,,POSSIBLE
2629,mp-1277613,Li2MgCo3O8,"Co,Li,Mg,O",4.059157702203804,0.8152000000000001,0.0229962453327914,-1.670857965833333,False,0.5400688895810891,0.2262844697084314,0,0.37623745366755,Co,,POSSIBLE
2630,mp-1177684,Li3MnV(PO4)3,"Li,Mn,O,P,V",2.8884938771808826,0.0398,0.0350040685625012,-2.63467937521798,False,0.2999091856019683,0.6031832565304903,0,0.3760641918667542,"Mn, V",,POSSIBLE
2631,mp-32465,LiV(PO4)2,"Li,O,P,V",2.5995158764309423,1.961,0.0340039449305615,-2.551501418968254,False,0.319911928046984,0.5706568252895872,0,0.3756814492771967,V,,POSSIBLE
2632,mp-758011,Li2Fe4Si4O13,"Fe,Li,O,Si",3.598906787467246,2.9365,0.0339686879347853,-2.5485584461594213,False,0.3206170774738888,0.5695059866897189,0,0.3756664879520405,Fe,,POSSIBLE
2633,mp-1177080,Li5V3P8O29,"Li,O,P,V",2.545316979468101,0.9454,0.0348469743703621,-2.6175247473068786,False,0.3030511118245013,0.596475002921343,0,0.3754443625259457,V,,POSSIBLE
2634,mp-1177065,Li5V3P8O29,"Li,O,P,V",2.532209391608149,1.0039,0.0348482052592507,-2.61752351641799,False,0.3030264937146688,0.5964745215868091,0,0.375430654098451,V,,POSSIBLE
2635,mp-1177059,Li5V3P8O29,"Li,O,P,V",2.5617980365557416,1.1562,0.0348566792592501,-2.61751504241799,False,0.3028570114286255,0.5964712078605436,0,0.3753362790369343,V,,POSSIBLE
2636,mp-774951,Li2MnCr3O8,"Cr,Li,Mn,O",3.993369221351718,0.6859999999999999,0.0299678149801572,-2.224417566221265,False,0.4006356158934269,0.4427518979979929,0,0.3753127530406823,"Cr, Mn",,POSSIBLE
2637,mp-772939,Li5Cu(PO4)2,"Cu,Li,O,P",2.8963091028126544,2.0388999999999995,0.0336603960937509,-2.5210155353720243,False,0.3267829974633514,0.5587354335973718,0,0.3752880503639234,,,REVIEW
2638,mp-1174308,Li4Mn3O7,"Li,Mn,O",3.8866535158190247,0.8441999999999998,0.028915499642844,-2.139629935509032,False,0.4216822065258186,0.4095960095296512,0,0.3752838169245782,Mn,,POSSIBLE
2639,mp-753362,LiFeSiO4,"Fe,Li,O,Si",2.867328041980888,2.874,0.0335883171428594,-2.5148879479761894,False,0.3282245959261268,0.5563392632766577,0,0.3752422699061999,Fe,,POSSIBLE
2640,mp-26403,LiNiPO4,"Li,Ni,O,P",3.1136164150111147,3.71,0.031361334642856,-2.333686812568028,False,0.3727648467056532,0.4854812314450985,0,0.3749390966938938,Ni,,POSSIBLE
2641,mp-850001,Li5V3P8O29,"Li,O,P,V",2.570690099583785,0.9141,0.0349036932592516,-2.617468028417989,False,0.3019167187454938,0.5964528232102428,0,0.3748126834336066,V,,POSSIBLE
2642,mp-540331,LiMn(PO3)4,"Li,Mn,O,P",2.4035310840751105,1.5583,0.0339562684722221,-2.541030345268655,False,0.3208654700755869,0.5665621507620491,0,0.37477276130829,Mn,,POSSIBLE
2643,mp-756761,Li4V3Ni3(SbO8)2,"Li,Ni,O,Sb,V",4.789440822166421,0.4476,0.0282329991071526,-2.080614489047619,False,0.4353324013597744,0.3865182381100791,0,0.3747142040864036,"Ni, V",,POSSIBLE
2644,mp-764459,Li3Fe4(BO3)4,"B,Fe,Li,O",3.283070988548068,1.8891,0.0310369411956656,-2.305332130942029,False,0.3792528031620122,0.4743932383775988,0,0.3746266751712663,Fe,,POSSIBLE
2645,mp-1296460,Li2SiNiO4,"Li,Ni,O,Si",3.113755480674637,3.767300000000001,0.0326481115625005,-2.4340444030208337,False,0.3470289611752618,0.5247256949128655,0,0.3745199218658969,Ni,,POSSIBLE
2646,mp-25811,Li3V2P5O16,"Li,O,P,V",2.7317940394180686,2.4835000000000003,0.0352660630941867,-2.644084576085165,False,0.2946692242892417,0.6068611254407927,0,0.3744694672633604,V,,POSSIBLE
2647,mp-32024,Li3Mn2(PO4)3,"Li,Mn,O,P",2.8923415657814626,0.9513,0.0339218227499884,-2.533599572489533,False,0.3215543938127822,0.5636563746313968,0,0.3741346477180191,Mn,,POSSIBLE
2648,mp-849378,Li4Co3Ni3(SnO8)2,"Co,Li,Ni,O,Sn",5.128965888529367,0.0,0.0220980846428533,-1.5823342165476189,False,0.5580323456792374,0.1916675859311481,0,0.3740014451994824,"Co, Ni",,POSSIBLE
2649,mp-753275,Li3FeNi3O8,"Fe,Li,Ni,O",4.459692252070084,0.0,0.0206821049027787,-1.4681355993333332,False,0.5863523224736465,0.1470106402919131,0,0.3739475014626752,"Fe, Ni",,POSSIBLE
2650,mp-27087,Li7V4P9O32,"Li,O,P,V",2.8229970073409003,2.2043,0.035870245929483,-2.687864552213828,False,0.2825854045911788,0.6239811227030726,0,0.3738153654712237,V,,POSSIBLE
2651,mp-777831,LiV4OF11,"F,Li,O,V",3.2909377471983654,0.9877,0.0412788876470555,-3.121612117254902,False,0.1744111111349345,0.7935964990157615,0,0.3736848857797305,V,,POSSIBLE
2652,mp-754851,Li2CoSnO4,"Co,Li,O,Sn",5.249930142546699,1.0167000000000002,0.0268221690625001,-1.9596507111458337,False,0.4635493828564934,0.3392158014795175,0,0.3736776910889025,Co,,POSSIBLE
2653,mp-775349,Li2Cr(Si2O5)3,"Cr,Li,O,Si",2.548579892554188,1.4101,0.0396653278125,-2.990837399756945,False,0.2066827431207106,0.742457530850024,0,0.3735356445138992,Cr,,POSSIBLE
2654,mp-756789,Li3V(Si2O5)3,"Li,O,Si,V",2.7143743997001275,2.4479,0.0400431421833324,-3.0209429261,False,0.1991263537799957,0.7542301852493295,0,0.3735000594162629,V,,POSSIBLE
2655,mp-768059,Li7Ni9O16,"Li,Ni,O",5.045333915043125,0.0,0.0204271179166664,-1.4425759313541668,False,0.5914521309844634,0.1370156269428396,0,0.3732541414714487,Ni,,POSSIBLE
2656,mp-775492,Li2MnV3O8,"Li,Mn,O,V",3.820163323637283,0.9618000000000002,0.0325160704464266,-2.4138911594355497,False,0.3496698191178505,0.5168448437677633,0,0.3732140958335349,"Mn, V",,POSSIBLE
2657,mp-774819,Li2Ni3SbO8,"Li,Ni,O,Sb",4.997137689024001,0.2235,0.0215565083928526,-1.532780051726191,False,0.5688640167818302,0.1722896136000491,0,0.3731765739900238,Ni,,POSSIBLE
2658,mp-767222,LiFe2(PO4)2,"Fe,Li,O,P",3.629236148907141,1.6011000000000002,0.0322148025000013,-2.3884611871245416,False,0.3556952593202748,0.506900547428614,0,0.373047584226166,Fe,,POSSIBLE
2659,mp-768601,Li3VSiCO7,"C,Li,O,Si,V",2.706977819894164,2.1406999999999994,0.0340394881250025,-2.5347669813461544,False,0.3192010545695744,0.5641128855342485,0,0.3730000899502529,V,,POSSIBLE
2660,mp-1643948,Li7Mn5O12,"Li,Mn,O",3.8596795185021255,0.8136000000000001,0.0291393729166555,-2.140851974082855,False,0.4172046806546532,0.4100738831807643,0,0.3729884334733268,Mn,,POSSIBLE
2661,mp-1644867,Li7Mn5O12,"Li,Mn,O",3.87618106059395,0.6804999999999999,0.0291519739583216,-2.1408393730411883,False,0.4169526564219121,0.4100689555901645,0,0.3728480954886092,Mn,,POSSIBLE
2662,mp-1275142,LiMn2O3F,"F,Li,Mn,O",3.870312594055622,1.0508999999999995,0.0312743177678651,-2.3113528430993435,False,0.3745052076802633,0.4767476155327456,0,0.3728395296606058,Mn,,POSSIBLE
2663,mp-1177073,Li5V3P8O29,"Li,O,P,V",2.5233340790080137,1.1219,0.0351012035925846,-2.617270518084656,False,0.2979664587959046,0.5963755875270621,0,0.3726130079722193,V,,POSSIBLE
2664,mp-1175506,Li9Co7O16,"Co,Li,O",4.805826447953273,0.0,0.0241150937500016,-1.7333158834375002,False,0.5176916194019374,0.2507084066984513,0,0.3724783330155235,Co,,POSSIBLE
2665,mp-1311449,Li4Co2OF7,"Co,F,Li,O",3.237459371707234,1.4086,0.0353998882142851,-2.640258741309524,False,0.2919926857848871,0.6053650469438011,0,0.3724737436120183,Co,,POSSIBLE
2666,mp-1177126,Li5V3P8O29,"Li,O,P,V",2.561361403972992,1.2209,0.0351293477036946,-2.617242373973545,False,0.2974035689811869,0.5963645818768134,0,0.3722995665965375,V,,POSSIBLE
2667,mp-772323,Li2Cr4O13,"Cr,Li,O",2.3483365214864897,1.5055,0.0240910162192982,-1.7298400583771922,False,0.51817317651147,0.2493491982022713,0,0.3722674664521034,Cr,,POSSIBLE
2668,mp-781617,Li5Mn6(BO3)6,"B,Li,Mn,O",3.1282623500414384,0.0,0.0334201622142931,-2.4778936628357964,False,0.3315877398610903,0.5418727853036633,0,0.3720287317798818,Mn,,POSSIBLE
2669,mp-754294,Li2VCo3O8,"Co,Li,O,V",4.598148185381622,0.2413000000000003,0.0249732414158074,-1.7983533476190476,False,0.5005284345808635,0.276141065808668,0,0.3719400120525087,"Co, V",,POSSIBLE
2670,mp-769287,Li2TiS2O,"Li,O,S,Ti",2.280069888450748,2.2463,0.0276130735648161,-2.0103958154166666,False,0.4477310794455966,0.3590594862644889,0,0.3719229138876493,Ti,,POSSIBLE
2671,mp-768722,Li5Fe2P2(CO7)2,"C,Fe,Li,O,P",2.743556274005502,1.4253,0.031390402349996,-2.3131019374380952,False,0.3721834847211745,0.4774315923856085,0,0.3718019739316089,Fe,,POSSIBLE
2672,mp-850091,Li9Nb10Cr6(PO4)24,"Cr,Li,Nb,O,P",3.1304875023446885,0.0307999999999997,0.0368580496772281,-2.7523228354581275,False,0.2628290631536257,0.6491872952562636,0,0.3717715380741864,Cr,,POSSIBLE
2673,mp-755524,Li2AlFeO4,"Al,Fe,Li,O",3.0448143999651007,3.0568,0.0335618799999997,-2.487378211458333,False,0.3287533459153447,0.5455816828593538,0,0.3717679292542134,Fe,,POSSIBLE
2674,mp-770973,Li24MnCr11O36,"Cr,Li,Mn,O",3.5729039110072067,1.0015999999999998,0.030295012916663,-2.2238593883045987,False,0.3940915688941848,0.4425336245942546,0,0.3716371314997908,"Cr, Mn",,POSSIBLE
2675,mp-25403,Li2VPO4F,"F,Li,O,P,V",3.016518177840452,1.3885000000000003,0.03654177079218,-2.7258827223677247,False,0.2691547261780498,0.6388479871124726,0,0.3716318948872928,V,,POSSIBLE
2676,mp-765159,LiCrCO4,"C,Cr,Li,O",3.294418542622678,2.7558,0.0296750394047586,-2.1727633422619053,False,0.4064912063843059,0.4225527053312237,0,0.3714636103772966,Cr,,POSSIBLE
2677,mp-773108,Li5V3P8O29,"Li,O,P,V",2.5669267888622818,0.9977,0.0352090493703611,-2.6171626723068795,False,0.2958095141465096,0.596333414835719,0,0.3714119279730819,V,,POSSIBLE
2678,mp-755379,Li2MnV3O8,"Li,Mn,O,V",3.800733330405307,1.2306,0.032691189553569,-2.413716040328407,False,0.3461673897326185,0.5167763640905234,0,0.3712637917846234,"Mn, V",,POSSIBLE
2679,mp-1100519,Li9Mn7O16,"Li,Mn,O",3.9103696453483785,0.6008,0.0292749989062386,-2.1381860023599133,False,0.4144921242747789,0.4090313648279918,0,0.3711316460409256,Mn,,POSSIBLE
2680,mp-25857,Li4Mn5(P3O11)2,"Li,Mn,O,P",3.046155830761943,3.3204,0.0349647070270195,-2.5953239769147465,False,0.3006964269302766,0.587793474013771,0,0.371110750716472,Mn,,POSSIBLE
2681,mp-1272606,Li2CrO2,"Cr,Li,O",3.040646864042893,2.08,0.028562055,-2.080675432333334,False,0.4287511947324741,0.3865420697558874,0,0.3711028815174213,Cr,,POSSIBLE
2682,mp-774881,Li4Ti3Nb2V3O16,"Li,Nb,O,Ti,V",4.111048390337868,0.0,0.0385068163392823,-2.878586430119047,False,0.2298532851200286,0.6985622055706918,0,0.3709160787657578,"Ti, V",,POSSIBLE
2683,mp-758042,Li4Fe3Co3(SbO8)2,"Co,Fe,Li,O,Sb",5.031711552123546,0.5400999999999998,0.0252618091071425,-1.8136752744047624,False,0.4947570029064275,0.28213264844118,0,0.3708627785529481,"Co, Fe",,POSSIBLE
2684,mp-1311086,Li4Co2OF7,"Co,F,Li,O",3.2329090720989124,1.3677,0.0355568253571423,-2.6401018041666666,False,0.2888539005903598,0.6053036772562487,0,0.3707259323643849,Co,,POSSIBLE
2685,mp-1308000,Li4Co2OF7,"Co,F,Li,O",3.224601326539476,1.3944,0.0355623614285711,-2.6400962680952387,False,0.2887431776683019,0.6053015123960529,0,0.3706642770561845,Co,,POSSIBLE
2686,mp-19279,Li2MnO2,"Li,Mn,O",3.667645295122065,2.4283515589448887,0.0278747280000013,-2.02211192691954,False,0.4424979201546249,0.363641028206501,0,0.370648215957319,Mn,,POSSIBLE
2687,mp-1177067,Li5V3P8O29,"Li,O,P,V",2.5217783421430515,1.1198,0.0352818793703617,-2.617089842306879,False,0.2943528944989395,0.5963049349343833,0,0.3706008192014509,V,,POSSIBLE
2688,mp-758382,Li7(CuO2)6,"Cu,Li,O",3.811209581620637,0.0,0.0211594980000047,-1.4814253153333334,False,0.576804331741421,0.1522075344352044,0,0.3705150195101031,,,REVIEW
2689,mp-756601,Li4TiNi3O8,"Li,Ni,O,Ti",4.373941935137487,0.0,0.0275273747916617,-1.991961838541667,False,0.4494450780278886,0.3518509479887838,0,0.3703426247114131,"Ni, Ti",,POSSIBLE
2690,mp-1645783,Li2Si2NiO6,"Li,Ni,O,Si",2.9151761779239784,3.7949,0.0358162763636444,-2.656881666742424,False,0.2836648104674754,0.6118653802712104,0,0.3701685288520351,Ni,,POSSIBLE
2691,mp-2506805,LiMnO2,"Li,Mn,O",3.9423082522631288,1.6645,0.0292709262499997,-2.130599037816093,False,0.4145735784982491,0.4060645104871513,0,0.37013804684454,Mn,,POSSIBLE
2692,mp-26783,LiMn(PO3)4,"Li,Mn,O,P",2.4155482869613407,1.7762,0.0343725006944453,-2.5406141130464324,False,0.3125407133429621,0.5663993846955719,0,0.3701371769820794,Mn,,POSSIBLE
2693,mp-705828,Li23Ni17O40,"Li,Ni,O",4.453761714016777,0.0,0.0216202859583365,-1.515544620708333,False,0.5675884482666954,0.1655497622357457,0,0.3701160633291935,Ni,,POSSIBLE
2694,mp-1648171,Li7Mn5O12,"Li,Mn,O",3.8546362306256494,0.7963999999999998,0.0294073229166551,-2.140584024082855,False,0.411845608369021,0.409969102327231,0,0.3700042704174924,Mn,,POSSIBLE
2695,mp-765574,Li2MnCu(PO4)2,"Cu,Li,Mn,O,P",3.5496281592411925,0.0,0.0326591294642844,-2.4017865381345294,False,0.3468086001672528,0.512111376510372,0,0.3699837118706193,Mn,,POSSIBLE
2696,mp-759298,Li5V3P8O29,"Li,O,P,V",2.5531697235034576,1.1766,0.0353533082592516,-2.617018413417989,False,0.2929242974515653,0.5962770029323501,0,0.3698053146246834,V,,POSSIBLE
2697,mp-759834,Li5V3P8O29,"Li,O,P,V",2.541124822755663,1.2467,0.0353570950370292,-2.6170146266402114,False,0.2928485608744434,0.5962755221269472,0,0.3697631412253754,V,,POSSIBLE
2698,mp-1643648,Li7Mn5O12,"Li,Mn,O",3.8558168473838768,0.8317000000000001,0.0294409954166559,-2.1405503515828546,False,0.4111721492850781,0.4099559348210148,0,0.3696292592941481,Mn,,POSSIBLE
2699,mp-1642906,Li7Mn5O12,"Li,Mn,O",3.862011317587631,0.7452000000000001,0.0294430939583216,-2.1405482530411883,False,0.4111301778856345,0.4099551141940808,0,0.3696058878050273,Mn,,POSSIBLE
2700,mp-26575,Li3Fe(PO4)2,"Fe,Li,O,P",3.144240585444081,1.9267,0.0344958958928582,-2.546598762806122,False,0.3100727760860273,0.568739659783902,0,0.3695989077716807,Fe,,POSSIBLE
2701,mp-1295085,Li2MnO2F,"F,Li,Mn,O",3.489809974407098,2.6207,0.0334357762500028,-2.461276017849616,False,0.3312754549346531,0.5353745168753558,0,0.3695825811204337,Mn,,POSSIBLE
2702,mp-1232993,LiTi8O16,"Li,O,Ti",3.951756048132464,0.0,0.0449912360000084,-3.3897475992,False,0.10016314258501,0.8984498845756208,0,0.3695471880232228,Ti,,POSSIBLE
2703,mp-770629,Li2AlFeO4,"Al,Fe,Li,O",3.190142673396725,3.0927,0.0337613493750001,-2.4871787420833327,False,0.3247639046039109,0.5455036811001962,0,0.3695464359172197,Fe,,POSSIBLE
2704,mp-773480,Li5V3P8O29,"Li,O,P,V",2.572688637597444,0.5845999999999999,0.0353791618148067,-2.616992559862434,False,0.2924072193658754,0.5962668929953546,0,0.3695173831996056,V,,POSSIBLE
2705,mp-768720,Li5Fe2P2(CO7)2,"C,Fe,Li,O,P",2.74326800178088,1.5793,0.0316018655499972,-2.3128904742380945,False,0.3679541636741164,0.4773489004856759,0,0.3694469051907506,Fe,,POSSIBLE
2706,mp-735790,Li14Mn22Cr3Cu3O56,"Cr,Cu,Li,Mn,O",4.137308682829131,0.0,0.027650471784435,-1.9951959687872385,False,0.4469831049641936,0.3531156426242336,0,0.3694311826487882,"Cr, Mn",,POSSIBLE
2707,mp-765083,Li5V3P8O29,"Li,O,P,V",2.5330440584220413,0.9784,0.0353991001481395,-2.616972621529101,False,0.2920084473203979,0.5962590961840665,0,0.3692953296906421,V,,POSSIBLE
2708,mp-765615,Li6Fe5SbO12,"Fe,Li,O,Sb",4.16458460191753,0.5689000000000002,0.0268766146875032,-1.93118338,False,0.4624604556684789,0.3280837572351625,0,0.3691825656499703,Fe,,POSSIBLE
2709,mp-757481,Li2FeP2O7,"Fe,Li,O,P",2.9326723019503915,1.7603005322222636,0.034462551180554,-2.5404150823710308,False,0.31073967932761,0.566321554488265,0,0.3691193677010783,Fe,,POSSIBLE
2710,mp-773232,Li5V3P8O29,"Li,O,P,V",2.56989925090474,0.5131,0.0354150783703621,-2.6169566433068785,False,0.2916888785654552,0.5962528479595379,0,0.3691173799968386,V,,POSSIBLE
2711,mp-1284814,Li2MnV3O8,"Li,Mn,O,V",3.813872080197072,0.7338999999999998,0.0328881659821416,-2.4135190638998347,False,0.3422278080222702,0.516699337188819,0,0.3690700624283353,"Mn, V",,POSSIBLE
2712,mp-760071,Li5V3P8O29,"Li,O,P,V",2.571925859435809,0.9506,0.0354424850370289,-2.616929236640212,False,0.2911407378385441,0.5962421306842035,0,0.3688121515506705,V,,POSSIBLE
2713,mp-753447,LiMn(SiO3)2,"Li,Mn,O,Si",3.237480691313697,0.6123000000000003,0.0378330427347037,-2.8085874446264376,False,0.2433289389774391,0.6711893619566623,0,0.3687471931224234,Mn,,POSSIBLE
2714,mp-772964,Li2Cr3SnO8,"Cr,Li,O,Sn",4.50595379929178,0.2048999999999998,0.0308929514087372,-2.249816175654761,False,0.3821326377451182,0.4526839300002326,0,0.3686123262598965,Cr,,POSSIBLE
2715,mp-756913,Li7Ni5O12,"Li,Ni,O",4.414499592345893,0.0,0.0218190870833367,-1.519698442638889,False,0.5636123721355415,0.1671740988929911,0,0.3684977392870948,Ni,,POSSIBLE
2716,mp-1177053,Li5V3P8O29,"Li,O,P,V",2.5287563599601404,0.928,0.035480970814806,-2.6168907508624346,False,0.2903710119005833,0.5962270809635677,0,0.3683835348825695,V,,POSSIBLE
2717,mp-759383,Li3FeSi2O7,"Fe,Li,O,Si",2.9053603008293303,1.0735,0.0361187867307748,-2.666704549615384,False,0.2776145215157777,0.6157065821804701,0,0.3681852905968422,Fe,,POSSIBLE
2718,mp-31603,LiCo(PO3)4,"Co,Li,O,P",2.5624227730693647,1.2302,0.032754969861112,-2.3959486392724867,False,0.3448917663755619,0.509828487816191,0,0.3681304422422259,Co,,POSSIBLE
2719,mp-768564,Li3MnV(PO4)3,"Li,Mn,O,P,V",2.823931143534677,0.6852999999999998,0.0357177586875012,-2.6339656850929805,False,0.2856351905677357,0.6029041706545593,0,0.3681158145413503,"Mn, V",,POSSIBLE
2720,mp-761211,Li3Fe4(BO3)4,"B,Fe,Li,O",3.2846869914411623,1.6499,0.0316318353261015,-2.3047372368115937,False,0.3673547600669979,0.4741606072346656,0,0.3680013305689819,Fe,,POSSIBLE
2721,mp-768721,Li4MnV(PO4)3,"Li,Mn,O,P,V",2.846342972049312,1.2855999999999996,0.0361203002380996,-2.664973615247282,False,0.2775842509609786,0.6150297067167648,0,0.3679317353794059,"Mn, V",,POSSIBLE
2722,mp-756364,Li3Mn(NiO3)2,"Li,Mn,Ni,O",4.482934208550118,0.0,0.024979301944449,-1.7674217127442529,False,0.5004072223730653,0.2640453647324944,0,0.367639849961559,"Mn, Ni",,POSSIBLE
2723,mp-757088,Li4Fe7(OF7)2,"F,Fe,Li,O",3.5123404609307083,3.0765,0.0348581012962956,-2.5611645860493826,False,0.3028285703040884,0.5744355709309208,0,0.3676081634930709,Fe,,POSSIBLE
2724,mp-540438,LiMn(PO3)3,"Li,Mn,O,P",2.6855694236663843,3.9841,0.0353354992856864,-2.598447748763781,False,0.2932804817272472,0.589015013407632,0,0.3674595196426572,Mn,,POSSIBLE
2725,mp-1302404,Li2SiNiO4,"Li,Ni,O,Si",3.1101700628023723,3.8209,0.0333398090625003,-2.433352705520834,False,0.3331948245740466,0.5244552091713585,0,0.366816476725701,Ni,,POSSIBLE
2726,mp-1100562,Li9Mn7O16,"Li,Mn,O",3.912076989850367,0.6376,0.0296799064062387,-2.137781094859913,False,0.4063938650417189,0.4088730272521305,0,0.366622185311191,Mn,,POSSIBLE
2727,mp-772134,Li2Cr3Ni(SO4)6,"Cr,Li,Ni,O,S",2.9129363134065605,0.5190999999999999,0.0279509003472187,-1.9985507694907407,False,0.4409744526610443,0.3544275249946274,0,0.3665855827116939,"Cr, Ni",,POSSIBLE
2728,mp-777916,Li4Fe3Cu3(TeO8)2,"Cu,Fe,Li,O,Te",4.880672741447771,0.0,0.0232378588616075,-1.6196795234523802,False,0.5352365538239922,0.2062713296629754,0,0.3665750699852371,Fe,,POSSIBLE
2729,mp-753810,Li2SiNiO4,"Li,Ni,O,Si",3.108568775597884,3.461,0.0333677118750008,-2.4333248027083334,False,0.3326367607966147,0.5244442978800362,0,0.3665057226961508,Ni,,POSSIBLE
2730,mp-756193,Li2MnNi3O8,"Li,Mn,Ni,O",4.528872085006565,0.0,0.0210144266964302,-1.4404240988998356,False,0.5797057969492128,0.1361741608438456,0,0.366499144617413,"Mn, Ni",,POSSIBLE
2731,mp-758725,Li2(CoO2)3,"Co,Li,O",4.756763491037116,1.1551999999999998,0.0226376244318178,-1.5708158146969695,False,0.5472414043467505,0.1871633576152297,0,0.3664899475560432,Co,,POSSIBLE
2732,mp-766548,Li4Ti11O24,"Li,O,Ti",3.582636662652719,2.5241,0.0441832305769231,-3.3019949756410267,False,0.1163234690246572,0.8641345466532707,0,0.3664249992922062,Ti,,POSSIBLE
2733,mp-705402,Li14Mn9(P2O7)8,"Li,Mn,O,P",2.8599831396499367,3.7787000000000006,0.0357772629473904,-2.6250888682350704,False,0.2844450893173166,0.5994329243510309,0,0.366246322647385,Mn,,POSSIBLE
2734,mp-779046,Li5Cu(PO4)2,"Cu,Li,O,P",2.8938105926878817,2.0374000000000003,0.0344740735937509,-2.520201857872024,False,0.3105092279552377,0.5584172480293523,0,0.366226112185654,,,REVIEW
2735,mp-697726,Li2CoP2O7,"Co,Li,O,P",3.06737077850822,3.0108,0.0341589720138664,-2.494363203412698,False,0.3168113445587849,0.5483131380521191,0,0.3661558378255733,Co,,POSSIBLE
2736,mp-697855,Li2Cr3(P2O7)2,"Cr,Li,O,P",3.0827965677572164,2.7561000000000004,0.0349916236956371,-2.5594590643581783,False,0.3001580862965377,0.5737686330002475,0,0.3659059690131823,Cr,,POSSIBLE
2737,mp-1299574,Li4Co2OF7,"Co,F,Li,O",3.246518517327821,1.3217,0.0359918435714279,-2.639666785952382,False,0.280153418948536,0.6051335649972627,0,0.3658811281707367,Co,,POSSIBLE
2738,mp-769514,Li9Mn12Cu3O32,"Cu,Li,Mn,O",4.150976927508744,0.0,0.0266266291294616,-1.8869567947352213,False,0.4674602342686322,0.3107891151269116,0,0.3658793191421667,Mn,,POSSIBLE
2739,mp-756694,Li3Ti(NiO2)4,"Li,Ni,O,Ti",4.880874842192416,0.0,0.0270779017708289,-1.9224348117708336,False,0.458434659700171,0.3246626620821631,0,0.3657709945638512,"Ni, Ti",,POSSIBLE
2740,mp-26765,LiV6P7O24,"Li,O,P,V",3.3018427257016607,2.4016,0.0354821961842137,-2.595842518048245,False,0.290346504181858,0.5879962476004852,0,0.3654892639601917,V,,POSSIBLE
2741,mp-1222591,Li3Al2CoO6,"Al,Co,Li,O",3.736788781847373,2.4135,0.0356787729166656,-2.610836774166667,False,0.2864149165017508,0.5938596958340544,0,0.365379097617882,Co,,POSSIBLE
2742,mp-780795,Li8CrFe7(PO4)12,"Cr,Fe,Li,O,P",2.928960640829019,0.0,0.0332231629385972,-2.413278544241854,False,0.3355277785200681,0.5166052828687788,0,0.36535212719011,"Cr, Fe",,POSSIBLE
2743,mp-776130,Li2V5O12,"Li,O,V",2.8761583297726747,0.0,0.0335515134210595,-2.43917377745614,False,0.3289606802907704,0.526731517758259,0,0.3652844053753143,V,,POSSIBLE
2744,mp-758036,Li2V2Si5O13,"Li,O,Si,V",3.019892098966677,2.3586,0.0396195391287808,-2.9264678966666664,False,0.2075985291476391,0.717286075446731,0,0.3652293174375574,V,,POSSIBLE
2745,mp-762032,Ba4Li4Ti19O44,"Ba,Li,O,Ti",4.331442709982107,2.3023,0.0454575470598648,-3.393986905305164,False,0.0908367955898095,0.900107649502241,0,0.3649979149001795,Ti,,POSSIBLE
2746,mp-756092,Li4Cr2P4H3O16,"Cr,H,Li,O,P",2.763558135029588,0.9188,0.0334629784482762,-2.4291759246777507,False,0.33073140363077,0.5228218945165358,0,0.364889935077711,Cr,,POSSIBLE
2747,mp-772427,Li3Fe(PO4)2,"Fe,Li,O,P",3.0822859853980127,2.5233000000000003,0.0349233117857155,-2.546171346913265,False,0.3015243429236697,0.5685725203845093,0,0.3648387707425966,Fe,,POSSIBLE
2748,mp-1274983,LiMn2O3F,"F,Li,Mn,O",3.860011312090094,0.7336,0.0319966845535795,-2.3106304763136296,False,0.360057677091015,0.4764651366808285,0,0.3647945202383482,Mn,,POSSIBLE
2749,mp-1305316,LiFe(PO3)3,"Fe,Li,O,P",2.2728356400452028,4.1561,0.034602553928571,-2.519382250161565,False,0.3079395865983271,0.558096743474531,0,0.3647006328451657,Fe,,POSSIBLE
2750,mp-1651187,Li7Mn5O12,"Li,Mn,O",3.8687462227740776,0.9919000000000002,0.0298904091666551,-2.140100937832855,False,0.4021837530454573,0.4097801932411881,0,0.3646241318094174,Mn,,POSSIBLE
2751,mp-1296443,Li4Fe3CoO8,"Co,Fe,Li,O",4.258807363458596,1.5010999999999997,0.0265127101562496,-1.8686047933333336,False,0.4697386444651205,0.303612633055877,0,0.3646206760253732,"Co, Fe",,POSSIBLE
2752,mp-772511,Li4Co3Sn5O16,"Co,Li,O,Sn",5.4344017206426045,0.5381,0.027447545000002,-1.943085261011905,False,0.4510416953969945,0.332737943654565,0,0.3645312127474447,Co,,POSSIBLE
2753,mp-851029,Li4Ti3Ni3(SnO8)2,"Li,Ni,O,Sn,Ti",4.673514201149287,0.5354999999999999,0.0324187642273949,-2.341632898333333,False,0.3516159697490624,0.4885885188074321,0,0.3643947649445856,"Ni, Ti",,POSSIBLE
2754,mp-774245,Li5Mn5(NiO6)2,"Li,Mn,Ni,O",4.564602913635277,0.5302000000000002,0.0278768502083304,-1.975029003180077,False,0.4424554754155287,0.3452294255333784,0,0.3641808104152232,"Mn, Ni",,POSSIBLE
2755,mp-1177091,Li5V3P8O29,"Li,O,P,V",2.5427265898913585,0.9159,0.0358695621481404,-2.6165021595291003,False,0.2825990804024963,0.5960751237641558,0,0.3640557875388275,V,,POSSIBLE
2756,mp-776279,Li9V19O48,"Li,O,V",3.310123228705451,1.2392,0.0333261326973719,-2.4116796590789464,False,0.3334683555661269,0.5159800447569253,0,0.3640006112262937,V,,POSSIBLE
2757,mp-1651001,Li7Mn5O12,"Li,Mn,O",3.8668676484735536,0.6402999999999999,0.0299562749999884,-2.140035071999522,False,0.4008664186099765,0.4097544366513942,0,0.3638905830634751,Mn,,POSSIBLE
2758,mp-1174287,Li4Mn3O7,"Li,Mn,O",3.9243125291352334,0.8866999999999998,0.0299391792857015,-2.1386062558661743,False,0.4012083375076744,0.409195703402675,0,0.3638830818201571,Mn,,POSSIBLE
2759,mp-765084,Li5V3P8O29,"Li,O,P,V",2.563515123307037,0.9696,0.0358914004814732,-2.616480321195768,False,0.2821623078444507,0.5960665839649161,0,0.3638125737021684,V,,POSSIBLE
2760,mp-772597,Li2CuNiO4,"Cu,Li,Ni,O",4.530344753793663,0.0,0.021422365416666,-1.4528639895833333,False,0.5715469124936978,0.1410387339495653,0,0.3637143587538816,Ni,,POSSIBLE
2761,mp-775901,LiV3OF11,"F,Li,O,V",2.9343591004477765,1.4560000000000002,0.04030111003906,-2.969852904583333,False,0.1939669270727152,0.7342516218548533,0,0.363669877539192,V,,POSSIBLE
2762,mp-1235553,Ba2LiEu(CuO2)4,"Ba,Cu,Eu,Li,O",6.0875670194612725,0.0,0.0276370140625008,-1.9519192223958333,False,0.4472522630334059,0.3361924314839661,0,0.3636560956877614,,,REVIEW
2763,mp-1100517,Li9Mn7O16,"Li,Mn,O",3.917742611155888,0.6463999999999999,0.0299666645312379,-2.137494336734914,False,0.4006586251821728,0.4087608915510854,0,0.363428555893075,Mn,,POSSIBLE
2764,mp-765741,Li4Mn2V3Sb3O16,"Li,Mn,O,Sb,V",4.576234878471051,0.0,0.0310442721428509,-2.223952859971264,False,0.3791061822406156,0.4425701763427688,0,0.3634079619523077,"Mn, V",,POSSIBLE
2765,mp-762011,LiCrCoO4,"Co,Cr,Li,O",4.336918508560168,0.5632000000000001,0.0268039945436484,-1.8822504440476189,False,0.4639128781365195,0.3089487141488414,0,0.3632841329271802,"Co, Cr",,POSSIBLE
2766,mp-1176847,Li8CoO5F,"Co,F,Li,O",2.403965635021576,1.7086,0.0294657033333329,-2.0949217111111107,False,0.4106779842860125,0.3921130242250364,0,0.3631124498360697,Co,,POSSIBLE
2767,mp-1176828,LiMnH4(SO5)2,"H,Li,Mn,O,S",2.4992839107122213,1.0455,0.0251132525736546,-1.744798875070242,False,0.4977281736527078,0.2551987879800119,0,0.3630700713019934,Mn,,POSSIBLE
2768,mp-25837,Li3Cr2(PO4)3,"Cr,Li,O,P",3.040230108636559,3.0527,0.0361631664999873,-2.631389426196427,False,0.2767269141590701,0.601896734169754,0,0.3628636597469025,Cr,,POSSIBLE
2769,mp-25955,LiMnP2O7,"Li,Mn,O,P",3.1344867177625733,0.0,0.034927045681818,-2.530397824140917,False,0.3014496639943158,0.5624043428166302,0,0.3626388351826942,Mn,,POSSIBLE
2770,mp-759789,Li5V3P8O29,"Li,O,P,V",2.578032299229396,1.2480000000000002,0.0359998981481393,-2.6163718235291014,False,0.2799923252414018,0.5960241563548406,0,0.3626042336069652,V,,POSSIBLE
2771,mp-768681,Li2Cr3SnO8,"Cr,Li,O,Sn",4.386360026137196,0.0,0.0314387826587374,-2.2492703444047613,False,0.3712158654946518,0.4524704847146938,0,0.3625333956722013,Cr,,POSSIBLE
2772,mp-540356,LiFe(PO3)4,"Fe,Li,O,P",2.355258852009611,2.502,0.0347579094444432,-2.51493197260582,False,0.3048324343701798,0.5563564789447645,0,0.3623826065342664,Fe,,POSSIBLE
2773,mp-26731,Li2VP2O7,"Li,O,P,V",2.916213669184794,2.9763,0.0364756858420118,-2.6523787250793656,False,0.2704764430093405,0.6101045216376375,0,0.3622986262283104,V,,POSSIBLE
2774,mp-1646892,Li7Mn5O12,"Li,Mn,O",3.8727824026723527,1.0099999999999998,0.0301024120833224,-2.139888934916188,False,0.3979436375194762,0.4096972902870553,0,0.3622630522361812,Mn,,POSSIBLE
2775,mp-765979,Li4Si3(NiO5)2,"Li,Ni,O,Si",3.1495284130428667,3.5327999999999995,0.035389636315787,-2.5642689593859656,False,0.2921977265205331,0.5756495246084469,0,0.3621860831992496,Ni,,POSSIBLE
2776,mp-777445,Li3Fe4(BO3)4,"B,Fe,Li,O",3.2754484651577744,1.824,0.032170782065231,-2.304198290072464,False,0.3565756798911997,0.4739498541115642,0,0.3619990728792073,Fe,,POSSIBLE
2777,mp-22173,LiFe(GeO3)2,"Fe,Ge,Li,O",4.491054095390089,2.2946,0.0291987252499987,-2.064705451333333,False,0.41601761797614,0.3802970679268508,0,0.3619136636612748,Fe,,POSSIBLE
2778,mp-752899,LiMn(PO3)3,"Li,Mn,O,P",2.217554899166366,3.9619,0.0358367733928295,-2.597946474656638,False,0.283254864354231,0.5888189920275215,0,0.3618768226044596,Mn,,POSSIBLE
2779,mp-754728,LiScVO4,"Li,O,Sc,V",3.448735547865749,1.3262999999999998,0.0407448358928572,-2.9921709040476188,False,0.1850922902915745,0.742978992756227,0,0.3618434071250454,V,,POSSIBLE
2780,mp-756497,LiFeO2,"Fe,Li,O",4.14365514893112,1.4355000000000002,0.0273759113749996,-1.9175608363333323,False,0.452474387221851,0.3227567120674528,0,0.3618257621956265,Fe,,POSSIBLE
2781,mp-26387,LiNiPO4,"Li,Ni,O,P",3.106483141356012,3.7456,0.0325453489285711,-2.332502798282313,False,0.3490842415764204,0.4850182270507979,0,0.3617527123348105,Ni,,POSSIBLE
2782,mp-26311,Li5Cu(PO4)2,"Cu,Li,O,P",2.8377173803273523,1.9666,0.0349091107812515,-2.519766820684524,False,0.3018083668439953,0.5582471283509609,0,0.3613810966870338,,,REVIEW
2783,mp-26087,Li3Co2(PO4)3,"Co,Li,O,P",3.051524009414585,1.1106000000000005,0.0326968386249975,-2.341008921821429,False,0.3460544067800823,0.4883445151071073,0,0.3612505040165328,Co,,POSSIBLE
2784,mp-765219,Li5V3P8O29,"Li,O,P,V",2.550465710508444,1.1747999999999998,0.0361214533703622,-2.616250268306878,False,0.2775611880046428,0.5959766226361022,0,0.3612504713251893,V,,POSSIBLE
2785,mp-774386,Li2Cr3P4(HO4)4,"Cr,H,Li,O,P",2.7307752228146853,2.8400000000000003,0.0320751486206933,-2.290420843973727,False,0.3584883745812625,0.4685622349224081,0,0.3611653882425372,Cr,,POSSIBLE
2786,mp-1174741,Li5Mn3O8,"Li,Mn,O",3.8178678377798576,0.7907000000000002,0.0302648959374893,-2.1447871425287355,False,0.3946939166024026,0.4116127162039276,0,0.3611461048026961,Mn,,POSSIBLE
2787,mp-1101602,LiCr2(PO4)3,"Cr,Li,O,P",2.9788462660740223,0.0024,0.0342575227777715,-2.465454747903438,False,0.3148403026943606,0.5370085937618072,0,0.3611151742985308,Cr,,POSSIBLE
2788,mp-755096,Li2TiNiO4,"Li,Ni,O,Ti",4.154688505529949,1.6432999999999995,0.0347692131249868,-2.506217914375,False,0.3046063577098815,0.5529488787986028,0,0.3610656043199458,"Ni, Ti",,POSSIBLE
2789,mp-882809,Li6MnV3(PO4)6,"Li,Mn,O,P,V",2.8771180215640992,0.6058999999999999,0.0367495055156119,-2.6649712077697054,False,0.2649999756682195,0.6150287652815891,0,0.3610100544660769,"Mn, V",,POSSIBLE
2790,mp-1666665,Li7Mn5O12,"Li,Mn,O",3.887924909902951,0.7822,0.0302387166666555,-2.1397526303328545,False,0.3952175090815357,0.4096439888853677,0,0.3607450261047233,Mn,,POSSIBLE
2791,mp-759626,Li5V3P8O29,"Li,O,P,V",2.555313359234305,0.7699999999999999,0.0361789577036955,-2.616192763973545,False,0.2764110858248677,0.595954135779866,0,0.3606100447266303,V,,POSSIBLE
2792,mp-1661768,Li4Co3Sn5O16,"Co,Li,O,Sn",5.445872877682547,0.7703999999999995,0.0278360457142881,-1.9426967602976188,False,0.44327157630432,0.3325860218913958,0,0.3602044746293646,Co,,POSSIBLE
2793,mp-773456,Li2MnCr3O8,"Cr,Li,Mn,O",4.088366905302623,0.0,0.0313375883730149,-2.223047792828407,False,0.3732397785085746,0.442216253193922,0,0.3600575667975887,"Cr, Mn",,POSSIBLE
2794,mp-769519,Li21(FeO4)4,"Fe,Li,O",2.552990588071448,1.4195,0.0285533443902457,-1.9987800448780488,False,0.4289254092774462,0.3545171822843319,0,0.3599899889021116,Fe,,POSSIBLE
2795,mp-1100522,Li9Mn7O16,"Li,Mn,O",3.9325276018863615,0.5451999999999999,0.0302768385937381,-2.1371841626724137,False,0.394455060255622,0.4086395991345425,0,0.359974142837682,Mn,,POSSIBLE
2796,mp-849995,Li7Sc9Fe(SiO3)20,"Fe,Li,O,Sc,Si",2.944239768908353,0.0,0.0438429916426095,-3.227209948333334,False,0.1231283394981628,0.8348901391413855,0,0.3599321354234744,Fe,,POSSIBLE
2797,mp-768561,Li3MnV(PO4)3,"Li,Mn,O,P,V",2.8122513052788727,0.8614999999999999,0.0364534619375023,-2.6332299818429794,False,0.270920927094937,0.6026164766277545,0,0.3599222767219294,"Mn, V",,POSSIBLE
2798,mp-756592,Li3Fe4CoO8,"Co,Fe,Li,O",4.65529151216551,0.0,0.0258263394531246,-1.7790986918750002,False,0.4834662436918143,0.268611604105549,0,0.35992049546744,"Co, Fe",,POSSIBLE
2799,mp-1100552,Li9Mn7O16,"Li,Mn,O",3.935247534854448,0.6019999999999999,0.0302819657812385,-2.1371790354849134,False,0.394352515122438,0.40863759416689,0,0.3599170412757524,Mn,,POSSIBLE
2800,mp-1177056,Li5V3P8O29,"Li,O,P,V",2.5497657133081533,0.9708,0.0362526938148057,-2.616119027862435,False,0.2749363437106615,0.5959253015471421,0,0.3597888445823636,V,,POSSIBLE
2801,mp-758574,LiFeSiO4,"Fe,Li,O,Si",2.8753599827639453,2.963,0.0349808642857158,-2.513495400833333,False,0.3003732773975606,0.5557947128821296,0,0.3597334520774037,Fe,,POSSIBLE
2802,mp-752510,Li3Ti2V3O10,"Li,O,Ti,V",3.727818474729283,1.6465,0.038581146180542,-2.8019852825925926,False,0.2283666682426601,0.6686076109842001,0,0.3596143313779331,"Ti, V",,POSSIBLE
2803,mp-1288012,Li2MnCrO4,"Cr,Li,Mn,O",4.182829858054974,0.0,0.0317461006249999,-2.252499808074713,False,0.3650694232633524,0.4537333545030584,0,0.3595948568709143,"Cr, Mn",,POSSIBLE
2804,mp-26789,Li2FeP2O7,"Fe,Li,O,P",2.7787817603608325,4.103,0.0353186305555528,-2.539559002996032,False,0.2936178608806448,0.565986787824318,0,0.3595851992228659,Fe,,POSSIBLE
2805,mp-705362,Li2Co(PO3)5,"Co,Li,O,P",2.6122453662393577,0.8796999999999999,0.0342584298550576,-2.454015545429607,False,0.3148221609039337,0.5325353360684016,0,0.3595395561211041,Co,,POSSIBLE
2806,mp-767762,Li5Mn6(BO3)6,"B,Li,Mn,O",3.154788881127664,0.0,0.0345610799285793,-2.4767527451215106,False,0.3087690777867211,0.5414266336637524,0,0.3593223145650099,Mn,,POSSIBLE
2807,mp-849999,Li5V3P8O29,"Li,O,P,V",2.575793588573257,0.4138,0.0362954527036958,-2.6160762689735453,False,0.2740811543976713,0.595908580842257,0,0.3593126382135092,V,,POSSIBLE
2808,mp-1175275,Li7Mn4CoO12,"Co,Li,Mn,O",4.030388974575946,0.7547999999999999,0.029529502187497,-2.0715193014607274,False,0.4094019899915306,0.3829615987430338,0,0.3592076540554036,"Co, Mn",,POSSIBLE
2809,mp-1639930,Li7Mn5O12,"Li,Mn,O",3.866927291457424,0.7079,0.0303891343749889,-2.139602212624521,False,0.3922091143362509,0.4095851685985019,0,0.3590698218944137,Mn,,POSSIBLE
2810,mp-755383,Li3FeP2HO8,"Fe,H,Li,O,P",3.162759249273265,4.1768,0.0341610370000067,-2.44258809070238,False,0.3167700442789016,0.5280666722877271,0,0.3590468596541004,Fe,,POSSIBLE
2811,mp-760127,Li4Mn2(PO4)3,"Li,Mn,O,P",2.869292025158696,0.2054,0.0359846009523785,-2.588878247410666,False,0.2802982732833862,0.585272895401783,0,0.3590095636964864,Mn,,POSSIBLE
2812,mp-689934,Li2CrP2O7,"Cr,Li,O,P",2.751750635470371,3.4910000000000005,0.0364137629166734,-2.6231200921626985,False,0.2717149182212338,0.5986630417711503,0,0.3589752696415812,Cr,,POSSIBLE
2813,mp-1281748,LiNiO2,"Li,Ni,O",4.71360517430793,0.0,0.0221575283333335,-1.4758337708333338,False,0.5568434558333385,0.1500209817004432,0,0.3587712443034913,Ni,,POSSIBLE
2814,mp-776146,Li2V3FeO8,"Fe,Li,O,V",3.8944197426000815,1.0216000000000005,0.0329237495982148,-2.340023019761905,False,0.341516126101312,0.4879589817639569,0,0.3586195129731065,"Fe, V",,POSSIBLE
2815,mp-996987,LiCuO2,"Cu,Li,O",4.492561351887285,0.5072000000000001,0.0215940262499998,-1.428987384583333,False,0.5681136495175862,0.1317018761351335,0,0.3585581638819692,,,REVIEW
2816,mp-1174297,Li4Mn3O7,"Li,Mn,O",3.911542522221263,0.8592,0.0304298049999864,-2.1381156301518893,False,0.3913956908644697,0.4090038460370913,0,0.3584189760884403,Mn,,POSSIBLE
2817,mp-777641,Li24Mn7Cr5O36,"Cr,Li,Mn,O",3.659877043585673,1.1921000000000002,0.0312223039583345,-2.201594126465517,False,0.37554549790279,0.4338268765455855,0,0.3583894306374894,"Cr, Mn",,POSSIBLE
2818,mp-764019,Li2TiNiO4,"Li,Ni,O,Ti",4.1686979211317565,1.6021999999999998,0.0350122868749869,-2.505974840625,False,0.2997448171351766,0.5528538257103529,0,0.3583584884229706,"Ni, Ti",,POSSIBLE
2819,mp-755272,Li3V5O8,"Li,O,V",4.232071787115938,0.7822000000000005,0.033259962239585,-2.3651065887500007,False,0.3347917825728591,0.4977678183686725,0,0.3583542168441078,V,,POSSIBLE
2820,mp-1177170,Li5V3P8O29,"Li,O,P,V",2.529792486897403,1.0213,0.0363855293703627,-2.615986192306878,False,0.2722795967640926,0.5958733566958981,0,0.3583094530638152,V,,POSSIBLE
2821,mp-26326,LiFeP2O7,"Fe,Li,O,P",2.948668928889729,1.0493,0.0348298872727275,-2.490929492056276,False,0.3033928583868286,0.5469703979636219,0,0.3583057114000234,Fe,,POSSIBLE
2822,mp-759370,Li8Fe3Ni7O20,"Fe,Li,Ni,O",4.464114259577515,0.0,0.022715545838821,-1.516285632280701,False,0.545682955185605,0.1658395320623206,0,0.358169461573895,"Fe, Ni",,POSSIBLE
2823,mp-726129,Li2Ti4Co(PO5)4,"Co,Li,O,P,Ti",3.377787995775821,1.6172,0.0403616108064515,-2.9339773149539177,False,0.1927568954034195,0.7202226056115998,0,0.3580942044359407,"Co, Ti",,POSSIBLE
2824,mp-780199,Li5Mn6(BO3)6,"B,Li,Mn,O",3.1413381160374123,0.0717000000000001,0.0347172150714349,-2.4765966099786545,False,0.3056463328085835,0.5413655775953256,0,0.3575834352030849,Mn,,POSSIBLE
2825,mp-780776,Li8Fe7Ni(PO4)12,"Fe,Li,Ni,O,P",2.9043699524934,0.0,0.033374870773029,-2.3685363802944863,False,0.3324935809047743,0.4991090256292526,0,0.3575596284678642,"Fe, Ni",,POSSIBLE
2826,mp-765130,Li5V3P8O29,"Li,O,P,V",2.551628390246562,0.9794,0.0364570891481399,-2.6159146325291007,False,0.2708483819036619,0.595845373510251,0,0.3575124907756019,V,,POSSIBLE
2827,mp-760844,Li4Mn2V3O12,"Li,Mn,O,V",3.0384819764244324,0.7412000000000001,0.0331138327827433,-2.3471608497235907,False,0.337714411131456,0.4907502036925288,0,0.3575054974146858,"Mn, V",,POSSIBLE
2828,mp-1177181,Li5V3P8O29,"Li,O,P,V",2.5485684415772663,1.1934,0.0364637028148067,-2.615908018862433,False,0.2707161067861381,0.5958427872604342,0,0.3574388342735279,V,,POSSIBLE
2829,mp-850190,Li4Ti(TeO4)3,"Li,O,Te,Ti",4.648699497179103,1.7283000000000004,0.0298817273749953,-2.085944838333333,False,0.4023573912207652,0.3886026514252036,0,0.3573074931702421,Ti,,POSSIBLE
2830,mp-1177139,Li5Fe2P5O18,"Fe,Li,O,P",3.0581740084260267,2.1125,0.0356671796666674,-2.5507500138293646,False,0.2866467846292591,0.5703629910973793,0,0.3572827784301753,Fe,,POSSIBLE
2831,mp-774933,Li4NbFe(TeO6)2,"Fe,Li,Nb,O,Te",5.10207393048203,1.7473999999999998,0.0299203708125004,-2.0873911998333328,False,0.4015845120457121,0.3891682457244671,0,0.3570803676287052,Fe,,POSSIBLE
2832,mp-1302740,Li4Ni3SbO8,"Li,Ni,O,Sb",4.975271953322283,0.0,0.0261610361458339,-1.7841139373958326,False,0.4767722195455413,0.2705727972623012,0,0.3569251997918531,Ni,,POSSIBLE
2833,mp-1175346,Li7Mn5O12,"Li,Mn,O",3.850823754106313,0.9556999999999998,0.0305861764583221,-2.139405170541188,False,0.3882682195129788,0.4095081160227466,0,0.3568753613400997,Mn,,POSSIBLE
2834,mp-695469,Li3Cr13Ni3(SO4)24,"Cr,Li,Ni,O,S",2.9707881482045253,2.2487,0.0284804068255368,-1.9690070150359704,False,0.4303841802482004,0.3428745494083298,0,0.3567173914294256,"Cr, Ni",,POSSIBLE
2835,mp-850187,Li2V3CrO8,"Cr,Li,O,V",3.8971798098368806,0.0,0.0345426581696468,-2.4561713283333333,False,0.3091375179350618,0.5333783469759773,0,0.3567080563058761,"Cr, V",,POSSIBLE
2836,mp-1666768,Li7Mn5O12,"Li,Mn,O",3.8360111971022586,0.6867999999999999,0.0306114477083214,-2.1393798992911885,False,0.3877627876954951,0.4094982337941787,0,0.3565939150604849,Mn,,POSSIBLE
2837,mp-773559,Li5V3P8O29,"Li,O,P,V",2.565172265421056,0.3209000000000001,0.0365408651481393,-2.6158308565291013,False,0.2691728393031821,0.5958126132162203,0,0.3565794762424272,V,,POSSIBLE
2838,mp-1640750,Li7Mn5O12,"Li,Mn,O",3.870225750282176,0.6370999999999998,0.0306301993749888,-2.1393611476245216,False,0.3873877493034562,0.4094909010244883,0,0.3563850774754719,Mn,,POSSIBLE
2839,mp-769502,Li4Nb2Fe3O10,"Fe,Li,Nb,O",4.291969478253638,2.0898000000000003,0.0331556793421023,-2.342268483070176,False,0.3368774686552096,0.4888370618610583,0,0.3563755794117357,Fe,,POSSIBLE
2840,mp-1100520,Li9Mn7O16,"Li,Mn,O",3.896907293630948,0.5878000000000001,0.030637600156238,-2.136823401109914,False,0.3872397316819422,0.4084985246637804,0,0.3559563360573914,Mn,,POSSIBLE
2841,mp-775205,Li3MnP2HO8,"H,Li,Mn,O,P",2.9387380986734004,4.174,0.0353215593333349,-2.513076170397783,False,0.2935592845348981,0.5556307743754527,0,0.3559283775256024,Mn,,POSSIBLE
2842,mp-771056,Li7Ti5Mn12O32,"Li,Mn,O,Ti",3.920779260196404,0.0,0.0346328943861884,-2.4576160772352225,False,0.3073327692609468,0.5339433106747316,0,0.3559131818296768,"Mn, Ti",,POSSIBLE
2843,mp-585226,Li3Fe2(PO4)3,"Fe,Li,O,P",3.0340446451296104,2.4816000000000003,0.0348803454999995,-2.4773617036964284,False,0.3023836802291278,0.5416647646555282,0,0.3558936917554551,Fe,,POSSIBLE
2844,mp-761817,LiNbVO4,"Li,Nb,O,V",4.27717656183263,1.2698,0.0373115797321439,-2.6709640236904764,False,0.2537583397052055,0.6173722337169174,0,0.3556473686387841,V,,POSSIBLE
2845,mp-776654,Li7V5O12,"Li,O,V",3.769776159392332,1.1547,0.0347239379166604,-2.462045172222222,False,0.3055118740904324,0.5356752918395675,0,0.3555178828935864,V,,POSSIBLE
2846,mp-1247735,LiCr2(PO4)3,"Cr,Li,O,P",2.9835358916423456,0.0688,0.034775959722217,-2.464936310958993,False,0.3044714239452287,0.5368058609178358,0,0.3553413344911182,Cr,,POSSIBLE
2847,mp-1177207,Li4V5Cr3O16,"Cr,Li,O,V",4.025423161420693,1.0979,0.0344914613616058,-2.4412261033333342,False,0.3101614679073916,0.5275340721793854,0,0.3552257326118502,"Cr, V",,POSSIBLE
2848,mp-770539,Li5Ti2Ni5O12,"Li,Ni,O,Ti",4.720124519421172,0.0843000000000002,0.0304491026388831,-2.11622174888889,False,0.3910097328805563,0.4004423249850543,0,0.3552101668290749,"Ni, Ti",,POSSIBLE
2849,mp-754901,Li2CrFeO4,"Cr,Fe,Li,O",4.188669690340952,1.2734,0.0308433754166665,-2.1463339233333336,False,0.3831241709607899,0.4122175790997465,0,0.3549944467133457,"Cr, Fe",,POSSIBLE
2850,mp-755817,Li8MnO6,"Li,Mn,O",2.735977185196412,1.7904,0.0300145799999986,-2.0789892603065137,False,0.3997003028806653,0.3858826984396935,0,0.3548941110382586,Mn,,POSSIBLE
2851,mp-1175195,Li7Mn4CoO12,"Co,Li,Mn,O",3.9808604811490937,0.8375999999999997,0.029931072604163,-2.071117731044062,False,0.4013704733254071,0.3828045661212315,0,0.3547353584714049,"Co, Mn",,POSSIBLE
2852,mp-1177949,Li2Mn2V3O12,"Li,Mn,O,V",2.971365050169437,0.0569,0.0319120309868354,-2.23030324039625,False,0.3617507712631326,0.4450534690510765,0,0.3547316383625997,"Mn, V",,POSSIBLE
2853,mp-705356,Li2Fe(PO3)5,"Fe,Li,O,P",2.5627500982983555,2.4488,0.0358625508333325,-2.547096333690476,False,0.282739308590117,0.5689342330324778,0,0.3546336012859316,Fe,,POSSIBLE
2854,mp-1192813,LiTi2O4,"Li,O,Ti",3.873383351903761,0.0,0.0440169450000009,-3.202193447142857,False,0.1196492254224386,0.8251075291501394,0,0.35459470918489,Ti,,POSSIBLE
2855,mp-1303115,Li3Fe2CoO6,"Co,Fe,Li,O",4.3048048085613,1.8732,0.0272125395833295,-1.8512985491666665,False,0.45574186712853,0.2968450904724148,0,0.3545538085860367,"Co, Fe",,POSSIBLE
2856,mp-758589,Li5V3P8O29,"Li,O,P,V",2.572089582412504,0.8131999999999999,0.036732811592584,-2.615638910084656,False,0.265333858632345,0.5957375532711497,0,0.3544417658926921,V,,POSSIBLE
2857,mp-1176900,Li6V3P8O29,"Li,O,P,V",2.5894149446136976,0.0617,0.0370786004982006,-2.64339137015528,False,0.2584179872355478,0.6065900498333748,0,0.3544364104212325,V,,POSSIBLE
2858,mp-754082,Li6Mn2OF11,"F,Li,Mn,O",3.01858380507909,1.0769,0.0401824824861112,-2.892310824793104,False,0.1963395101341865,0.7039290791970224,0,0.3543619082927604,Mn,,POSSIBLE
2859,mp-1175125,Li7Mn4CoO12,"Co,Li,Mn,O",3.985965244302668,0.7662,0.0299766253124964,-2.071072178335728,False,0.4004594068698542,0.3827867529036164,0,0.3542280372946856,"Co, Mn",,POSSIBLE
2860,mp-777643,Li24Mn7Cr5O36,"Cr,Li,Mn,O",3.6806132144595214,1.1569000000000005,0.0316168342361118,-2.2011995961877395,False,0.3676547859136789,0.4336725969439797,0,0.3539955411829163,"Cr, Mn",,POSSIBLE
2861,mp-1367343,LiTi2O4,"Li,O,Ti",3.872781840001117,0.0,0.0441043289285723,-3.202106063214285,False,0.1179015232771974,0.8250733579890239,0,0.3536215130986169,Ti,,POSSIBLE
2862,mp-753684,LiFe(SiO3)2,"Fe,Li,O,Si",2.19986632733702,3.0559000000000003,0.0382073739166655,-2.7275754148333333,False,0.2358422143538061,0.639509908222067,0,0.3535416857723168,Fe,,POSSIBLE
2863,mp-1650854,Li7Mn5O12,"Li,Mn,O",3.8655221706142,0.8220000000000001,0.0309038712499889,-2.139087475749521,False,0.3819142379742073,0.4093838826529615,0,0.3533371898143506,Mn,,POSSIBLE
2864,mp-26425,Li3Cr2P5O16,"Cr,Li,O,P",2.745501003285439,2.7887,0.0367112031089567,-2.605251735508242,False,0.2657660341342736,0.5916756871845072,0,0.353257809288428,Cr,,POSSIBLE
2865,mp-776904,LiFe2OF3,"F,Fe,Li,O",3.7547756124259153,2.9055,0.0342076414285692,-2.403235781190476,False,0.3158379431350413,0.5126780976313992,0,0.3531482028952624,Fe,,POSSIBLE
2866,mp-1188169,LiFe(GeO3)2,"Fe,Ge,Li,O",4.462495914881767,2.035137064502597,0.0299956777499996,-2.0639084988333325,False,0.4000783529799596,0.3799854226080394,0,0.3530379920517916,Fe,,POSSIBLE
2867,mp-1274949,Li2Fe3TeO8,"Fe,Li,O,Te",4.47580982999496,1.3885999999999998,0.0268168121428562,-1.8083038430952367,False,0.4636565226945229,0.2800321701530388,0,0.3530223470355512,Fe,,POSSIBLE
2868,mp-770699,KLiMnO2,"K,Li,Mn,O",3.0916977052313457,1.0669999999999995,0.0270146955000001,-1.823669557702874,False,0.459698802168084,0.2860408758508815,0,0.3529486477402548,Mn,,POSSIBLE
2869,mp-768534,Li8Mn3V(PO4)6,"Li,Mn,O,P,V",2.827688742616215,0.4897,0.0371303426190383,-2.636635361864689,False,0.2573831308601734,0.6039481378529081,0,0.3529425702216132,"Mn, V",,POSSIBLE
2870,mp-1100558,Li9Mn7O16,"Li,Mn,O",3.938156534675438,0.5974000000000004,0.0309092817187384,-2.136551719547413,False,0.3818060271396197,0.4083922845965734,0,0.3529306145355915,Mn,,POSSIBLE
2871,mp-1652820,Li7Mn5O12,"Li,Mn,O",3.848548570488488,0.7082999999999999,0.0309528964583227,-2.139038450541188,False,0.3809337205818602,0.4093647115271031,0,0.3527911953545092,Mn,,POSSIBLE
2872,mp-778824,Li4Cr(WO4)3,"Cr,Li,O,W",6.4300537120594585,1.6962000000000006,0.0329325785000005,-2.298027052666666,False,0.3413395456837997,0.4715366146163748,0,0.352774565241821,Cr,,POSSIBLE
2873,mp-761070,Li2VP2O7,"Li,O,P,V",2.9223026242011523,2.8095000000000003,0.0373403186545129,-2.6515140922668645,False,0.2531835535048439,0.6097664101836844,0,0.3526691979919537,V,,POSSIBLE
2874,mp-769012,Li24Mn7Cr5O36,"Cr,Li,Mn,O",3.659570021409529,1.2096,0.0317365289583335,-2.2010799014655174,False,0.3652608591788562,0.433625790766865,0,0.3526624993167737,"Cr, Mn",,POSSIBLE
2875,mp-19408,LiV2O5,"Li,O,V",3.131177107226101,1.2036000000000002,0.0345799328125,-2.428818566979168,False,0.3083920150223105,0.5226821511141316,0,0.3525543611522168,V,,POSSIBLE
2876,mp-768862,Li5Fe2P2(CO7)2,"C,Fe,Li,O,P",2.737989021721856,1.3763999999999998,0.0331209831499963,-2.311371356638095,False,0.3375714018574208,0.4767548551833979,0,0.3525284703357707,Fe,,POSSIBLE
2877,mp-26751,Li2CrP2O7,"Cr,Li,O,P",2.8630926327370605,3.1019999999999994,0.0369940302083406,-2.622539824871031,False,0.2601094158475176,0.5984361303992587,0,0.3525128243558753,Cr,,POSSIBLE
2878,mp-773707,Li4Ti3Mn2V3O16,"Li,Mn,O,Ti,V",3.760865892760188,0.9531,0.038430198214284,-2.7378953981855503,False,0.2313856682894861,0.6435454994297345,0,0.3525030423596244,"Mn, Ti, V",,POSSIBLE
2879,mp-697807,LiMn4P7O24,"Li,Mn,O,P",3.015954437655924,1.0021,0.0351505743749998,-2.474201834376597,False,0.2969790298287029,0.5404291094796164,0,0.3524886547236524,Mn,,POSSIBLE
2880,mp-1177051,Li5V3P8O29,"Li,O,P,V",2.561452142243112,1.1636,0.0369091931481397,-2.615462528529101,False,0.2618061799382727,0.5956685799181414,0,0.3524774019373995,V,,POSSIBLE
2881,mp-777417,Li4Ti5Mn3O16,"Li,Mn,O,Ti",3.789616327380632,0.3997000000000001,0.040235199285723,-2.8797325872783253,False,0.1952851599203882,0.6990104060761311,0,0.3520604800828594,"Mn, Ti",,POSSIBLE
2882,mp-1222767,Li2AlCoO4,"Al,Co,Li,O",3.9196953063407727,2.3443,0.0341073959374993,-2.3871942070833336,False,0.317842879999953,0.5064050995833913,0,0.3520553688541611,Co,,POSSIBLE
2883,mp-1174771,Li6Mn3CoO10,"Co,Li,Mn,O",4.014059734620658,0.8346,0.0300330533749972,-2.059251518189656,False,0.3993308303970779,0.378164327602507,0,0.3519894713792704,"Co, Mn",,POSSIBLE
2884,mp-1652638,Li7Mn5O12,"Li,Mn,O",3.854691183917227,0.7146999999999997,0.0310274987499887,-2.138963848249521,False,0.3794416546228659,0.4093355385776855,0,0.3519603485447662,Mn,,POSSIBLE
2885,mp-770853,Li2CoPO4F,"Co,F,Li,O,P",3.327449724749535,2.6148,0.0359945245833328,-2.537052202784392,False,0.2800997979871738,0.5650065129005896,0,0.3518071684081519,Co,,POSSIBLE
2886,mp-1177169,Li5V3P8O29,"Li,O,P,V",2.5399811741715244,1.1117,0.0369797017036956,-2.615392019973545,False,0.2603959898058594,0.5956410078090443,0,0.3516921471263882,V,,POSSIBLE
2887,mp-1579309,Li2MnP2O7,"Li,Mn,O,P",2.6858306690052776,4.3759,0.0372121729166394,-2.634032319073617,False,0.2557465028325573,0.6029302276255069,0,0.3516861562268339,Mn,,POSSIBLE
2888,mp-770152,Li4Ti2Mn3Cr3O16,"Cr,Li,Mn,O,Ti",4.073043003258846,0.6166999999999998,0.0354286574776807,-2.490164277992611,False,0.2914172927558083,0.5466711638426051,0,0.3516144183606063,"Cr, Mn, Ti",,POSSIBLE
2889,mp-765088,Li5V3P8O29,"Li,O,P,V",2.578903433523453,1.1449000000000005,0.0369962167036952,-2.615375504973545,False,0.2600656853505685,0.5956345496795571,0,0.3515082193306577,V,,POSSIBLE
2890,mp-771232,Li5Mn2Ni5O12,"Li,Mn,Ni,O",4.972845348937556,0.0,0.0258641113888913,-1.719885903438697,False,0.4827107947866368,0.2454566628387407,0,0.3514007691262095,"Mn, Ni",,POSSIBLE
2891,mp-761849,Na5Li3Ti5O14,"Li,Na,O,Ti",3.400961468219088,2.9587000000000003,0.0404097729761971,-2.8886146697616,False,0.1917936390156609,0.7024837114829253,0,0.3513558004776373,Ti,,POSSIBLE
2892,mp-770232,Li24Mn7Cr5O36,"Cr,Li,Mn,O",3.661430004869042,1.1761,0.031865616319445,-2.2009508141044063,False,0.3626790771323586,0.4335753116331551,0,0.3512248514944015,"Cr, Mn",,POSSIBLE
2893,mp-25845,Li2FeP2O7,"Fe,Li,O,P",2.794316534097548,4.1734,0.0360701468055539,-2.538807486746031,False,0.2785873331419279,0.565692910182522,0,0.3512155517919431,Fe,,POSSIBLE
2894,mp-753227,LiCrO2,"Cr,Li,O",4.05108338537207,2.9621000000000004,0.0340431731250001,-2.374578680208333,False,0.3191273535755095,0.501471844596511,0,0.351035190075309,Cr,,POSSIBLE
2895,mp-1280525,Li2Ni3SnO8,"Li,Ni,O,Sn",4.940337426516586,0.4836,0.0227329172023829,-1.4650811558333336,False,0.5453355232280443,0.1458162114917671,0,0.3509702117975429,Ni,,POSSIBLE
2896,mp-1177097,Li8Fe7Cu(PO4)12,"Cu,Fe,Li,O,P",2.929508582778704,0.0,0.033846645583881,-2.358172422926065,False,0.32305795741569,0.4950562385456709,0,0.3509515600696143,Fe,,POSSIBLE
2897,mp-759762,Li5V3P8O29,"Li,O,P,V",2.5726800436370256,0.614,0.0370788809259172,-2.615292840751323,False,0.2584123786055641,0.595602224142102,0,0.3505875866827959,V,,POSSIBLE
2898,mp-759437,Li2Fe2(PO4)3,"Fe,Li,O,P",2.907349280530962,0.0,0.0342920162499966,-2.390384560557644,False,0.3141504239444556,0.5076526754748304,0,0.3504611695856412,Fe,,POSSIBLE
2899,mp-769463,Li11Ti8Fe5O32,"Fe,Li,O,Ti",3.496663613557681,0.1958999999999999,0.0365757944158113,-2.5737923186309524,False,0.2684742445267734,0.5793735989140776,0,0.3504415941096525,"Fe, Ti",,POSSIBLE
2900,mp-540517,LiMn5(P2O7)4,"Li,Mn,O,P",2.896905142707937,0.0,0.0352290380357018,-2.464747055717414,False,0.295409735447296,0.5367318533576629,0,0.3503315031711949,Mn,,POSSIBLE
2901,mp-1222623,LiLa3MnO7,"La,Li,Mn,O",6.405163199764264,2.385699999999999,0.044501285724209,-3.209354372813697,False,0.1099622802762897,0.8279077825701021,0,0.3502469780514951,Mn,,POSSIBLE
2902,mp-773479,Li5V3P8O29,"Li,O,P,V",2.576310758794913,1.1453,0.0371371337036956,-2.615234587973545,False,0.2572473073349771,0.595579444609442,0,0.3499388246475421,V,,POSSIBLE
2903,mp-26531,LiCu2P3O10,"Cu,Li,O,P",3.612820232304252,0.0644999999999997,0.0321317492187489,-2.212194657641369,False,0.3573563473508447,0.4379721749389868,0,0.3498362522716099,,,REVIEW
2904,mp-765158,Li5V3P8O29,"Li,O,P,V",2.5725074749098686,1.1623,0.0371473890370293,-2.615224332640212,False,0.2570421979016924,0.5955754342993844,0,0.3498246108507153,V,,POSSIBLE
2905,mp-698705,Li4Mn13O24,"Li,Mn,O",4.121756499988082,0.1575000000000002,0.0296261815020271,-2.0106386743033364,False,0.4074683776194725,0.3591544553312304,0,0.3498116670566406,Mn,,POSSIBLE
2906,mp-1306478,Li2TiFeO4,"Fe,Li,O,Ti",3.903217237938086,1.7516000000000005,0.0366041881249952,-2.57024146125,False,0.2679063626832429,0.5779850493072438,0,0.3496432667333189,"Fe, Ti",,POSSIBLE
2907,mp-764928,LiVP2O7,"Li,O,P,V",3.166691216137588,2.0382,0.0379876170454682,-2.680366092965368,False,0.2402374110621938,0.6210488780296703,0,0.3494976833945912,V,,POSSIBLE
2908,mp-1275794,LiFe2OF3,"F,Fe,Li,O",3.752680694356804,2.9945,0.0345356399999978,-2.4029077826190472,False,0.3092778832213536,0.5125498350067603,0,0.3494952780241106,Fe,,POSSIBLE
2909,mp-780300,Li2VP4(H2O3)6,"H,Li,O,P,V",2.1351630934543606,2.6006,0.0292403681231174,-1.976670450817246,False,0.4151847492796486,0.3458713075429053,0,0.3494065697438236,V,,POSSIBLE
2910,mp-768724,Li24Mn7Cr5O36,"Cr,Li,Mn,O",3.663115817916552,1.2022000000000002,0.0320506856250002,-2.2007657447988507,False,0.358977641094577,0.4335029409677364,0,0.3491637319407251,"Cr, Mn",,POSSIBLE
2911,mp-26607,LiMnPO4,"Li,Mn,O,P",3.3167490040873253,2.4461,0.0369787539285644,-2.59644997941532,False,0.2604149455641674,0.5882337931146878,0,0.3491100476504328,Mn,,POSSIBLE
2912,mp-705334,Li2V(PO3)5,"Li,O,P,V",2.369814053321777,2.1267,0.0375363899637815,-2.6411189521687364,False,0.2492620744247522,0.605701429209324,0,0.3490896411568771,V,,POSSIBLE
2913,mp-755149,Li4TiMn(WO6)2,"Li,Mn,O,Ti,W",5.61837397866853,1.1055,0.0347284064999957,-2.4153982399798863,False,0.3054225012182238,0.517434182024076,0,0.3490843393784496,"Mn, Ti",,POSSIBLE
2914,mp-773083,Li5V3P8O29,"Li,O,P,V",2.5385014926494245,0.7483,0.0372171449259175,-2.615154576751323,False,0.255647061305682,0.5955481565177956,0,0.3490477384993535,V,,POSSIBLE
2915,mp-768929,Li24Mn7Cr5O36,"Cr,Li,Mn,O",3.6674275662299336,1.2222,0.032073707847223,-2.2007427225766287,False,0.35851719043935,0.433493938213138,0,0.3489073331162408,"Cr, Mn",,POSSIBLE
2916,mp-752993,Li4Mn3Ni3(WO8)2,"Li,Mn,Ni,O,W",5.526639596012063,0.5236000000000001,0.0292797841785832,-1.9755684006116587,False,0.4143964175369503,0.3454403548980912,0,0.3488221538596546,"Mn, Ni",,POSSIBLE
2917,mp-776318,Li2FeNi3O8,"Fe,Li,Ni,O",4.531919020013971,0.0318,0.0212065479119312,-1.3260666802976186,False,0.5758633208101013,0.0914551165109376,0,0.3487341172243839,"Fe, Ni",,POSSIBLE
2918,mp-778107,LiV4OF11,"F,Li,O,V",3.2904099120689216,1.1081,0.0435198223529376,-3.1193711825490205,False,0.1295918124739073,0.7927201898118253,0,0.3487275632947878,V,,POSSIBLE
2919,mp-1297796,Li4Mn3CoO8,"Co,Li,Mn,O",4.2021145946550735,0.5897999999999999,0.0299356282812519,-2.026520520757903,False,0.401279358554631,0.3653649924732121,0,0.3485813945706713,"Co, Mn",,POSSIBLE
2920,mp-778607,Li3MnV(PO4)3,"Li,Mn,O,P,V",3.036254264455342,0.0681000000000002,0.0374723728125019,-2.63221107096798,False,0.2505424347204348,0.6022180353097594,0,0.3485746514546549,"Mn, V",,POSSIBLE
2921,mp-755577,Li3Mn4CoO8,"Co,Li,Mn,O",4.506350465441193,0.0,0.0296495164062502,-2.003303070732759,False,0.4070016732398864,0.3562858947665472,0,0.3485509834502291,"Co, Mn",,POSSIBLE
2922,mp-1285010,Li2TiFeO4,"Fe,Li,O,Ti",3.9023597575765807,1.7526000000000002,0.0367036749999956,-2.570141974375,False,0.2659165983443752,0.5779461453338238,0,0.3485352799562447,"Fe, Ti",,POSSIBLE
2923,mp-1639283,Li7Mn5O12,"Li,Mn,O",3.854583495473023,0.8685,0.0313520195833225,-2.138639327416188,False,0.3729511504092735,0.4092086359096282,0,0.3483461552934703,Mn,,POSSIBLE
2924,mp-31953,Li2MnP2O7,"Li,Mn,O,P",2.8196442413343195,3.8564,0.0375200079166395,-2.6337244840736176,False,0.2495897197870241,0.6028098498906782,0,0.3482577933446006,Mn,,POSSIBLE
2925,mp-1301464,Li4Mn3CoO8,"Co,Li,Mn,O",4.187846550084933,0.5523000000000002,0.029974882343752,-2.026481266695403,False,0.400494266714948,0.3653496423176853,0,0.3481442215044112,"Co, Mn",,POSSIBLE
2926,mp-1640981,Li7Mn5O12,"Li,Mn,O",3.8556997027025934,0.6637,0.0313708447916551,-2.138620502207856,False,0.3725746411640912,0.4092012743817424,0,0.34813649867386,Mn,,POSSIBLE
2927,mp-782654,Li5Mn6(BO3)6,"B,Li,Mn,O",3.144892568566052,0.2052,0.0355789270714357,-2.4757348979786538,False,0.2884118603420489,0.5410286083142658,0,0.3479865360981199,Mn,,POSSIBLE
2928,mp-755270,LiCrP2HO7,"Cr,H,Li,O,P",2.8053999785194463,2.9568,0.0349498997172661,-2.424457104489086,False,0.3009925771199551,0.5209766173863312,0,0.3478877335011912,Cr,,POSSIBLE
2929,mp-765199,Li5V3P8O29,"Li,O,P,V",2.547414803071505,0.8265000000000001,0.0373383522592511,-2.615033369417989,False,0.2532228819405601,0.5955007588397166,0,0.3476978506612088,V,,POSSIBLE
2930,mp-752828,Li2Si2NiO6,"Li,Ni,O,Si",2.9124571943993813,3.6551,0.0378435729545527,-2.6548543701515155,False,0.2431183317396915,0.611072613459639,0,0.3475904971677039,Ni,,POSSIBLE
2931,mp-766536,Li5Mn6(BO3)6,"B,Li,Mn,O",3.145520490609565,0.0,0.0356332853571501,-2.47568053969294,False,0.2873246799633702,0.5410073517082807,0,0.3473811470777519,Mn,,POSSIBLE
2932,mp-504307,LiCrPO4,"Cr,Li,O,P",2.3734556150584205,2.459,0.0363767459821371,-2.535013431139455,False,0.2724552668981243,0.5642092588117075,0,0.347323637378066,Cr,,POSSIBLE
2933,mp-760076,Li5V3P8O29,"Li,O,P,V",2.5362488503163942,0.6908000000000001,0.0373756105925835,-2.6149961110846567,False,0.2524777052226245,0.5954861891066777,0,0.3472829040597807,V,,POSSIBLE
2934,mp-1296423,LiMnCo3O8,"Co,Li,Mn,O",4.370089341792026,0.8042,0.0230086542948697,-1.4596493381741824,False,0.5398207069919218,0.1436921193456093,0,0.3471936306165202,"Co, Mn",,POSSIBLE
2935,mp-770138,Li5Fe2P2(CO7)2,"C,Fe,Li,O,P",2.7310893078617693,1.4098,0.0336085195499968,-2.3108838202380952,False,0.3278205423333173,0.4765642058827056,0,0.3470987703422715,Fe,,POSSIBLE
2936,mp-780441,Li24Mn7Cr5O36,"Cr,Li,Mn,O",3.665930612205867,1.004,0.0322419068750008,-2.20057452354885,False,0.3551531645082597,0.4334281646072634,0,0.3470340980920851,"Cr, Mn",,POSSIBLE
2937,mp-1173893,Li2MnCoO4,"Co,Li,Mn,O",4.370308606509781,0.8718000000000004,0.0288065959375005,-1.9242357380747128,False,0.4238603100119537,0.3253669076327173,0,0.3470015881780256,"Co, Mn",,POSSIBLE
2938,mp-756356,Li8FeO6,"Fe,Li,O",2.678451854230297,0.3605999999999999,0.0293065516666679,-1.964386225777777,False,0.4138610605541142,0.3410676069098379,0,0.3469972457232061,Fe,,POSSIBLE
2939,mp-768841,Li24Mn7Cr5O36,"Cr,Li,Mn,O",3.659232117615448,1.2372999999999998,0.0322554949305562,-2.200560935493295,False,0.3548813997314631,0.4334228510485438,0,0.346882767719295,"Cr, Mn",,POSSIBLE
2940,mp-726294,Li2V2P2O11,"Li,O,P,V",2.366446962365388,2.0181,0.036172157058818,-2.5152882985854355,False,0.2765471005570472,0.5564958188972936,0,0.3468744419204287,V,,POSSIBLE
2941,mp-757968,Li2TiCo3O8,"Co,Li,O,Ti",4.515141655511594,0.0277000000000002,0.0294465843750035,-1.9742787146428569,False,0.4110603686103768,0.3449360279841111,0,0.3468108125301462,"Co, Ti",,POSSIBLE
2942,mp-768634,Li3Cr4O8,"Cr,Li,O",4.007917776476846,0.7363,0.0336959141481481,-2.31575317,False,0.3260726267935999,0.4784683470441329,0,0.3468038662019265,Cr,,POSSIBLE
2943,mp-759175,Li5V3P8O29,"Li,O,P,V",2.5708684523839525,0.7532999999999999,0.0374404297036958,-2.614931291973545,False,0.2511813055139409,0.5954608418337254,0,0.3465610126744714,V,,POSSIBLE
2944,mp-774680,Li2Ti3NiO8,"Li,Ni,O,Ti",3.85614867310078,2.1304000000000003,0.0412336971428572,-2.917161681369049,False,0.1753149334100725,0.7136469144762184,0,0.3461996334422163,"Ni, Ti",,POSSIBLE
2945,mp-1646634,Li7Mn5O12,"Li,Mn,O",3.86052697891572,0.6907000000000001,0.0315642193749887,-2.1384271276245213,False,0.368707097330203,0.409125655968257,0,0.3459828831205016,Mn,,POSSIBLE
2946,mp-1288258,Li2TiVO4,"Li,O,Ti,V",3.970659445754778,0.0,0.0389915089062489,-2.7351806906250005,False,0.2201593030237921,0.6424839231084519,0,0.3459569897510438,"Ti, V",,POSSIBLE
2947,mp-1175268,Li7Mn4CoO12,"Co,Li,Mn,O",3.980716219320962,0.2912000000000003,0.0307226373958293,-2.070326166252395,False,0.3855389639493761,0.3824950276457781,0,0.3459196898481792,"Co, Mn",,POSSIBLE
2948,mp-530277,Li10Co11O21,"Co,Li,O",5.005609830061159,0.5341000000000005,0.0260787702976186,-1.6970177326984128,False,0.4784175587029411,0.2365141495007607,0,0.3459096096118839,Co,,POSSIBLE
2949,mp-32516,LiV2P3O11,"Li,O,P,V",3.077057527652014,1.8202,0.0382377689705908,-2.673883340721288,False,0.2352343050755392,0.6185138218125422,0,0.3458587054259363,V,,POSSIBLE
2950,mp-1174196,Li7Co5O12,"Co,Li,O",4.700235829505616,0.0,0.0265626037500039,-1.7347921088888871,False,0.4687407591300965,0.2512856791851237,0,0.3457574052363464,Co,,POSSIBLE
2951,mp-26869,Li3Cr2(PO4)3,"Cr,Li,O,P",3.2544095035263783,2.6059000000000005,0.0377068212499862,-2.6298457714464285,False,0.2458534027229212,0.60129309370599,0,0.3456719542947032,Cr,,POSSIBLE
2952,mp-777041,Li4Mn3Co3(SnO8)2,"Co,Li,Mn,O,Sn",4.948137403310293,0.2888000000000001,0.028669622775971,-1.901241742218802,False,0.4265998101941865,0.3163751908500227,0,0.3453612124043105,"Co, Mn",,POSSIBLE
2953,mp-757720,LiV(CO3)2,"C,Li,O,V",2.323638327664515,1.897,0.0313059114999987,-2.1097569158333336,False,0.3738733245144595,0.3979142760001267,0,0.3449003250829971,V,,POSSIBLE
2954,mp-26749,LiFeP2O7,"Fe,Li,O,P",3.126259692149817,2.5465000000000004,0.0360462929545457,-2.4897130863744583,False,0.2790644165972137,0.5464947270340321,0,0.3447585835903788,Fe,,POSSIBLE
2955,mp-1174737,Li5Mn3O8,"Li,Mn,O",3.813369542162501,0.0062000000000002,0.0317390059374886,-2.143313032528736,False,0.3652113189275325,0.411036270956673,0,0.3447289202449785,Mn,,POSSIBLE
2956,mp-32530,Li3V2(PO4)3,"Li,O,P,V",2.883599730816316,2.0047,0.0385363016250064,-2.6890703345714284,False,0.2292635714512164,0.6244526394211347,0,0.3446533880955662,V,,POSSIBLE
2957,mp-753703,Li3Ni2O2F3,"F,Li,Ni,O",4.199766024714102,2.2142,0.0343483180000001,-2.3515230745,False,0.3130243737557009,0.49245603550957,0,0.3445230179939851,Ni,,POSSIBLE
2958,mp-780787,Li8CoO5F,"Co,F,Li,O",2.4127605080783074,1.6314000000000002,0.0311416723333328,-2.093245742111111,False,0.3771581521550488,0.3914576427646322,0,0.3444471586528981,Co,,POSSIBLE
2959,mp-755590,Li2Ni3BiO8,"Bi,Li,Ni,O",5.676590158957007,0.0,0.0218285580357173,-1.3444155269047624,False,0.5634229505329236,0.0986303649111904,0,0.3444032505120246,Ni,,POSSIBLE
2960,mp-25465,LiCoPO4F,"Co,F,Li,O,P",3.373670173885891,0.808,0.034308155624994,-2.347309817247024,False,0.3138276320905421,0.4908084568899689,0,0.3443881575612872,Co,,POSSIBLE
2961,mp-764842,LiVOF3,"F,Li,O,V",3.03890144202388,2.1513,0.0418237545833433,-2.950569155972223,False,0.1635136254188617,0.7267107834939901,0,0.3442812682032705,V,,POSSIBLE
2962,mp-753753,Li2MnOF3,"F,Li,Mn,O",3.087208601780472,1.8858,0.0398864165476249,-2.7945563688711,False,0.2022609087744702,0.6657025618311376,0,0.3442393964668568,Mn,,POSSIBLE
2963,mp-771236,Li5Fe5(NiO6)2,"Fe,Li,Ni,O",4.628397951929884,1.6764999999999994,0.0274677369791662,-1.7963271027777772,False,0.4506378503664623,0.2753487102798913,0,0.3442228662995162,"Fe, Ni",,POSSIBLE
2964,mp-1282711,LiCo(CO3)2,"C,Co,Li,O",3.195865563455146,0.0,0.0270109872083317,-1.759157667083334,False,0.4597729690018485,0.2608137403324605,0,0.3441599420673779,Co,,POSSIBLE
2965,mp-698647,LiVO2,"Li,O,V",4.010108102896154,0.0808999999999997,0.0357201915625005,-2.458060850520833,False,0.2855865324114258,0.5341172376181728,0,0.3440136259926447,V,,POSSIBLE
2966,mp-849497,Li5Mn6(BO3)6,"B,Li,Mn,O",3.1648166300700944,0.3617000000000001,0.0359424547857205,-2.475371370264369,False,0.2811412079864385,0.5408864521501092,0,0.3439379226450794,Mn,,POSSIBLE
2967,mp-759372,Li4Cr2Si4O13,"Cr,Li,O,Si",3.113933276769667,3.2693000000000003,0.0404235330434783,-2.834331281666667,False,0.191518433957944,0.6812563939338853,0,0.343774876553729,Cr,,POSSIBLE
2968,mp-778041,Li9Mn7(PO4)12,"Li,Mn,O,P",2.939213202337432,0.0,0.0354656086293871,-2.434190039095152,False,0.2906782597532622,0.5247826453594873,0,0.3435469687401148,Mn,,POSSIBLE
2969,mp-768185,Ba4Li4Ti19O44,"Ba,Li,O,Ti",4.340559149645809,2.2457000000000003,0.0473853980457796,-3.3920590543192484,False,0.0522792557896218,0.8993537705256065,0,0.3435274103682542,Ti,,POSSIBLE
2970,mp-1290983,Li4Y3VO8,"Li,O,V,Y",4.078740651782252,2.2997,0.0427173523437511,-3.016320093958333,False,0.1456414291422741,0.7524224438888334,0,0.3434506413893424,V,,POSSIBLE
2971,mp-1177062,Li5V3P8O29,"Li,O,P,V",2.5596324594212025,0.9512,0.0377240519259176,-2.6146476697513226,False,0.2455087845559243,0.5953499324158286,0,0.3434023078512984,V,,POSSIBLE
2972,mp-754607,Li2MnFeO4,"Fe,Li,Mn,O",4.119478458418753,0.2070000000000003,0.0303517815624996,-2.0220515743247134,False,0.3929561806628123,0.3636174275481734,0,0.3433919990064075,"Fe, Mn",,POSSIBLE
2973,mp-768836,Li3Mn2P2(CO7)2,"C,Li,Mn,O,P",2.67571806304873,0.2855999999999999,0.033326267355048,-2.260936452832513,False,0.3334656623762779,0.4570324731396671,0,0.3433674799058363,Mn,,POSSIBLE
2974,mp-755531,LiVP4(H2O7)2,"H,Li,O,P,V",2.648232832705641,2.1292,0.033881654791668,-2.305218696954365,False,0.3223577638154156,0.4743488804375087,0,0.3433188782516067,V,,POSSIBLE
2975,mp-26515,Li2CoP2O7,"Co,Li,O,P",2.996186226577447,3.1796999999999995,0.0362162945138662,-2.492305880912699,False,0.2756643395489953,0.5475086297201798,0,0.3432434071540103,Co,,POSSIBLE
2976,mp-868646,Li4V5Sn3O16,"Li,O,Sn,V",4.678014941117532,1.3602000000000003,0.0344054962500006,-2.3457307717261906,False,0.3118807933305504,0.4901909769965529,0,0.3431012782805963,V,,POSSIBLE
2977,mp-757896,Li7Mn14O32,"Li,Mn,O",3.939661699309993,0.0,0.0293227770636823,-1.936454344044676,False,0.4135365482366543,0.33014494817207,0,0.3429958333903844,Mn,,POSSIBLE
2978,mp-757934,LiNiPO4,"Li,Ni,O,P",3.0454203451269453,3.4387,0.0342411742857136,-2.33080697292517,False,0.3151672769458982,0.4843550808355906,0,0.3428662806127007,Ni,,POSSIBLE
2979,mp-27055,LiVPO5,"Li,O,P,V",3.0526688177766044,2.3464,0.0379488234374996,-2.628346469747024,False,0.2410132936870287,0.6007067973381323,0,0.3428046905962121,V,,POSSIBLE
2980,mp-764985,Li8Fe3Co7O20,"Co,Fe,Li,O",4.576343206845576,0.4165000000000001,0.0263809718256569,-1.697071193596491,False,0.4723734466164018,0.2365350551866398,0,0.342592664954345,"Co, Fe",,POSSIBLE
2981,mp-729135,LiCo(PO3)4,"Co,Li,O,P",2.8858079547642177,0.1360000000000001,0.0350534558333333,-2.393650153300265,False,0.2989214268619805,0.5089296734030405,0,0.3425321704651534,Co,,POSSIBLE
2982,mp-1569254,Li2Ni2BiO6,"Bi,Li,Ni,O",5.780245521889608,0.8308999999999997,0.0237574120075798,-1.485754448333334,False,0.5248453507432034,0.1539004258358357,0,0.3425300919513043,Ni,,POSSIBLE
2983,mp-1281785,LiNiO2,"Li,Ni,O",4.698044880815116,0.0,0.023622733333334,-1.4743685658333332,False,0.5275389605607718,0.1494480187204048,0,0.3424532348605662,Ni,,POSSIBLE
2984,mp-760779,Li5V3P8O29,"Li,O,P,V",2.5852402758868656,1.2528,0.0378197083703613,-2.614552013306879,False,0.2435956298615369,0.5953125263180687,0,0.3423369806351694,V,,POSSIBLE
2985,mp-1177248,Li5V3P8O29,"Li,O,P,V",2.54450189833265,1.0207,0.0378463358148062,-2.6145253858624344,False,0.2430630737892767,0.5953021137546938,0,0.342040430398245,V,,POSSIBLE
2986,mp-540518,Li4Ni3P4O15,"Li,Ni,O,P",3.2429875489570605,3.9361,0.0351703941987162,-2.3976967669001823,False,0.2965826280075243,0.5105120866402815,0,0.3417996757282369,Ni,,POSSIBLE
2987,mp-755297,Li2CoO2,"Co,Li,O",3.945060186623001,2.5492,0.026959160625001,-1.7376266233333333,False,0.4608095146498685,0.2523941055439275,0,0.3417831699978023,Co,,POSSIBLE
2988,mp-1177077,Li5V3P8O29,"Li,O,P,V",2.5370535611067098,0.9784,0.0378714312592505,-2.61450029041799,False,0.2425611581303207,0.595292300274236,0,0.3417609420676589,V,,POSSIBLE
2989,mp-757714,Li2CrNi(PO4)2,"Cr,Li,Ni,O,P",3.5035451277703045,1.7405,0.0359632725892824,-2.460693473282313,False,0.2807248462991219,0.5351467149832745,0,0.3417000157086631,"Cr, Ni",,POSSIBLE
2990,mp-762412,Li2Mn3O6,"Li,Mn,O",4.010233845698031,0.8406000000000002,0.0311729868181753,-2.073909020496344,False,0.3765318540104003,0.3838960895071936,0,0.3414561510332379,Mn,,POSSIBLE
2991,mp-31604,Li2CoP2O7,"Co,Li,O,P",3.020007197604605,3.1026,0.0363786680555326,-2.4921435073710323,False,0.2724168249116911,0.5474451341490395,0,0.3414350506535939,Co,,POSSIBLE
2992,mp-26719,LiV(PO3)4,"Li,O,P,V",2.380664667918851,2.3729,0.0381667322222227,-2.6338019567724853,False,0.2366550592066886,0.6028401453021837,0,0.341154333419443,V,,POSSIBLE
2993,mp-778376,Li32Mn5Cr11O48,"Cr,Li,Mn,O",3.632177603925842,0.7617000000000003,0.0329677211458303,-2.2152482031908534,False,0.3406366832866715,0.4391662525989148,0,0.3410583642172895,"Cr, Mn",,POSSIBLE
2994,mp-757427,Li3Fe(Si2O5)3,"Fe,Li,O,Si",2.73506077804696,3.2133000000000003,0.0419320369999987,-2.935589038900001,False,0.1613479478740955,0.7208528642819882,0,0.3410398738294484,Fe,,POSSIBLE
2995,mp-1298536,LiFe2O3,"Fe,Li,O",4.630080924585433,1.6018,0.0273454029166666,-1.7631188913888884,False,0.4530845646188653,0.2623627624028944,0,0.341023477381389,Fe,,POSSIBLE
2996,mp-770904,Li3Mn(BO3)2,"B,Li,Mn,O",2.656214493092382,1.4244,0.0367854716666675,-2.520607542188698,False,0.2642806429444158,0.5585758893764922,0,0.3408559149012009,Mn,,POSSIBLE
2997,mp-26613,LiFeP2O7,"Fe,Li,O,P",3.1307834848039287,2.2507,0.0364142279545456,-2.4893451513744584,False,0.2717056173383351,0.5463508474171456,0,0.3406608861320852,Fe,,POSSIBLE
2998,mp-849580,Li5Mn6(BO3)6,"B,Li,Mn,O",3.162831937691543,0.4080999999999999,0.0362390353571502,-2.47507478969294,False,0.2752095165484527,0.5407704754178245,0,0.3406349004978876,Mn,,POSSIBLE
2999,mp-760050,Li7Sc9Fe(SiO3)20,"Fe,Li,O,Sc,Si",2.941445457292903,0.0,0.0455881695807551,-3.225464770395189,False,0.0882243099335912,0.834207693782452,0,0.3404960632873334,Fe,,POSSIBLE
3000,mp-1222526,Li5Mn2NiO8,"Li,Mn,Ni,O",3.966639805321869,0.8813999999999997,0.030095958645834,-1.979486413595546,False,0.3980727080102065,0.3469724793414805,0,0.3403803571751318,"Mn, Ni",,POSSIBLE
3001,mp-1639391,Li7Mn4CoO12,"Co,Li,Mn,O",3.983442423664177,0.7488000000000001,0.0312252919791635,-2.0698235116690618,False,0.375485736680123,0.3822984664355744,0,0.3403216184265187,"Co, Mn",,POSSIBLE
3002,mp-1177149,Li5Mn4(P2O7)4,"Li,Mn,O,P",2.9815608963672933,0.2669999999999999,0.0372956043888752,-2.55627449801186,False,0.2540778508802936,0.5725233201437422,0,0.3401259800344712,Mn,,POSSIBLE
3003,mp-773422,Li5V3P8O29,"Li,O,P,V",2.550777630691199,0.7513,0.0380210675925836,-2.614350654084657,False,0.2395683910958357,0.5952337855411656,0,0.3400944400421176,V,,POSSIBLE
3004,mp-754682,Li2TiCo3O8,"Co,Li,O,Ti",4.541980604237881,0.0,0.0300526804464329,-1.9736726185714275,False,0.3989382836735126,0.3446990163637061,0,0.340060711747729,"Co, Ti",,POSSIBLE
3005,mp-1642624,Li7Mn5O12,"Li,Mn,O",3.8532761152675614,0.7932000000000001,0.0321074349999888,-2.1378839119995217,False,0.3578426382853633,0.4089132335131718,0,0.33993308278656,Mn,,POSSIBLE
3006,mp-1647928,Li7Mn5O12,"Li,Mn,O",3.874566925854551,0.6381999999999999,0.032110395624989,-2.1378809513745214,False,0.357783424986663,0.408912075771748,0,0.3399001102627764,Mn,,POSSIBLE
3007,mp-754778,Li2CrCuO4,"Cr,Cu,Li,O",4.411919816501506,0.0,0.0291861237499997,-1.9004155083333327,False,0.4162696513756628,0.3160520951540438,0,0.3395665415605299,Cr,,POSSIBLE
3008,mp-754793,LiCoPHO5,"Co,H,Li,O,P",3.577279515755454,2.1142,0.0312544155555549,-2.064567898802911,False,0.3749032572955442,0.3802432785200837,0,0.3392819389945786,Co,,POSSIBLE
3009,mp-850188,LiVOF4,"F,Li,O,V",2.626487010023065,2.1572,0.0406823090476144,-2.8218241261904766,False,0.186342844064477,0.6763655171805035,0,0.3392164952486385,V,,POSSIBLE
3010,mp-770598,Li2CoH8(CO5)2,"C,Co,H,Li,O",2.1636983344259395,3.0362,0.0253678619565116,-1.5909393807246377,False,0.492635917308864,0.1950326034615158,0,0.3392111657314057,Co,,POSSIBLE
3011,mp-1177130,Li5V3P8O29,"Li,O,P,V",2.5587689036441628,0.3427,0.0381072254814727,-2.614264496195768,False,0.2378452100749929,0.5952000938183202,0,0.3391348983776582,V,,POSSIBLE
3012,mp-776414,LiV4OF11,"F,Li,O,V",3.314523906497979,1.0343,0.0444066405882326,-3.118484364313726,False,0.1118552085285076,0.7923734028305863,0,0.3388510556813843,V,,POSSIBLE
3013,mp-753494,Li4FeSb(WO6)2,"Fe,Li,O,Sb,W",6.001921197343248,2.116,0.03253988065625,-2.164475514916667,False,0.3491936084980339,0.4193117811917555,0,0.338815608091033,Fe,,POSSIBLE
3014,mp-756747,LiMnO2,"Li,Mn,O",4.156334051873425,0.0226999999999999,0.0320854808333335,-2.127784483232759,False,0.3582817275411078,0.4049638893579937,0,0.3387923114229071,Mn,,POSSIBLE
3015,mp-760183,Li5V3P8O29,"Li,O,P,V",2.584165956712809,1.121,0.0381454945925838,-2.614226227084657,False,0.237079817528803,0.5951851288243802,0,0.3387086947293747,V,,POSSIBLE
3016,mp-1180529,LiMnPO5,"Li,Mn,O,P",3.436012158028497,1.313808029200965,0.0347324434722278,-2.3397108079259032,False,0.3053417606845162,0.4878368924836455,0,0.3386808807457598,Mn,,POSSIBLE
3017,mp-1178076,Li2MnV3O8,"Li,Mn,O,V",3.8257584369315447,0.902,0.0356236908035683,-2.4107835390784067,False,0.2875165736233565,0.5156296203548921,0,0.3386044826170583,"Mn, V",,POSSIBLE
3018,mp-851088,Li5V3P8O29,"Li,O,P,V",2.562575592488867,1.1888,0.0381635051481392,-2.6142082165291014,False,0.2367196015589356,0.5951780858634409,0,0.3385081109096189,V,,POSSIBLE
3019,mp-26141,LiNi(PO3)4,"Li,Ni,O,P",2.855332152172394,0.0,0.0353763841435093,-2.3894403398280426,False,0.2924627735411638,0.5072834414611285,0,0.338403729959035,Ni,,POSSIBLE
3020,mp-765045,Li5V3P8O29,"Li,O,P,V",2.55485891818854,0.7796000000000001,0.0381741735925844,-2.614197548084656,False,0.2365062297919749,0.5951739140078155,0,0.3383892962883216,V,,POSSIBLE
3021,mp-27043,LiCoP2O7,"Co,Li,O,P",3.3858794453969847,0.9251000000000004,0.0349020785606084,-2.3503514979653684,False,0.3019490131539596,0.4919978948516925,0,0.3382712204327702,Co,,POSSIBLE
3022,mp-1176987,Li9Cr4P4(CO7)4,"C,Cr,Li,O,P",2.69905250820801,0.3859999999999997,0.0356789089732139,-2.4126545083381923,False,0.2864121953340804,0.5163612559435276,0,0.3382531470139789,Cr,,POSSIBLE
3023,mp-764502,Li3Fe4(BO3)4,"B,Fe,Li,O",3.2839193838615346,1.6932,0.0343062520652317,-2.302062820072463,False,0.3138657037993169,0.4731147864896393,0,0.338216312360998,Fe,,POSSIBLE
3024,mp-765207,Li3Cr(Si2O5)3,"Cr,Li,O,Si",2.7677028821246257,3.748,0.0430080546000013,-3.0004626628999995,False,0.1398273055936883,0.7462214542969793,0,0.3380825270804713,Cr,,POSSIBLE
3025,mp-754576,Li4MgCo3O8,"Co,Li,Mg,O",4.426974567455034,0.0,0.029200252812501,-1.8898118992708328,False,0.4159870663139991,0.3119055931644862,0,0.3379598440802697,Co,,POSSIBLE
3026,mp-1574529,Li2MnO2F,"F,Li,Mn,O",3.494667379917344,2.0922,0.0362848533333357,-2.458426940766284,False,0.2742931446642959,0.5342603958506361,0,0.3378523681130854,Mn,,POSSIBLE
3027,mp-1177055,Li5V3P8O29,"Li,O,P,V",2.543258647731431,0.848,0.0382272018148066,-2.614144519862434,False,0.2354456510419552,0.5951531775182248,0,0.337798720204454,V,,POSSIBLE
3028,mp-759197,Li8FeNi9O20,"Fe,Li,Ni,O",4.680695995012296,0.0,0.0233757617269718,-1.4191210349122814,False,0.5324784593142545,0.1278436766957211,0,0.3376084394663424,"Fe, Ni",,POSSIBLE
3029,mp-753403,LiCu2(CO3)2,"C,Cu,Li,O",3.0690871124602945,0.0,0.0252622659090899,-1.5706338998484854,False,0.4947478667442467,0.1870922204885473,0,0.3375936038803273,,,REVIEW
3030,mp-755180,Li3Fe2CuO6,"Cu,Fe,Li,O",4.30965072833447,0.6053000000000001,0.0275276120833316,-1.7526240233333326,False,0.4494403321304757,0.2582587831807251,0,0.3375827567850155,Fe,,POSSIBLE
3031,mp-756803,Li3Fe4NiO8,"Fe,Li,Ni,O",4.697989383391319,1.1938999999999995,0.0278555196874989,-1.7788873187499998,False,0.4428820915865545,0.2685289474291111,0,0.3375702819727939,"Fe, Ni",,POSSIBLE
3032,mp-1100524,Li9Mn7O16,"Li,Mn,O",3.906418244165175,0.0,0.0322958570312383,-2.135165144234913,False,0.3540741468292213,0.4078500694641535,0,0.3374883050685254,Mn,,POSSIBLE
3033,mp-31961,LiMn2(PO3)5,"Li,Mn,O,P",2.824571591188129,4.2135,0.0378492781521719,-2.5808895511917247,False,0.2430042262481999,0.5821489453796194,0,0.3374044553193768,Mn,,POSSIBLE
3034,mp-782820,Li5Mn6(BO3)6,"B,Li,Mn,O",3.1698626167018733,0.4107999999999998,0.0365343700714362,-2.474779454978654,False,0.2693027425894395,0.5406549858733539,0,0.3373457534798656,Mn,,POSSIBLE
3035,mp-26673,Li2V(PO4)2,"Li,O,P,V",2.816939303663154,1.1535,0.0386978594230758,-2.6481203430219784,False,0.2260323719059178,0.608439297130663,0,0.3372715585439869,V,,POSSIBLE
3036,mp-25963,LiFe(PO3)4,"Fe,Li,O,P",2.824919461585669,0.0,0.0370135197222207,-2.512676362328042,False,0.2597196203121735,0.5554744309128778,0,0.3372618419912027,Fe,,POSSIBLE
3037,mp-1275810,Li2Fe3TeO8,"Fe,Li,O,Te",4.473744917766344,1.3095999999999997,0.0282454217857131,-1.8068752334523808,False,0.4350839444372628,0.2794735176516603,0,0.3371119006185756,Fe,,POSSIBLE
3038,mp-775194,Li2Fe3WO8,"Fe,Li,O,W",5.284583303121448,1.2702999999999998,0.0302621514285696,-1.9672440933333328,False,0.3947488075211907,0.3421851654161122,0,0.3368766520322942,Fe,,POSSIBLE
3039,mp-1645043,Li7Mn4CoO12,"Co,Li,Mn,O",3.988680183095915,0.8823000000000003,0.0315373769791627,-2.0695114266690617,False,0.3692439524880731,0.382176426754011,0,0.3368459232323441,"Co, Mn",,POSSIBLE
3040,mp-1174203,Li4Mn3CoO8,"Co,Li,Mn,O",4.200592183888116,0.3466,0.0309947254687523,-2.0254614235704027,False,0.380097129088936,0.3649508364467855,0,0.3367862137552898,"Co, Mn",,POSSIBLE
3041,mp-1639368,Li7Mn4CoO12,"Co,Li,Mn,O",3.996433055834163,0.8677999999999999,0.0315512146874965,-2.069497588960728,False,0.3689671945883589,0.3821710155694983,0,0.3366918124729218,"Co, Mn",,POSSIBLE
3042,mp-583836,Li2V(PO4)2,"Li,O,P,V",2.920172391327271,1.4940999999999998,0.0387641192948713,-2.648054083150183,False,0.2247071565948921,0.6084133864535899,0,0.3365336213859471,V,,POSSIBLE
3043,mp-753639,LiTiPCO7,"C,Li,O,P,Ti",2.523803744640301,2.74,0.0389017236363677,-2.658894087846319,False,0.221955032643046,0.6126523300787658,0,0.3365035834812434,Ti,,POSSIBLE
3044,mp-1222338,LiTiAlO4,"Al,Li,O,Ti",3.4204054356678832,2.4977,0.0459728835714221,-3.2271614159523816,False,0.0805299263348541,0.8348711607338462,0,0.3364963657410159,Ti,,POSSIBLE
3045,mp-1235037,LiV6O15,"Li,O,V",3.250170595266198,0.2473,0.0346665613636432,-2.317764958560606,False,0.3066594206294137,0.4792550494979817,0,0.3364019486704711,V,,POSSIBLE
3046,mp-754952,Li2CrFeO4,"Cr,Fe,Li,O",4.325789201420963,2.1398,0.0325141347916666,-2.1446631639583336,False,0.3497085327352376,0.4115642348438733,0,0.3363871751997363,"Cr, Fe",,POSSIBLE
3047,mp-757087,Li7Cr5O12,"Cr,Li,O",3.8476646309627833,0.0,0.0344291206249991,-2.298038729722222,False,0.311408299457365,0.4715411808856336,0,0.3363139780115225,Cr,,POSSIBLE
3048,mp-849613,Li5Mn6(BO3)6,"B,Li,Mn,O",3.1666497650055123,0.4467999999999998,0.0366523009285781,-2.474661524121512,False,0.2669440936320558,0.5406088694491358,0,0.3360323558048282,Mn,,POSSIBLE
3049,mp-756221,K2LiFeO3,"Fe,K,Li,O",2.913616810348865,2.0402,0.0276206033333323,-1.746968267190476,False,0.4475804820439453,0.2560471207212192,0,0.3357857573765966,Fe,,POSSIBLE
3050,mp-860887,Li3Mn(PO4)2,"Li,Mn,O,P",2.9202471757860224,1.1943,0.0380240808333471,-2.582555825039292,False,0.2395081254676751,0.5828005355866293,0,0.3357096564625416,Mn,,POSSIBLE
3051,mp-1643079,Li2MnO2F,"F,Li,Mn,O",3.4852685159994024,2.1221,0.0364824162500028,-2.4582293778496163,False,0.270341833033839,0.5341831396049375,0,0.3356521070303395,Mn,,POSSIBLE
3052,mp-755278,Li2VCrO4,"Cr,Li,O,V",4.087895470553464,0.7542,0.0359575637499993,-2.4152438839583343,False,0.2808390246248739,0.5173738216744354,0,0.335542301129733,"Cr, V",,POSSIBLE
3053,mp-780202,Li2FeO2F,"F,Fe,Li,O",3.7428364638703657,1.6584,0.0347438383333349,-2.3166791448611104,False,0.3051138603883498,0.478830446078645,0,0.3354032793411181,Fe,,POSSIBLE
3054,mp-759348,Li3Cr(Si2O5)3,"Cr,Li,O,Si",2.6018517514516275,3.7862,0.0432550098000001,-3.0002157077,False,0.1348881349718995,0.7461248833821055,0,0.3353321834182817,Cr,,POSSIBLE
3055,mp-780433,Li5Mn6(BO3)6,"B,Li,Mn,O",3.150232259692173,0.0,0.0367537710714369,-2.4745600539786534,False,0.2649146634009882,0.5405691899261766,0,0.3349022813447053,Mn,,POSSIBLE
3056,mp-764607,LiV(TeO4)3,"Li,O,Te,V",4.87484317242505,1.4647,0.0263243987500017,-1.6356047078431373,False,0.4735049233913868,0.2124988139441412,0,0.3348022927457121,V,,POSSIBLE
3057,mp-752885,LiVOF3,"F,Li,O,V",3.248044029535965,1.2543,0.0426819012500097,-2.949711009305556,False,0.1463504605808453,0.7263752084233048,0,0.3347240762676217,V,,POSSIBLE
3058,mp-694955,NaLi2La3Ti6O18,"La,Li,Na,O,Ti",4.734326137434043,1.9293,0.0487566481249999,-3.4369442967682007,False,0.0248538842791476,0.9169059780824244,0,0.3345867286823797,Ti,,POSSIBLE
3059,mp-776994,Li3Mn4(BO3)4,"B,Li,Mn,O",3.156439211644287,0.2498999999999998,0.036762382862312,-2.472649291089456,False,0.2647424252602587,0.5398219931863752,0,0.3345460315083736,Mn,,POSSIBLE
3060,mp-768672,Li5Fe2P2(CO7)2,"C,Fe,Li,O,P",2.7574125553395583,1.2535999999999998,0.0347464525499967,-2.309745887238096,False,0.3050615753498691,0.4761192214042446,0,0.3344255939339137,Fe,,POSSIBLE
3061,mp-753172,Li4Cr5O10,"Cr,Li,O",4.020966161329009,0.0,0.0349683374853784,-2.326938171754387,False,0.3006238167836995,0.4828422004891632,0,0.3343378694022418,Cr,,POSSIBLE
3062,mp-1666672,Li7Mn5O12,"Li,Mn,O",3.858836087733144,0.5232000000000001,0.0326134806249882,-2.1373778663745218,False,0.3477215892679951,0.4087153462487036,0,0.3342972452844436,Mn,,POSSIBLE
3063,mp-1666476,Li7Mn4CoO12,"Co,Li,Mn,O",3.9706878233119065,0.8552999999999997,0.0317703067708299,-2.069278496877395,False,0.364585293816591,0.3820853404230381,0,0.3342517807471884,"Co, Mn",,POSSIBLE
3064,mp-1175214,Li7Mn4CoO12,"Co,Li,Mn,O",4.003426497100578,0.7606000000000002,0.0317898546874975,-2.069258948960728,False,0.3641943302097413,0.3820776962827389,0,0.3340340753143164,"Co, Mn",,POSSIBLE
3065,mp-1177030,Li5V6O5F19,"F,Li,O,V",2.8768029075412827,0.3494,0.0428794490158654,-2.959894939619048,False,0.1423994519707038,0.730357596594871,0,0.3339448573920919,V,,POSSIBLE
3066,mp-753547,Li2NiP2O7,"Li,Ni,O,P",3.131424464708319,4.169,0.0368496826388931,-2.4751396613293646,False,0.2629964061775255,0.5407958432306054,0,0.3339265685283509,Ni,,POSSIBLE
3067,mp-757602,Li4Cr3Co(PO4)4,"Co,Cr,Li,O,P",3.372249013844572,1.0618999999999996,0.0373454712499947,-2.514839845068028,False,0.2530805002051775,0.55632045281286,0,0.3339064335973486,"Co, Cr",,POSSIBLE
3068,mp-756326,Li5Fe2P2(CO7)2,"C,Fe,Li,O,P",2.747339149343451,1.1784,0.0348043065499972,-2.309688033238095,False,0.3039044797424195,0.476096597812155,0,0.333781273092585,Fe,,POSSIBLE
3069,mp-1173960,Li3Co2O5,"Co,Li,O",4.28420352007331,1.0581,0.0276777089999997,-1.7368159920000004,False,0.4464383533050378,0.2520771111680833,0,0.3337680832266,Co,,POSSIBLE
3070,mp-1232439,Li7Mn5O12,"Li,Mn,O",3.882049595259326,0.0830999999999999,0.0326616243749882,-2.137329722624522,False,0.3467587012801175,0.4086965198138564,0,0.3337610676389144,Mn,,POSSIBLE
3071,mp-768759,Li24Mn7Cr5O36,"Cr,Li,Mn,O",3.670107695808903,1.0957,0.0334404531250012,-2.1993759772988506,False,0.3311819161729911,0.4329594775422361,0,0.3336858710349277,"Cr, Mn",,POSSIBLE
3072,mp-1175198,Li7Mn4CoO12,"Co,Li,Mn,O",3.9798398679762257,0.6557999999999997,0.0318282676041636,-2.0692205360440616,False,0.3634260615136566,0.3820626750541702,0,0.3336062701014707,"Co, Mn",,POSSIBLE
3073,mp-1314950,Li2Ni3SnO8,"Li,Ni,O,Sn",4.882096648324813,0.5425,0.0242973139880966,-1.4635167590476197,False,0.514047165481961,0.1452044599318798,0,0.3335475019912365,Ni,,POSSIBLE
3074,mp-770627,Li2MnFeO4,"Fe,Li,Mn,O",4.115018852473697,0.1787,0.0312405540624993,-2.0211628018247136,False,0.375180490896111,0.3632698763589706,0,0.3334937267185007,"Fe, Mn",,POSSIBLE
3075,mp-753143,Li4NiOF4,"F,Li,Ni,O",3.3630700814517045,1.8989000000000005,0.040124232000001,-2.735009191333333,False,0.1975045355707912,0.642416858946626,0,0.3334733951952543,Ni,,POSSIBLE
3076,mp-1281247,LiMn4O8,"Li,Mn,O",4.044729821735973,0.1787999999999998,0.0300779291730783,-1.9273210526967284,False,0.3984333023291831,0.3265734084706105,0,0.3334390092457644,Mn,,POSSIBLE
3077,mp-756422,Li4CuSi2O7,"Cu,Li,O,Si",2.976918344037149,0.6356999999999997,0.0380478978571412,-2.567689882023809,False,0.2390317785666062,0.576987263715984,0,0.3334130205122279,,,REVIEW
3078,mp-757681,LiNiPO4,"Li,Ni,O,P",3.1104647962960263,3.3735,0.0350935349999987,-2.3299546122108845,False,0.2981198327164008,0.484021768340121,0,0.3333735269130627,Ni,,POSSIBLE
3079,mp-1175343,Li7Mn5O12,"Li,Mn,O",3.852288686070073,0.4796,0.0326984139583217,-2.1372929330411883,False,0.346022899688616,0.4086821333837657,0,0.3333513415130568,Mn,,POSSIBLE
3080,mp-768667,Li5Fe2P2(CO7)2,"C,Fe,Li,O,P",2.746461374311344,1.2533,0.0348557423499968,-2.309636597438095,False,0.3028757498664443,0.4760764840333673,0,0.3332084318382229,Fe,,POSSIBLE
3081,mp-765197,Li5V3P8O29,"Li,O,P,V",2.5636957359957098,0.5618,0.038648428814807,-2.613723292862434,False,0.2270209974063309,0.5949884582624262,0,0.3331075089653311,V,,POSSIBLE
3082,mp-776061,Li4Ti3Mn3Nb2O16,"Li,Mn,Nb,O,Ti",4.024650164867065,1.0360999999999998,0.0414192974107194,-2.83549590704023,False,0.1716028779829117,0.6817118163660123,0,0.3329807186187057,"Mn, Ti",,POSSIBLE
3083,mp-1279659,LiCo(CO3)2,"C,Co,Li,O",3.238024357927153,0.0,0.0280155114583315,-1.758153142833334,False,0.4396822130084634,0.2604209248508039,0,0.3329725408524362,Co,,POSSIBLE
3084,mp-1101538,LiMn(PO3)5,"Li,Mn,O,P",2.424391359985161,0.004,0.0367474584090787,-2.459680678953575,False,0.2650409183511373,0.5347506655180054,0,0.3329352380244275,Mn,,POSSIBLE
3085,mp-1287546,LiMnCo3O8,"Co,Li,Mn,O",4.325873680354752,0.7955999999999999,0.0242974285256387,-1.4583605639434132,False,0.5140448747002199,0.1431881489634048,0,0.3328405332223126,"Co, Mn",,POSSIBLE
3086,mp-1100544,Li9Mn7O16,"Li,Mn,O",3.9275132920342495,0.0,0.0327180585937378,-2.134742942672414,False,0.3456300016807044,0.4076849691093047,0,0.332786240112644,Mn,,POSSIBLE
3087,mp-1100559,Li9Mn7O16,"Li,Mn,O",3.904525206455681,0.0,0.0327308217187383,-2.1347301795474136,False,0.3453747357375496,0.4076799781366184,0,0.3326440970034687,Mn,,POSSIBLE
3088,mp-1100545,Li9Mn7O16,"Li,Mn,O",3.930209746237671,0.0,0.0327364489062382,-2.1347245523599137,False,0.3452621904694891,0.4076777776458207,0,0.3325814269342563,Mn,,POSSIBLE
3089,mp-1174275,Li4Mn3O7,"Li,Mn,O",3.893008945129998,0.7262,0.0327500367857016,-2.135795398366174,False,0.3449904292145799,0.4080965280042409,0,0.3325785208695032,Mn,,POSSIBLE
3090,mp-1100547,Li9Mn7O16,"Li,Mn,O",3.932548981481928,0.0,0.0327380339062379,-2.134722967359914,False,0.3452304900419051,0.4076771578374504,0,0.3325637747661555,Mn,,POSSIBLE
3091,mp-1100546,Li9Mn7O16,"Li,Mn,O",3.934073233458945,0.0,0.0327555020312386,-2.1347054992349133,False,0.3448811228294648,0.4076703269919673,0,0.3323692320033943,Mn,,POSSIBLE
3092,mp-26409,LiTi(PO3)4,"Li,O,P,Ti",2.7418208568896483,0.2269999999999994,0.0402571923187773,-2.7365360683465605,False,0.1948452933261786,0.6430139385386631,0,0.3322197898179303,Ti,,POSSIBLE
3093,mp-764791,Li2Mn(SiO3)2,"Li,Mn,O,Si",2.698791201524823,3.4471,0.0411550794696964,-2.8078603154179733,False,0.1768873080822038,0.6709050207769951,0,0.3321047767171603,Mn,,POSSIBLE
3094,mp-756826,Li5V3Cr2O10,"Cr,Li,O,V",3.985973112227745,1.7064,0.0363739122499975,-2.423343454333333,False,0.2725119423053804,0.520541128624035,0,0.3320709632863715,"Cr, V",,POSSIBLE
3095,mp-760195,Li3Fe4(BO3)4,"B,Fe,Li,O",3.286555778729916,1.6829000000000005,0.0348738731521889,-2.3014951989855064,False,0.3025131289314037,0.4728928203691884,0,0.3318947080414879,Fe,,POSSIBLE
3096,mp-757921,Li4Co2Si3O10,"Co,Li,O,Si",3.060648037767779,2.8755,0.0385574821929832,-2.592852572807016,False,0.2288399543777378,0.5868270406051738,0,0.3312514391195666,Co,,POSSIBLE
3097,mp-774791,Li4Mn3Cr3(TeO8)2,"Cr,Li,Mn,O,Te",4.6124039903345135,0.0484,0.0321643296763447,-2.0784023410878487,False,0.3567047294096052,0.385653185856425,0,0.3311662162250316,"Cr, Mn",,POSSIBLE
3098,mp-765080,Li5V3P8O29,"Li,O,P,V",2.579955661024864,0.3294999999999999,0.0388277614814738,-2.613543960195768,False,0.2234342956939068,0.594918330888365,0,0.3311102784425764,V,,POSSIBLE
3099,mp-26805,Li3Fe(PO4)2,"Fe,Li,O,P",3.1358596439267603,2.1812,0.0379755637500007,-2.54311909494898,False,0.2404784802231959,0.567378948576275,0,0.330845796124454,Fe,,POSSIBLE
3100,mp-849398,Li5Mn2(PO4)3,"Li,Mn,O,P",2.919172866582949,3.9073,0.0391767680681764,-2.637814674043514,False,0.2164540698073465,0.6044093035057518,0,0.3305929946210537,Mn,,POSSIBLE
3101,mp-849567,Li5Mn6(BO3)6,"B,Li,Mn,O",3.150944491726926,0.1251,0.0371614055000062,-2.4741524195500832,False,0.256761864860893,0.5404097859950137,0,0.3303624507717459,Mn,,POSSIBLE
3102,mp-766091,Li4La5Ti6Nb2O26,"La,Li,Nb,O,Ti",5.134061181862977,0.0,0.0490182950968982,-3.426408355542636,False,0.0196208742559272,0.9127859373494852,0,0.3302665589130798,Ti,,POSSIBLE
3103,mp-759605,Li2Fe(CO3)2,"C,Fe,Li,O",2.241245175103557,4.0751,0.031392951818181,-2.0079907442424254,False,0.3721324946696973,0.358118992103469,0,0.3300145193045476,Fe,,POSSIBLE
3104,mp-850913,LiVOF3,"F,Li,O,V",2.896579999847864,1.6565,0.0431237475000099,-2.9492691630555563,False,0.1375134163827108,0.7262024260862814,0,0.3298032281406894,V,,POSSIBLE
3105,mp-772628,Li3V(BO3)2,"B,Li,O,V",2.886062312802517,2.3124,0.039146213750004,-2.629550492777778,False,0.2170651644135206,0.6011776260779574,0,0.3297980095547214,V,,POSSIBLE
3106,mp-1100539,Li9Mn7O16,"Li,Mn,O",3.930561645084647,0.0,0.0329871007812379,-2.134473900484914,False,0.3402490853504196,0.4075797611599011,0,0.3297899133486962,Mn,,POSSIBLE
3107,mp-1177550,Li4V3P8O29,"Li,O,P,V",2.479227463501984,1.1401,0.0385723290151505,-2.582964993192641,False,0.2285430139291221,0.5829605392751775,0,0.3297348464073293,V,,POSSIBLE
3108,mp-754325,Li3Fe4(BO3)4,"B,Fe,Li,O",3.319979452261347,1.5164,0.035076650543492,-2.3012924215942028,False,0.2984575264015029,0.4728135250225265,0,0.3296363732787109,Fe,,POSSIBLE
3109,mp-540433,Li2Fe3(P2O7)2,"Fe,Li,O,P",3.408466615612086,3.8427,0.0368384186956491,-2.442718145010352,False,0.2632216880811119,0.5281175295424201,0,0.3296130637844586,Fe,,POSSIBLE
3110,mp-770608,Li3Mn3O8,"Li,Mn,O",3.676272111021084,0.0,0.0310718433809462,-1.9771587759852227,False,0.3785547500407376,0.3460622652883892,0,0.3293269053733419,Mn,,POSSIBLE
3111,mp-1177858,Li2TiCoO4,"Co,Li,O,Ti",4.101099778128695,1.5091,0.037802894062497,-2.5166206950000003,False,0.2439319205548669,0.5570168475726538,0,0.3291184529556056,"Co, Ti",,POSSIBLE
3112,mp-27045,LiCoPO4,"Co,Li,O,P",3.770325098872612,2.6999,0.0359561557142802,-2.368133792568027,False,0.2808671857191057,0.4989515951922291,0,0.3291100104627883,Co,,POSSIBLE
3113,mp-774236,Li3CrSiCO7,"C,Cr,Li,O,Si",2.757407267648872,3.113,0.0375849757692341,-2.498921508269231,False,0.2482903452085681,0.5500956462571289,0,0.3290931660547076,Cr,,POSSIBLE
3114,mp-26829,LiCr(PO3)4,"Cr,Li,O,P",2.40680258212737,3.4423,0.0388911471759261,-2.6038586392724863,False,0.2221665647051201,0.5911309220692378,0,0.3290874333120493,Cr,,POSSIBLE
3115,mp-753329,Li3Ni3OF7,"F,Li,Ni,O",3.762802473712781,3.5293,0.0375014330357128,-2.4916036789285707,False,0.249961222416557,0.5472340362391209,0,0.3290105850127987,Ni,,POSSIBLE
3116,mp-758798,Li2FePO4F,"F,Fe,Li,O,P",3.167405754192263,3.6955,0.0387709447222208,-2.593236056534392,False,0.224570646206587,0.5869770004942223,0,0.3289558055866006,Fe,,POSSIBLE
3117,mp-26546,LiFeP2O7,"Fe,Li,O,P",2.846853117425988,2.2488,0.0374659181818195,-2.488293461147185,False,0.2506715290753671,0.5459395878550395,0,0.3289481967407157,Fe,,POSSIBLE
3118,mp-849568,Li5Mn6(BO3)6,"B,Li,Mn,O",3.1657572217354777,0.3331999999999999,0.0373019295000069,-2.474011895550083,False,0.2539513469513162,0.5403548346060906,0,0.3287974329353557,Mn,,POSSIBLE
3119,mp-1291817,Li4Fe3CoO8,"Co,Fe,Li,O",4.256123194917598,1.5204999999999995,0.0297317867187496,-1.8653857167708336,False,0.4053562447956002,0.3023538251073503,0,0.3287697734251527,"Co, Fe",,POSSIBLE
3120,mp-768837,Li3Mn2P2(CO7)2,"C,Li,Mn,O,P",2.6979265713311773,0.4526000000000001,0.0346403782246129,-2.259622341962948,False,0.3071830904735202,0.4565185949588484,0,0.3287322079960331,Mn,,POSSIBLE
3121,mp-1177679,Li3Fe2(SiO4)2,"Fe,Li,O,Si",2.929551223915901,1.5393,0.0378664720000037,-2.518497883,False,0.2426603446531303,0.5577509149765815,0,0.3286760098010252,Fe,,POSSIBLE
3122,mp-675692,LiTi2O4,"Li,O,Ti",3.8893142595787777,0.0,0.0463534050000014,-3.1998569871428564,False,0.0729193951089106,0.8241938651342916,0,0.3285735201069029,Ti,,POSSIBLE
3123,mp-1291459,Li2CrO2,"Cr,Li,O",3.0373149114803546,1.7028,0.0323874624999991,-2.076850024833334,False,0.3522420127413351,0.38504615834345,0,0.3284992624279418,Cr,,POSSIBLE
3124,mp-1176989,Li6MnV3(PO4)6,"Li,Mn,O,P,V",2.8604717569098623,0.4680999999999999,0.0396732698906125,-2.6620474433947043,False,0.2065238994159034,0.6138854380685166,0,0.3284480480027277,"Mn, V",,POSSIBLE
3125,mp-1100543,Li9Mn7O16,"Li,Mn,O",3.906759631530949,0.0,0.033116818281238,-2.134344182984914,False,0.3376547003561555,0.4075290356127161,0,0.3283452476603362,Mn,,POSSIBLE
3126,mp-754193,Li3TiCr3O8,"Cr,Li,O,Ti",3.8937992658473792,2.3315,0.0388257408333352,-2.592767026222222,False,0.2234747092017949,0.586793587930527,0,0.3282888458366716,"Cr, Ti",,POSSIBLE
3127,mp-775027,Li2Mn3CoO8,"Co,Li,Mn,O",4.245571761537408,0.6341000000000001,0.0304705250000143,-1.920574845747127,False,0.3905812798787605,0.3239353292681796,0,0.3281970691771811,"Co, Mn",,POSSIBLE
3128,mp-1640196,Li7Mn5O12,"Li,Mn,O",3.885086854218315,0.4436999999999997,0.0331695783333216,-2.1368217686661883,False,0.3365994850812528,0.4084978863027171,0,0.3281039770006401,Mn,,POSSIBLE
3129,mp-766028,K4Li5Ti8(PO5)8,"K,Li,O,P,Ti",2.7360135918827333,0.0114,0.0438153454729031,-2.992316805684249,False,0.1236812703504774,0.7430360470500057,0,0.3280873151602645,Ti,,POSSIBLE
3130,mp-1273123,Li2TiFeO4,"Fe,Li,O,Ti",3.884032920943246,1.4796999999999998,0.0385525440624956,-2.5682931053125,False,0.2289387183196636,0.5772231519453559,0,0.3279443982566895,"Fe, Ti",,POSSIBLE
3131,mp-758583,LiVP2O7,"Li,O,P,V",2.7120046411832748,2.2103,0.039924669545468,-2.678429040465368,False,0.2014958384979872,0.6202914008350864,0,0.3279247014661732,V,,POSSIBLE
3132,mp-38468,Li7Ti12O24,"Li,O,Ti",3.97696810508372,0.0,0.0458025705813955,-3.150760669147287,False,0.0839362320812101,0.804994932106051,0,0.3279131538817834,Ti,,POSSIBLE
3133,mp-1177392,Li5Mn4(P2O7)4,"Li,Mn,O,P",2.9661036472830595,0.4683999999999999,0.0384009284999864,-2.5551691739007487,False,0.2319710704716129,0.5720910872503175,0,0.3278159692969982,Mn,,POSSIBLE
3134,mp-1176885,Li7Fe6(SiO4)6,"Fe,Li,O,Si",2.894832902594412,1.9923,0.0378895343023284,-2.51333839007752,False,0.2421990923850528,0.5557333144085039,0,0.3277161608547554,Fe,,POSSIBLE
3135,mp-776874,Li2V3(FeO6)2,"Fe,Li,O,V",2.8896006650593007,0.0,0.0331399171052622,-2.1298562503508776,False,0.3371927176442354,0.4057740462042661,0,0.3274769108758226,"Fe, V",,POSSIBLE
3136,mp-772429,Li2V(BO2)5,"B,Li,O,V",2.271748499290431,2.8421000000000003,0.0407926022916687,-2.744421657916667,False,0.184136949429266,0.6460975690882763,0,0.327409471366993,V,,POSSIBLE
3137,mp-1304290,Li2Mn3NbO8,"Li,Mn,Nb,O",4.113586089152471,1.3096,0.0357582535714371,-2.339382577889983,False,0.2848252819645965,0.4877085393456758,0,0.3273518938515146,Mn,,POSSIBLE
3138,mp-1100516,Li9Mn7O16,"Li,Mn,O",3.9211910788195534,0.0,0.0332108201562384,-2.134250181109913,False,0.3357746374969919,0.4074922765281991,0,0.3272983474082153,Mn,,POSSIBLE
3139,mp-1290528,Li2TiFeO4,"Fe,Li,O,Ti",3.8959182719530094,1.7837,0.0386201821874951,-2.5682254671875,False,0.2275859375727425,0.5771967023074799,0,0.3271911114726263,"Fe, Ti",,POSSIBLE
3140,mp-1263751,LiFeSi3O8,"Fe,Li,O,Si",2.685574722652301,3.1168000000000005,0.0420164064102568,-2.840777587371794,False,0.1596605369083557,0.6837771978671551,0,0.3271353145530999,Fe,,POSSIBLE
3141,mp-540292,LiCrPO5,"Cr,Li,O,P",3.2868028505358,0.0037000000000002,0.0371719555624867,-2.4514059016220227,False,0.2565508607651622,0.5315148445379798,0,0.3271331690091321,Cr,,POSSIBLE
3142,mp-1292604,Li3Ni2SnO6,"Li,Ni,O,Sn",5.0212309434332525,0.3567999999999998,0.028897168819447,-1.7857908766666677,False,0.4220488279389175,0.2712285581435163,0,0.3270568507166353,Ni,,POSSIBLE
3143,mp-1176549,LiV3O6,"Li,O,V",4.109464986637173,1.4505000000000003,0.0375897752500051,-2.4836454588333323,False,0.2481943542983784,0.5441220037920794,0,0.3269495961913359,V,,POSSIBLE
3144,mp-757930,Li2Co3SbO8,"Co,Li,O,Sb",5.414513601491369,0.5583,0.0280982953571182,-1.7205982269047613,False,0.4380265126998796,0.2457352142877647,0,0.3269219069856514,Co,,POSSIBLE
3145,mp-753631,LiAlVO4,"Al,Li,O,V",3.5345844262435167,1.7215000000000005,0.0416418950000077,-2.809097857976191,False,0.1671508661463553,0.6713889572036933,0,0.3269191114017881,V,,POSSIBLE
3146,mp-758440,Li11V16O32,"Li,O,V",3.7951494128159,0.9520000000000004,0.0375123021822023,-2.476581457909605,False,0.2497438365545662,0.5413596524349306,0,0.3268349884572371,V,,POSSIBLE
3147,mp-754641,Li2MnCrO4,"Cr,Li,Mn,O",4.142970389599219,0.0,0.0346949868750003,-2.2495509218247127,False,0.3060909027338399,0.4525802034739574,0,0.3267530677194971,"Cr, Mn",,POSSIBLE
3148,mp-1651541,Li7Mn5O12,"Li,Mn,O",3.8673158551505913,0.7054999999999998,0.033312458124989,-2.136678888874521,False,0.3337418507028135,0.4084420136902014,0,0.3265127226781179,Mn,,POSSIBLE
3149,mp-755339,LiMn2P2HO8,"H,Li,Mn,O,P",3.079457300308285,3.418,0.0369972997321337,-2.432800044623652,False,0.2600440244896268,0.5242390931776237,0,0.326507896081463,Mn,,POSSIBLE
3150,mp-1275006,Li2Ni3SnO8,"Li,Ni,O,Sn",4.927645076474747,0.0413999999999998,0.0249427479166683,-1.4628713251190482,False,0.5011383127899642,0.1449520653883639,0,0.3263592949204077,Ni,,POSSIBLE
3151,mp-761202,Li3Fe4(BO3)4,"B,Fe,Li,O",3.269644322638128,1.8227,0.0354190055434928,-2.300950066594203,False,0.2916103340433963,0.4726796483697504,0,0.3258235606532806,Fe,,POSSIBLE
3152,mp-759442,Li8Fe9CoO20,"Co,Fe,Li,O",4.166526178308766,0.0,0.0294273897763153,-1.817048186491229,False,0.4114442657623227,0.2834516132006973,0,0.3255024107895216,"Co, Fe",,POSSIBLE
3153,mp-761222,Li3Fe4(BO3)4,"B,Fe,Li,O",3.2980838400226387,1.6431999999999998,0.0354495301087105,-2.3009195420289847,False,0.2909998345043429,0.4726677118517534,0,0.3254836081255023,Fe,,POSSIBLE
3154,mp-1177305,Li8Ti7Fe9(PO4)24,"Fe,Li,O,P,Ti",2.818037351503137,0.0,0.039081019904513,-2.5905322816765883,False,0.2183690589108713,0.5859196993657936,0,0.325174877179007,"Fe, Ti",,POSSIBLE
3155,mp-849701,Li3Fe4(BO3)4,"B,Fe,Li,O",3.265145336482672,1.7144,0.035482991195666,-2.300886080942029,False,0.2903306037383394,0.472654627017824,0,0.325110951512325,Fe,,POSSIBLE
3156,mp-764727,Li8NiO5F,"F,Li,Ni,O",2.478121204094116,2.0822,0.0320730542222209,-2.026269434444445,False,0.3585302631157224,0.3652668061017448,0,0.325035026849258,Ni,,POSSIBLE
3157,mp-756980,Li4Y3VO8,"Li,O,V,Y",4.074855430601437,1.7863999999999995,0.0443835920312514,-3.0146538542708328,False,0.112316185886007,0.7517708670399911,0,0.3248937057013007,V,,POSSIBLE
3158,mp-1304149,Li2Ni3SnO8,"Li,Ni,O,Sn",4.939074249739922,0.0442999999999997,0.0251013743452386,-1.4627126986904773,False,0.4979657414254514,0.1448900351118997,0,0.3245926700731633,Ni,,POSSIBLE
3159,mp-1661736,Li4Co3Sn5O16,"Co,Li,O,Sn",5.442757783373693,0.5714000000000006,0.031035906607145,-1.9394968994047617,False,0.3792734952115282,0.331334728159202,0,0.3245675772220612,Co,,POSSIBLE
3160,mp-1177022,Li6MnV3(PO4)6,"Li,Mn,O,P,V",2.852739360565309,0.4369999999999998,0.0400222632656115,-2.6616984500197054,False,0.1995439377669793,0.6137489655038222,0,0.3245613036981764,"Mn, V",,POSSIBLE
3161,mp-756536,Li2Ti3MnO8,"Li,Mn,O,Ti",3.5832273319129824,0.6227,0.0448070617857094,-3.045533013542694,False,0.1038466765561962,0.7638460477262969,0,0.3244617888101118,"Mn, Ti",,POSSIBLE
3162,mp-1178040,Li2Cr3(CuO6)2,"Cr,Cu,Li,O",3.0474380004536363,0.2216,0.0271283941973683,-1.6227920007456147,False,0.4574247975478962,0.2074884523626882,0,0.3242045969782838,Cr,,POSSIBLE
3163,mp-753431,LiMn2O2F3,"F,Li,Mn,O",3.782486472572252,0.7375999999999999,0.0386481477083355,-2.548330136149424,False,0.2270266196115957,0.5694167069072308,0,0.3241604882039084,Mn,,POSSIBLE
3164,mp-781670,Li5Mn6(BO3)6,"B,Li,Mn,O",3.1380065274421125,0.0,0.0377268499285801,-2.4735869751215107,False,0.245452823747849,0.5401886710487496,0,0.3240650879283793,Mn,,POSSIBLE
3165,mp-752879,Li3Ti4O8,"Li,O,Ti",3.7640979607945546,0.0,0.0450101710000012,-3.058878384222223,False,0.0997844374770047,0.7690647054255656,0,0.3240540875113005,Ti,,POSSIBLE
3166,mp-773044,LiCuO2,"Cu,Li,O",3.891646763834338,0.3303,0.0247106987499998,-1.425870712083333,False,0.5057793587239037,0.1304831129153773,0,0.3238477368185291,,,REVIEW
3167,mp-26717,LiFeP2O7,"Fe,Li,O,P",3.2453687856126487,2.0915,0.037936805000001,-2.487822574329003,False,0.241253665679249,0.545755449311555,0,0.3237039233826312,Fe,,POSSIBLE
3168,mp-1174320,Li4Mn3O7,"Li,Mn,O",3.879313920597837,0.7222,0.0335482335714161,-2.13499720158046,False,0.3290262781684528,0.4077843961121168,0,0.32368899163189,Mn,,POSSIBLE
3169,mp-504122,Li2FeP2O7,"Fe,Li,O,P",2.8143194601272747,4.2872,0.0385479395138874,-2.5363296940376974,False,0.2290308105340098,0.5647239785353575,0,0.3236203382810805,Fe,,POSSIBLE
3170,mp-1663998,Li2Mn3FeO8,"Fe,Li,Mn,O",4.215106169227402,0.4568000000000003,0.0316348645833182,-1.9797252557471268,False,0.3672941741054525,0.3470658776788657,0,0.3234848529456019,"Fe, Mn",,POSSIBLE
3171,mp-755033,Li5Mn2P2(CO7)2,"C,Li,Mn,O,P",2.699930138142363,0.0,0.0365966237222226,-2.3784830180725782,False,0.2680576527793655,0.5029986214350926,0,0.3234812265309335,Mn,,POSSIBLE
3172,mp-758629,LiCrCo3O8,"Co,Cr,Li,O",4.280236139179594,0.0,0.025791755288445,-1.5078762929487182,False,0.4841579363152756,0.1625510911111874,0,0.3231797468623172,"Co, Cr",,POSSIBLE
3173,mp-1177991,Li32Mn5Cr11O48,"Cr,Li,Mn,O",3.622170899056423,0.698,0.0345731597916652,-2.213642764545019,False,0.3085274772661838,0.438538451771873,0,0.3231785706165566,"Cr, Mn",,POSSIBLE
3174,mp-771000,Li4Ti5Ni3O16,"Li,Ni,O,Ti",4.061816656412033,0.3708,0.0398089694059464,-2.6343655746428576,False,0.2038098725011778,0.6030605459796392,0,0.3231666209685215,"Ni, Ti",,POSSIBLE
3175,mp-1222384,LiTi4O8,"Li,O,Ti",3.624114306021078,0.0,0.0483253153846163,-3.318736642820513,False,0.0334806554486906,0.8706813135002074,0,0.3231528202218524,Ti,,POSSIBLE
3176,mp-756333,LiFe2P2HO8,"Fe,H,Li,O,P",3.1477140325796307,3.5894000000000004,0.0353803719642913,-2.2776255734906448,False,0.2923830160497179,0.4635586918643505,0,0.3230562009798675,Fe,,POSSIBLE
3177,mp-780419,Li5Mn6(BO3)6,"B,Li,Mn,O",3.1329083671343705,0.0,0.0378413667857202,-2.473472458264369,False,0.243162455711506,0.5401438896565671,0,0.3227897120211268,Mn,,POSSIBLE
3178,mp-762644,LiFeSiO4,"Fe,Li,O,Si",2.5089537117933607,3.0816,0.0383099663095247,-2.510166298809525,False,0.233790338819978,0.5544928798851004,0,0.322657194310773,Fe,,POSSIBLE
3179,mp-756027,Li4Cr(WO4)3,"Cr,Li,O,W",6.122589835069138,2.2378,0.0356439799999996,-2.2953156511666664,False,0.2871107842212557,0.4704763311178065,0,0.322577647212923,Cr,,POSSIBLE
3180,mp-1176867,Li8CoNi9O20,"Co,Li,Ni,O",4.629594516770799,0.0,0.0244931316008774,-1.3990814251754389,False,0.5101307604000658,0.1200072616455246,0,0.3225744597959697,"Co, Ni",,POSSIBLE
3181,mp-26601,Li3Mn2(PO4)3,"Li,Mn,O,P",2.897174912696008,2.7995094205035542e-06,0.0385565802499883,-2.528964814989533,False,0.2288579934809556,0.561843969903762,0,0.3225172858808423,Mn,,POSSIBLE
3182,mp-753347,Li2MnNiO4,"Li,Mn,Ni,O",4.431739157074966,0.2562000000000002,0.0308424781250007,-1.9087633943247129,False,0.3831421170361708,0.3193165050042968,0,0.3224889411213978,"Mn, Ni",,POSSIBLE
3183,mp-765857,LiCr(SiO3)2,"Cr,Li,O,Si",3.211629990106532,2.9517,0.0430267224166662,-2.8876301703333342,False,0.1394539442243199,0.7020987266335253,0,0.3224342236451099,Cr,,POSSIBLE
3184,mp-531365,Li3Mn8O16,"Li,Mn,O",4.028403652735129,0.0,0.031825638558641,-1.9855160356832704,False,0.3634786431333538,0.3493303406918626,0,0.3221788729654965,Mn,,POSSIBLE
3185,mp-1100530,Li9Mn7O16,"Li,Mn,O",3.896202284793158,0.0,0.0336917932812381,-2.1337692079849138,False,0.326155045243498,0.4073041937718491,0,0.3219417427040711,Mn,,POSSIBLE
3186,mp-757231,LiMn2P2HO8,"H,Li,Mn,O,P",2.719198211855738,3.3759,0.0374135936607045,-2.432383750695081,False,0.2517180336134033,0.5240763029811081,0,0.3218716245307596,Mn,,POSSIBLE
3187,mp-26811,LiFe(PO3)4,"Fe,Li,O,P",2.4022743170011074,2.866,0.0384064583333332,-2.51128342371693,False,0.2318604723128779,0.5549297274361404,0,0.321748664374732,Fe,,POSSIBLE
3188,mp-1667148,Li7Mn5O12,"Li,Mn,O",3.88337995502744,0.7361,0.0337567481249889,-2.136234598874521,False,0.3248559308454275,0.4082682757338055,0,0.3215646584718171,Mn,,POSSIBLE
3189,mp-849333,Li5Mn6(BO3)6,"B,Li,Mn,O",3.128632058251388,0.0,0.0379557202142937,-2.473358104835797,False,0.2408753562905835,0.5400991721725209,0,0.3215161562202032,Mn,,POSSIBLE
3190,mp-758155,K8Li3Mn4O16,"K,Li,Mn,O",2.588005643203556,0.0286,0.0298856892741898,-1.824508837087876,False,0.4022781521680623,0.2863690729410602,0,0.3214821592218053,Mn,,POSSIBLE
3191,mp-1235362,LiTi4O8,"Li,O,Ti",3.6531892532924433,0.0,0.0484878646153852,-3.3185740935897434,False,0.0302296269819402,0.8706177492264949,0,0.3213425070693403,Ti,,POSSIBLE
3192,mp-1174270,Li4Mn3CoO8,"Co,Li,Mn,O",4.175370459314691,0.5674000000000001,0.032391014218752,-2.024065134820403,False,0.3521709774081198,0.3644048229106636,0,0.3212357255931982,"Co, Mn",,POSSIBLE
3193,mp-753984,LiMnCoO4,"Co,Li,Mn,O",4.350658387838289,0.0,0.0294350613888765,-1.7857876823234824,False,0.4112908314415058,0.2712273090074632,0,0.3211395154454403,"Co, Mn",,POSSIBLE
3194,mp-1222487,LiLa8Cu3O16,"Cu,La,Li,O",6.863856761811988,0.2107999999999998,0.0454530804464026,-3.0727207608333345,False,0.0909261290640246,0.7744777154507246,0,0.3210765713929672,,,REVIEW
3195,mp-1177363,Li4Mn3Sn3(SbO8)2,"Li,Mn,O,Sb,Sn",5.124415505489024,0.0,0.0332845854464256,-2.094195003647372,False,0.3342993117933739,0.3918288479670797,0,0.3210047182748335,Mn,,POSSIBLE
3196,mp-753392,Li2NiOF2,"F,Li,Ni,O",3.9283094306472126,2.1821,0.0380729649999995,-2.477552437777778,False,0.2385304289470052,0.5417393505105074,0,0.3208005085995304,Ni,,POSSIBLE
3197,mp-1285981,Li2TiFeO4,"Fe,Li,O,Ti",3.912705981201632,1.6326,0.0392045146874959,-2.5676411346874994,False,0.2158991299356714,0.5769682012509495,0,0.3206833919024516,"Fe, Ti",,POSSIBLE
3198,mp-757691,Li4Mn3Fe3(TeO8)2,"Fe,Li,Mn,O,Te",4.605151706119809,0.1206999999999993,0.0307962766406246,-1.8895447214449927,False,0.3840661591875998,0.3118011142667937,0,0.3203667775465577,"Fe, Mn",,POSSIBLE
3199,mp-758722,Li2FeCu(PO4)2,"Cu,Fe,Li,O,P",3.735969541624224,0.0,0.0361951892857117,-2.321484118996598,False,0.2760864498057033,0.4807094133901646,0,0.3200958420796944,Fe,,POSSIBLE
3200,mp-540421,Li2MnP2O7,"Li,Mn,O,P",2.8899267725633417,4.1701,0.0400632512499719,-2.631181240740285,False,0.1987241670223252,0.6018153240193983,0,0.3199336552690682,Mn,,POSSIBLE
3201,mp-755827,LiV3O8,"Li,O,V",3.140159856567522,1.8409,0.0360933766666704,-2.310817972361112,False,0.2781227296528116,0.4765384563146756,0,0.3197559610191828,V,,POSSIBLE
3202,mp-775133,Li4Ti3Fe3(WO8)2,"Fe,Li,O,Ti,W",5.147693856304056,0.9939,0.0383531715029779,-2.49144564797619,False,0.2329262232953249,0.547172238821412,0,0.3196197063999229,"Fe, Ti",,POSSIBLE
3203,mp-753065,Li4Mn3V3(WO8)2,"Li,Mn,O,V,W",5.079745784778724,0.8083999999999998,0.0360638963392911,-2.307249125611659,False,0.2787123441533901,0.4751428720320215,0,0.3195917944955721,"Mn, V",,POSSIBLE
3204,mp-1176882,Li7Fe5O12,"Fe,Li,O",3.8833431115446255,0.0,0.0307574680208269,-1.8806905422222229,False,0.3848423420530665,0.3083387203265121,0,0.3195818402434658,Fe,,POSSIBLE
3205,mp-1639002,LiCo3(OF3)2,"Co,F,Li,O",4.228752901956937,0.8473999999999999,0.0333926862500018,-2.091311776111111,False,0.3321372665591859,0.390701372534424,0,0.3194209769946007,Co,,POSSIBLE
3206,mp-1289276,Li3Ni2SnO6,"Li,Ni,O,Sn",5.033925040983869,0.3442000000000003,0.0295878867361141,-1.7851001587500008,False,0.4082342832686214,0.2709584554644378,0,0.319364315210295,Ni,,POSSIBLE
3207,mp-758095,Li2(NiO2)3,"Li,Ni,O",4.59318780965577,0.5394999999999999,0.0235221842802992,-1.295270281060606,False,0.5295499687468743,0.079412298829259,0,0.3190467874010216,Ni,,POSSIBLE
3208,mp-759639,Li3Fe(PO4)2,"Fe,Li,O,P",2.558849767448504,0.5248,0.0390392396428582,-2.542055419056122,False,0.2192046754151484,0.5669630020641032,0,0.3189996222007678,Fe,,POSSIBLE
3209,mp-1174173,Li4Mn3CoO8,"Co,Li,Mn,O",4.145304947030963,0.8424999999999998,0.0325992835937523,-2.0238568654454028,False,0.348005533722687,0.3643233799441498,0,0.3189162265279303,"Co, Mn",,POSSIBLE
3210,mp-1177029,Li5V6O5F19,"F,Li,O,V",2.872375250692777,0.4375,0.0442642621587223,-2.958510126476192,False,0.114702815528551,0.7298160705523535,0,0.3185221732340268,V,,POSSIBLE
3211,mp-1177859,Li2SiNiO4,"Li,Ni,O,Si",3.119828134676475,3.5592,0.0376920525000006,-2.4290004620833336,False,0.2461487817068412,0.5227532805198716,0,0.3183454781207178,Ni,,POSSIBLE
3212,mp-531942,Li9Ni23O32,"Li,Ni,O",5.558498103932555,0.0,0.0243263654687506,-1.3512060590624992,False,0.5134661280315798,0.1012857773218373,0,0.3178563924800119,Ni,,POSSIBLE
3213,mp-758772,Li8(NiO2)11,"Li,Ni,O",4.703869199966818,0.1948000000000003,0.0240900797052798,-1.3296680117479676,False,0.518191907044484,0.0928634038153743,0,0.3175077402098472,Ni,,POSSIBLE
3214,mp-759220,Li2MnPO4F,"F,Li,Mn,O,P",3.096428488622239,3.6651,0.0413202061111128,-2.7128216863045065,False,0.1735847307071879,0.6337405174101663,0,0.3172807829825116,Mn,,POSSIBLE
3215,mp-697796,Li2Cr5(PO4)4,"Cr,Li,O,P",3.247632023427584,2.3367,0.0384523942361081,-2.4790604479717806,False,0.2309417418651196,0.5423290523028734,0,0.3168331263318215,Cr,,POSSIBLE
3216,mp-1566890,Li4V(TeO4)3,"Li,O,Te,V",4.689770621861491,1.3137,0.0316970577500015,-1.9358135714166664,False,0.3660502939937575,0.3298943764128477,0,0.3167906934410633,V,,POSSIBLE
3217,mp-758807,Li5MnP2(O4F)2,"F,Li,Mn,O,P",2.7850223637678218,1.6278,0.0412513284259166,-2.701452671512041,False,0.1749623029924427,0.629294706349196,0,0.3164824138680621,Mn,,POSSIBLE
3218,mp-1177430,Li4Fe2(PO4)3,"Fe,Li,O,P",3.004826299781918,2.1514,0.0388731729761886,-2.508488604393424,False,0.2225260535488216,0.5538368237071304,0,0.3162322177493475,Fe,,POSSIBLE
3219,mp-26773,Li3Fe(PO4)2,"Fe,Li,O,P",3.1416234429486605,2.2211,0.0393161201785723,-2.541778538520408,False,0.2136669900060099,0.5668547289577069,0,0.3159159996385029,Fe,,POSSIBLE
3220,mp-1274264,Li2TiFeO4,"Fe,Li,O,Ti",3.9147118618524095,1.4748,0.0396365074999955,-2.567209141875,False,0.207259157145739,0.5767992720641087,0,0.3158722816525945,"Fe, Ti",,POSSIBLE
3221,mp-1174238,Li4Mn3CoO8,"Co,Li,Mn,O",4.127804052327746,0.9166999999999996,0.0328821842187521,-2.023573964820403,False,0.3423474449037776,0.36421275270417,0,0.3157655581435372,"Co, Mn",,POSSIBLE
3222,mp-1978357,Li7Mn5O12,"Li,Mn,O",3.878651809934456,0.6686999999999999,0.0343550266666552,-2.135636320332855,False,0.3128901986127827,0.4080343211294152,0,0.3149016216323258,Mn,,POSSIBLE
3223,mp-25391,Li2CrPO4F,"Cr,F,Li,O,P",2.9567931194216777,2.8006,0.0409134824305432,-2.662255645145504,False,0.1817193140415941,0.6139668545908376,0,0.3148340218296699,Cr,,POSSIBLE
3224,mp-1278864,Li2VCrO4,"Cr,Li,O,V",4.05759353212058,1.2108999999999996,0.0378213349999994,-2.4133801127083343,False,0.2435630968299543,0.5166450008408254,0,0.3147854535507637,"Cr, V",,POSSIBLE
3225,mp-760108,Li7Fe7P6(O8F)3,"F,Fe,Li,O,P",3.4465472336776086,3.3213000000000004,0.0386537045212778,-2.4800388667274564,False,0.2269154818536723,0.5427116593278135,0,0.3147525957842545,Fe,,POSSIBLE
3226,mp-849585,Li5Mn6(BO3)6,"B,Li,Mn,O",3.16224049848675,0.1475999999999999,0.0385768763571494,-2.47273694869294,False,0.2284520658623945,0.5398562713670497,0,0.3145983312027844,Mn,,POSSIBLE
3227,mp-1100538,Li9Mn7O16,"Li,Mn,O",3.937660124747208,0.0,0.0343591545312387,-2.133101846734913,False,0.3128076402075268,0.4070432246306283,0,0.3145093307348596,Mn,,POSSIBLE
3228,mp-1177582,Li3V3P8O29,"Li,O,P,V",2.4417303730751247,1.2229,0.0393535572674332,-2.5325026827242523,False,0.2129182381292811,0.5632274399576218,0,0.3142346349562722,V,,POSSIBLE
3229,mp-774232,Li4Cr3Ni3(SbO8)2,"Cr,Li,Ni,O,Sb",4.874049253490875,0.0,0.0320508580357072,-1.9455057944047616,False,0.3589741928339252,0.333684484258817,0,0.3142253755492448,"Cr, Ni",,POSSIBLE
3230,mp-768842,Li24Mn5Cr7O36,"Cr,Li,Mn,O",3.629924496325276,1.1559,0.0353551805555527,-2.2101614361063224,False,0.2928868510204485,0.4371770911999891,0,0.3140997499812429,"Cr, Mn",,POSSIBLE
3231,mp-1176749,LiFe2(PO4)2,"Fe,Li,O,P",3.644851533607669,1.4384,0.0375092886538466,-2.383166700970696,False,0.2498041079346485,0.5048301582581715,0,0.3140828147544167,Fe,,POSSIBLE
3232,mp-1177912,Li3Fe2(P2O7)2,"Fe,Li,O,P",2.999932982781433,1.3198000000000003,0.0391244749637698,-2.5122618196118007,False,0.2174999460027394,0.5553123255214475,0,0.3139842842340132,Fe,,POSSIBLE
3233,mp-1275910,Li2VCrO4,"Cr,Li,O,V",4.058941842944428,1.2088,0.0378990218749999,-2.4133024258333338,False,0.2420093383721332,0.5166146216765377,0,0.3139202536914615,"Cr, V",,POSSIBLE
3234,mp-1100518,Li9Mn7O16,"Li,Mn,O",3.9236776260660906,0.0,0.0344344101562379,-2.133026591109914,False,0.3113025074056169,0.4070137961976349,0,0.3136712077422615,Mn,,POSSIBLE
3235,mp-1100534,Li9Mn7O16,"Li,Mn,O",3.934645554554884,0.0,0.0344532610937386,-2.133007740172413,False,0.3109254835701315,0.407006424608453,0,0.3134612645765309,Mn,,POSSIBLE
3236,mp-1641274,Li7Mn5O12,"Li,Mn,O",3.857855486658447,0.5373000000000001,0.034486868124989,-2.135504478874521,False,0.3102533338788582,0.4079827650162025,0,0.3134333013890429,Mn,,POSSIBLE
3237,mp-768603,Li4Ni3Sn5O16,"Li,Ni,O,Sn",5.538080377835974,0.8671000000000006,0.0311114297023769,-1.86383405529762,False,0.3777630129328081,0.3017470536441743,0,0.3133811258885055,Ni,,POSSIBLE
3238,mp-1100515,Li9Mn7O16,"Li,Mn,O",3.925427402906128,0.0,0.0344622148437379,-2.132998786422414,False,0.3107464061546667,0.4070029232777302,0,0.3133615465322723,Mn,,POSSIBLE
3239,mp-775902,LiV3OF11,"F,Li,O,V",2.909371816000372,1.2936,0.0448244950390606,-2.965329519583333,False,0.1034980067861535,0.7324827689302045,0,0.313292872857956,V,,POSSIBLE
3240,mp-1174214,Li4Mn3CoO8,"Co,Li,Mn,O",4.156177780380105,0.8230999999999997,0.0331209504687519,-2.023335198570403,False,0.3375720554911253,0.3641193840478165,0,0.3131064149368547,"Co, Mn",,POSSIBLE
3241,mp-778112,Li24Mn5Cr7O36,"Cr,Li,Mn,O",3.645768134072369,1.1303,0.0354529512499972,-2.210063665411878,False,0.2909314107556778,0.4371388583326092,0,0.313010876332036,"Cr, Mn",,POSSIBLE
3242,mp-1275582,Li2Mn3NbO8,"Li,Mn,Nb,O",4.1301400093466665,1.2736999999999998,0.0370670296428645,-2.338073801818556,False,0.2586494074637727,0.4871967473178794,0,0.3127760356663328,Mn,,POSSIBLE
3243,mp-1101597,LiCrP2O7,"Cr,Li,O,P",3.13898238412587,2.5258000000000003,0.0407483013636351,-2.63359593387446,False,0.1850229799411265,0.6027595808121575,0,0.3127284922518747,Cr,,POSSIBLE
3244,mp-849336,Li2V3P4(HO4)4,"H,Li,O,P,V",2.7607896641550487,2.3911999999999995,0.0371399780818908,-2.343245681215107,False,0.257190419003737,0.4892191915706944,0,0.3126814475017984,V,,POSSIBLE
3245,mp-764983,Li3VCr3O8,"Cr,Li,O,V",3.975082317085155,1.5066000000000002,0.0377995646875026,-2.395907159,False,0.24399850895293,0.5098122671095071,0,0.3126334734124389,"Cr, V",,POSSIBLE
3246,mp-780319,Li3MnP2H2O9,"H,Li,Mn,O,P",2.709918984088632,0.8976,0.0373982780882347,-2.3635849085127507,False,0.2520243491945252,0.4971727709566039,0,0.3126238618918002,Mn,,POSSIBLE
3247,mp-1177221,Li4V3Fe3(WO8)2,"Fe,Li,O,V,W",5.224228060203741,1.307,0.0351957546986625,-2.186379837261904,False,0.2960754111670234,0.4278773851902701,0,0.3125985609584574,"Fe, V",,POSSIBLE
3248,mp-1664329,Li2Mn2P4H3O16,"H,Li,Mn,O,P",2.942741885944068,0.8808999999999999,0.0364037018055531,-2.280859207587043,False,0.2719161431578545,0.4648231924825066,0,0.3122419961056973,Mn,,POSSIBLE
3249,mp-1176973,Li6MnV3(PO4)6,"Li,Mn,O,P,V",2.8525580248959588,0.6435027981758843,0.0411378236406125,-2.6605828896447044,False,0.1772324293190363,0.613312729757375,0,0.3121372915405512,"Mn, V",,POSSIBLE
3250,mp-32525,Li2V(PO4)2,"Li,O,P,V",2.855926672081236,2.6334,0.0409630352564107,-2.6458551671886443,False,0.1807282441562361,0.6075535085237598,0,0.3120442622692458,V,,POSSIBLE
3251,mp-25887,Li2Mn(PO3)4,"Li,Mn,O,P",3.070656798801547,5.0535000000000005,0.0405414453508896,-2.6113849725352183,False,0.1891601560001766,0.5940740667725218,0,0.3119640091704798,Mn,,POSSIBLE
3252,mp-764932,Li3Fe4(BO3)4,"B,Fe,Li,O",3.2700843502472683,1.2706,0.036683980760884,-2.2996850913768108,False,0.2663104884395786,0.472184984503444,0,0.3117355132179736,Fe,,POSSIBLE
3253,mp-778864,Li2Mn3(PO4)3,"Li,Mn,O,P",3.4030065511974805,0.0135,0.0396385455000087,-2.536877028969416,False,0.2072183965956779,0.5649380118300544,0,0.3116984222681419,Mn,,POSSIBLE
3254,mp-1100529,Li9Mn7O16,"Li,Mn,O",3.9210647389454887,0.0,0.0346193682812385,-2.1328416329849134,False,0.3076032950089208,0.4069414690089599,0,0.3116113264080424,Mn,,POSSIBLE
3255,mp-754032,Li2NiP2O7,"Li,Ni,O,P",2.9057755671934187,4.366,0.0388573230555602,-2.473132020912697,False,0.2228430562372681,0.5400107628930562,0,0.3115674479430671,Ni,,POSSIBLE
3256,mp-768511,Li8Mn3V(PO4)6,"Li,Mn,O,P,V",2.8344365744537185,0.4024999999999998,0.0408505652380855,-2.632915139245642,False,0.1829776748640996,0.6024933585979816,0,0.3115103966845484,"Mn, V",,POSSIBLE
3257,mp-25456,Li2CuPCO7,"C,Cu,Li,O,P",2.899278038036316,0.0,0.0339225097222168,-2.074571577609127,False,0.3215406541828878,0.3841551800083765,0,0.3113016728035201,,,REVIEW
3258,mp-19394,LiV2O4,"Li,O,V",4.135503957644958,0.0,0.0389905117857178,-2.481716318333333,False,0.2201792457034102,0.5433676205557461,0,0.3112772523313867,V,,POSSIBLE
3259,mp-760283,Li3Cr(BO3)2,"B,Cr,Li,O",2.862677875216387,3.1140000000000003,0.0404606027083316,-2.599849707569444,False,0.1907770306604882,0.5895632441979878,0,0.3112745023325642,Cr,,POSSIBLE
3260,mp-757393,Li4Mn3Cu3(TeO8)2,"Cu,Li,Mn,O,Te",4.876077642988579,0.0,0.0293752333296053,-1.7079555307307064,False,0.412487408766917,0.2407913348472744,0,0.3111450420183504,Mn,,POSSIBLE
3261,mp-1177250,Li5V3P8O29,"Li,O,P,V",2.55312216390014,0.6288000000000001,0.0406239848148066,-2.6117477368624344,False,0.1875093444549286,0.594215924416997,0,0.3111057129961597,V,,POSSIBLE
3262,mp-754340,Li4Ti3Cr3(WO8)2,"Cr,Li,O,Ti,W",5.196530910432064,0.0,0.0409860881607109,-2.639841913690477,False,0.180267179851184,0.6052020480496044,0,0.3109676657355127,"Cr, Ti",,POSSIBLE
3263,mp-25393,Li2FePO4F,"F,Fe,Li,O,P",3.127165609041084,4.0613,0.0404007147222209,-2.5916062865343914,False,0.191974806538856,0.5863396849813916,0,0.3108050333398579,Fe,,POSSIBLE
3264,mp-757337,Li2Ti3Ni(PO4)6,"Li,Ni,O,P,Ti",2.833662941038828,0.0133999999999999,0.0423899446064828,-2.75101111262566,False,0.1521896722133647,0.6486743509084933,0,0.3107403425353233,"Ni, Ti",,POSSIBLE
3265,mp-1650552,Li7Mn4CoO12,"Co,Li,Mn,O",4.000764624554214,0.8341000000000003,0.0338827048958298,-2.067166098752395,False,0.32233676144889,0.3812592949722466,0,0.3107259720371758,"Co, Mn",,POSSIBLE
3266,mp-849274,LiFeOF2,"F,Fe,Li,O",3.3733606779178182,2.4912,0.0395044775555533,-2.518478076666667,False,0.2098997916526799,0.5577431697834035,0,0.3106549948331651,Fe,,POSSIBLE
3267,mp-764865,Li8FeCo9O20,"Co,Fe,Li,O",4.800465980860338,0.1478999999999999,0.0287184583717046,-1.6507924738596491,False,0.4256230851049957,0.2184379335055288,0,0.3105459735346828,"Co, Fe",,POSSIBLE
3268,mp-771016,Li2FeBO4,"B,Fe,Li,O",2.6789857354629625,2.395,0.0369681728125002,-2.313577470416666,False,0.2606265707399495,0.4776175477928781,0,0.3105107556344795,Fe,,POSSIBLE
3269,mp-757987,Li3Mn3NiO8,"Li,Mn,Ni,O",4.239723951342534,0.3784,0.0327221568333362,-1.9717787602528745,False,0.3455480357831426,0.3439584300935471,0,0.3104368702134699,"Mn, Ni",,POSSIBLE
3270,mp-776639,Li4Ti3Cr3(FeO8)2,"Cr,Fe,Li,O,Ti",3.962585530175245,0.7337000000000002,0.0402457972817504,-2.57588931404762,False,0.1950731971407884,0.5801936211929125,0,0.310358025844953,"Cr, Fe, Ti",,POSSIBLE
3271,mp-1977994,Li7Mn5O12,"Li,Mn,O",3.873273098554979,0.6067,0.0347727074999886,-2.135218639499522,False,0.3045364692671579,0.4078709885889369,0,0.3102499041030647,Mn,,POSSIBLE
3272,mp-1314570,Li2CoO3,"Co,Li,O",3.912374445589812,0.7738,0.0299583950000101,-1.7470912594444443,False,0.400824018037624,0.2560952163858909,0,0.310086535655755,Co,,POSSIBLE
3273,mp-1100537,Li9Mn7O16,"Li,Mn,O",3.934533337914999,0.0,0.0347708032812379,-2.132690197984914,False,0.3045745541558785,0.4068822509139617,0,0.3099247926056198,Mn,,POSSIBLE
3274,mp-752479,Li5Mn3Cr2O10,"Cr,Li,Mn,O",4.094040097510652,0.9105000000000004,0.0359176752499985,-2.223453044522988,False,0.281636805385725,0.4423747253657974,0,0.3097313968401778,"Cr, Mn",,POSSIBLE
3275,mp-850394,LiV3OF11,"F,Li,O,V",2.836657253024669,1.7972,0.0451471081640599,-2.965006906458333,False,0.0970456572538991,0.7323566122644141,0,0.3096999257821894,V,,POSSIBLE
3276,mp-26777,LiCrP2O7,"Cr,Li,O,P",3.289964609391591,2.5142999999999995,0.0410266115909099,-2.6333176236471854,False,0.1794567003150819,0.60265074863018,0,0.3096289471938581,Cr,,POSSIBLE
3277,mp-1100532,Li9Mn7O16,"Li,Mn,O",3.914837683748672,0.0,0.0348019364062386,-2.1326590648599133,False,0.3039518832569921,0.4068700764209192,0,0.3095780625386674,Mn,,POSSIBLE
3278,mp-768784,Li24Mn5Cr7O36,"Cr,Li,Mn,O",3.640986774251248,1.156,0.0357724501388867,-2.209744166522989,False,0.2845413467857559,0.4370139194772977,0,0.3094526125492199,"Cr, Mn",,POSSIBLE
3279,mp-531342,Li21V20O40,"Li,O,V",4.118609729698434,0.1407999999999996,0.0385698212962957,-2.4342775590123464,False,0.2285931689827326,0.524816869698449,0,0.3094121473349601,V,,POSSIBLE
3280,mp-757759,LiMnPO5,"Li,Mn,O,P",3.4333231324418807,0.3419000000000003,0.0373769725347274,-2.337066278863404,False,0.2524504660123314,0.4868027592036968,0,0.3092287220280761,Mn,,POSSIBLE
3281,mp-768924,Li24Mn5Cr7O36,"Cr,Li,Mn,O",3.6463923259234,1.1406999999999998,0.0357951283333299,-2.209721488328545,False,0.2840877767789302,0.4370050512534857,0,0.3092000451671316,"Cr, Mn",,POSSIBLE
3282,mp-774855,Li4Fe3Ni3(SnO8)2,"Fe,Li,Ni,O,Sn",4.887966435856253,0.0,0.0289386096510444,-1.657284767261903,False,0.4212200001273575,0.2209767207571678,0,0.3090128523350554,"Fe, Ni",,POSSIBLE
3283,mp-32017,Li3Mn3(PO4)4,"Li,Mn,O,P",3.145737300164239,0.6178999999999999,0.0394207859615027,-2.49953064201402,False,0.2115736461114134,0.550333845748433,0,0.3089823513732289,Mn,,POSSIBLE
3284,mp-777372,Li6MnV3(PO4)6,"Li,Mn,O,P,V",2.855232968093941,0.0,0.0414293211406135,-2.660291392144704,False,0.1714024006808993,0.6131987407413165,0,0.3088908796339554,"Mn, V",,POSSIBLE
3285,mp-768905,Li24Mn5Cr7O36,"Cr,Li,Mn,O",3.6265391436832495,1.007,0.0358388540277756,-2.2096777626341,False,0.2832132510940102,0.4369879524828745,0,0.3087130714707117,"Cr, Mn",,POSSIBLE
3286,mp-705432,Li6Ni5(P2O7)4,"Li,Ni,O,P",3.261870633132106,3.775300000000001,0.0383320590070894,-2.409616170683889,False,0.2333484789086735,0.515173125274596,0,0.3086522572458791,Ni,,POSSIBLE
3287,mp-756002,Li2TiFe2O5,"Fe,Li,O,Ti",4.36379675949901,1.4602999999999997,0.0375250495000001,-2.3442553475,False,0.2494888867597297,0.4896140178260213,0,0.3085837939569588,"Fe, Ti",,POSSIBLE
3288,mp-760797,LiV24O58,"Li,O,V",3.386390153555053,0.0806,0.0370166343975935,-2.302563854738955,False,0.2596573259644626,0.4733107142373712,0,0.3084702792635344,V,,POSSIBLE
3289,mp-762454,LiCrO2,"Cr,Li,O",4.16506727213112,1.7688999999999997,0.0378680956249999,-2.370753757708333,False,0.2426278717151962,0.4999761228415245,0,0.3084369724378915,Cr,,POSSIBLE
3290,mp-774219,Li3MnCo3O8,"Co,Li,Mn,O",4.69039210803147,0.4676999999999998,0.0302668614285765,-1.7593521778620698,False,0.3946546062504225,0.2608898030509429,0,0.3083714645055624,"Co, Mn",,POSSIBLE
3291,mp-26559,LiFePO4,"Fe,Li,O,P",2.905995417686449,3.6206,0.0387511146428574,-2.441144900068026,False,0.2249672531434723,0.5275023179437119,0,0.3083578005092089,Fe,,POSSIBLE
3292,mp-776741,Li2Mn3SbO8,"Li,Mn,O,Sb",4.4032850515788375,0.7369999999999997,0.0342432964285706,-2.07796491360427,False,0.3151248335162616,0.3854821314616189,0,0.3082374044455105,Mn,,POSSIBLE
3293,mp-26358,LiFeP2O7,"Fe,Li,O,P",2.904830309902528,2.5133,0.0393300888636369,-2.486429290465366,False,0.2133876125363457,0.5452106108250985,0,0.3081869006837746,Fe,,POSSIBLE
3294,mp-756035,LiTi4O8,"Li,O,Ti",3.732863350545221,0.0,0.0496832784615399,-3.317378679743589,False,0.006321027568623,0.8701502870763714,0,0.3080291656394727,Ti,,POSSIBLE
3295,mp-768726,Li24Mn5Cr7O36,"Cr,Li,Mn,O",3.6475106102511057,1.1774,0.0359194380555534,-2.209597178606322,False,0.2816015487990698,0.4369564403977403,0,0.3078156059786975,"Cr, Mn",,POSSIBLE
3296,mp-644527,LiY2Ti2S2O5,"Li,O,S,Ti,Y",4.130655557680406,0.0,0.0469250614166725,-3.0935424683333337,False,0.061486112558097,0.7826199669299939,0,0.3077343503324512,Ti,,POSSIBLE
3297,mp-1177175,Li5Fe2P2(CO7)2,"C,Fe,Li,O,P",2.732050437808011,1.2674026856152736,0.0371472189499959,-2.307345120838096,False,0.2570455996882453,0.475180410609223,0,0.3076882235417629,Fe,,POSSIBLE
3298,mp-1100542,Li9Mn7O16,"Li,Mn,O",3.912352675075008,0.0,0.0349735676562383,-2.1324874336099136,False,0.3005192119555433,0.4068029606572769,0,0.3076666028055957,Mn,,POSSIBLE
3299,mp-758612,LiMn(PO3)3,"Li,Mn,O,P",2.6926448493090187,1.9429,0.0407120444642581,-2.593071203585209,False,0.1857481277097943,0.58691253535997,0,0.3075808576163764,Mn,,POSSIBLE
3300,mp-1174190,Li4Mn3CoO8,"Co,Li,Mn,O",4.150786583214634,0.8628,0.033623134218752,-2.022833014820403,False,0.3275282450155722,0.3639230069552412,0,0.3075135871928992,"Co, Mn",,POSSIBLE
3301,mp-768533,Li8TiMn3(PO4)6,"Li,Mn,O,P,Ti",2.8176590020201018,1.1916000000000002,0.0421630479166674,-2.707943851229768,False,0.1567276672202438,0.631833058098632,0,0.3073417873056553,"Mn, Ti",,POSSIBLE
3302,mp-770486,Li3Ni2SnO6,"Li,Ni,O,Sn",5.029837394147734,0.0,0.0306740613194476,-1.784013984166667,False,0.3865104985815176,0.2705337109228148,0,0.3072675730428199,Ni,,POSSIBLE
3303,mp-504387,Li6Mn5(P2O7)4,"Li,Mn,O,P",2.9605880742932067,3.702900000000001,0.0409508279787234,-2.6093161262084683,False,0.1809723930031744,0.5932650520908795,0,0.3071775843835537,Mn,,POSSIBLE
3304,mp-773804,Li2MnFe3O8,"Fe,Li,Mn,O",4.054155397267002,0.0,0.0311232551666584,-1.81835142675698,False,0.3775265004569886,0.2839612404722192,0,0.3070260094166205,"Fe, Mn",,POSSIBLE
3305,mp-776558,Li5Mn6(BO3)6,"B,Li,Mn,O",3.180108305015952,0.2924,0.0392655973571489,-2.4720482276929405,False,0.2146774600641644,0.5395869495748263,0,0.3069280353864796,Mn,,POSSIBLE
3306,mp-773002,Li4Ti3Co3(SbO8)2,"Co,Li,O,Sb,Ti",4.6157808182437865,0.6356999999999999,0.0383683035714286,-2.399832043869048,False,0.2326235778440895,0.5113470787780972,0,0.3069144453865832,"Co, Ti",,POSSIBLE
3307,mp-757815,Li4Cr3Ni3(WO8)2,"Cr,Li,Ni,O,W",5.528587843934848,0.2578999999999998,0.0340596851388852,-2.052763793333334,False,0.318797108843314,0.3756273268638077,0,0.3068079742661554,"Cr, Ni",,POSSIBLE
3308,mp-765474,Li2Ni3(P2O7)2,"Li,Ni,O,P",3.544356442731209,3.5965000000000003,0.0376825615217404,-2.343440157619047,False,0.2463386038324537,0.4892952408470403,0,0.3067395664043136,Ni,,POSSIBLE
3309,mp-764743,Li6MnV3(PO4)6,"Li,Mn,O,P,V",2.864597186321856,0.3389999999999999,0.0416274451406124,-2.660093268144704,False,0.1674398672324413,0.6131212650860622,0,0.3066843697579645,"Mn, V",,POSSIBLE
3310,mp-1297800,Li5Mn3O8,"Li,Mn,O",3.794512341314252,0.9864000000000002,0.0351564168749893,-2.1398956215912355,False,0.2968621782527649,0.4096999050865282,0,0.3066691648193056,Mn,,POSSIBLE
3311,mp-1642922,Li7Mn4CoO12,"Co,Li,Mn,O",4.010714124633084,0.8100999999999998,0.0342536503124968,-2.066795153335728,False,0.3149177530445406,0.3811142381430896,0,0.3065947475245787,"Co, Mn",,POSSIBLE
3312,mp-1650669,Li7Mn5O12,"Li,Mn,O",3.85284769428832,0.4312,0.035111719999989,-2.134879626999521,False,0.2977561278107751,0.4077384190083862,0,0.3064743169488615,Mn,,POSSIBLE
3313,mp-1175158,Li7Mn4CoO12,"Co,Li,Mn,O",4.014088501104562,0.7816000000000001,0.0342753859374971,-2.066773417710728,False,0.3144830346808527,0.3811057385075622,0,0.3063526775521158,"Co, Mn",,POSSIBLE
3314,mp-765354,Li2Co2(SO4)3,"Co,Li,O,S",3.060645648760912,2.7744,0.0324299620394743,-1.917036441732456,False,0.3513920104866085,0.322551649504034,0,0.3061586830940466,Co,,POSSIBLE
3315,mp-768825,Li24Mn5Cr7O36,"Cr,Li,Mn,O",3.643337007863404,1.1349,0.0360722963888857,-2.209444320272989,False,0.2785443408953927,0.4368966657135218,0,0.3061132204921986,"Cr, Mn",,POSSIBLE
3316,mp-1174467,Li7Mn2(CoO4)3,"Co,Li,Mn,O",4.060843009249518,1.6717000000000002,0.0326004237500008,-1.9302858266331413,False,0.3479827302901337,0.3277327723205473,0,0.3060969719717651,"Co, Mn",,POSSIBLE
3317,mp-886210,Li5Ni6(P2O7)4,"Li,Ni,O,P",3.531397826566555,0.9115034342414408,0.0378440277482257,-2.3513603539108408,False,0.2431092357435405,0.492392404226795,0,0.3060474211383255,Ni,,POSSIBLE
3318,mp-768843,Li24Mn5Cr7O36,"Cr,Li,Mn,O",3.642305877301229,1.1509999999999998,0.0360917251388857,-2.209424891522989,False,0.278155760654043,0.4368890681729057,0,0.3058968422202407,"Cr, Mn",,POSSIBLE
3319,mp-584450,Li9Co3P8O29,"Co,Li,O,P",2.755417652547692,1.5143,0.0393510251870754,-2.4712139294314865,False,0.2129688804195236,0.5392607003345334,0,0.3058741293478247,Co,,POSSIBLE
3320,mp-1173884,Li2MnCoO4,"Co,Li,Mn,O",4.377631886896118,0.7161,0.0325002753125005,-1.9205420586997128,False,0.3499857260574711,0.3239225080149126,0,0.3058650271368285,"Co, Mn",,POSSIBLE
3321,mp-761142,Li5Ti2Co3O10,"Co,Li,O,Ti",4.2728068317354015,0.8963999999999999,0.0379030917500058,-2.354767733666667,False,0.2419279397740733,0.4937248474405568,0,0.3058640634799352,"Co, Ti",,POSSIBLE
3322,mp-765086,Li5V3P8O29,"Li,O,P,V",2.5640894054529,0.0,0.0410981073703622,-2.611273614306878,False,0.1780267654384144,0.5940305205504153,0,0.3058254031837732,V,,POSSIBLE
3323,mp-755839,Li3VCr3O8,"Cr,Li,O,V",3.960875955533509,1.2581000000000002,0.0384198610208361,-2.3952868626666666,False,0.2315924149471383,0.5095697025293606,0,0.3057252241062023,"Cr, V",,POSSIBLE
3324,mp-1100531,Li9Mn7O16,"Li,Mn,O",3.927879024538703,0.0,0.0351704489062383,-2.1322905523599136,False,0.2965815338423236,0.4067259709748,0,0.305473933454458,Mn,,POSSIBLE
3325,mp-758148,LiNiPO4,"Li,Ni,O,P",3.128956717862046,3.5118,0.0376003592857134,-2.3274477879251703,False,0.2479826707289268,0.4830414840023151,0,0.30545498830172,Ni,,POSSIBLE
3326,mp-761891,Li3Ti4O8,"Li,O,Ti",3.957450957630276,0.0,0.046683688333335,-3.0572048668888887,False,0.0663136393407562,0.7684102826803165,0,0.3054161005755267,Ti,,POSSIBLE
3327,mp-776634,Li3Mn4(BO3)4,"B,Li,Mn,O",3.1465869422773376,0.3217000000000003,0.0394082411231817,-2.470003432828586,False,0.2118245462620904,0.5387873401283344,0,0.3050790694890668,Mn,,POSSIBLE
3328,mp-25446,Li3NiPCO7,"C,Li,Ni,O,P",2.915385482039844,4.0127,0.0372147051923086,-2.293316524395604,False,0.255695856636034,0.4696945800097897,0,0.3050258241532451,Ni,,POSSIBLE
3329,mp-752820,Li2VP2O7,"Li,O,P,V",2.6675095435578866,2.7747,0.0416266291753455,-2.647227781746032,False,0.1674561867579047,0.6080902643546808,0,0.3049324952409858,V,,POSSIBLE
3330,mp-25871,Li3Cu2P5O16,"Cu,Li,O,P",2.95736736118791,0.2537999999999998,0.03841264134617,-2.3866440628159333,False,0.2317368103881327,0.5061899677083973,0,0.304621734411412,,,REVIEW
3331,mp-773674,Li4Ti3V3(FeO8)2,"Fe,Li,O,Ti,V",3.908323277752696,1.1950000000000005,0.041776653571425,-2.6542306344047626,False,0.1644556583638029,0.6108287039096335,0,0.3042406584684633,"Fe, Ti, V",,POSSIBLE
3332,mp-775524,Li2V3FeO8,"Fe,Li,O,V",3.985114088386682,1.2463999999999995,0.0378083813839289,-2.335138387976191,False,0.2438221726458985,0.486048864623808,0,0.304219297573577,"Fe, V",,POSSIBLE
3333,mp-768925,Li24Mn7Cr5O36,"Cr,Li,Mn,O",3.669017666722056,0.1214999999999997,0.0360965535416673,-2.196719876882184,False,0.278059191295839,0.4319208193271646,0,0.304104841977219,"Cr, Mn",,POSSIBLE
3334,mp-769037,Li24Mn5Cr7O36,"Cr,Li,Mn,O",3.623842486098839,1.1738,0.0362549402777743,-2.2092616763841004,False,0.2748914138452547,0.4368252434982937,0,0.3040791128392929,"Cr, Mn",,POSSIBLE
3335,mp-754987,Li3FePCO7,"C,Fe,Li,O,P",2.7187808840439898,4.056500000000001,0.0379464398076905,-2.344555154010989,False,0.2410609669262493,0.4897312560500044,0,0.3039894714269387,Fe,,POSSIBLE
3336,mp-752615,Li4(CuO2)3,"Cu,Li,O",3.643011791461496,0.0,0.0277345600000007,-1.5228533941025644,False,0.4453013179681604,0.1684078309594959,0,0.3038584657183119,,,REVIEW
3337,mp-25943,Li2CuP2O7,"Cu,Li,O,P",3.099618669940876,0.0,0.0387989637499996,-2.412108247996031,False,0.2240102580922374,0.5161476428630908,0,0.3038573169528124,,,REVIEW
3338,mp-761096,Li3Co3OF7,"Co,F,Li,O",3.646266749713007,2.6661,0.0399308637499986,-2.501300988928573,False,0.2013719527363468,0.551026133342226,0,0.3036137206747699,Co,,POSSIBLE
3339,mp-766459,LiCo2(PO4)2,"Co,Li,O,P",2.927327093402264,0.4981,0.0366476798076931,-2.2366432827014657,False,0.2670365172964088,0.4475327190759975,0,0.303506536189624,Co,,POSSIBLE
3340,mp-752766,Li2CrSiO4,"Cr,Li,O,Si",2.980473297256175,3.0789,0.0414150535416677,-2.613795254583334,False,0.1716877565088265,0.5950165986264405,0,0.3026840755991087,Cr,,POSSIBLE
3341,mp-1177182,Li4VCo3(PO4)4,"Co,Li,O,P,V",3.574377552632148,1.1076000000000006,0.0392524641071485,-2.437448980782312,False,0.214940128607167,0.5260570424171317,0,0.3023370355799379,"Co, V",,POSSIBLE
3342,mp-851334,Li4V3P8O29,"Li,O,P,V",2.5007714863867694,1.1247999999999998,0.0410332910606046,-2.580504031147186,False,0.1793231091192483,0.581998189196298,0,0.3023270762342909,V,,POSSIBLE
3343,mp-777958,Li24Mn5Cr7O36,"Cr,Li,Mn,O",3.627748600311746,0.883,0.0364170201388862,-2.2090995965229894,False,0.2716497728982675,0.4367618627698452,0,0.3022740270634929,"Cr, Mn",,POSSIBLE
3344,mp-772967,Li2Cr3BiO8,"Bi,Cr,Li,O",5.157740480823087,0.3616999999999999,0.0353655692658758,-2.1240346608333334,False,0.2926790740113943,0.4034975352187513,0,0.3021976280328299,Cr,,POSSIBLE
3345,mp-1222453,LiLa4CuO8,"Cu,La,Li,O",6.676230330869065,0.0001999999999995,0.0479469082142864,-3.135025580238095,False,0.0410489009392766,0.7988417839577879,0,0.3021715199018279,,,REVIEW
3346,mp-753527,Li2Mn(SiO3)2,"Li,Mn,O,Si",2.672278062453657,3.3968,0.0438434790151509,-2.805171915872519,False,0.1231185919158549,0.6698537321074254,0,0.3021640317913191,Mn,,POSSIBLE
3347,mp-1301347,Li2TiFeO4,"Fe,Li,O,Ti",3.907810557474904,1.6268999999999996,0.0408766234374953,-2.5659690259375,False,0.1824565038461085,0.5763143293269882,0,0.3020610923798055,"Fe, Ti",,POSSIBLE
3348,mp-753644,LiVSiO4,"Li,O,Si,V",3.755902925537296,0.8512999999999993,0.0437958743749931,-2.8002005122619047,False,0.1240706975614513,0.6679096831670314,0,0.3020072727672592,V,,POSSIBLE
3349,mp-778219,Li4Cr3Co3(SnO8)2,"Co,Cr,Li,O,Sn",4.93955000712808,0.0,0.0335208355952376,-1.9720136165476183,False,0.3295742450832534,0.3440502697764019,0,0.3016834292175301,"Co, Cr",,POSSIBLE
3350,mp-26907,LiCr(PO3)4,"Cr,Li,O,P",2.870152245851962,3.1407000000000007,0.0413669674537047,-2.601382818994708,False,0.1726494912404083,0.5901627617337252,0,0.3015141867890283,Cr,,POSSIBLE
3351,mp-759239,Li3Fe4(BO3)4,"B,Fe,Li,O",3.2491476129161896,1.5781000000000005,0.0376078831521882,-2.298761188985507,False,0.2478321913696957,0.471823695900562,0,0.3014459988185293,Fe,,POSSIBLE
3352,mp-26903,Li3V2(PO4)3,"Li,O,P,V",3.134922992284588,2.0512,0.042418175000007,-2.685188461196428,False,0.1516250567270866,0.6229346472377398,0,0.3014209077331066,V,,POSSIBLE
3353,mp-758792,Li3CrSi2O7,"Cr,Li,O,Si",2.898833394255801,2.715,0.0436862232692307,-2.785963346923076,False,0.1262637492575926,0.6623422924743764,0,0.3012648644577076,Cr,,POSSIBLE
3354,mp-1175331,Li7Mn5O12,"Li,Mn,O",3.86861526019899,0.0,0.0355863206249891,-2.1344050263745213,False,0.2882639872764008,0.4075528281945221,0,0.3011886828701032,Mn,,POSSIBLE
3355,mp-759347,Li2V(SO4)2,"Li,O,S,V",2.769023706237313,3.4122000000000003,0.0362928325708509,-2.191077170705128,False,0.2741335577614101,0.4297142600083759,0,0.3011734477717071,V,,POSSIBLE
3356,mp-1276468,Li2TiV2O6,"Li,O,Ti,V",3.74348082520668,1.3883,0.043070547386355,-2.7355171695454548,False,0.1385774330077561,0.6426155019421192,0,0.3011330138340076,"Ti, V",,POSSIBLE
3357,mp-757646,Li3Mn(PO4)2,"Li,Mn,O,P",3.121693355811569,0.5757999999999996,0.0411410876785849,-2.579438818194053,False,0.1771671476790393,0.5815816416224074,0,0.3009955057913142,Mn,,POSSIBLE
3358,mp-1638873,Li3Fe2P4HO14,"Fe,H,Li,O,P",2.861180151714272,4.1461,0.039411484444412,-2.4402908537425585,False,0.2117596789625244,0.5271683462962425,0,0.3009767446330733,Fe,,POSSIBLE
3359,mp-755562,LiMnO2,"Li,Mn,O",3.986105021811459,0.9007000000000001,0.0354898037499999,-2.124380160316093,False,0.290194350813819,0.4036326415098461,0,0.3008783174760466,Mn,,POSSIBLE
3360,mp-540431,Li2Fe5(PO4)4,"Fe,Li,O,P",3.4159523723717244,3.5628,0.0383369349999984,-2.3529711542680776,False,0.2332509577350829,0.4930223017311913,0,0.3008458323602126,Fe,,POSSIBLE
3361,mp-632692,LiFe4(PO4)4,"Fe,Li,O,P",3.4385086239125866,0.7423000000000002,0.0382992342999992,-2.34921354127619,False,0.2340049819056929,0.4915529011096659,0,0.3007462554365142,Fe,,POSSIBLE
3362,mp-1664598,Li2Mn3FeO8,"Fe,Li,Mn,O",4.231375415000301,0.7011999999999996,0.0336913317261755,-1.9776687886042688,False,0.326164276469265,0.3462617038311637,0,0.3005819483990031,"Fe, Mn",,POSSIBLE
3363,mp-1277038,Li2TiFeO4,"Fe,Li,O,Ti",3.9173794333306375,1.4426000000000003,0.0410101299999956,-2.565835519375,False,0.179786336579654,0.5762621220809684,0,0.3005742278471486,"Fe, Ti",,POSSIBLE
3364,mp-1176679,LiFeSnO4,"Fe,Li,O,Sn",5.038553058866082,2.4201,0.0337361676785725,-1.980979798690476,False,0.3252675453258015,0.3475564620431064,0,0.300541911644278,Fe,,POSSIBLE
3365,mp-1174279,Li4Mn3CoO8,"Co,Li,Mn,O",4.157989231277675,0.9116,0.0342562767187519,-2.022199872320403,False,0.3148652242109055,0.363675418929273,0,0.3004622699412436,"Co, Mn",,POSSIBLE
3366,mp-766500,Li5Mn3(BO3)4,"B,Li,Mn,O",3.028629653538452,0.0,0.0401574827083353,-2.4960188315469343,False,0.1968395124339662,0.5489605652924213,0,0.3003979296910289,Mn,,POSSIBLE
3367,mp-759944,Li5V3P8O29,"Li,O,P,V",2.593718631190088,0.0165,0.0415864834814732,-2.610785238195767,False,0.1682591114655696,0.5938395428838078,0,0.300386351315396,V,,POSSIBLE
3368,mp-1101596,Li2FeP2O7,"Fe,Li,O,P",2.8285468224050234,0.1152125135091308,0.040643433680553,-2.5342341998710314,False,0.1871203618932242,0.5639045433147669,0,0.3002827892014417,Fe,,POSSIBLE
3369,mp-1177821,Li2V3FeO8,"Fe,Li,O,V",3.993414906435175,1.2827999999999995,0.038172956026786,-2.3347738133333342,False,0.2365305814364091,0.4859062990621169,0,0.3001590244617659,"Fe, V",,POSSIBLE
3370,mp-773042,Li5V3P8O29,"Li,O,P,V",2.557167283763915,0.0,0.0416171810370293,-2.610754540640212,False,0.1676451520730801,0.5938275387185812,0,0.3000444721916974,V,,POSSIBLE
3371,mp-26823,Li2Cu3(P2O7)2,"Cu,Li,O,P",3.5576351494404514,0.0604999999999997,0.0366604828260808,-2.2122794017494813,False,0.2667804534747479,0.4380053138081038,0,0.3000311092439477,,,REVIEW
3372,mp-1661760,Li2Mn3FeO8,"Fe,Li,Mn,O",4.215010273217577,0.4369999999999998,0.0337507970833179,-1.9776093232471263,False,0.324974953284277,0.3462384501238411,0,0.2999196818496967,"Fe, Mn",,POSSIBLE
3373,mp-1303296,LiNbFeO4,"Fe,Li,Nb,O",4.2840636980243865,2.1653,0.0397102332142864,-2.456033660833332,False,0.2057846229707235,0.5333245126107826,0,0.2998451220476719,Fe,,POSSIBLE
3374,mp-849458,Li5Mn6(BO3)6,"B,Li,Mn,O",3.168918856959467,0.1871177329004161,0.0399139167857214,-2.471399908264368,False,0.2017108965937221,0.539333426667239,0,0.2997076924600808,Mn,,POSSIBLE
3375,mp-756753,Li3La7(FeO8)2,"Fe,La,Li,O",6.116690856825685,0.9455,0.0473053218749957,-3.0642625416071434,False,0.0538808008076781,0.7711701601982824,0,0.2995439965136218,Fe,,POSSIBLE
3376,mp-26126,LiFe(PO3)4,"Fe,Li,O,P",2.7725564196404644,1.8317,0.040425076388888,-2.509264805661375,False,0.1914875666333972,0.554140354333626,0,0.2992672856651376,Fe,,POSSIBLE
3377,mp-780137,Li3Mn4(BO3)4,"B,Li,Mn,O",3.322465128788306,0.7077,0.0399467085869513,-2.469464965364817,False,0.2010550517227858,0.5385767744240849,0,0.2990821494959619,Mn,,POSSIBLE
3378,mp-774500,Li5NiO4,"Li,Ni,O",2.669790717194597,1.6658,0.0316759145833325,-1.8044793534166672,False,0.3664731630309902,0.2785366176512669,0,0.299048055844988,Ni,,POSSIBLE
3379,mp-1177783,Li32Mn11Cr5O48,"Cr,Li,Mn,O",3.688315733471067,1.0065,0.0363936773437512,-2.1832468279573747,False,0.2721166350982203,0.4266522335237044,0,0.2989924310373177,"Cr, Mn",,POSSIBLE
3380,mp-776982,Li3Mn4(BO3)4,"B,Li,Mn,O",3.171082487323945,0.4695000000000002,0.0399606696739081,-2.469451004277861,False,0.2007758262173272,0.5385713149928198,0,0.2989266646670169,Mn,,POSSIBLE
3381,mp-1175149,Li7Mn4CoO12,"Co,Li,Mn,O",4.035024446482181,0.6741000000000001,0.0349714076041633,-2.066077396044061,False,0.3005624135797667,0.3808335618167204,0,0.2986010741047238,"Co, Mn",,POSSIBLE
3382,mp-850862,Li2Cr(SO4)2,"Cr,Li,O,S",2.7534811948138938,2.3361,0.035952404697805,-2.144749577820513,False,0.2809422070605321,0.4115980266641242,0,0.2985775232157361,Cr,,POSSIBLE
3383,mp-755739,Li3VP2HO8,"H,Li,O,P,V",2.929513777547004,3.0833,0.0406978330487826,-2.524588612369046,False,0.1860323598531586,0.5601326721026455,0,0.2983642331551631,V,,POSSIBLE
3384,mp-1275497,LiCo3NiO8,"Co,Li,Ni,O",4.36482931895422,0.2097,0.0245265802884553,-1.2238279187179475,False,0.5094617776249594,0.0514750280522577,0,0.2982202375120178,"Co, Ni",,POSSIBLE
3385,mp-1177850,Li2TiCoO4,"Co,Li,O,Ti",4.08449653247658,1.471,0.0405893993749968,-2.5138341896875005,False,0.1882010625813378,0.5559271950068067,0,0.2980851026721181,"Co, Ti",,POSSIBLE
3386,mp-752796,Li4Ti2Mn3O10,"Li,Mn,O,Ti",3.7635932741333,0.4941,0.0416258926315746,-2.59712766125227,False,0.1674709178320221,0.5884987980831508,0,0.298083584136715,"Mn, Ti",,POSSIBLE
3387,mp-1175219,Li7Mn4CoO12,"Co,Li,Mn,O",4.005629101546626,0.6917,0.0350433792708306,-2.066005424377394,False,0.2991229608304177,0.380805417563451,0,0.2977995246039376,"Co, Mn",,POSSIBLE
3388,mp-1204876,LiMnP3(H5O7)2,"H,Li,Mn,O,P",2.117700836907724,4.0589,0.0331859653448241,-1.9159092614721709,False,0.3362717404304318,0.3221108698445508,0,0.2976882616823302,Mn,,POSSIBLE
3389,mp-849571,Li5Mn6(BO3)6,"B,Li,Mn,O",3.149931142428123,0.0,0.0401093187857224,-2.471204506264368,False,0.1978028038795438,0.5392570154399872,0,0.2975314975377446,Mn,,POSSIBLE
3390,mp-757257,Li4CrCo3(PO4)4,"Co,Cr,Li,O,P",3.551165890267619,1.0944000000000005,0.0394407317857155,-2.41581284042517,False,0.2111747242463151,0.5175963099902343,0,0.2973048068320553,"Co, Cr",,POSSIBLE
3391,mp-765701,Li4V3FeO8,"Fe,Li,O,V",3.979219133145763,1.5136999999999996,0.0384058804687494,-2.331083505833334,False,0.2318720297604461,0.4844632180035229,0,0.2970917426694783,"Fe, V",,POSSIBLE
3392,mp-780736,Li2VP2HO8,"H,Li,O,P,V",2.6907232185678462,2.3775,0.041074399124569,-2.5451132571215984,False,0.1785009367501199,0.5681587582964867,0,0.2970310806163363,V,,POSSIBLE
3393,mp-756239,Li8CrO6,"Cr,Li,O",2.6797524088542897,1.0428000000000002,0.035587055499997,-2.1038972317777778,False,0.2882492895779934,0.3956228682868351,0,0.2970051131682887,Cr,,POSSIBLE
3394,mp-1175161,Li7Mn4CoO12,"Co,Li,Mn,O",3.998862082258808,0.7254,0.0351410411458301,-2.0659077625023947,False,0.2971696969839034,0.3807672272495114,0,0.2967118628784759,"Co, Mn",,POSSIBLE
3395,mp-757931,LiV(PO3)3,"Li,O,P,V",2.316720375348941,2.5322,0.0419610938979442,-2.613703838018707,False,0.1607668020764228,0.5949808505179549,0,0.2966650388233167,V,,POSSIBLE
3396,mp-1176894,Li7Mn3P3(CO7)3,"C,Li,Mn,O,P",2.705426937815847,0.3777999999999999,0.0387781727327265,-2.3575258663798646,False,0.2244260840465519,0.4948034050066957,0,0.296615537977947,Mn,,POSSIBLE
3397,mp-1185179,Li10Co4O9,"Co,Li,O",3.547876893963029,1.4378593432243965,0.0315343996603258,-1.7747034253623184,False,0.369303499668011,0.2668928514401075,0,0.2965294228214437,Co,,POSSIBLE
3398,mp-766571,Li3Cr4(PO4)6,"Cr,Li,O,P",3.0838538995581843,0.0231999999999998,0.0407354677837794,-2.5128555054826243,False,0.1852796550003921,0.5555444841789415,0,0.2963443797128452,Cr,,POSSIBLE
3399,mp-764125,Li4Mn2(PO4)3,"Li,Mn,O,P",2.869131666904366,0.8595999999999999,0.0416415408333303,-2.583221307529714,False,0.1671579495754479,0.5830607700458861,0,0.2960081417825565,Mn,,POSSIBLE
3400,mp-769583,Li3VCr3O8,"Cr,Li,O,V",3.9532022938496354,1.5089000000000006,0.0392955043541691,-2.3944112193333336,False,0.214079312055664,0.50922728545208,0,0.2959731715388432,"Cr, V",,POSSIBLE
3401,mp-768737,Li3Mn2P2(CO7)2,"C,Li,Mn,O,P",2.6905951548133227,0.0,0.037586808876787,-2.256675911310773,False,0.2482536825629873,0.455366404182168,0,0.2959177668734019,Mn,,POSSIBLE
3402,mp-757842,LiVCoO4,"Co,Li,O,V",4.083644577841779,1.4663,0.0355729317032968,-2.094816608333333,False,0.2885317693222147,0.3920719241736676,0,0.2959176465880017,"Co, V",,POSSIBLE
3403,mp-752621,Li3FeB4O9,"B,Fe,Li,O",2.6463284712379305,3.0827,0.0416187495955897,-2.579986830980392,False,0.1676137804787175,0.5817959399896392,0,0.2958161582596684,Fe,,POSSIBLE
3404,mp-758173,Li3Fe2(SiO4)2,"Fe,Li,O,Si",2.9212932786137693,1.5027,0.0408181360000039,-2.515546219,False,0.1836262683742603,0.5565966777186473,0,0.2958032848073697,Fe,,POSSIBLE
3405,mp-760100,Li4Cr2(PO4)3,"Cr,Li,O,P",2.852676450756339,0.8370000000000002,0.0420426886904916,-2.61336045010771,False,0.1591348842134135,0.5948465699491648,0,0.2957204857995851,Cr,,POSSIBLE
3406,mp-770679,Li5CrP2(O4F)2,"Cr,F,Li,O,P",2.750712724036496,3.134100000000001,0.0438346891666503,-2.75681885755291,False,0.1232943912571296,0.6509454480183303,0,0.2956428219978368,Cr,,POSSIBLE
3407,mp-778674,Li2CrP4(H2O3)6,"Cr,H,Li,O,P",2.147178574311202,2.4080000000000004,0.0338969851689112,-1.9560360073037328,False,0.3220511521348317,0.3378022849508915,0,0.2953589334069694,Cr,,POSSIBLE
3408,mp-754552,Li3Mn4(BO3)4,"B,Li,Mn,O",3.128061652686388,0.7007000000000001,0.0402841661956472,-2.4691275077561223,False,0.1943058085119604,0.5384448128780117,0,0.2953238791888823,Mn,,POSSIBLE
3409,mp-757421,Li2Cr3Si3O10,"Cr,Li,O,Si",3.3141681356514905,2.1846,0.0427646400925869,-2.668100568148148,False,0.1446956614086063,0.6162524900491444,0,0.295270985291934,Cr,,POSSIBLE
3410,mp-765052,Li4Co3Cu3(TeO8)2,"Co,Cu,Li,O,Te",5.291377563220183,0.0,0.0282853548086707,-1.5034821720238096,False,0.4342852732052646,0.1608327864235952,0,0.2951483755111538,Co,,POSSIBLE
3411,mp-756199,Li3Mn2P2(CO7)2,"C,Li,Mn,O,P",2.758826678872873,0.0,0.0376618317028745,-2.2566008884846864,False,0.2467532058021143,0.4553370667843258,0,0.2950822365656769,Mn,,POSSIBLE
3412,mp-776396,Li2MnP2O7,"Li,Mn,O,P",2.776089822773145,3.1415,0.0423010662499727,-2.628943425740284,False,0.153967263320536,0.6009402347648745,0,0.2950110769940008,Mn,,POSSIBLE
3413,mp-1176805,Li8VO6,"Li,O,V",2.6008407540586536,1.6063999999999998,0.0370020971666642,-2.199859522444444,False,0.2599480745047991,0.4331485660776986,0,0.294573439104834,V,,POSSIBLE
3414,mp-760975,Li4TiV3O8,"Li,O,Ti,V",4.037116131322052,0.2531999999999996,0.0418838941406241,-2.592092726666668,False,0.1623108180492248,0.5865299055906573,0,0.2945564168838037,"Ti, V",,POSSIBLE
3415,mp-1101725,Na6Li3Fe6(PO4)8,"Fe,Li,Na,O,P",2.957187869978458,1.4336,0.0399310849545457,-2.433602145916704,False,0.2013675285857299,0.5245527519128586,0,0.294345603891652,Fe,,POSSIBLE
3416,mp-1101557,Li2Mn(PO4)2,"Li,Mn,O,P",3.0259137691743945,0.6558999999999999,0.0402796224145358,-2.461528704529494,False,0.1943966853599772,0.535473329064175,0,0.2943338421204488,Mn,,POSSIBLE
3417,mp-759656,Li3MnP2HO8,"H,Li,Mn,O,P",2.808406894407588,4.417,0.0408625521666676,-2.50753517756445,False,0.1827379330587095,0.5534639896824189,0,0.2942182595711369,Mn,,POSSIBLE
3418,mp-697800,LiFe4P7O24,"Fe,Li,O,P",3.0511586713656724,2.4096,0.0396736107870303,-2.4110886082175926,False,0.2065170813955828,0.5157489165101098,0,0.294096515546109,Fe,,POSSIBLE
3419,mp-540462,LiCrPO4,"Cr,Li,O,P",2.919015954592298,0.4112,0.0411674652678515,-2.530222711853741,False,0.1766395887777494,0.562335865806313,0,0.2939693268599718,Cr,,POSSIBLE
3420,mp-774463,Li3Cr2(PO4)3,"Cr,Li,O,P",2.964077456300568,2.8011,0.0423899342499867,-2.6251626584464285,False,0.1521898793460806,0.599461779739456,0,0.2935160565491539,Cr,,POSSIBLE
3421,mp-1174519,Li5Mn3O8,"Li,Mn,O",3.829743828960813,0.0045999999999999,0.0363525421874895,-2.138699496278736,False,0.2729393493206035,0.4092321647201297,0,0.2933478997783774,Mn,,POSSIBLE
3422,mp-780571,Li3Mn4(BO3)4,"B,Li,Mn,O",3.131417040276826,0.4661999999999999,0.0404746033695602,-2.4689370705822085,False,0.1904970136589176,0.5383703431275838,0,0.293202977607059,Mn,,POSSIBLE
3423,mp-1101531,Li9Co3P8O29,"Co,Li,O,P",2.749678274149215,1.5756,0.0405067209013614,-2.470058233717201,False,0.1898546543584549,0.5388087698125421,0,0.29300312933154,Co,,POSSIBLE
3424,mp-766399,Li3Cr4(PO4)6,"Cr,Li,O,P",3.003402194715837,0.0070999999999998,0.0410572930540489,-2.512533680212355,False,0.1788430627752756,0.5554186356008209,0,0.2927602069866889,Cr,,POSSIBLE
3425,mp-31979,Li2Mn(PO3)4,"Li,Mn,O,P",2.406936270334345,4.1915,0.0422736674561532,-2.6096527504299543,False,0.1545152465883772,0.5933966877439762,0,0.2926722263339991,Mn,,POSSIBLE
3426,mp-25911,LiV3(P3O10)2,"Li,O,P,V",2.47419817149088,2.1257,0.0427084804999786,-2.644550894706349,False,0.1458188684111068,0.6070434776077872,0,0.2926655947888343,V,,POSSIBLE
3427,mp-1273442,Li4Mn3CoO8,"Co,Li,Mn,O",4.147952466237035,0.4994999999999998,0.0349796714062522,-2.021476477632903,False,0.3003971353086391,0.3633925381201753,0,0.2924058127618129,"Co, Mn",,POSSIBLE
3428,mp-778011,Li3Cr(Si2O5)3,"Cr,Li,O,Si",2.5437433655264097,4.0629,0.0471174122000004,-2.9963533053000004,False,0.0576390450005162,0.7446145052512567,0,0.2923165515882238,Cr,,POSSIBLE
3429,mp-766582,Li2SiNiO4,"Li,Ni,O,Si",3.181923048347427,2.9164000000000003,0.0400352221875008,-2.4266572923958334,False,0.1992847558332277,0.5218369927056168,0,0.2922495631552411,Ni,,POSSIBLE
3430,mp-1303127,Li3Fe2(SiO4)2,"Fe,Li,O,Si",2.912429424786556,1.8254,0.0411481063333365,-2.515216248666667,False,0.1770267726905647,0.55646764404383,0,0.2921284003951511,Fe,,POSSIBLE
3431,mp-1176592,LiTi(PO3)4,"Li,O,P,Ti",2.800585191230249,0.0319306196851139,0.0438687131521104,-2.732924547513228,False,0.1226139023691794,0.6416016667138084,0,0.2919982296528816,Ti,,POSSIBLE
3432,mp-754087,Li3Fe2(SiO4)2,"Fe,Li,O,Si",2.950774909088103,1.6259,0.0412133756666701,-2.5151509793333333,False,0.1757213684159974,0.5564421207131479,0,0.2914014948784004,Fe,,POSSIBLE
3433,mp-26757,LiCoPO4,"Co,Li,O,P",3.0291973483210506,2.6302,0.0393505253571371,-2.3647394229251697,False,0.2129788771531301,0.4976242395348825,0,0.2913068662714305,Co,,POSSIBLE
3434,mp-26677,Li3Fe2(PO4)3,"Fe,Li,O,P",3.3318047164304523,1.484,0.0407129207499989,-2.4715291284464285,False,0.1857306017585801,0.5393839577400885,0,0.29093621617625,Fe,,POSSIBLE
3435,mp-26911,Li4CrP2O9,"Cr,Li,O,P",2.731811147485109,0.4519000000000001,0.0420607779910717,-2.5791329998511907,False,0.1587730933218091,0.5814620524938713,0,0.29083691969985,Cr,,POSSIBLE
3436,mp-765428,Li4V3P8O29,"Li,O,P,V",2.521800474730876,0.8514,0.042067864356059,-2.5794694578517325,False,0.158631364110354,0.5815936231468845,0,0.2908050183621043,V,,POSSIBLE
3437,mp-781610,Li3Mn4(BO3)4,"B,Li,Mn,O",3.1355266794261265,0.1706999999999998,0.0407051579347772,-2.468706516016991,False,0.1858858601572111,0.538280185620103,0,0.2906352880535022,Mn,,POSSIBLE
3438,mp-753147,LiV(PO3)3,"Li,O,P,V",2.925762960911519,1.4381000000000004,0.0425064788979439,-2.613158453018708,False,0.1498589549463526,0.5947675797368237,0,0.2905910781283822,V,,POSSIBLE
3439,mp-1174498,Li5Mn3O8,"Li,Mn,O",3.813740546023627,0.6991,0.0366069721874895,-2.138445066278736,False,0.2678506806822924,0.4091326708124437,0,0.2905143091596162,Mn,,POSSIBLE
3440,mp-1176561,LiV4OF11,"F,Li,O,V",3.342466631263295,0.8691,0.0487782841176445,-3.114112720784314,False,0.0244211585894517,0.7906638878451225,0,0.2901639979699913,V,,POSSIBLE
3441,mp-770906,Li3Mn(BO3)2,"B,Li,Mn,O",2.6660647942966915,1.3439,0.0413381287500014,-2.516054885105364,False,0.1732262730943741,0.5567955897122412,0,0.2901529066011902,Mn,,POSSIBLE
3442,mp-752957,Li4CrSb(WO6)2,"Cr,Li,O,Sb,W",6.00293267588426,1.5482,0.0380007028749975,-2.2476684736666663,False,0.239975690941406,0.4518440791047384,0,0.2901320577044317,Cr,,POSSIBLE
3443,mp-759018,LiMn2(PO4)3,"Li,Mn,O,P",3.125933065914393,0.7797000000000003,0.0391937245833311,-2.343077541562444,False,0.2161149349298448,0.4891534411832384,0,0.2900669186255481,Mn,,POSSIBLE
3444,mp-849414,Li5Mn6(BO3)6,"B,Li,Mn,O",3.156344316254421,0.0,0.0408231109285779,-2.470490714121512,False,0.1835267684606795,0.5389778896703519,0,0.2895819840379969,Mn,,POSSIBLE
3445,mp-765544,Li4V3OF11,"F,Li,O,V",3.212045157928678,2.2345,0.0488931134210464,-3.1154962559649126,False,0.0221245415435831,0.7912049141452397,0,0.2890902177998046,V,,POSSIBLE
3446,mp-772612,Li2TiCr3O8,"Cr,Li,O,Ti",4.03344795820296,0.0341,0.0417764181944448,-2.542343447142857,False,0.1644603659669052,0.5670756343789741,0,0.2889296733144388,"Cr, Ti",,POSSIBLE
3447,mp-775165,Li2Mn3CuO8,"Cu,Li,Mn,O",4.3316331779221,0.0,0.0330498930119018,-1.840547514497128,False,0.3389932237975013,0.2926409382461035,0,0.2888706014747619,Mn,,POSSIBLE
3448,mp-753909,LiV(CO3)2,"C,Li,O,V",2.8468128830154984,2.04,0.0363552392499997,-2.104707588083334,False,0.2728854073428052,0.3959397551140874,0,0.2886658883284735,V,,POSSIBLE
3449,mp-770495,Li4Ti2Mn3Fe3O16,"Fe,Li,Mn,O,Ti",4.091169333552919,0.6628000000000003,0.038636810265288,-2.2876120197783263,False,0.2272533715310802,0.4674638546401949,0,0.2886017034661624,"Fe, Mn, Ti",,POSSIBLE
3450,mp-758642,LiMn3(P3O10)2,"Li,Mn,O,P",2.7516088387344584,0.4898999999999999,0.0410885537499874,-2.481390695999452,False,0.178217840423218,0.5432402871499854,0,0.2881539127352648,Mn,,POSSIBLE
3451,mp-863394,Li3V3P8O29,"Li,O,P,V",2.49807333546914,1.2196,0.0417115918023176,-2.5301446481893684,False,0.165756911297851,0.5623053392999391,0,0.2879731699687967,V,,POSSIBLE
3452,mp-753426,Li4Ti3Co3(TeO8)2,"Co,Li,O,Te,Ti",4.528728424627682,1.1119,0.0388067520535804,-2.29638459809524,False,0.2238544899195485,0.4708943388489418,0,0.2879329880528813,"Co, Ti",,POSSIBLE
3453,mp-758241,LiCrSiO4,"Cr,Li,O,Si",3.837054346531728,2.7106,0.0443282135714282,-2.7396824858333337,False,0.1134237700220769,0.6442443334251573,0,0.2878685902109473,Cr,,POSSIBLE
3454,mp-758825,LiFeSiO4,"Fe,Li,O,Si",2.522268427757299,2.9924,0.0414346565476213,-2.5070416085714284,False,0.1712956911013952,0.5532709813586034,0,0.2878574735812785,Fe,,POSSIBLE
3455,mp-752716,Li2VNi(PO4)2,"Li,Ni,O,P,V",3.521013204911938,1.6594999999999995,0.041329184732147,-2.498223306496599,False,0.1734051558643155,0.5498226170439369,0,0.2878107516907514,"Ni, V",,POSSIBLE
3456,mp-861557,Li4Mn3OF11,"F,Li,Mn,O",3.2641982215964744,1.0928,0.045777943333336,-2.855495353532971,False,0.0844287836861636,0.6895325257285894,0,0.2877722150323962,Mn,,POSSIBLE
3457,mp-1177157,Li5Mn4(P2O7)4,"Li,Mn,O,P",2.9850820419429023,0.0176,0.0420076151666526,-2.551562487234082,False,0.1598363641520787,0.5706807058084051,0,0.2876482473165851,Mn,,POSSIBLE
3458,mp-768594,Li4MnCrO6,"Cr,Li,Mn,O",3.632122688311643,0.9946000000000002,0.0377042856250007,-2.2056528848970305,False,0.245904115906674,0.4354140389741704,0,0.2876421773896304,"Cr, Mn",,POSSIBLE
3459,mp-755386,Li(CoO2)2,"Co,Li,O",4.541033166392526,0.0,0.0286705073214275,-1.4778078851190477,False,0.4265821190464302,0.150792951768849,0,0.2873976985946337,Co,,POSSIBLE
3460,mp-26471,Li4Fe5(P3O11)2,"Fe,Li,O,P",3.2165655495593923,3.7527,0.0406371089189185,-2.43904789570785,False,0.1872468588321633,0.5266822921675514,0,0.2873245746163327,Fe,,POSSIBLE
3461,mp-761209,Li3Fe4(BO3)4,"B,Fe,Li,O",3.279433461261557,1.344,0.0388766505434921,-2.2974924215942027,False,0.2224565012645983,0.4713275491187144,0,0.2873157178870791,Fe,,POSSIBLE
3462,mp-705154,LiCr4P7O24,"Cr,Li,O,P",3.0628907208490843,1.0271999999999997,0.0424683181944356,-2.5860793164120364,False,0.1506221793112411,0.5841783838174681,0,0.2873046329572964,Cr,,POSSIBLE
3463,mp-758961,Li3Fe4(BO3)4,"B,Fe,Li,O",3.2972474122739435,1.3159999999999998,0.0388809111956662,-2.297488160942029,False,0.2223712870717079,0.4713258830064868,0,0.2872682669417097,Fe,,POSSIBLE
3464,mp-757269,Li3Fe4(BO3)4,"B,Fe,Li,O",3.271564224123188,1.2874000000000003,0.038884521413057,-2.2974845507246378,False,0.2222990817499533,0.4713244712443682,0,0.2872280598980031,Fe,,POSSIBLE
3465,mp-768752,Li3Mn2P2(CO7)2,"C,Li,Mn,O,P",2.6901166226665096,0.0,0.0383707067028735,-2.255892013484688,False,0.2325755145668918,0.4550598638451645,0,0.2871874853575981,Mn,,POSSIBLE
3466,mp-757359,LiFe2(PO4)2,"Fe,Li,O,P",2.7553004676076287,1.5209,0.0399312063461545,-2.380744783278388,False,0.2013651007208058,0.5038830763287541,0,0.2871098821115071,Fe,,POSSIBLE
3467,mp-1278188,Li2TiFeO4,"Fe,Li,O,Ti",3.908953571836738,1.4547000000000003,0.0422399309374954,-2.5646057184375,False,0.1551899860627306,0.5757812129863339,0,0.2868779168797187,"Fe, Ti",,POSSIBLE
3468,mp-753482,Li2MnCoO4,"Co,Li,Mn,O",4.363723801643697,0.0,0.0342057996875002,-1.918836534324713,False,0.3158747784532731,0.323255569034751,0,0.286870577311463,"Co, Mn",,POSSIBLE
3469,mp-1177173,Li5Mn4(P2O7)4,"Li,Mn,O,P",2.9737848871355768,0.1909,0.0420853488333206,-2.5514847535674146,False,0.1582816698482844,0.5706503083464096,0,0.2867825263377997,Mn,,POSSIBLE
3470,mp-1299391,LiAlVO4,"Al,Li,O,V",3.526511746411852,1.7526000000000002,0.0452649296428644,-2.805474823333334,False,0.0946891958927707,0.669972182946335,0,0.2865693217722411,V,,POSSIBLE
3471,mp-768753,Li3Mn2P2(CO7)2,"C,Li,Mn,O,P",2.7010072905036187,0.0,0.0384394477898313,-2.2558232723977296,False,0.2312006742832555,0.4550329828981062,0,0.2864219148701277,Mn,,POSSIBLE
3472,mp-1177314,Li4NbCr(TeO6)2,"Cr,Li,Nb,O,Te",4.882016697559046,1.5385000000000004,0.0373318246875022,-2.1662359208333344,False,0.2533534351364997,0.4200001813952018,0,0.2863444528133955,Cr,,POSSIBLE
3473,mp-849548,Li5Mn6(BO3)6,"B,Li,Mn,O",3.151548627146206,0.0,0.0411316027857218,-2.470182222264368,False,0.177356848095068,0.5388572550739734,0,0.2861463057281781,Mn,,POSSIBLE
3474,mp-768620,Li4MnCrO6,"Cr,Li,Mn,O",3.651244419465103,1.0507,0.0378650804166662,-2.2054920901053645,False,0.2426881766952918,0.4353511607673614,0,0.285851403450987,"Cr, Mn",,POSSIBLE
3475,mp-1661410,Li2Mn3FeO8,"Fe,Li,Mn,O",4.224948169387127,0.5552999999999999,0.0350185463690326,-1.976341573961412,False,0.2996196255656209,0.3457427014684078,0,0.2858007395750342,"Fe, Mn",,POSSIBLE
3476,mp-781079,Li3Mn4(BO3)4,"B,Li,Mn,O",3.168713412965112,0.3442,0.0411399619927479,-2.4682717119590216,False,0.1771896616994588,0.5381101571061498,0,0.2857928689218548,Mn,,POSSIBLE
3477,mp-768492,Li8TiMn3(PO4)6,"Li,Mn,O,P,Ti",2.791150331344636,1.3607,0.044121179107142,-2.7059857200392927,False,0.1175645151600823,0.6310673381603294,0,0.2855340516941606,"Mn, Ti",,POSSIBLE
3478,mp-672966,LiCu(PO3)4,"Cu,Li,O,P",2.799883402028984,0.6957,0.0391668757407321,-2.306191382883598,False,0.2166519190249141,0.4747292456619343,0,0.2853137914453798,,,REVIEW
3479,mp-1285961,Li(CoO2)3,"Co,Li,O",4.427739976086019,1.0357999999999998,0.0272574123749986,-1.3490072603333332,False,0.4548443991896862,0.1004259452352916,0,0.2853135003866795,Co,,POSSIBLE
3480,mp-771646,Li4VGa3O8,"Ga,Li,O,V",3.776644849357184,1.6165999999999998,0.0399457001562426,-2.367655643177083,False,0.2010752206090069,0.4987646166466067,0,0.2851589871612662,V,,POSSIBLE
3481,mp-756502,LiV(TeO4)3,"Li,O,Te,V",4.895521139576815,1.4234999999999998,0.0307924975735307,-1.6311366090196078,False,0.3841417415489676,0.2107515804737159,0,0.2850410110177327,V,,POSSIBLE
3482,mp-768750,Li3Mn2P2(CO7)2,"C,Li,Mn,O,P",2.7028132402115737,0.0,0.0385700651811351,-2.255692655006426,False,0.2285882912201511,0.4549819054517651,0,0.2849672270792009,Mn,,POSSIBLE
3483,mp-773518,Li4Cr3Fe3(TeO8)2,"Cr,Fe,Li,O,Te",4.652640450296731,0.0015999999999998,0.0351553913095212,-1.980987941666667,False,0.2968826898387966,0.3475596463237393,0,0.2849313556246469,"Cr, Fe",,POSSIBLE
3484,mp-766444,Li2Mn(PO4)2,"Li,Mn,O,P",3.0470234157663327,0.6995,0.0411439481837669,-2.460664378760263,False,0.1771099368037127,0.5351353376783538,0,0.2847078334294658,Mn,,POSSIBLE
3485,mp-25317,Li3(CuO2)2,"Cu,Li,O",3.517247903487615,0.0,0.0300033422222236,-1.5650319644444437,False,0.3999250614678129,0.1849016044293057,0,0.2846743453575541,,,REVIEW
3486,mp-1306620,LiNbFeO4,"Fe,Li,Nb,O",4.257285338681433,1.7464,0.0410804160714288,-2.4546634779761902,False,0.1783805961897148,0.5327887076872223,0,0.2845853755948709,Fe,,POSSIBLE
3487,mp-1178023,Li2CrNiO4,"Cr,Li,Ni,O",4.346877872444178,0.0,0.0349528321875007,-1.961803878333333,False,0.3009339269241622,0.3400577895209656,0,0.2845338861406272,"Cr, Ni",,POSSIBLE
3488,mp-755474,Li2Fe2OF6,"F,Fe,Li,O",3.427824748503986,2.3334,0.0437074115151494,-2.6650758219696966,False,0.1258399786232049,0.6150696742764269,0,0.284486374239512,Fe,,POSSIBLE
3489,mp-758360,LiVP2O7,"Li,O,P,V",2.8173633680056334,2.2423,0.0438287956818328,-2.6745249143290035,False,0.1234122625433818,0.6187647067919072,0,0.2844443917760275,V,,POSSIBLE
3490,mp-31600,LiCo(PO3)4,"Co,Li,O,P",2.4158010581846754,0.874,0.0402746434722223,-2.388428965661376,False,0.1944962655494308,0.5068879473449693,0,0.2843837276229262,Co,,POSSIBLE
3491,mp-25388,Li(NiO2)2,"Li,Ni,O",4.633669771914237,0.0,0.025399250535715,-1.1909938811904763,False,0.492008137257009,0.0386353994757616,0,0.2841268653078715,Ni,,POSSIBLE
3492,mp-765761,Li3Co3OF7,"Co,F,Li,O",3.643014546711331,2.8048,0.0416835708928573,-2.499548281785714,False,0.1663173370463382,0.5503407437157188,0,0.2840937956759876,Co,,POSSIBLE
3493,mp-771708,Li2Ni3SbO8,"Li,Ni,O,Sb",5.168156351209434,0.0,0.0295578924999961,-1.5247786676190478,False,0.4088341760826125,0.1691607020262701,0,0.2840650425546315,Ni,,POSSIBLE
3494,mp-776393,Li2MnP2O7,"Li,Mn,O,P",2.8854600455357744,4.0615,0.0432976479166384,-2.6279468440736182,False,0.1340353611365265,0.6005505252009676,0,0.2839121324454282,Mn,,POSSIBLE
3495,mp-754849,LiV4O5F7,"F,Li,O,V",3.37055396286196,0.8641,0.0454867726797294,-2.8024239807843143,False,0.0902522753082382,0.6687791622847118,0,0.2837114582191801,V,,POSSIBLE
3496,mp-867892,Li15Mn15SiO32,"Li,Mn,O,Si",4.092657406804429,0.2196000000000002,0.0377652228968292,-2.181127022523263,False,0.2446853540308813,0.4258232914721623,0,0.2836150967322415,Mn,,POSSIBLE
3497,mp-758921,LiFePO4,"Fe,Li,O,P",3.134089558896703,3.5929,0.0409864507142856,-2.438909563996598,False,0.1802599286818829,0.5266281980650109,0,0.2834628300977895,Fe,,POSSIBLE
3498,mp-769109,Li6V3Ni(PO4)6,"Li,Ni,O,P,V",2.966847650378498,0.9196,0.0431423282656107,-2.6116117824464298,False,0.1371417960581083,0.5941627599469445,0,0.2833849538133901,"Ni, V",,POSSIBLE
3499,mp-25829,LiMn2P3O11,"Li,Mn,O,P",3.166511539414118,0.9234,0.0415218839705859,-2.480882986066115,False,0.1695511191105111,0.5430417490639157,0,0.2833177276831516,Mn,,POSSIBLE
3500,mp-849413,Li5Mn6(BO3)6,"B,Li,Mn,O",3.1554650159920903,0.0,0.0413894442142925,-2.4699243808357974,False,0.1721999499650322,0.5387564271397995,0,0.2832747219796975,Mn,,POSSIBLE
3501,mp-752869,Li2VP2O7,"Li,O,P,V",2.8072249247568752,2.5889,0.0435925610503451,-2.645261849871032,False,0.1281370189028302,0.6073214939876318,0,0.2830378832922278,V,,POSSIBLE
3502,mp-697664,LiCr4(PO4)3,"Cr,Li,O,P",3.3356330906090164,2.0697,0.0412658361249995,-2.457389938863096,False,0.1746721450970011,0.5338548801031772,0,0.2829188878394626,Cr,,POSSIBLE
3503,mp-779337,Li5V6O5F19,"F,Li,O,V",2.8451971639793308,1.1397,0.0474775575872943,-2.95529683104762,False,0.0504360400971838,0.7285595232948041,0,0.2827356552066326,V,,POSSIBLE
3504,mp-1177186,Li5V3P8O29,"Li,O,P,V",2.561792442905105,0.0,0.0431817854814733,-2.609189936195768,False,0.13635264109637,0.5932157059545178,0,0.2826194496870847,V,,POSSIBLE
3505,mp-1177331,Li4MnCrO6,"Cr,Li,Mn,O",3.651978649248517,1.1303999999999998,0.0381586495833339,-2.2051985209386973,False,0.2368167141649414,0.4352363616337378,0,0.282581919362526,"Cr, Mn",,POSSIBLE
3506,mp-756558,Li4Cr3CuO8,"Cr,Cu,Li,O",4.254095413543248,0.0,0.0372591431250004,-2.1318525995833326,False,0.2548070859940494,0.4065547111661139,0,0.2824380462048671,Cr,,POSSIBLE
3507,mp-1222531,Li3V8ZnO16,"Li,O,V,Zn",4.162166416081224,0.0,0.0410416249702354,-2.4347480703571427,False,0.1791564286783696,0.5250008614144589,0,0.2822863372681639,V,,POSSIBLE
3508,mp-768733,Li3Mn2P2(CO7)2,"C,Li,Mn,O,P",2.691291146013125,0.0,0.0388163025724397,-2.2554464176151217,False,0.2236634769658916,0.4548856152333189,0,0.282224877662902,Mn,,POSSIBLE
3509,mp-1172916,LiMnPO4,"Li,Mn,O,P",3.209736133590446,2.8914,0.0429845604761851,-2.590444172867698,False,0.1402971944080895,0.5858852447429187,0,0.2822232925844707,Mn,,POSSIBLE
3510,mp-1306790,Li2Mn3CoO8,"Co,Li,Mn,O",4.162543419760936,0.2534999999999998,0.0346052078571572,-1.916440162889984,False,0.3078865073106452,0.3223184768745956,0,0.2821490459269633,"Co, Mn",,POSSIBLE
3511,mp-753035,Li3Ti2Mn3O10,"Li,Mn,O,Ti",3.796043930286785,0.9013,0.0428616648263915,-2.579832453081098,False,0.1427551405578736,0.5817355710847887,0,0.2821227771865066,"Mn, Ti",,POSSIBLE
3512,mp-758939,LiFeSiO4,"Fe,Li,O,Si",2.8431885699126145,2.839,0.0419497410714306,-2.506526524047618,False,0.1609938616693793,0.5530695594662854,0,0.2821209697313586,Fe,,POSSIBLE
3513,mp-755365,Li2MnSnO4,"Li,Mn,O,Sn",4.831520124999683,0.0,0.0373837221875001,-2.139273813074713,False,0.2523154711360043,0.4094567491727552,0,0.2820833713352667,Mn,,POSSIBLE
3514,mp-757278,Li3V(PO4)2,"Li,O,P,V",2.929187767828413,1.7604999999999995,0.0442502747023807,-2.690676231853741,False,0.1149825684288192,0.6250806195962699,0,0.282018629494545,V,,POSSIBLE
3515,mp-25458,Li3CoPCO7,"C,Co,Li,O,P",2.87388796422584,2.7458,0.0393351588461579,-2.2956133584340668,False,0.2132862115181819,0.4705927484403715,0,0.2820148782891301,Co,,POSSIBLE
3516,mp-31665,LiCr2(PO4)3,"Cr,Li,O,P",2.965500933427986,0.3525,0.0413608363888826,-2.458351434292327,False,0.1727721141908453,0.5342308693240883,0,0.2820054670683958,Cr,,POSSIBLE
3517,mp-25445,Li3FePCO7,"C,Fe,Li,O,P",2.7824113269649207,4.2226,0.0399369178846145,-2.3425646759340646,False,0.2012508684107875,0.4889528869817476,0,0.2818214880695448,Fe,,POSSIBLE
3518,mp-752704,Li5V(SiO4)2,"Li,O,Si,V",2.5445734953781205,0.2182999999999997,0.0449059746875013,-2.740710475416666,False,0.1018683918363409,0.6446463249383683,0,0.2816538292384164,V,,POSSIBLE
3519,mp-768649,Li4MnCrO6,"Cr,Li,Mn,O",3.659294054155909,0.9886999999999996,0.0382440866666664,-2.2051130838553643,False,0.2351079494496842,0.4352029517792313,0,0.2816304053200573,"Cr, Mn",,POSSIBLE
3520,mp-758079,Li2FeCo3O8,"Co,Fe,Li,O",4.72460514941929,0.3237000000000001,0.0299163916903433,-1.533511234404762,False,0.4016640955623133,0.1725755398741652,0,0.2813166915152302,"Co, Fe",,POSSIBLE
3521,mp-769550,Li2Mn5(FeO6)2,"Fe,Li,Mn,O",4.217941123514676,0.3998000000000004,0.035171608333318,-1.955604972920088,False,0.2965583449879476,0.3376337305540992,0,0.2812788954373059,"Fe, Mn",,POSSIBLE
3522,mp-1175337,Li7Mn5O12,"Li,Mn,O",3.883252966218646,0.0,0.0373874406249887,-2.1326039063745217,False,0.2522411013830987,0.4068485068998185,0,0.2811295831756408,Mn,,POSSIBLE
3523,mp-781619,Li3Mn4(BO3)4,"B,Li,Mn,O",3.1643821686713984,0.4673999999999998,0.0415616777898488,-2.46784999616192,False,0.1687552319899602,0.5379452467080577,0,0.2810962139422983,Mn,,POSSIBLE
3524,mp-1176888,Li6VCr3(PO4)6,"Cr,Li,O,P,V",2.929573916830338,2.2569,0.0436904416250003,-2.638875661946429,False,0.1261793810042028,0.6048241988894276,0,0.2810871291636112,"Cr, V",,POSSIBLE
3525,mp-1177976,Li2FeCo3O8,"Co,Fe,Li,O",4.671136244762591,0.0,0.0299416532974854,-1.5334859727976198,False,0.4011588566045751,0.1725656614164008,0,0.2810353526282566,"Co, Fe",,POSSIBLE
3526,mp-755006,Li2FeP2O7,"Fe,Li,O,P",2.5414908668048497,3.9051,0.0423929857638869,-2.532484647787698,False,0.152128848244861,0.5632203874625832,0,0.2807980021465777,Fe,,POSSIBLE
3527,mp-774346,Li3V2(PO4)3,"Li,O,P,V",2.872615584693555,0.0219,0.0442800780000069,-2.6833265581964283,False,0.1143864944361742,0.6222065569763623,0,0.2806848668816226,V,,POSSIBLE
3528,mp-26489,Li3Cr2(PO4)3,"Cr,Li,O,P",3.3627312322577763,1.8925000000000003,0.0435740167499867,-2.623978575946428,False,0.1285079099127474,0.5989987486702123,0,0.2803289124865853,Cr,,POSSIBLE
3529,mp-760048,Li2CoOF2,"Co,F,Li,O",3.829890023589248,0.1825000000000001,0.0419359879166663,-2.4916046969444445,False,0.1612689284748934,0.547234434330452,0,0.2802299626768496,Co,,POSSIBLE
3530,mp-772240,Li2MnH4(SO5)2,"H,Li,Mn,O,S",2.544129882693993,4.4362,0.0342663560526261,-1.8740921383998792,False,0.3146636348142906,0.3057584389887162,0,0.2800804527939105,Mn,,POSSIBLE
3531,mp-771339,Li3CoPCO7,"C,Co,Li,O,P",2.784566774629801,2.9138999999999995,0.0395131498076963,-2.295435367472528,False,0.2097263442702815,0.4705231457351233,0,0.280032590355948,Co,,POSSIBLE
3532,mp-26853,LiCrP2O7,"Cr,Li,O,P",3.2911525575821297,2.5043,0.0437073913636361,-2.6306368438744587,False,0.1258403816589072,0.6016024396444698,0,0.2797730637879634,Cr,,POSSIBLE
3533,mp-1177216,Li4V3P8O29,"Li,O,P,V",2.5104358875424486,1.0751,0.0430776201515135,-2.578459702056278,False,0.1384359757965459,0.5811987618887845,0,0.2795593533491748,V,,POSSIBLE
3534,mp-831270,Li5Mn6(BO3)6,"B,Li,Mn,O",3.15216992577657,0.0,0.04172405235715,-2.4695897726929403,False,0.1655076968396834,0.538625579866772,0,0.279548186215196,Mn,,POSSIBLE
3535,mp-1177155,Li5Fe2P2(CO7)2,"C,Fe,Li,O,P",2.747289881789328,1.295116775408218,0.0396739397499965,-2.304818400038095,False,0.2065105020475135,0.4741923458133121,0,0.2795480971607916,Fe,,POSSIBLE
3536,mp-27081,Li7Fe4P9O32,"Fe,Li,O,P",2.866921231937986,2.5802,0.0423355809615415,-2.518418691156135,False,0.1532769597780273,0.557719947299802,0,0.2795043094328457,Fe,,POSSIBLE
3537,mp-1175226,Li7Mn4CoO12,"Co,Li,Mn,O",3.9871350072863394,0.7899999999999996,0.0366870792708295,-2.064361724377396,False,0.2662485174047747,0.3801626547757947,0,0.2794936137441542,"Co, Mn",,POSSIBLE
3538,mp-690868,LiMnPO4,"Li,Mn,O,P",3.241723441695867,3.0074,0.043232762976185,-2.590195970367698,False,0.1353330774497909,0.5857881860760066,0,0.2794590577239873,Mn,,POSSIBLE
3539,mp-757413,Li2Si4Ni4O13,"Li,Ni,O,Si",3.91037378446836,3.4441,0.0411948976086975,-2.425794646594203,False,0.176090934560328,0.5214996582648938,0,0.2793748944008932,Ni,,POSSIBLE
3540,mp-27751,Li2V6O15,"Li,O,V",3.2937408551021905,0.0,0.0405062115217358,-2.369821123985508,False,0.1898648420883837,0.4996114198838401,0,0.2792896601079551,V,,POSSIBLE
3541,mp-1176624,LiMnV(PO4)3,"Li,Mn,O,P,V",2.8854177220813364,1.0623999999999998,0.0421194734722325,-2.498491719177385,False,0.1575991678641446,0.5499275788270752,0,0.2791541949147559,"Mn, V",,POSSIBLE
3542,mp-759501,Li4Fe2Si4O13,"Fe,Li,O,Si",3.103990292704177,2.8004,0.0444694473913021,-2.6869165812318854,False,0.1105990555235462,0.6236104221671043,0,0.2790931282964369,Fe,,POSSIBLE
3543,mp-769636,Li2Cu2(SO4)3,"Cu,Li,O,S",3.0228283455915914,0.0,0.033081378421051,-1.7715592142982448,False,0.3383635071206082,0.2656633193670252,0,0.2790820906947934,,,REVIEW
3544,mp-780668,Li3Mn4(BO3)4,"B,Li,Mn,O",3.13130961139123,0.6231000000000002,0.0417612227173869,-2.467650451234382,False,0.1647642796073906,0.5378672154043606,0,0.278873879175591,Mn,,POSSIBLE
3545,mp-773015,K2Li3MnO4,"K,Li,Mn,O",2.7860142664385785,0.8517000000000001,0.0344830479583393,-1.8817559944931024,False,0.3103297382424295,0.3087553614847197,0,0.2787457325529882,Mn,,POSSIBLE
3546,mp-762643,LiFeSiO4,"Fe,Li,O,Si",3.776737321799551,1.6568999999999998,0.0422805010714313,-2.506195764047618,False,0.1543785724392911,0.5529402169952472,0,0.2784372907899466,Fe,,POSSIBLE
3547,mp-757071,Li3Fe4SnO8,"Fe,Li,O,Sn",5.0067835101525535,1.0881000000000007,0.0340188212500001,-1.8420426828125,False,0.3196143976449845,0.2932256182694683,0,0.2784168850990554,Fe,,POSSIBLE
3548,mp-765426,Li4V3P8O29,"Li,O,P,V",2.505773774901545,1.0314,0.0431804335606047,-2.578356888647187,False,0.1363796798784536,0.5811585570865481,0,0.2784143189134413,V,,POSSIBLE
3549,mp-772668,Li3MnSiCO7,"C,Li,Mn,O,Si",2.773202985798425,0.8431000000000002,0.0413415100392429,-2.430324807533157,False,0.1731586463973641,0.523271160895335,0,0.2783821618319175,Mn,,POSSIBLE
3550,mp-770489,Li6Cr3Fe(PO4)6,"Cr,Fe,Li,O,P",2.97450572495329,2.3776,0.0432757143750031,-2.585449242446429,False,0.1344740378863069,0.5839319957304913,0,0.2783369193431407,"Cr, Fe",,POSSIBLE
3551,mp-25903,Li4Cr(PO4)2,"Cr,Li,O,P",2.563158808220247,2.1161000000000003,0.043764505791664,-2.624604874174603,False,0.124698077690426,0.5992436602690724,0,0.2783192238239096,Cr,,POSSIBLE
3552,mp-775136,Li4Cr3Co3(TeO8)2,"Co,Cr,Li,O,Te",4.883551735903516,0.0,0.034778451339279,-1.9012525909523803,False,0.3044215909318178,0.3163794332070449,0,0.2781646766349656,"Co, Cr",,POSSIBLE
3553,mp-761602,Li3Fe(CoO3)2,"Co,Fe,Li,O",4.826818466696404,0.5338000000000003,0.033257814791666,-1.7788276150000002,False,0.3348347321105623,0.2685056004991462,0,0.2781360628355104,"Co, Fe",,POSSIBLE
3554,mp-765521,LiVOF3,"F,Li,O,V",2.8010352949012565,2.1107,0.0477669112500098,-2.9446259993055564,False,0.044648888783106,0.7243867341257672,0,0.2780922457747268,V,,POSSIBLE
3555,mp-753804,LiCo2(PO4)2,"Co,Li,O,P",2.891946214010761,0.5239,0.0389447138461545,-2.234346248663004,False,0.2210952168497178,0.4466344724361579,0,0.2779244346200001,Co,,POSSIBLE
3556,mp-779341,Li3Mn4(BO3)4,"B,Li,Mn,O",3.1420812353112284,0.4006999999999998,0.041849888804343,-2.467561785147426,False,0.1629909339485641,0.5378325428599653,0,0.277886403672698,Mn,,POSSIBLE
3557,mp-776237,Li4Mn3Co3(SnO8)2,"Co,Li,Mn,O,Sn",5.077002659411741,0.0,0.0347308968831132,-1.8951804681116595,False,0.305372692884036,0.3140049520948612,0,0.2778567143194212,"Co, Mn",,POSSIBLE
3558,mp-768689,Li5Fe2P2(CO7)2,"C,Fe,Li,O,P",2.749188052587642,1.207,0.0398490117499967,-2.3046433280380945,False,0.2030090148178337,0.4741238845571454,0,0.2775983177448095,Fe,,POSSIBLE
3559,mp-1308156,Li3Fe2(SiO4)2,"Fe,Li,O,Si",2.916503622761251,1.7309,0.0424601206666706,-2.513904234333333,False,0.1507861320780117,0.5559545857057272,0,0.2775164776399109,Fe,,POSSIBLE
3560,mp-757469,Li6V3Cr(PO4)6,"Cr,Li,O,P,V",2.889454917414246,1.9505000000000003,0.0443895191249996,-2.6682036061964283,False,0.1121976424120737,0.6162927826957024,0,0.2774111772701364,"Cr, V",,POSSIBLE
3561,mp-768565,Li3MnV(PO4)3,"Li,Mn,O,P,V",2.8609897151675594,0.3460999999999998,0.0438888131875012,-2.62579463059298,False,0.1222118962389192,0.5997089101030497,0,0.2771146614674729,"Mn, V",,POSSIBLE
3562,mp-849498,Li5Mn6(BO3)6,"B,Li,Mn,O",3.151917285237762,0.0,0.0419451893571505,-2.46936863569294,False,0.1610848971829105,0.5385391050632345,0,0.2770853802227329,Mn,,POSSIBLE
3563,mp-831261,Li5Mn6(BO3)6,"B,Li,Mn,O",3.159362691049904,0.0,0.0419711065000072,-2.4693427185500827,False,0.1605665473340344,0.5385289702606605,0,0.2767967406249501,Mn,,POSSIBLE
3564,mp-753871,LiV2(PO4)2,"Li,O,P,V",3.441076451619854,0.0,0.0439402833925068,-2.626767276739927,False,0.1211824782535423,0.60008925977076,0,0.2766816039592142,V,,POSSIBLE
3565,mp-1301502,Li2Mn3NbO8,"Li,Mn,Nb,O",4.12797978494657,1.2763,0.0403171621428661,-2.334823669318555,False,0.1936458806661711,0.4859257950601955,0,0.2765792626374626,Mn,,POSSIBLE
3566,mp-26819,LiMnPO4,"Li,Mn,O,P",2.834305682761106,3.4653,0.0435086939285653,-2.5899200394153183,False,0.1298143839635002,0.5856802843006507,0,0.2763860106851529,Mn,,POSSIBLE
3567,mp-758685,LiFe(PO3)3,"Fe,Li,O,P",2.431046620738586,3.6638,0.0425432910714294,-2.5114415130187067,False,0.1491227015457169,0.5549915476711643,0,0.2762645275350518,Fe,,POSSIBLE
3568,mp-757193,Li4Cr3Ni(PO4)4,"Cr,Li,Ni,O,P",3.3771244822096262,1.8565,0.0425444768749949,-2.511375196853741,False,0.1490989851545093,0.5549656149808558,0,0.2762424070782796,"Cr, Ni",,POSSIBLE
3569,mp-769658,Li2TiFeO4,"Fe,Li,O,Ti",3.92729620645804,0.8561000000000001,0.0431950256249953,-2.56365062375,False,0.1360878346540986,0.5754077267517329,0,0.2762410134228607,"Fe, Ti",,POSSIBLE
3570,mp-860789,Li2Mn(PO4)2,"Li,Mn,O,P",2.8496663201394137,0.8988,0.0419068943376137,-2.459901432606416,False,0.1618508079046037,0.5348369904150582,0,0.2762108909928024,Mn,,POSSIBLE
3571,mp-758650,Li6MnNi7O16,"Li,Mn,Ni,O",4.593138472193073,0.1793999999999997,0.0294151629722234,-1.4549275442643677,False,0.4116888051426207,0.1418456793527799,0,0.2760748306019144,"Mn, Ni",,POSSIBLE
3572,mp-757902,LiCoPO4,"Co,Li,O,P",3.0575094635714315,2.9087000000000005,0.0407208085714225,-2.363369139710884,False,0.185572843202188,0.4970883953670332,0,0.276046002139665,Co,,POSSIBLE
3573,mp-772588,Li2V5B3O13,"B,Li,O,V",3.747852030822985,1.9401,0.0437876329347677,-2.6095997397463777,False,0.1242355285892762,0.593375958112808,0,0.2760111260635847,V,,POSSIBLE
3574,mp-1175169,Li7Mn4CoO12,"Co,Li,Mn,O",4.007208876426773,0.6068000000000002,0.0370011517708297,-2.064047651877395,False,0.2599669826765312,0.3800398378897287,0,0.2759957837334972,"Co, Mn",,POSSIBLE
3575,mp-1313454,LiMnCo3O8,"Co,Li,Mn,O",4.303925355058909,1.0232,0.0294052219871767,-1.4532527704818752,False,0.4118876275253628,0.1411907652777483,0,0.2759549629861614,"Co, Mn",,POSSIBLE
3576,mp-25386,Li(FeO2)2,"Fe,Li,O",4.020542631449959,0.0,0.0323783012857159,-1.6918477347619043,False,0.3524252394984462,0.234492440985916,0,0.275906236069216,Fe,,POSSIBLE
3577,mp-772971,Li4Ti3Mn5O16,"Li,Mn,O,Ti",3.9423272729965553,0.2923,0.0428918750000004,-2.536331334035304,False,0.1421509289358104,0.564724619850338,0,0.275836627862314,"Mn, Ti",,POSSIBLE
3578,mp-1174192,Li4Mn3CoO8,"Co,Li,Mn,O",4.202367361473449,0.8420000000000001,0.0364698904687523,-2.0199862585704027,False,0.270592352037965,0.3628097934837867,0,0.2758092213402061,"Co, Mn",,POSSIBLE
3579,mp-1175206,Li7Mn4CoO12,"Co,Li,Mn,O",3.963218547710341,0.8239000000000001,0.0370276338541639,-2.0640211697940614,False,0.2594373338656997,0.3800294821692769,0,0.2757008523853818,"Co, Mn",,POSSIBLE
3580,mp-758755,Li3Co3OF7,"Co,F,Li,O",3.623807032094149,2.6365,0.0424482573214284,-2.498783595357143,False,0.1510234021832643,0.5500417159244482,0,0.2755774717743522,Co,,POSSIBLE
3581,mp-780182,Li3Mn4(BO3)4,"B,Li,Mn,O",3.153066840609528,0.3667000000000002,0.0420897321376756,-2.467321941814093,False,0.1581940025786878,0.5377387530141698,0,0.2752152649732378,Mn,,POSSIBLE
3582,mp-780180,Li3Mn4(BO3)4,"B,Li,Mn,O",3.1548002022890733,0.2946,0.0420905709782548,-2.467321102973514,False,0.1581772255408074,0.537738424988673,0,0.2752059227934796,Mn,,POSSIBLE
3583,mp-768647,Li4MnCrO6,"Cr,Li,Mn,O",3.649511296753899,1.0387,0.0388219268749994,-2.204535243647032,False,0.2235509893974133,0.4349769895092745,0,0.2751949904968234,"Cr, Mn",,POSSIBLE
3584,mp-540312,Li2V(PO4)2,"Li,O,P,V",2.898908841961464,1.4504,0.0442810369871793,-2.642537165457875,False,0.1143673144340174,0.6062560162551466,0,0.2750916286280109,V,,POSSIBLE
3585,mp-1175327,Li7Mn5O12,"Li,Mn,O",3.8793903343513807,0.6351,0.0379394347916557,-2.1320519122078547,False,0.2412010691367086,0.4066326516285786,0,0.2749820160951922,Mn,,POSSIBLE
3586,mp-1175153,Li7Mn4CoO12,"Co,Li,Mn,O",3.993404912656695,0.7901000000000002,0.0370944526041636,-2.0639543510440617,False,0.2581009408398197,0.3800033529449552,0,0.2749566909926352,"Co, Mn",,POSSIBLE
3587,mp-1045540,Li3Mn4O8,"Li,Mn,O",4.049491870982463,0.4809000000000001,0.0373671040000074,-2.0849702134482766,False,0.2526478393689944,0.3882215279792959,0,0.2748338464457004,Mn,,POSSIBLE
3588,mp-704942,Li2Cr(PO3)5,"Cr,Li,O,P",2.436918712786504,2.1007,0.043960302318843,-2.611828072603519,False,0.1207820943262551,0.5942473394105408,0,0.2744167206731296,Cr,,POSSIBLE
3589,mp-1303223,Li3TiNi3O8,"Li,Ni,O,Ti",4.3511603711554665,0.3530999999999999,0.03495444458333,-1.8878888182222229,False,0.3009016785725956,0.3111535794541408,0,0.2743996760238769,"Ni, Ti",,POSSIBLE
3590,mp-1100484,Li9Mn7O16,"Li,Mn,O",3.912206073642947,1.2165,0.0379753120312384,-2.129485689234913,False,0.2404835146663488,0.4056291396544731,0,0.2742361319455574,Mn,,POSSIBLE
3591,mp-764888,Li3Fe4(BO3)4,"B,Fe,Li,O",3.265101704399952,1.3589,0.0400586185869711,-2.296310453550724,False,0.1988168215321079,0.4708653448998499,0,0.2741521225576068,Fe,,POSSIBLE
3592,mp-768289,Li2FeBO4,"B,Fe,Li,O",3.1403842844260903,2.63,0.0402350637499999,-2.3103105794791663,False,0.1952878706714141,0.4763400422103763,0,0.2741273436429094,Fe,,POSSIBLE
3593,mp-752696,Li3FePCO7,"C,Fe,Li,O,P",2.7694752493803647,4.2992,0.0406414357692295,-2.3418601580494496,False,0.1871603206586764,0.4886773878763942,0,0.27397526211901,Fe,,POSSIBLE
3594,mp-849625,Li5Mn6(BO3)6,"B,Li,Mn,O",3.1501180864077933,0.0,0.0422591647857206,-2.469054660264369,False,0.1548053039094562,0.538416326136591,0,0.2735886312980077,Mn,,POSSIBLE
3595,mp-762142,Li2Fe3CoO8,"Co,Fe,Li,O",4.166458211614104,0.0,0.0320132050710215,-1.6453128883333332,False,0.3597272622853876,0.2162951619121123,0,0.2735533009262025,"Co, Fe",,POSSIBLE
3596,mp-849508,Li5Mn6(BO3)6,"B,Li,Mn,O",3.153766246902161,0.0,0.0422638093571485,-2.469050015692941,False,0.1547124112279189,0.5384145098941633,0,0.2735369046383126,Mn,,POSSIBLE
3597,mp-863388,Li3V3P8O29,"Li,O,P,V",2.49376876729753,1.2464,0.0430103780813873,-2.5288458619102987,False,0.1397808353391561,0.5617974537433866,0,0.2735085682467212,V,,POSSIBLE
3598,mp-1176978,Li9V6(P8O29)2,"Li,O,P,V",2.538366930112342,0.248,0.0438233984082465,-2.593304350497593,False,0.1235202094711459,0.587003706595194,0,0.2733874125174481,V,,POSSIBLE
3599,mp-504264,LiCuPO4,"Cu,Li,O,P",3.8017780576802696,0.4891000000000001,0.0388929467857108,-2.1965696550680263,False,0.2221305720239403,0.4318620756439895,0,0.2733235410885635,,,REVIEW
3600,mp-760197,Li5V2OF11,"F,Li,O,V",2.8041350807367027,1.479,0.0496080071052684,-3.05319460745614,False,0.0078264750002228,0.7668420856052902,0,0.2726992912119741,V,,POSSIBLE
3601,mp-1573955,Li2VP2O7,"Li,O,P,V",2.853912400472985,2.8698,0.0445312091753455,-2.6443232017460314,False,0.1093638031810245,0.6069544391202872,0,0.272584145441664,V,,POSSIBLE
3602,mp-777991,Li5Mn6(BO3)6,"B,Li,Mn,O",3.146918171601771,0.0,0.0423576439285771,-2.468956181121512,False,0.1528356944853253,0.5383778162330874,0,0.2724918676485096,Mn,,POSSIBLE
3603,mp-765973,Li2Mn(CO3)2,"C,Li,Mn,O",2.3496384699817985,3.4214,0.0378161972727273,-2.103223128145246,False,0.2436658527614157,0.3953592625619365,0,0.2723919609154564,Mn,,POSSIBLE
3604,mp-770852,Li2TiNi2O5,"Li,Ni,O,Ti",4.751538022688164,2.0374000000000003,0.0394843129999937,-2.236922449,False,0.2103030882037219,0.4476418860214654,0,0.27234135861956,"Ni, Ti",,POSSIBLE
3605,mp-753228,LiMn3O6,"Li,Mn,O",3.9140383999630215,0.9631000000000004,0.0360781435083277,-1.961782155712644,False,0.2784273969291584,0.3400492949707256,0,0.2721523215507911,Mn,,POSSIBLE
3606,mp-1177922,Li2Mn3VO8,"Li,Mn,O,V",3.930788017844408,1.0272,0.0389109426152085,-2.18942661110427,False,0.2217706505791997,0.4290688147992493,0,0.2721479429982971,"Mn, V",,POSSIBLE
3607,mp-26976,Li6Cr3P8O29,"Cr,Li,O,P",2.5819513376834475,0.032,0.043501051721015,-2.556496625481367,False,0.1299672301761666,0.5726101822667059,0,0.2718955403902387,Cr,,POSSIBLE
3608,mp-771148,Li4Mn3Cr5O16,"Cr,Li,Mn,O",4.200716008599152,0.2402999999999999,0.039105034007937,-2.201561506683087,False,0.2178887703640377,0.4338141207006699,0,0.2716737659454553,"Cr, Mn",,POSSIBLE
3609,mp-1177393,Li4V3P8O29,"Li,O,P,V",2.515179710788052,0.6427,0.0437926801515144,-2.577744642056277,False,0.1241345828927401,0.5809191403283157,0,0.2715957197059176,V,,POSSIBLE
3610,mp-1174646,Li5Mn3O8,"Li,Mn,O",3.807188647235216,0.0,0.0383217584374895,-2.136730280028736,False,0.2335544930794857,0.4084621100104205,0,0.2714167096973643,Mn,,POSSIBLE
3611,mp-766967,Li2Mn3(Si3O8)2,"Li,Mn,O,Si",3.0119036883018526,2.8647,0.0475369894135795,-2.87671320112814,False,0.0492473875383856,0.6978296863225839,0,0.2713264533590164,Mn,,POSSIBLE
3612,mp-766574,Li7(NiO2)10,"Li,Ni,O",4.705434397830972,0.0,0.0280759662049563,-1.3100893460360363,False,0.438473101766917,0.0852072392162368,0,0.2709827396974872,Ni,,POSSIBLE
3613,mp-771895,Li2Ni3WO8,"Li,Ni,O,W",5.805012010627786,0.0,0.0325544182142847,-1.667005751190476,False,0.3489028534155011,0.2247780754622214,0,0.2705688957903031,Ni,,POSSIBLE
3614,mp-1174554,Li5Mn3O8,"Li,Mn,O",3.8114756344842657,0.9511999999999996,0.038401015937489,-2.136651022528736,False,0.2319693216979726,0.408431116659053,0,0.2705340177645535,Mn,,POSSIBLE
3615,mp-761120,LiMn2OF5,"F,Li,Mn,O",3.706002973030322,0.8545999999999999,0.0455176109259189,-2.7083511593550447,False,0.0896355020651261,0.6319923344301025,0,0.2704968431863552,Mn,,POSSIBLE
3616,mp-777985,Li5Mn6(BO3)6,"B,Li,Mn,O",3.1608702925122785,0.0,0.0425415749285775,-2.4687722501215115,False,0.1491570248657237,0.5383058906978336,0,0.2704434254203898,Mn,,POSSIBLE
3617,mp-1308402,Li2Fe3TeO8,"Fe,Li,O,Te",4.472993596862174,0.6734999999999998,0.0342544107142845,-1.800866244523809,False,0.3149025448036509,0.2771237248216258,0,0.270189703329577,Fe,,POSSIBLE
3618,mp-762067,Li4Ti3V3(SbO8)2,"Li,O,Sb,Ti,V",4.159112635026624,1.0980000000000003,0.0448879897619063,-2.6552164147619046,False,0.102228095200086,0.6112141896615189,0,0.2701504187415788,"Ti, V",,POSSIBLE
3619,mp-779467,Li9V6(P8O29)2,"Li,O,P,V",2.55017396196436,1.0139,0.0441275575093698,-2.593000191396469,False,0.1174369453948065,0.5868847663069846,0,0.2699999881745882,V,,POSSIBLE
3620,mp-758640,Li2Cr(Si2O5)2,"Cr,Li,O,Si",2.642087174934555,2.6140000000000003,0.048389998627452,-2.935426703039217,False,0.0321869731421926,0.7207893834458174,0,0.269979119434242,Cr,,POSSIBLE
3621,mp-753092,Li4Ni3O3F4,"F,Li,Ni,O",4.3274923455126855,2.1682,0.0403605753571412,-2.289901955595238,False,0.1927776046689617,0.4683593255468284,0,0.2699534465093189,Ni,,POSSIBLE
3622,mp-849405,Li4Cu2Ni5O12,"Cu,Li,Ni,O",4.961005391822814,0.1131000000000002,0.0282883207427566,-1.318829488188406,False,0.434225953723418,0.0886250393831615,0,0.2698430383319865,Ni,,POSSIBLE
3623,mp-863360,Li3V3P8O29,"Li,O,P,V",2.4842251062473766,1.2494,0.043351627034875,-2.5285046129568105,False,0.1329557642096928,0.5616640096059959,0,0.2697080736774296,V,,POSSIBLE
3624,mp-1100482,Li9Mn7O16,"Li,Mn,O",3.906905896975588,1.0428000000000002,0.0383867945312381,-2.1290742067349138,False,0.2322537536595402,0.4054682309492523,0,0.2696534453449855,Mn,,POSSIBLE
3625,mp-26927,LiMn2P3O10,"Li,Mn,O,P",2.6170546584533154,3.628200000000001,0.043971359687557,-2.577579588945249,False,0.120560943968997,0.5808545969215165,0,0.2696076281054791,Mn,,POSSIBLE
3626,mp-1222546,LiCuSbO4,"Cu,Li,O,Sb",5.320253152004373,0.5012999999999996,0.0336705910714281,-1.7486951761904763,False,0.326579095159479,0.2567224220796604,0,0.2694713500655946,,,REVIEW
3627,mp-759509,Li2MnO2F,"F,Li,Mn,O",3.2084802923864,2.2011000000000003,0.0424299962500001,-2.4522817978496154,False,0.1513886285381719,0.5318573605086226,0,0.2694138218740125,Mn,,POSSIBLE
3628,mp-782667,Li2MnSiO4,"Li,Mn,O,Si",2.977137877173657,2.7851000000000004,0.0448357999999995,-2.645248614012212,False,0.1032719045176037,0.6073163181541389,0,0.2693602588386307,Mn,,POSSIBLE
3629,mp-765507,Li2VOF3,"F,Li,O,V",2.959128874886727,2.3625000000000003,0.0491205062499888,-2.9876033888095246,False,0.0175766236203192,0.7411928828656738,0,0.2690846519941614,V,,POSSIBLE
3630,mp-764593,Li3Fe3OF7,"F,Fe,Li,O",3.382341514414113,3.1024000000000003,0.044713782142856,-2.633140507142857,False,0.1057122945775812,0.6025814878781802,0,0.2690452827750327,Fe,,POSSIBLE
3631,mp-26825,Li3Fe2(PO4)3,"Fe,Li,O,P",3.217113789141384,2.2235,0.0427028822499995,-2.4695391669464284,False,0.1459308349209448,0.5386057906773216,0,0.2687739859435822,Fe,,POSSIBLE
3632,mp-1175334,Li7Mn5O12,"Li,Mn,O",3.897459697599648,0.0,0.0385522039583214,-2.1314391430411885,False,0.2289455204948984,0.4063930305190351,0,0.2681575969538564,Mn,,POSSIBLE
3633,mp-1645230,Li4TiCo5O12,"Co,Li,O,Ti",4.55289293927589,0.6272000000000002,0.0353660164204523,-1.874517272348484,False,0.2926701307992342,0.3059246860422739,0,0.2680422120543747,"Co, Ti",,POSSIBLE
3634,mp-504385,Li3Fe2(PO4)3,"Fe,Li,O,P",3.025188797806843,2.5163,0.0427800723749998,-2.469461976821428,False,0.1443870115971374,0.5385756057652789,0,0.2679143183962731,Fe,,POSSIBLE
3635,mp-849726,Li5Mn4(P2O7)4,"Li,Mn,O,P",2.976938927292416,0.0086999999999999,0.0437905470555426,-2.5497795553451925,False,0.1241772453876276,0.5699834969070819,0,0.2677917088806739,Mn,,POSSIBLE
3636,mp-1275017,Li3Ti(NiO3)2,"Li,Ni,O,Ti",4.2985325472168165,0.0727999999999999,0.0388869090277737,-2.1544349423611115,False,0.2222513288115056,0.4153854525396416,0,0.2676231392352026,"Ni, Ti",,POSSIBLE
3637,mp-1175199,Li7Mn4CoO12,"Co,Li,Mn,O",3.970609313946912,0.9034,0.0377543896874961,-2.0632944139607283,False,0.2449020211400493,0.3797452869965696,0,0.2676069620758264,"Co, Mn",,POSSIBLE
3638,mp-1175217,Li7Mn4CoO12,"Co,Li,Mn,O",3.985684215080623,0.8443,0.0377564630208295,-2.063292340627396,False,0.2448605539140522,0.379744476227261,0,0.2675838713322701,"Co, Mn",,POSSIBLE
3639,mp-26669,LiCr(PO3)4,"Cr,Li,O,P",2.351233038723161,3.1693,0.0444245699537049,-2.5983252164947084,False,0.1114966163822053,0.5889670976183474,0,0.2674616231766345,Cr,,POSSIBLE
3640,mp-766456,LiFe2(PO4)2,"Fe,Li,O,P",2.780309840702222,1.5931000000000002,0.0417366200000008,-2.3789393696245416,False,0.1652563405922583,0.5031770760166412,0,0.2670029639315665,Fe,,POSSIBLE
3641,mp-26881,LiCrPO4,"Cr,Li,O,P",3.19593405749688,2.1357000000000004,0.0435888250297553,-2.527801352091837,False,0.1282117403225032,0.5613890020535106,0,0.2670026078961055,Cr,,POSSIBLE
3642,mp-1177475,Li4MnP2O9,"Li,Mn,O,P",2.775326294877693,1.3127000000000002,0.043609739947918,-2.5272263609718792,False,0.1277934363169717,0.5611641539089939,0,0.2666938438424823,Mn,,POSSIBLE
3643,mp-757875,Li2Co3SnO8,"Co,Li,O,Sn",5.120281283415923,0.0,0.0329553600892866,-1.670647057440476,False,0.3408839077522231,0.2262019947637742,0,0.2666568474310437,Co,,POSSIBLE
3644,mp-766589,Li5(CoO2)8,"Co,Li,O",4.653228450440103,0.431,0.0313502257327584,-1.5411092366091963,False,0.3729870279044879,0.1755467104512444,0,0.2665842140054039,Co,,POSSIBLE
3645,mp-768312,Li2FeBO4,"B,Fe,Li,O",3.139621986292551,2.5281,0.0409157146875003,-2.309629928541666,False,0.1816746683002498,0.4760738761861572,0,0.2665469242302924,Fe,,POSSIBLE
3646,mp-1174768,Li6Mn3CoO10,"Co,Li,Mn,O",3.9644605080430777,1.0162,0.0377186848749975,-2.051565886689655,False,0.245616127022211,0.3751588899144595,0,0.2663944813322769,"Co, Mn",,POSSIBLE
3647,mp-849269,Li3Mn4(BO3)4,"B,Li,Mn,O",3.1369822283290256,0.3268000000000002,0.042889374891299,-2.466522299060469,False,0.1422009317842999,0.5374260556816585,0,0.2663096319699454,Mn,,POSSIBLE
3648,mp-760357,Li4VFe3O8,"Fe,Li,O,V",4.0990087163392666,1.0627,0.0379653729687499,-2.070021283958334,False,0.2406822985974082,0.3823758045556534,0,0.2662067958230533,"Fe, V",,POSSIBLE
3649,mp-1222378,LiTiFeO4,"Fe,Li,O,Ti",3.869317654405932,2.0238194269326595,0.0445177240816345,-2.596534346666666,False,0.1096335086931568,0.5882667846153645,0,0.2661918043966139,"Fe, Ti",,POSSIBLE
3650,mp-585250,LiMn4(PO4)3,"Li,Mn,O,P",3.45779596610306,2.8719,0.0437665828749977,-2.5360436909493016,False,0.1246565354634113,0.5646121380885755,0,0.2661753428358777,Mn,,POSSIBLE
3651,mp-756446,LiNiO2,"Li,Ni,O",4.705261081541009,0.0,0.0304806183333337,-1.4675106808333331,False,0.390379410489465,0.1467662682306378,0,0.266076869649929,Ni,,POSSIBLE
3652,mp-26046,LiCr2(PO4)3,"Cr,Li,O,P",3.0960045652011767,0.2464000000000001,0.0428037656944386,-2.456908504986771,False,0.1439131388165466,0.5336666171717303,0,0.2659355423592062,Cr,,POSSIBLE
3653,mp-776769,Li2Fe2(PO4)3,"Fe,Li,O,P",2.8796653375845978,0.0,0.0418888391447334,-2.382787737662908,False,0.1622119166330108,0.5046819660624342,0,0.2658552422700079,Fe,,POSSIBLE
3654,mp-780850,Li3Mn4(BO3)4,"B,Li,Mn,O",3.139893425788484,0.0299,0.0429311324999943,-2.4664805414517743,False,0.141365768345324,0.5374097265236791,0,0.2658445768732159,Mn,,POSSIBLE
3655,mp-753733,Li2MnO2F,"F,Li,Mn,O",3.3776675427192373,2.1464,0.042750900416669,-2.4519608936829496,False,0.1449704586335562,0.5317318721246495,0,0.2658399074920832,Mn,,POSSIBLE
3656,mp-1177634,Li3V3P8O29,"Li,O,P,V",2.442204524043716,0.8619,0.0437078722674337,-2.528148367724252,False,0.1258307634532203,0.561524701229304,0,0.2657405653295276,V,,POSSIBLE
3657,mp-753186,Li4Mn3(NiO4)3,"Li,Mn,Ni,O",4.343949651606002,0.1532,0.0341267279545416,-1.7571288107784746,False,0.3174562344438533,0.2600203636005346,0,0.2656080562043064,"Mn, Ni",,POSSIBLE
3658,mp-1305541,Li3TiNi3O8,"Li,Ni,O,Ti",4.335414065728319,0.0,0.03574442958333,-1.8870988332222225,False,0.2851017654560756,0.3108446587503583,0,0.2656016015634669,"Ni, Ti",,POSSIBLE
3659,mp-753263,Li3Cr2CuO6,"Cr,Cu,Li,O",4.350909766317157,0.1721999999999997,0.0378098091666689,-2.0514652300000003,False,0.2437936166059214,0.3751195284893583,0,0.2653783241045322,Cr,,POSSIBLE
3660,mp-772435,Li3Al2FeO6,"Al,Fe,Li,O",3.107285168129062,2.6608,0.0454743935416663,-2.6674668125000007,False,0.0904998614090558,0.6160046622538676,0,0.2653765555638344,Fe,,POSSIBLE
3661,mp-758816,Li2Mn(PO4)2,"Li,Mn,O,P",3.107192919103114,0.6234000000000002,0.0429172554914591,-2.4588910714525705,False,0.1416433122596684,0.534441892433805,0,0.2649584840946494,Mn,,POSSIBLE
3662,mp-765999,LiVCO4,"C,Li,O,V",3.163081315509493,1.7378000000000005,0.0400374954166666,-2.225194701547619,False,0.1992392906366561,0.4430557938845622,0,0.2646511377097577,V,,POSSIBLE
3663,mp-778832,Li3Mn4(BO3)4,"B,Li,Mn,O",3.134986867726497,0.4780999999999999,0.0430422414130386,-2.4663694325387304,False,0.1391435601102678,0.5373662777953945,0,0.2646071552890353,Mn,,POSSIBLE
3664,mp-757366,Li2CoP2O7,"Co,Li,O,P",3.064380862631205,2.8650999999999995,0.0432863959721991,-2.4852357794543654,False,0.1342604030607818,0.5447438927716033,0,0.2645035841534912,Co,,POSSIBLE
3665,mp-1176606,LiNi(PO3)4,"Li,Ni,O,P",2.8773718103782,0.0,0.0420191830323979,-2.382797540939153,False,0.1596050037164764,0.5046857995972442,0,0.2644227819030975,Ni,,POSSIBLE
3666,mp-26795,LiCu5P3O13,"Cu,Li,O,P",4.076149767545042,0.0,0.0355818929545552,-1.8645421901028136,False,0.2883525418795441,0.3020239671329028,0,0.2643022865302653,,,REVIEW
3667,mp-774353,Li3Ti(NiO3)2,"Li,Ni,O,Ti",4.29531087472016,0.0,0.0392054298611084,-2.154116421527777,False,0.2158808262165324,0.4152608961493265,0,0.2640757680713571,"Ni, Ti",,POSSIBLE
3668,mp-759041,Li4Ti2Fe3O10,"Fe,Li,O,Ti",3.92034936407107,1.4488,0.0428354934210446,-2.445688105526316,False,0.1432785757251468,0.5292789215850507,0,0.2640508392035985,"Fe, Ti",,POSSIBLE
3669,mp-756961,Li4Mn5Sb3O16,"Li,Mn,O,Sb",4.686162178548133,0.0,0.0381439401785703,-2.0678393793924466,False,0.2371109062284117,0.3815225788689886,0,0.2639439010297725,Mn,,POSSIBLE
3670,mp-766119,Li2V2Si2O9,"Li,O,Si,V",3.3409128711442606,1.5602999999999998,0.0469019876111236,-2.771737008611111,False,0.0619475948937616,0.6567791356504135,0,0.2639438746692136,V,,POSSIBLE
3671,mp-760219,Li2MgCo13O28,"Co,Li,Mg,O",4.259262155898096,0.9273,0.0280494678977216,-1.2551274202651514,False,0.4390030750601353,0.063714582026067,0,0.2637517949921979,Co,,POSSIBLE
3672,mp-757409,Li4Mn3SnO8,"Li,Mn,O,Sn",4.467501706961623,0.3849,0.038928927968751,-2.1293348216954024,False,0.2214109386563893,0.4055701434627942,0,0.263725566472992,Mn,,POSSIBLE
3673,mp-1177226,Li4V3P8O29,"Li,O,P,V",2.505470375565415,0.5949,0.0445028979924231,-2.577034424215368,False,0.1099300344770614,0.5806414122761977,0,0.263686013259053,V,,POSSIBLE
3674,mp-759026,LiMn3P2(HO3)4,"H,Li,Mn,O,P",3.159532508698563,0.9459,0.0383503878219775,-2.082248709723279,False,0.2329818976662946,0.3871572940431166,0,0.2636450966315529,Mn,,POSSIBLE
3675,mp-768551,Li3MnV(PO4)3,"Li,Mn,O,P,V",2.814504814016695,0.9115,0.0450996801875023,-2.6245837635929794,False,0.0979942295798324,0.5992354050544386,0,0.2636292180379613,"Mn, V",,POSSIBLE
3676,mp-850198,Li4Co2OF7,"Co,F,Li,O",3.263672300676036,1.2875,0.0451895778571422,-2.630469051666668,False,0.0961962519350822,0.6015368251240423,0,0.26344582735771,Co,,POSSIBLE
3677,mp-758298,Li2NiP2O7,"Li,Ni,O,P",3.111236465715418,4.3009,0.0431888624305596,-2.468800481537698,False,0.1362111002054751,0.5383169304884082,0,0.2633270307839542,Ni,,POSSIBLE
3678,mp-768659,Li2Co2(SO4)3,"Co,Li,O,S",3.1144771725899565,2.703,0.036282792763159,-1.913183611008772,False,0.2743343566237158,0.3210450143417021,0,0.2632496511626394,Co,,POSSIBLE
3679,mp-1176393,Na2LiCu(PO3)4,"Cu,Li,Na,O,P",2.6143462043881187,2.2133000000000003,0.0431332749999979,-2.461377702233169,False,0.1373228638126897,0.5354142801763437,0,0.2629225731586996,,,REVIEW
3680,mp-850537,Li4V3Fe2Sb3O16,"Fe,Li,O,Sb,V",4.646352374937624,0.0,0.0391662667856946,-2.1418926833333347,False,0.2166640982899437,0.4104808486726294,0,0.2628335510948894,"Fe, V",,POSSIBLE
3681,mp-831248,Li9Mn7V12O48,"Li,Mn,O,V",3.446748159145648,0.3764999999999998,0.0400881490734645,-2.214144035335753,False,0.1982262038357158,0.438734471855114,0,0.2625814772589336,"Mn, V",,POSSIBLE
3682,mp-780155,Li9Fe3(OF7)2,"F,Fe,Li,O",2.9111979898984885,1.8078,0.0478343997817445,-2.8353538403571434,False,0.0432990999418372,0.681656261716591,0,0.2623941965688173,Fe,,POSSIBLE
3683,mp-1177489,Li3V3P8O29,"Li,O,P,V",2.450491769363667,1.1284,0.0440109856395256,-2.52784525435216,False,0.1197684142396182,0.5614061698695534,0,0.2623647872861337,V,,POSSIBLE
3684,mp-1175230,Li7Mn4CoO12,"Co,Li,Mn,O",3.970063777872209,0.4538999999999999,0.038225989687497,-2.0628228139607274,False,0.2354698939151462,0.3795608695659804,0,0.2623547460014236,"Co, Mn",,POSSIBLE
3685,mp-778856,Li3Mn4(BO3)4,"B,Li,Mn,O",3.137491246793513,0.5298,0.0432477672826028,-2.466163906669166,False,0.1350329872736802,0.5372859076665042,0,0.2623182106838005,Mn,,POSSIBLE
3686,mp-25460,Li3CuPCO7,"C,Cu,Li,O,P",2.951634819682713,0.1737000000000002,0.0400674230769233,-2.2074379153571426,False,0.1986407293578515,0.4361120685139855,0,0.2618916251267132,,,REVIEW
3687,mp-1302334,Li3V4O8,"Li,O,V",3.8150345901739855,1.0954000000000006,0.0432974635833405,-2.4664629166666656,False,0.1340390478522125,0.537402834416842,0,0.2618124683646116,V,,POSSIBLE
3688,mp-1639499,Li4TiCo5O12,"Co,Li,O,Ti",4.517347677536629,1.2226,0.0359338775568156,-1.8739494112121209,False,0.2813127548784402,0.3057026260513931,0,0.2617179343011297,"Co, Ti",,POSSIBLE
3689,mp-771777,Li4Mn3O8,"Li,Mn,O",3.653047746168162,1.0079,0.0385434173333294,-2.082676992475096,False,0.2291212553651314,0.3873247724244898,0,0.2615803607993937,Mn,,POSSIBLE
3690,mp-753613,LiMnPO4,"Li,Mn,O,P",2.258656072987669,3.6122,0.0448424267857072,-2.5885863065581765,False,0.1031393670157228,0.5851587330143783,0,0.2615322084136799,Mn,,POSSIBLE
3691,mp-780188,Li6Fe5O12,"Fe,Li,O",3.9200935763572673,0.0,0.0351649307919252,-1.809945742173913,False,0.2966918976172231,0.2806742286970923,0,0.261416523733455,Fe,,POSSIBLE
3692,mp-782640,K8Li3Cr4O16,"Cr,K,Li,O",2.54225793428647,0.0,0.0377264833870922,-2.012457104129032,False,0.2454601546764901,0.3598655455690612,0,0.260956026021241,Cr,,POSSIBLE
3693,mp-1306670,Li3TiNi3O8,"Li,Ni,O,Ti",4.342654175929241,0.3003,0.0361636359166634,-1.886679626888889,False,0.2767175256989122,0.3106807296687638,0,0.260932894518469,"Ni, Ti",,POSSIBLE
3694,mp-1306409,Li3Fe2(SiO4)2,"Fe,Li,O,Si",2.913704483326044,1.5112,0.0439558096666701,-2.5124085453333334,False,0.1208719485817088,0.5553697020705703,0,0.2608589674446395,Fe,,POSSIBLE
3695,mp-761911,Li2Cu(PO3)4,"Cu,Li,O,P",2.6239130929872148,0.869,0.0430519017982531,-2.4387493736967416,False,0.1389503497998679,0.5265655562424817,0,0.2607206370747959,,,REVIEW
3696,mp-1667712,Li7Mn4CoO12,"Co,Li,Mn,O",3.97595237471097,0.8433000000000002,0.0383734967708297,-2.062675306877395,False,0.2325197124550831,0.3795031874682242,0,0.2607119574641742,"Co, Mn",,POSSIBLE
3697,mp-1178024,Li2Cr2O7,"Cr,Li,O",2.4569424761181846,2.3799,0.0358647764848472,-1.8599088242424244,False,0.2826947949594026,0.3002121066007754,0,0.2605563745379428,Cr,,POSSIBLE
3698,mp-757908,LiFeP2O7,"Fe,Li,O,P",3.0900439145944514,2.2834,0.0436093965909094,-2.4821499827380946,False,0.1278003035497721,0.5435372034125399,0,0.2605281881467636,Fe,,POSSIBLE
3699,mp-772865,Li3V6Fe4(CuO12)2,"Cu,Fe,Li,O,V",3.6177277487103567,0.0,0.0382252794871762,-2.048156287692307,False,0.2354840981131549,0.3738255788745329,0,0.2603552065683218,"Fe, V",,POSSIBLE
3700,mp-759352,K8Li9(FeO4)4,"Fe,K,Li,O",2.6889091000819505,0.0,0.034722565253384,-1.7660116815675675,False,0.3055393277262677,0.2634939772713948,0,0.2602695222944354,Fe,,POSSIBLE
3701,mp-772492,Li3V12O29,"Li,O,V",3.4344502574227667,0.0,0.042285380454544,-2.373684585340908,False,0.1542809834607121,0.5011222121152701,0,0.2602473151437362,V,,POSSIBLE
3702,mp-760176,Li4V3P8O29,"Li,O,P,V",2.496907347582605,0.916,0.0448135204924229,-2.5767238017153686,False,0.1037175006795425,0.5805199444998344,0,0.2602266059486904,V,,POSSIBLE
3703,mp-755674,Li4V(TeO4)3,"Li,O,Te,V",4.710247093137764,0.9344,0.0367809155000014,-1.930729713666667,False,0.2643717675068679,0.3279063526983983,0,0.2601716955732168,V,,POSSIBLE
3704,mp-777896,Li2V3NiO8,"Li,Ni,O,V",4.042873118125917,1.6475999999999995,0.0412453871428555,-2.289423585476191,False,0.1750811302564616,0.4681722606863001,0,0.2601549128812589,"Ni, V",,POSSIBLE
3705,mp-1176541,LiVCO4,"C,Li,O,V",3.168518003775662,1.7905000000000002,0.0404420464880956,-2.2247901504761907,False,0.1911481600711729,0.4428975956887718,0,0.2601456465302152,V,,POSSIBLE
3706,mp-1290397,Li2TiFeO4,"Fe,Li,O,Ti",3.900662816129811,1.3365999999999998,0.0446549428124951,-2.5621907065625003,False,0.1068890970580541,0.5748368315511577,0,0.2599818944248349,"Fe, Ti",,POSSIBLE
3707,mp-1100513,Li9Mn7O16,"Li,Mn,O",3.920485620555021,0.6052000000000004,0.0392574967187382,-2.1282035045474137,False,0.2148394750177109,0.4051277460887203,0,0.2599564223907931,Mn,,POSSIBLE
3708,mp-753559,LiNiOF,"F,Li,Ni,O",4.589632396923192,2.243,0.0395598568750008,-2.1516805202083344,False,0.208792190323892,0.4143083459743908,0,0.2598436257691774,Ni,,POSSIBLE
3709,mp-1314325,Li5Mn3O8,"Li,Mn,O",3.813625272722577,0.6535000000000002,0.039361514062489,-2.135690524403736,False,0.2127591000816376,0.4080555174302618,0,0.2598369361454923,Mn,,POSSIBLE
3710,mp-758591,Li4Mn3Nb2Ni3O16,"Li,Mn,Nb,Ni,O",4.604035553662312,0.4386000000000001,0.0394882169642869,-2.14539265704023,False,0.2102250078646743,0.4118495004074774,0,0.2597710794681879,"Mn, Ni",,POSSIBLE
3711,mp-773172,Li7Mn12Cu5O32,"Cu,Li,Mn,O",4.4585989876224765,0.0,0.0351561022956357,-1.7968592287233167,False,0.2968684699247019,0.275556796156961,0,0.2597225371135224,Mn,,POSSIBLE
3712,mp-777816,Li3MnV(PO4)3,"Li,Mn,O,P,V",2.89614916529911,0.0,0.0454585591875016,-2.62422488459298,False,0.0908165527640289,0.5990950667527588,0,0.2596323773836815,"Mn, V",,POSSIBLE
3713,mp-757664,Li2CoSiO4,"Co,Li,O,Si",3.1296427506618016,2.6839000000000004,0.0435270328124994,-2.467616530520834,False,0.1294476013374849,0.5378539508351572,0,0.2594450635279217,Co,,POSSIBLE
3714,mp-758678,LiFe(PO3)3,"Fe,Li,O,P",2.791122142018846,3.7582,0.0440607919642843,-2.509924012125852,False,0.1187722743080491,0.554398134576218,0,0.2593640979711033,Fe,,POSSIBLE
3715,mp-1175418,Li9Co7O16,"Co,Li,O",4.452348045023721,0.6335000000000002,0.0343338153125021,-1.7230971618749995,False,0.3133144314180926,0.2467124135380193,0,0.2586722820182577,Co,,POSSIBLE
3716,mp-1175316,Li7Mn5O12,"Li,Mn,O",3.8775075623059374,0.0,0.039423706874988,-2.130567640124522,False,0.2115152270537241,0.4060522325363329,0,0.2584516562672648,Mn,,POSSIBLE
3717,mp-1175160,Li7Mn4CoO12,"Co,Li,Mn,O",4.027325626977394,0.6069999999999998,0.0385944432291633,-2.062454360419062,False,0.2281007236830512,0.379416787175299,0,0.2582512735370328,"Co, Mn",,POSSIBLE
3718,mp-773179,Li2TiCo3O8,"Co,Li,O,Ti",4.653818758150507,0.0,0.0374150261607182,-1.966310272857142,False,0.2516893832266796,0.3418199983829265,0,0.2580661602086981,"Co, Ti",,POSSIBLE
3719,mp-31837,LiFeP2O7,"Fe,Li,O,P",3.2675143886460734,2.3937000000000004,0.0438327790909092,-2.4819266002380944,False,0.1233325932872382,0.5434498505145574,0,0.2580403739880761,Fe,,POSSIBLE
3720,mp-705089,LiFe3P3O11,"Fe,Li,O,P",3.3581643043177274,3.5469000000000004,0.0424677494444516,-2.371854590958994,False,0.1506335544643544,0.5004065996006292,0,0.2579907648156151,Fe,,POSSIBLE
3721,mp-758581,Li4Mn3Nb2Sn3O16,"Li,Mn,Nb,O,Sn",4.837251991278058,0.9693000000000004,0.0424376964285704,-2.368863157218802,False,0.1512346228894667,0.4992368105333197,0,0.2579119262758685,Mn,,POSSIBLE
3722,mp-26937,LiMn(PO3)3,"Li,Mn,O,P",2.7695105032845064,3.9814,0.045178480178543,-2.588604767870924,False,0.0964182085009188,0.5851659522422454,0,0.2578380979602912,Mn,,POSSIBLE
3723,mp-760056,Na2LiMn(PO3)5,"Li,Mn,Na,O,P",2.5885211517626483,3.6781000000000006,0.0452648841319449,-2.593429649676553,False,0.0946901061234384,0.5870527043743261,0,0.2575480048989053,Mn,,POSSIBLE
3724,mp-1977436,Li7Mn4CoO12,"Co,Li,Mn,O",3.9773778004926,0.314,0.0386672148958302,-2.062381588752394,False,0.2266452707178918,0.3793883300849968,0,0.2574408144245894,"Co, Mn",,POSSIBLE
3725,mp-863393,Li3V3P8O29,"Li,O,P,V",2.491309923574196,0.7020000000000001,0.0444569118023165,-2.5273993281893694,False,0.1108497706850199,0.5612317920977675,0,0.2573985011109796,V,,POSSIBLE
3726,mp-1175184,Li7Mn4CoO12,"Co,Li,Mn,O",3.94396122453123,0.6483000000000003,0.0386715617708297,-2.0623772418773947,False,0.2265583320452329,0.379386630255653,0,0.2573924032143567,"Co, Mn",,POSSIBLE
3727,mp-31931,LiMn4(PO4)3,"Li,Mn,O,P",3.10997201114437,2.7244,0.0445625693749995,-2.5352477044493016,False,0.1087365907278134,0.5643008705204807,0,0.2573104295824656,Mn,,POSSIBLE
3728,mp-26865,LiV(PO3)4,"Li,O,P,V",2.6488999929714794,2.056,0.0456992622222225,-2.626269426772486,False,0.0860024271344626,0.5998945773877781,0,0.2572644370096767,V,,POSSIBLE
3729,mp-1100494,Li9Mn7O16,"Li,Mn,O",3.906712363196061,0.8948,0.0395363223437383,-2.127924678922413,False,0.20926288729812,0.4050187123623739,0,0.2568511373407969,Mn,,POSSIBLE
3730,mp-25979,LiNi(PO3)4,"Li,Ni,O,P",2.660627959214978,0.894,0.0427075531712866,-2.382109170800265,False,0.145837415235115,0.504416615007957,0,0.2567563936320982,Ni,,POSSIBLE
3731,mp-1100580,Li9Mn7O16,"Li,Mn,O",3.929102154153428,1.2156000000000002,0.0395567267187386,-2.1279042745474133,False,0.2088547942935673,0.4050107333072207,0,0.2566238935189893,Mn,,POSSIBLE
3732,mp-757447,LiFeSiO4,"Fe,Li,O,Si",2.67044439398329,3.1533,0.0442448714285728,-2.504231393690476,False,0.1150906353626339,0.5521720572539641,0,0.2565600694883361,Fe,,POSSIBLE
3733,mp-705376,LiFe5(P2O7)4,"Fe,Li,O,P",2.938348877173897,1.0594,0.0428741429960339,-2.393720039058957,False,0.142505573798754,0.5089570019697343,0,0.2565130162787217,Fe,,POSSIBLE
3734,mp-759369,Li6MnNi7O16,"Li,Mn,Ni,O",4.626056019905564,0.2669000000000001,0.031200591138889,-1.4531421160977014,False,0.3759797601492295,0.1411474942912922,0,0.2561904910840285,"Mn, Ni",,POSSIBLE
3735,mp-760208,Li4V3(FeO6)2,"Fe,Li,O,V",3.085999394336328,1.8134,0.0412186436904775,-2.258228061468254,False,0.1756160065186795,0.4559733667435141,0,0.2561794819455036,"Fe, V",,POSSIBLE
3736,mp-765488,Li3V3P8O29,"Li,O,P,V",2.486164753989625,1.2134999999999998,0.0445673016860386,-2.527288938305647,False,0.1086419432303823,0.5611886245432317,0,0.2561690873668413,V,,POSSIBLE
3737,mp-1301164,LiCo3NiO8,"Co,Li,Ni,O",4.381246830546094,0.1135999999999999,0.0283082341346085,-1.220046264871794,False,0.4338276805142872,0.0499962263438517,0,0.2561039035032061,"Co, Ni",,POSSIBLE
3738,mp-831190,Li2V2P2(H4O5)3,"H,Li,O,P,V",2.442276261329992,2.33,0.0368255814394018,-1.903390251392497,False,0.2634784366692012,0.3172153573924517,0,0.2559385152554188,V,,POSSIBLE
3739,mp-755369,Li2VGaO4,"Ga,Li,O,V",4.632383338241718,1.6450000000000005,0.042928871562502,-2.3933990380208314,False,0.1414109877051096,0.508831475704536,0,0.2558670597343979,V,,POSSIBLE
3740,mp-760347,Li4Ti3VO8,"Li,O,Ti,V",3.859303288615196,0.0,0.0487403469531235,-2.854964547083333,False,0.0251799121142895,0.6893249558354974,0,0.2551126862052832,"Ti, V",,POSSIBLE
3741,mp-552024,Li(CoO2)2,"Co,Li,O",4.716441754394052,0.0,0.0315713033928561,-1.474907089047619,False,0.3685654150617792,0.149658606225687,0,0.255091490462969,Co,,POSSIBLE
3742,mp-765631,LiFeSi3O8,"Fe,Li,O,Si",2.690090098135134,3.1436,0.048490516410256,-2.8343034773717948,False,0.0301765903691418,0.6812455211675161,0,0.2550330571116586,Fe,,POSSIBLE
3743,mp-756800,Li3Cr(CuO2)4,"Cr,Cu,Li,O",4.965188184272839,0.0,0.0322740387499989,-1.5308708656250003,False,0.3545105183399896,0.1715430334573485,0,0.2550208467970662,Cr,,POSSIBLE
3744,mp-756021,Li5Cu2Ni3O10,"Cu,Li,Ni,O",4.664795236829593,0.0,0.0312476390000009,-1.4477797048333323,False,0.3750387902347551,0.1390505432583492,0,0.2549390247695375,Ni,,POSSIBLE
3745,mp-1175332,Li7Mn5O12,"Li,Mn,O",3.877820150196632,0.0,0.0397424597916549,-2.130248887207855,False,0.2051400827294972,0.4059275853906916,0,0.2549017003879655,Mn,,POSSIBLE
3746,mp-704203,Li2VP4O13,"Li,O,P,V",2.451993917381464,1.8286,0.0458367091666591,-2.6189389630119053,False,0.0832534511662741,0.5970280267267278,0,0.2547492074958055,V,,POSSIBLE
3747,mp-756749,Li3V2(PO4)3,"Li,O,P,V",3.2689351418028063,0.0,0.0466219613750071,-2.6809846748214285,False,0.0675481951595729,0.6212907721698391,0,0.2546032775972088,V,,POSSIBLE
3748,mp-1177416,Li5Mn4(P2O7)4,"Li,Mn,O,P",2.995766656014834,0.1784999999999998,0.0449770363888752,-2.5485930660118594,False,0.1004471386383439,0.5695195246545917,0,0.2545777598801962,Mn,,POSSIBLE
3749,mp-755916,LiMn(PO3)3,"Li,Mn,O,P",2.999973638916342,4.4927,0.0454818212499716,-2.588301426799496,False,0.0903513052391556,0.5850473318415144,0,0.2544597840260656,Mn,,POSSIBLE
3750,mp-758721,LiV2P2H5O11,"H,Li,O,P,V",2.544391968571065,0.0,0.0402520072619054,-2.1663129918509068,False,0.1949489958624042,0.4200303197307268,0,0.2542325596300767,V,,POSSIBLE
3751,mp-1284801,Li3V4O8,"Li,O,V",3.825179147685681,1.1042999999999998,0.0439807052500071,-2.465779674999999,False,0.1203740301988158,0.5371356552975928,0,0.2542031959635061,V,,POSSIBLE
3752,mp-1643277,Li7Mn4CoO12,"Co,Li,Mn,O",3.988949093414821,0.8035999999999999,0.0389641946874972,-2.062084608960728,False,0.2207055947674614,0.3792721972391191,0,0.2541333461557954,"Co, Mn",,POSSIBLE
3753,mp-778184,Li2V2P7HO24,"H,Li,O,P,V",2.548991304424287,1.4868,0.0439861312962968,-2.464040349872685,False,0.1202655078092218,0.5364554986586233,0,0.2539054538255901,V,,POSSIBLE
3754,mp-26941,LiMnPO4,"Li,Mn,O,P",3.296677251205521,3.4374,0.0455362939285644,-2.58789243941532,False,0.0892618369720489,0.5848873988420804,0,0.253804599929355,Mn,,POSSIBLE
3755,mp-1175203,Li7Mn4CoO12,"Co,Li,Mn,O",3.957532107673893,0.8702000000000001,0.0389983059374969,-2.0620504977107275,False,0.2200233605651776,0.3792588581613428,0,0.2537534486673177,"Co, Mn",,POSSIBLE
3756,mp-768668,Li4Ti3V3(WO8)2,"Li,O,Ti,V,W",5.101927055042316,0.1314000000000001,0.0465788652678575,-2.6695900144047613,False,0.0684101289287254,0.6168349324826577,0,0.2535177972797292,"Ti, V",,POSSIBLE
3757,mp-1173936,Li3Mn2CoO6,"Co,Li,Mn,O",4.247676374809321,0.0,0.0380676343750048,-1.9839172429885068,False,0.2386370428849572,0.3487051387393338,0,0.2532971721454933,"Co, Mn",,POSSIBLE
3758,mp-766808,Li4Mn8O13F3,"F,Li,Mn,O",3.8881994573114538,0.4683999999999999,0.0412019782365975,-2.232794978099343,False,0.1759493200921668,0.4460278538367123,0,0.2528818748935411,Mn,,POSSIBLE
3759,mp-1100496,Li9Mn7O16,"Li,Mn,O",3.890253096592165,1.1751,0.0399027670312381,-2.1275582342349137,False,0.2019338946912893,0.4048754155266623,0,0.2527700375145409,Mn,,POSSIBLE
3760,mp-758244,Li3TiNi3O8,"Li,Ni,O,Ti",4.332020828958491,0.0,0.036925467249997,-1.885917795555556,False,0.2614806935108156,0.3103828183518949,0,0.2524483678541118,"Ni, Ti",,POSSIBLE
3761,mp-767456,Li3Ta5Cu2O15,"Cu,Li,O,Ta",7.749897151582993,1.2712999999999997,0.0488123585999993,-2.840781232866667,False,0.0237396597499849,0.6837786234244021,0,0.2523793310610324,,,REVIEW
3762,mp-1174378,Li4Mn3O7,"Li,Mn,O",3.8699388736937,1.1789,0.0399901124999875,-2.1285553226518883,False,0.2001869617528636,0.4052653232533977,0,0.2519456921027642,Mn,,POSSIBLE
3763,mp-1318786,LiCo3NiO8,"Co,Li,Ni,O",4.362858793651534,0.5293000000000001,0.0286820937499916,-1.2196724052564112,False,0.4263503873494441,0.0498500299280972,0,0.2519402235170283,"Co, Ni",,POSSIBLE
3764,mp-757225,Li3TiCr3O8,"Cr,Li,O,Ti",3.92973734711862,1.9035999999999995,0.0456860418333349,-2.585906725222222,False,0.0862668384787169,0.5841108926729222,0,0.2518855735988171,"Cr, Ti",,POSSIBLE
3765,mp-765479,Li4V3P8O29,"Li,O,P,V",2.5139907780576225,0.6910999999999999,0.0455625198106046,-2.575974802397187,False,0.0887373122562134,0.5802270510948896,0,0.2518849896241287,V,,POSSIBLE
3766,mp-779534,Li9V6(P8O29)2,"Li,O,P,V",2.548753436131954,0.2172,0.0457765024531893,-2.5913512464526494,False,0.0844576016778079,0.5862399525035034,0,0.2516356642990205,V,,POSSIBLE
3767,mp-25961,LiFe(PO3)4,"Fe,Li,O,P",2.6827717135253697,2.3613,0.0447153888888873,-2.5049744931613755,False,0.1056801592234987,0.5524626435455147,0,0.2514860128138544,Fe,,POSSIBLE
3768,mp-776005,Li4FeBi(TeO6)2,"Bi,Fe,Li,O,Te",5.603332011477984,0.9091,0.0355178607499979,-1.7657390303333336,False,0.2896332032448416,0.2633873580176537,0,0.2514838370908417,Fe,,POSSIBLE
3769,mp-765750,Li5Cr2Fe3O10,"Cr,Fe,Li,O",4.140958212618973,1.0364,0.0395684947083312,-2.091160693833333,False,0.2086194313270309,0.390642292370142,0,0.2514654895594167,"Cr, Fe",,POSSIBLE
3770,mp-759810,Li6Fe3Co7O20,"Co,Fe,Li,O",4.475781904236664,0.0,0.0334073874131926,-1.5957960416666657,False,0.331843239329395,0.1969317827069997,0,0.2514399055786172,"Co, Fe",,POSSIBLE
3771,mp-768587,Li3MnV(PO4)3,"Li,Mn,O,P,V",2.834836666908336,0.0121,0.0462017386875013,-2.62348170509298,False,0.075952762274369,0.5988044491661253,0,0.2513555764590467,"Mn, V",,POSSIBLE
3772,mp-757096,LiCrPO4,"Cr,Li,O,P",2.982098898312773,3.0056,0.0449940687202321,-2.52639610840136,False,0.100106487416345,0.5608394867211335,0,0.2513523884313864,Cr,,POSSIBLE
3773,mp-1235368,LiMn2Fe2(PO4)4,"Fe,Li,Mn,O,P",3.3942397224906107,0.0,0.0435363592999964,-2.4090773159106744,False,0.1292610690715117,0.5149624081144247,0,0.2513304308293801,"Fe, Mn",,POSSIBLE
3774,mp-777767,Li3Cu2(SO4)3,"Cu,Li,O,S",3.0432615802704204,0.0,0.0366691098124949,-1.855845476625,False,0.266607911419139,0.2986231495880636,0,0.2511524536363487,,,REVIEW
3775,mp-849607,Li5Mn4(P2O7)4,"Li,Mn,O,P",2.990171436349513,0.1819999999999999,0.0453067094999868,-2.5482633929007483,False,0.0938535874792508,0.5693906072074217,0,0.2509061856361855,Mn,,POSSIBLE
3776,mp-27085,LiMn4(PO4)3,"Li,Mn,O,P",3.124919975877859,3.0353000000000003,0.0451479511249992,-2.534662322699302,False,0.0970287978077052,0.5640719591586305,0,0.2507910244997585,Mn,,POSSIBLE
3777,mp-2861076,LiMnO2,"Li,Mn,O",4.1022912514029,1.9855000000000005,0.039987281250001,-2.119882682816092,False,0.200243587516388,0.4018739196169676,0,0.2507898449999521,Mn,,POSSIBLE
3778,mp-1177344,Li4VFe3O8,"Fe,Li,O,V",4.090966875236695,1.2818,0.0393513448437499,-2.068635312083334,False,0.2129624871997989,0.3818338253952294,0,0.2507712068482197,"Fe, V",,POSSIBLE
3779,mp-26477,LiCuPO4,"Cu,Li,O,P",3.2511481607051165,0.1597999999999999,0.0409443921428538,-2.194518209710884,False,0.1811011114567803,0.4310598655469631,0,0.2504765642426663,,,REVIEW
3780,mp-1640104,Li3Co2(CO3)4,"C,Co,Li,O",2.497793863278847,0.7432,0.0366917940277771,-1.852675691904764,False,0.2661542209939092,0.297383617031605,0,0.2504690875077118,Co,,POSSIBLE
3781,mp-1175326,Li7Mn5O12,"Li,Mn,O",3.8684434382447113,1.0536000000000003,0.0401473610416553,-2.129843985957854,False,0.1970419484981174,0.4057692502588693,0,0.2503923092645688,Mn,,POSSIBLE
3782,mp-1174385,Li5Mn2CoO8,"Co,Li,Mn,O",3.9035472672425255,1.2736,0.0389456225000008,-2.032553867658047,False,0.2210770435276617,0.3677243103976734,0,0.2502958825793996,"Co, Mn",,POSSIBLE
3783,mp-1638962,Li3Co2(CO3)4,"C,Co,Li,O",2.4959382684671185,0.6923,0.0367089245039684,-1.852658561428572,False,0.2658116068487455,0.297376918222436,0,0.2502783051446626,Co,,POSSIBLE
3784,mp-25838,LiCr2(PO4)3,"Cr,Li,O,P",3.056545628572709,0.0,0.0442195147222159,-2.4554927559589936,False,0.1155977763303233,0.5331129937661717,0,0.2501683247998379,Cr,,POSSIBLE
3785,mp-755593,Li4CoO3,"Co,Li,O",2.720751243090124,2.4108,0.0366644403515632,-1.8476709616666664,False,0.2667013018974669,0.2954265358371595,0,0.2500850035866126,Co,,POSSIBLE
3786,mp-26609,LiCr2(PO4)3,"Cr,Li,O,P",2.965338281574204,0.0,0.0442326919444386,-2.455479578736771,False,0.1153342283310123,0.5331078408623027,0,0.2500215698838627,Cr,,POSSIBLE
3787,mp-757776,Li2CoP2O7,"Co,Li,O,P",3.0095565224607097,2.9887,0.0446028140971996,-2.483919361329365,False,0.1079316854268772,0.5442291123471054,0,0.2498426163062693,Co,,POSSIBLE
3788,mp-754301,Li5Ti2V5O12,"Li,O,Ti,V",4.158868525881309,0.1772,0.0457789458333346,-2.5777702922222225,False,0.0844087334157443,0.5809291707305588,0,0.2497500131343549,"Ti, V",,POSSIBLE
3789,mp-26577,LiNiPO4,"Li,Ni,O,P",3.194601518501917,3.4527,0.0426026791666664,-2.3224454680442173,False,0.1479349236196801,0.4810853453690897,0,0.2497440788700055,Ni,,POSSIBLE
3790,mp-25889,LiCoPO4,"Co,Li,O,P",3.0633319974281297,3.2922,0.043095210357138,-2.36099473792517,False,0.1380841669386956,0.4961598943566282,0,0.2496022548411025,Co,,POSSIBLE
3791,mp-753259,LiCo(CO3)2,"C,Co,Li,O",2.5778780357717137,0.3558,0.0355049789583308,-1.750663675333335,False,0.2898908425533416,0.2574921963672822,0,0.2495622321328866,Co,,POSSIBLE
3792,mp-760985,Li9V4(PO4)6,"Li,O,P,V",2.805413602260912,0.0091999999999998,0.0466590884883721,-2.6464762522757472,False,0.0668056428763849,0.607796381543142,0,0.2494718371221114,V,,POSSIBLE
3793,mp-1177204,Li4V3P8O29,"Li,O,P,V",2.5309147085153576,0.9119,0.0458179406060592,-2.5757193816017323,False,0.0836288274415206,0.5801271697403164,0,0.249040364501947,V,,POSSIBLE
3794,mp-780509,Li3Mn4(BO3)4,"B,Li,Mn,O",3.1367232741702256,0.1717999999999999,0.0444496466304293,-2.464962027321339,False,0.1109950760827101,0.5368159172059357,0,0.248932862867568,Mn,,POSSIBLE
3795,mp-26741,LiCu4(PO4)3,"Cu,Li,O,P",3.9681234547227286,0.0,0.0381416812500194,-1.9577153158630949,False,0.2371560854088273,0.338458972333596,0,0.2488964872916136,,,REVIEW
3796,mp-753805,LiVPCO7,"C,Li,O,P,V",2.544893594357084,1.4824,0.043380299545455,-2.378122645952381,False,0.1323823062630274,0.5028576992542982,0,0.2488104631836695,V,,POSSIBLE
3797,mp-1648716,Li6Mn5SbO12,"Li,Mn,O,Sb",3.996313886698856,0.9330000000000004,0.0401253291666696,-2.1164771285272987,False,0.1974825919414334,0.4005421902453174,0,0.2488051921536494,Mn,,POSSIBLE
3798,mp-753204,Li5Si2NiO8,"Li,Ni,O,Si",2.701293358752499,1.1171000000000002,0.0448033183333338,-2.491865696041668,False,0.1039215466135901,0.5473364970592391,0,0.2487246246082083,Ni,,POSSIBLE
3799,mp-757904,Li3V3P8O29,"Li,O,P,V",2.4970820882324545,0.836,0.0452417401744105,-2.526614499817275,False,0.0951529915177381,0.560924887874199,0,0.2486578560907256,V,,POSSIBLE
3800,mp-1174348,Li4Mn3O7,"Li,Mn,O",3.885779529534791,0.7911999999999999,0.0402992685714158,-2.1282461665804604,False,0.1940037569223771,0.4051444289184874,0,0.248502616428778,Mn,,POSSIBLE
3801,mp-781598,Li3Mn4(BO3)4,"B,Li,Mn,O",3.141868500183618,0.2206999999999999,0.044497805760864,-2.464913868190905,False,0.1100318804819894,0.5367970847566269,0,0.2483965139299136,Mn,,POSSIBLE
3802,mp-1100483,Li9Mn7O16,"Li,Mn,O",3.920810139200869,0.8865000000000003,0.0402971298437382,-2.1271638714224137,False,0.1940465320528999,0.4047212014117322,0,0.2483780131232012,Mn,,POSSIBLE
3803,mp-1310345,LiCo3NiO8,"Co,Li,Ni,O",4.358845009122672,0.4660999999999999,0.029015972596146,-1.2193385264102568,False,0.4196727203549018,0.0497194678438398,0,0.2482218099405399,"Co, Ni",,POSSIBLE
3804,mp-758348,LiMn3Al2(HO2)6,"Al,H,Li,Mn,O",3.315111239041684,0.0,0.0388544158333328,-2.009896588109435,False,0.2229012014661058,0.3588642652778911,0,0.2481981536536201,Mn,,POSSIBLE
3805,mp-1175222,Li7Mn4CoO12,"Co,Li,Mn,O",3.948191445079071,0.8675000000000002,0.0395234655208298,-2.0615253381273946,False,0.2095200272247121,0.3790534964543722,0,0.2479047387326219,"Co, Mn",,POSSIBLE
3806,mp-757107,Li2Fe2Si2O7,"Fe,Li,O,Si",3.4031536930033366,3.1294,0.0453610758333331,-2.5292642324358967,False,0.0927662461457631,0.5619610559854666,0,0.247707804975083,Fe,,POSSIBLE
3807,mp-1177387,Li4V3P8O29,"Li,O,P,V",2.535643044832855,1.1729,0.045941257424241,-2.5755960647835505,False,0.0811624578103526,0.580078947156013,0,0.2476669833002985,V,,POSSIBLE
3808,mp-1174295,Li4Mn3O7,"Li,Mn,O",3.919106107297984,0.6769000000000003,0.0404049107142734,-2.1281405244376024,False,0.1918908855658412,0.4051031179504047,0,0.2473260783438543,Mn,,POSSIBLE
3809,mp-761007,Li3V3P8O29,"Li,O,P,V",2.50042917401676,0.8056000000000001,0.0453721618023168,-2.5264840781893687,False,0.0925445237753955,0.5608738869804083,0,0.2472053485196104,V,,POSSIBLE
3810,mp-752965,Li2V3O6,"Li,O,V",3.820495970222588,1.1098000000000003,0.0446870835227271,-2.470883965151515,False,0.1062462741827225,0.5391316690268607,0,0.2471315349598986,V,,POSSIBLE
3811,mp-754784,Li2Mn3CoO8,"Co,Li,Mn,O",4.264317104034229,0.6454,0.0377534360714424,-1.913291934675699,False,0.244921093718383,0.3210873739098247,0,0.2470871824135493,"Co, Mn",,POSSIBLE
3812,mp-1174000,Li5Mn(CoO4)2,"Co,Li,Mn,O",4.003562772893442,0.8935,0.0373885659375003,-1.8829622709123568,False,0.252218594829288,0.3092270714037589,0,0.246949702147424,"Co, Mn",,POSSIBLE
3813,mp-758411,Li3CoSiO5,"Co,Li,O,Si",2.9198150858162912,1.1762,0.0436875160000056,-2.384313344,False,0.126237894293351,0.5052785487612821,0,0.2462783339277918,Co,,POSSIBLE
3814,mp-851255,Li4V3P8O29,"Li,O,P,V",2.5219066133258674,1.0219999999999998,0.046096152083332,-2.575441170124459,False,0.078064522842156,0.5800183761741606,0,0.245941919224142,V,,POSSIBLE
3815,mp-762507,Li2CrNiO4,"Cr,Li,Ni,O",4.435240773573037,0.0,0.0384229696874998,-1.958333740833334,False,0.2315302407752304,0.3387008051241463,0,0.2458869142198279,"Cr, Ni",,POSSIBLE
3816,mp-754391,Li2TiFeO4,"Fe,Li,O,Ti",3.938109423309879,0.8302999999999998,0.0459208565624953,-2.5609247928125,False,0.0815704805488656,0.5743418006751565,0,0.2458833945381808,"Fe, Ti",,POSSIBLE
3817,mp-771140,Li5Mn5(SnO6)2,"Li,Mn,O,Sn",4.803423336679541,0.0975000000000001,0.0403066162500032,-2.1095383623467434,False,0.1938568013684248,0.3978288114699248,0,0.2458613247671073,Mn,,POSSIBLE
3818,mp-765412,Li4V3P8O29,"Li,O,P,V",2.5184732910126963,0.4864,0.0461198954924224,-2.5754174267153687,False,0.0775896482550204,0.5800090914021125,0,0.2456774885310006,V,,POSSIBLE
3819,mp-761173,LiV(SO4)3,"Li,O,S,V",2.460797006931092,1.1113,0.0376679896078426,-1.8952524312254908,False,0.2466300460415167,0.314033093003576,0,0.2455581078740858,V,,POSSIBLE
3820,mp-1176939,Li6V3Fe(PO4)6,"Fe,Li,O,P,V",2.892323955237924,1.6169000000000002,0.0467967628281122,-2.6280557246964285,False,0.0640521189407813,0.6005931025646224,0,0.2454362513150475,"Fe, V",,POSSIBLE
3821,mp-831255,Li3V3P8O29,"Li,O,P,V",2.4974209119843223,1.1291,0.0455370556395271,-2.52631918435216,False,0.0892466025473059,0.5608094058570452,0,0.245368923450984,V,,POSSIBLE
3822,mp-1174351,Li4Mn3O7,"Li,Mn,O",3.8850534201521305,1.2643999999999995,0.0405819424999869,-2.127963492651889,False,0.1883502020931984,0.405033890327305,0,0.2453544727658159,Mn,,POSSIBLE
3823,mp-1175319,Li7Mn5O12,"Li,Mn,O",3.894598831155669,0.0,0.0406021214583214,-2.1293892255411886,False,0.187946617482773,0.4055914178848765,0,0.2453276358752319,Mn,,POSSIBLE
3824,mp-787524,Li4Fe(WO4)3,"Fe,Li,O,W",6.000772419527672,0.6177000000000001,0.0416310262499983,-2.2118371894166664,False,0.1673682440786372,0.4378323883157534,0,0.2452938701537642,Fe,,POSSIBLE
3825,mp-1175370,Li7Mn5O12,"Li,Mn,O",3.8378086345130464,1.2091000000000005,0.0406058010416545,-2.1293855459578555,False,0.1878730248234591,0.4055899789974636,0,0.2452866563020148,Mn,,POSSIBLE
3826,mp-757522,Li3V3P8O29,"Li,O,P,V",2.485128361239547,0.9734,0.0455666028488295,-2.526289637142857,False,0.0886556503902225,0.5607978515304535,0,0.2450398557502811,V,,POSSIBLE
3827,mp-766083,LiVSiO4,"Li,O,Si,V",3.6986174546021298,1.5010378778642055,0.0489143790178498,-2.795082007619048,False,0.0216992238706341,0.6659081109136535,0,0.2450024119486274,V,,POSSIBLE
3828,mp-1177192,Li4V3P8O29,"Li,O,P,V",2.504655526620661,1.1918000000000002,0.0461898300378775,-2.575347492169914,False,0.0761909384794755,0.5799817437575363,0,0.2448986264788492,V,,POSSIBLE
3829,mp-1177243,Li4TiFe3O8,"Fe,Li,O,Ti",3.2698373032829124,1.4904,0.0419464868749983,-2.233944711666666,False,0.1610589464759193,0.4464774528832508,0,0.2448495290708934,"Fe, Ti",,POSSIBLE
3830,mp-757596,LiFeSi3O8,"Fe,Li,O,Si",2.7034449931742417,3.1604,0.0494054219871795,-2.8333885717948712,False,0.0118782320139693,0.6808877507355235,0,0.2448437403651163,Fe,,POSSIBLE
3831,mp-757550,Li3V3P8O29,"Li,O,P,V",2.490244154419738,0.5877,0.045595388081387,-2.526260851910299,False,0.0880799379735976,0.5607865951720411,0,0.2447192741956931,V,,POSSIBLE
3832,mp-1305882,Li4Mn3CoO8,"Co,Li,Mn,O",4.139208134563759,0.4513000000000002,0.0392670748437522,-2.017189074195403,False,0.2146479099335126,0.3617159649101631,0,0.244656938181989,"Co, Mn",,POSSIBLE
3833,mp-775656,Li4Mn3Nb2V3O16,"Li,Mn,Nb,O,V",4.227223168656896,0.5272000000000001,0.0454882886011898,-2.5151334859688013,False,0.0902219564700757,0.5564352799978397,0,0.2443744240577855,"Mn, V",,POSSIBLE
3834,mp-25395,Li2MnPO4F,"F,Li,Mn,O,P",3.0449813022162435,3.6757,0.0478817102777791,-2.706260182137841,False,0.042352877258057,0.6311746655458433,0,0.2442052154329765,Mn,,POSSIBLE
3835,mp-1100510,Li9Mn7O16,"Li,Mn,O",3.894258181446664,0.6760999999999999,0.0406797067187385,-2.1267812945474134,False,0.1863948913440326,0.404571596143941,0,0.2441172488895973,Mn,,POSSIBLE
3836,mp-780102,Li2Mn3(BO3)3,"B,Li,Mn,O",3.149166154481637,0.179,0.0448635635294127,-2.462590013703516,False,0.1027166264394927,0.5358883500797255,0,0.2440550670696249,Mn,,POSSIBLE
3837,mp-759256,Li6MnV3(PO4)6,"Li,Mn,O,P,V",2.889472773385092,1.0054000000000003,0.0472558128906133,-2.654464900394704,False,0.0548709938515069,0.610920312755985,0,0.2440011560829235,"Mn, V",,POSSIBLE
3838,mp-850945,Li47(NiO4)8,"Li,Ni,O",2.6756576660615496,1.1132,0.0374240411302704,-1.862523262950192,False,0.2515090814036415,0.3012344731591271,0,0.2437620603776973,Ni,,POSSIBLE
3839,mp-777497,Li2VO2F,"F,Li,O,V",3.453156003859511,1.0852,0.0474747208333345,-2.669844458611111,False,0.0504927759416591,0.6169344319456842,0,0.243698077948902,V,,POSSIBLE
3840,mp-770862,Li2Cr2O7,"Cr,Li,O",2.65980941718968,2.4529,0.0373903010303031,-1.858383299696969,False,0.252183892505151,0.2996155558862436,0,0.2435665854380183,Cr,,POSSIBLE
3841,mp-1641018,Li3Co2(CO3)4,"C,Co,Li,O",2.503513478525447,0.7746,0.0373164935515868,-1.852050992380954,False,0.2536600619907322,0.2971393306001564,0,0.2435117998049575,Co,,POSSIBLE
3842,mp-778119,LiFe2OF3,"F,Fe,Li,O",3.81794518188963,2.7818,0.0440519860714267,-2.3933914365476183,False,0.1189483945407921,0.5088285031766339,0,0.2435115931092575,Fe,,POSSIBLE
3843,mp-769596,Li3V3CrO8,"Cr,Li,O,V",3.890924864428072,0.9017,0.0446715022499946,-2.442379761,False,0.1065579038407771,0.5279852057304153,0,0.2434016691180727,"Cr, V",,POSSIBLE
3844,mp-757895,Li2CrCo(PO4)2,"Co,Cr,Li,O,P",3.460050516664264,1.0351999999999997,0.0449244485714261,-2.461492747568028,False,0.1014989091740923,0.5354592682277768,0,0.2432351439254726,"Co, Cr",,POSSIBLE
3845,mp-766664,LiFeSiO4,"Fe,Li,O,Si",3.6436677855040345,1.6747,0.045441880238096,-2.5030343848809533,False,0.091150136251669,0.551703971399332,0,0.2432289649281841,Fe,,POSSIBLE
3846,mp-753865,LiVP2HO7,"H,Li,O,P,V",2.896120198730074,2.6279,0.0449529013782088,-2.4623045736557536,False,0.1009298453626429,0.5357767298078944,0,0.2430332703822166,V,,POSSIBLE
3847,mp-1307896,Li3V4O8,"Li,O,V",3.826256311281196,1.0612,0.0449849919166727,-2.464775388333334,False,0.1002880259362083,0.536742932722018,0,0.2430184407176209,V,,POSSIBLE
3848,mp-766136,LiFeP2O7,"Fe,Li,O,P",2.913313460450976,2.4515,0.0451838895454539,-2.4805754897835497,False,0.0963100197034003,0.5429215037832832,0,0.2429930371610192,Fe,,POSSIBLE
3849,mp-765044,Li14V9(P2O7)8,"Li,O,P,V",2.8532091336833423,2.5301000000000005,0.0471095517467041,-2.6342639486416046,False,0.0577962561869793,0.6030208055088332,0,0.2428452228309302,V,,POSSIBLE
3850,mp-772569,Li2Ni2BiO6,"Bi,Li,Ni,O",5.807131437547393,0.0,0.0327194338257612,-1.4767924265151522,False,0.3456024966692361,0.1503958604486629,0,0.2427199243251119,Ni,,POSSIBLE
3851,mp-776121,Li4V3Fe3(SnO8)2,"Fe,Li,O,Sn,V",4.64459776425984,0.3037999999999998,0.0413227033705307,-2.167268956190477,False,0.1735347848451371,0.4204041460395439,0,0.2425855827786657,"Fe, V",,POSSIBLE
3852,mp-1174329,Li5Mn2CoO8,"Co,Li,Mn,O",3.8925920373670015,1.3357,0.0396416412500011,-2.0318578489080465,False,0.2071564807606805,0.3674521348473835,0,0.2425443116149584,"Co, Mn",,POSSIBLE
3853,mp-780175,Li4Fe3P4(HO8)2,"Fe,H,Li,O,P",2.7968377000021247,3.8515,0.04370238793103,-2.3575368008415434,False,0.1259404516608195,0.4948076808873736,0,0.2424499367240315,Fe,,POSSIBLE
3854,mp-753144,LiMn2O2F3,"F,Li,Mn,O",3.7108668715934328,1.2784,0.0460040045833354,-2.5409742792744243,False,0.0799074977009835,0.5665402263629833,0,0.242238202962585,Mn,,POSSIBLE
3855,mp-1174336,Li4Mn3O7,"Li,Mn,O",3.899619510489667,0.6400999999999999,0.040878292499987,-2.1276671426518883,False,0.1824231221460067,0.4049180037591219,0,0.2420540184959964,Mn,,POSSIBLE
3856,mp-1177063,Li9Cr12Ni7O48,"Cr,Li,Ni,O",3.4363326761307857,0.0,0.0358113272675444,-1.7202106901315786,False,0.2837637937246073,0.2455836694701882,0,0.2420243708630999,"Cr, Ni",,POSSIBLE
3857,mp-1568601,Li6NiO4,"Li,Ni,O",2.6896630331954507,3.2295,0.0376835945454541,-1.8705483895454549,False,0.2463179430794979,0.3043726691448119,0,0.242005302894408,Ni,,POSSIBLE
3858,mp-540193,LiMnP2O7,"Li,Mn,O,P",2.480577192539363,1.6166,0.0457754415909086,-2.5195494282318265,False,0.0844788192096138,0.5581621178387558,0,0.2418200918088521,Mn,,POSSIBLE
3859,mp-761099,Li7VO5F,"F,Li,O,V",2.2453693703698017,1.7161000000000002,0.043835269464286,-2.36308769202381,False,0.123282785147867,0.4969783362930397,0,0.2417479495338907,V,,POSSIBLE
3860,mp-851253,Li4V3P8O29,"Li,O,P,V",2.5181520663047663,0.4524,0.0464795369696959,-2.575057785238096,False,0.0703967216880373,0.5798684549365235,0,0.2416721561562037,V,,POSSIBLE
3861,mp-779200,Li4Nb2Cr3Ni3O16,"Cr,Li,Nb,Ni,O",4.514043105870319,0.0,0.0418341734523819,-2.2004761719047616,False,0.1633052452273616,0.4333897045616803,0,0.241504281471637,"Cr, Ni",,POSSIBLE
3862,mp-1222667,Li5Mn2Co(NiO5)2,"Co,Li,Mn,Ni,O",4.437311602071588,1.0403000000000002,0.0376467890000045,-1.863169863126437,False,0.2470540639176274,0.3014873237594694,0,0.2414002984705094,"Co, Mn, Ni",,POSSIBLE
3863,mp-1289227,Li3V4O8,"Li,O,V",3.7978041627150656,0.9327,0.0451306789166734,-2.4646297013333327,False,0.0973742466337944,0.5366859623610968,0,0.2413959224749708,V,,POSSIBLE
3864,mp-753177,Li2MnCo3O8,"Co,Li,Mn,O",4.468502097583329,0.0,0.03485571625,-1.6386892903284078,False,0.3028762718734212,0.2137050284826762,0,0.2413787094993183,"Co, Mn",,POSSIBLE
3865,mp-769300,Li5Mn2P2(CO7)2,"C,Li,Mn,O,P",2.712974915116142,0.3433999999999997,0.0439716845222228,-2.3711079572725784,False,0.1205544471880495,0.5001146312672112,0,0.2413450668969511,Mn,,POSSIBLE
3866,mp-850881,Li2Mn3(BO3)3,"B,Li,Mn,O",3.1741799648957394,0.7908000000000002,0.0451305888235307,-2.462322988409399,False,0.097376048520953,0.5357839308289976,0,0.2410812024766733,Mn,,POSSIBLE
3867,mp-1277589,Li2TiFe3O8,"Fe,Li,O,Ti",3.904763362410948,0.2077,0.0412725210646298,-2.15203797892857,False,0.1745384445009797,0.4144481288809376,0,0.241052989583867,"Fe, Ti",,POSSIBLE
3868,mp-775890,Li7V6(OF)12,"F,Li,O,V",3.120827783032129,0.2978,0.0482165281080941,-2.708681506576577,False,0.0356564303269903,0.632121515485652,0,0.2408535670998228,V,,POSSIBLE
3869,mp-753104,Li4Fe3CuO8,"Cu,Fe,Li,O",4.307884427711105,0.0516999999999998,0.0367214626562502,-1.7846264508333327,False,0.2655608404206561,0.2707732137408552,0,0.2408290870406601,Fe,,POSSIBLE
3870,mp-764385,Li4Fe3Cu3(SbO8)2,"Cu,Fe,Li,O,Sb",4.886364281330244,0.0,0.0352828424330384,-1.6689839844047611,False,0.2943336329855974,0.2255516562223659,0,0.2408265778199066,Fe,,POSSIBLE
3871,mp-766451,LiCo2(PO4)2,"Co,Li,O,P",2.9368348257786687,0.3402,0.0422858028846162,-2.231005159624542,False,0.1542725347453079,0.4453279519615145,0,0.2407146772964494,Co,,POSSIBLE
3872,mp-754749,Li2CoOF3,"Co,F,Li,O",3.264429271065148,0.6847,0.0455755457142856,-2.4941435309523814,False,0.088476790668558,0.5482272359513923,0,0.2405417674506942,Co,,POSSIBLE
3873,mp-758663,Li4Mn(Ni2O5)2,"Li,Mn,Ni,O",4.58696460257482,0.0,0.0337852582675477,-1.5464023258560196,False,0.3242857203029885,0.1776165533663777,0,0.2405229398448758,"Mn, Ni",,POSSIBLE
3874,mp-757726,Li7Mn4P9O32,"Li,Mn,O,P",2.8859355562490863,0.8469000000000002,0.0462887342067306,-2.549674098016216,False,0.0742128284207521,0.5699422582097821,0,0.2402968460048373,Mn,,POSSIBLE
3875,mp-1177575,Li3Nb(FeO2)4,"Fe,Li,Nb,O",4.696793550118089,1.9741,0.0401857092187505,-2.059122376874999,False,0.1962749746109156,0.3781138273704633,0,0.2402910756156657,Fe,,POSSIBLE
3876,mp-768577,Li3MnV(PO4)3,"Li,Mn,O,P,V",2.8128085113904056,0.6676999999999997,0.0472010004375018,-2.6224824433429794,False,0.0559672577006496,0.5984136915655722,0,0.2402267837833076,"Mn, V",,POSSIBLE
3877,mp-757329,Li3V3P8O29,"Li,O,P,V",2.507641903416948,1.2644000000000002,0.0460147555232479,-2.525841484468438,False,0.0796924760024216,0.5606226030895546,0,0.240048772882676,V,,POSSIBLE
3878,mp-1178032,Li2CrCuO4,"Cr,Cu,Li,O",4.559188090032245,0.4601000000000002,0.0381418156249999,-1.8914598164583327,False,0.2371533978729665,0.3125500050676711,0,0.2398268706038165,Cr,,POSSIBLE
3879,mp-752550,Li3NiOF3,"F,Li,Ni,O",3.596801999433456,1.9121,0.0473412506249992,-2.630476665,False,0.0531622161150061,0.6015398022898001,0,0.2397781496646834,Ni,,POSSIBLE
3880,mp-1177735,Li3Fe2(P2O7)2,"Fe,Li,O,P",3.036620376072056,1.4918,0.0457919942029017,-2.5055943003726697,False,0.0841477625043062,0.552705016856302,0,0.2397280252770741,Fe,,POSSIBLE
3881,mp-780579,Li3V3P8O29,"Li,O,P,V",2.549919675771472,1.2389,0.0460562029651088,-2.5258000370265776,False,0.0788635159838083,0.5606063952211654,0,0.2395871721185024,V,,POSSIBLE
3882,mp-753270,Li2V3(P2O7)2,"Li,O,P,V",3.274492879522695,2.9492000000000003,0.0470802138043424,-2.608009693923395,False,0.0583830229487942,0.5927541765920424,0,0.2395746244290516,V,,POSSIBLE
3883,mp-761040,Li3V3P8O29,"Li,O,P,V",2.5095339156055463,1.0079,0.0460940201744106,-2.525762219817276,False,0.0781071615957152,0.5605916069417517,0,0.2391660013072564,V,,POSSIBLE
3884,mp-753744,Li4MnCu3(PO4)4,"Cu,Li,Mn,O,P",3.665975655873632,0.0,0.043184879374996,-2.2917692553512787,False,0.1362907623912674,0.4690895261896365,0,0.2391412534815699,Mn,,POSSIBLE
3885,mp-1100487,Li9Mn7O16,"Li,Mn,O",3.8879559082136814,1.2325,0.0411434367187384,-2.126317564547413,False,0.177120166242262,0.4043902562476581,0,0.2389526811199245,Mn,,POSSIBLE
3886,mp-781957,Li3Mn4(BO3)4,"B,Li,Mn,O",3.1393739232974447,0.0397,0.0453888807608642,-2.464022793190904,False,0.092210140094126,0.5364486331833399,0,0.2384725986659383,Mn,,POSSIBLE
3887,mp-1304342,Li2TiFeO4,"Fe,Li,O,Ti",3.89753955846762,0.9995000000000004,0.0465870753124955,-2.5602585740625,False,0.068245925821118,0.5740812783043228,0,0.2384637066081278,"Fe, Ti",,POSSIBLE
3888,mp-775291,Li2Mn2Cr3O12,"Cr,Li,Mn,O",2.801318372943453,1.7234,0.0390351292105295,-1.9525065506594068,False,0.2192868851706056,0.3364221040227288,0,0.2383555232517882,"Cr, Mn",,POSSIBLE
3889,mp-775182,Li3Mn4(BO3)4,"B,Li,Mn,O",3.163083778528596,0.4193,0.0454195720652119,-2.463992101886557,False,0.0915963057274908,0.5364366314626251,0,0.2381307891620387,Mn,,POSSIBLE
3890,mp-757829,LiCrPO4,"Cr,Li,O,P",3.033594656576119,2.9298999999999995,0.0461859357440408,-2.525204241377552,False,0.0762688254067844,0.5603734115427316,0,0.2380785480136874,Cr,,POSSIBLE
3891,mp-780529,Li3Mn4(BO3)4,"B,Li,Mn,O",3.14250549478726,0.0,0.0454273718478202,-2.463984302103948,False,0.0914403079711551,0.5364335813865693,0,0.2380439228694345,Mn,,POSSIBLE
3892,mp-756620,LiNiBO3,"B,Li,Ni,O",3.571507807516127,3.27,0.0421600049999941,-2.201304787500001,False,0.1567885263746061,0.43371373161643,0,0.2380334955717838,Ni,,POSSIBLE
3893,mp-777850,Li4Co3(NiO4)3,"Co,Li,Ni,O",4.625726478338176,0.0,0.0326292350000017,-1.4346076924242426,False,0.3474064975176222,0.1338996766676593,0,0.237938460468373,"Co, Ni",,POSSIBLE
3894,mp-760224,Li4V3P8O29,"Li,O,P,V",2.514128400206018,1.0429,0.0468153352651494,-2.5747219869426416,False,0.0636806651896976,0.5797371422587376,0,0.2379323656448919,V,,POSSIBLE
3895,mp-775949,Li4Ni(BO3)2,"B,Li,Ni,O",2.826693393194592,3.4657,0.0442393596153838,-2.3672132064743585,False,0.1152008731133516,0.4985916034152354,0,0.2378675414076758,Ni,,POSSIBLE
3896,mp-755688,Li4MnSb(WO6)2,"Li,Mn,O,Sb,W",5.997146684957832,0.2764999999999999,0.0420990689086524,-2.1947662700632184,False,0.1580072646403443,0.4311568686275577,0,0.2378088995718346,Mn,,POSSIBLE
3897,mp-1175335,Li7Mn5O12,"Li,Mn,O",3.8795119896244175,0.9301,0.0412853349999879,-2.128706011999522,False,0.1742821623369656,0.4053242497638042,0,0.2377186767026626,Mn,,POSSIBLE
3898,mp-766388,LiMn2(PO4)2,"Li,Mn,O,P",3.31286100259149,0.3468999999999997,0.0459106541666676,-2.4999593732164964,False,0.0817745312177493,0.5505014994947731,0,0.2376515169929327,Mn,,POSSIBLE
3899,mp-753500,Li4V(PO4)2,"Li,O,P,V",2.7895909939787926,3.2092,0.0478322013333478,-2.6536670760079364,False,0.043343069502853,0.6106083264890876,0,0.2375516024977498,V,,POSSIBLE
3900,mp-1177212,Li4V3P8O29,"Li,O,P,V",2.523126386553845,0.7001999999999999,0.046852614469695,-2.574684707738096,False,0.0629350710418677,0.5797225643640882,0,0.2375171866004581,V,,POSSIBLE
3901,mp-762609,Li2CrCo3O8,"Co,Cr,Li,O",4.578129081140415,0.0,0.0356250062896847,-1.6721414092261913,False,0.287490263546146,0.2267863554862457,0,0.2374948693705663,"Co, Cr",,POSSIBLE
3902,mp-1177499,Li3V3P8O29,"Li,O,P,V",2.4248804555817736,0.4183,0.0462709407558064,-2.52558529923588,False,0.0745687022394264,0.5605224228046879,0,0.2371956342133253,V,,POSSIBLE
3903,mp-772591,Li2Mn2Si2O7,"Li,Mn,O,Si",3.047381387952923,2.4605,0.0482401775641028,-2.6832962978868258,False,0.0351834348268346,0.6221947237945435,0,0.2371190424828493,Mn,,POSSIBLE
3904,mp-768560,Li3MnV(PO4)3,"Li,Mn,O,P,V",2.81394867840514,0.7475999999999998,0.0475114701875014,-2.6221719735929803,False,0.0497577789443423,0.5982922835215297,0,0.2367690776519236,"Mn, V",,POSSIBLE
3905,mp-1177210,Li4V3P8O29,"Li,O,P,V",2.5346129343110104,1.1583,0.0469200226515145,-2.574617299556277,False,0.0615868892205791,0.57969620464464,0,0.2367664606969425,V,,POSSIBLE
3906,mp-1312869,LiCrCoO4,"Co,Cr,Li,O",4.229611078504316,9.9999999999989e-05,0.0381664424007919,-1.870887996190476,False,0.2366608557134906,0.3045054710635688,0,0.2367403855146689,"Co, Cr",,POSSIBLE
3907,mp-772004,Li3Co3TeO8,"Co,Li,O,Te",4.761539559235096,0.7909000000000002,0.036004039333334,-1.6967597891111106,False,0.2799095004203283,0.2364132816177939,0,0.2366948737974084,Co,,POSSIBLE
3908,mp-765408,Li4V3P8O29,"Li,O,P,V",2.524801916800256,0.8598,0.0469284018560589,-2.5746089203517326,False,0.0614193028692091,0.5796929279877858,0,0.23667314137379,V,,POSSIBLE
3909,mp-863379,Li3V3P8O29,"Li,O,P,V",2.512675074677237,1.0634,0.0463206472674331,-2.525535592724253,False,0.0735745585974241,0.5605029852577035,0,0.2366420520687794,V,,POSSIBLE
3910,mp-755862,LiMnCo3O8,"Co,Li,Mn,O",4.2591568529009445,1.2513,0.0329358192948694,-1.4497221731741825,False,0.3412747289121433,0.1398101382974075,0,0.2366346493057714,"Co, Mn",,POSSIBLE
3911,mp-777412,Li2VO2F,"F,Li,O,V",3.4536131908094148,1.4806999999999997,0.0481137437500018,-2.6692054356944444,False,0.0377121452172675,0.6166845444045919,0,0.2365812704111042,V,,POSSIBLE
3912,mp-764857,Li2Ni2(SO4)3,"Li,Ni,O,S",3.157572944597516,3.6558,0.0384696875657892,-1.8939109151535087,False,0.2305958706062263,0.3135084981200123,0,0.2365557031754288,Ni,,POSSIBLE
3913,mp-761008,Li3V3P8O29,"Li,O,P,V",2.4917830046562224,0.6852,0.0463350101744097,-2.525521229817276,False,0.0732872965831696,0.5604973686962097,0,0.2364820921644166,V,,POSSIBLE
3914,mp-765395,Li4V3P8O29,"Li,O,P,V",2.549316170137262,0.8334,0.046945589924241,-2.5745917322835505,False,0.0610755368686926,0.5796862066574827,0,0.2364817176078999,V,,POSSIBLE
3915,mp-1274978,LiNbFeO4,"Fe,Li,Nb,O",4.253730672482835,1.6567,0.0454095103571425,-2.450334383690476,False,0.0917975426032546,0.5310958314256691,0,0.2363721894307742,Fe,,POSSIBLE
3916,mp-757757,Li4Cu3Ni(PO4)4,"Cu,Li,Ni,O,P",3.805325591522872,0.0,0.0426158127678544,-2.22524317542517,False,0.1476722480528308,0.4430747494145636,0,0.2362958987241541,Ni,,POSSIBLE
3917,mp-772133,Li2VAsCO7,"As,C,Li,O,V",2.9636146220538566,2.0674,0.0414183621666639,-2.1283700182638885,False,0.1716215831163252,0.4051928606598613,0,0.2362093719449303,V,,POSSIBLE
3918,mp-26312,Li4Cu(PO4)2,"Cu,Li,O,P",2.7848848890282283,0.0,0.0456222529999985,-2.4659809251746028,False,0.0875426323539414,0.5372143534318293,0,0.236173471495808,,,REVIEW
3919,mp-1664575,Li4Co3Sn5O16,"Co,Li,O,Sn",5.455102628805149,0.7385999999999999,0.0389742676785731,-1.931558538333333,False,0.2205041322285236,0.3282304615097537,0,0.2361579342541018,Co,,POSSIBLE
3920,mp-759044,Li9Mg(Ni6O13)2,"Li,Mg,Ni,O",4.477218542897305,0.3863999999999996,0.0320826102662001,-1.3770519730208337,False,0.3583391396581769,0.1113927260992284,0,0.2360739809467272,Ni,,POSSIBLE
3921,mp-1100479,Li9Mn7O16,"Li,Mn,O",4.140695017904911,0.8746,0.0414155804687386,-2.1260454207974133,False,0.1716772178252578,0.4042838354437442,0,0.2359218122092023,Mn,,POSSIBLE
3922,mp-759609,Li5VO4F,"F,Li,O,V",2.661382857381196,1.48,0.0455165243181827,-2.4555859956060604,False,0.0896572345129874,0.5331494547842826,0,0.2359137881566419,V,,POSSIBLE
3923,mp-767775,Li6MnCr3(PO4)6,"Cr,Li,Mn,O,P",2.9795737618101668,1.036,0.0472703134583323,-2.5964982613947045,False,0.0545809785852672,0.5882526736036231,0,0.235907973983165,"Cr, Mn",,POSSIBLE
3924,mp-765986,Li2Mn5Si5O16,"Li,Mn,O,Si",2.98452416005974,2.1642,0.0487859961011931,-2.71828081772578,False,0.0242669168379958,0.6358752905016811,0,0.2359031559364861,Mn,,POSSIBLE
3925,mp-772430,Li2AlFeO4,"Al,Fe,Li,O",3.237127385562286,2.1542,0.0457657109375002,-2.4751743805208326,False,0.0846734349028481,0.5408094200416373,0,0.2358536862111395,Fe,,POSSIBLE
3926,mp-1638688,Li7Co5O12,"Co,Li,O",4.366959333889897,0.0430000000000001,0.0364422845833356,-1.724912428055556,False,0.2711444771936179,0.247422266644154,0,0.2357272557819437,Co,,POSSIBLE
3927,mp-1177128,Li5Mn4(P2O7)4,"Li,Mn,O,P",3.000249218932204,0.2497,0.0466914679444308,-2.546878634456304,False,0.0661580450201122,0.5688491025545152,0,0.235484110655142,Mn,,POSSIBLE
3928,mp-851113,Li4V3P8O29,"Li,O,P,V",2.525054444000355,0.8301999999999998,0.0470418012878779,-2.5744955209199136,False,0.0591512836407389,0.5796485835606308,0,0.2354102102486271,V,,POSSIBLE
3929,mp-772300,Li4Cr3P4O15,"Cr,Li,O,P",2.949007698418345,2.7011000000000003,0.0469520322596155,-2.565119842380952,False,0.0609466884232353,0.5759822592472661,0,0.2351144693693225,Cr,,POSSIBLE
3930,mp-26807,Li3Fe3(PO4)4,"Fe,Li,O,P",2.896181675363446,2.2854,0.0452705699038462,-2.429896997252747,False,0.0945763891515453,0.5231038672721527,0,0.2351033675786034,Fe,,POSSIBLE
3931,mp-760683,Li4Cu(PO3)6,"Cu,Li,O,P",2.73278851350978,0.8013000000000001,0.0462893626724092,-2.5116932983169145,False,0.0742002589376372,0.555090007378025,0,0.2350916449980092,,,REVIEW
3932,mp-776085,Li2V3SnO8,"Li,O,Sn,V",4.635194868966005,0.5726000000000004,0.0447168485714284,-2.3845154526190475,False,0.1056509651788939,0.5053575825870339,0,0.2349831847538535,V,,POSSIBLE
3933,mp-754977,LiFeO2,"Fe,Li,O",4.072462090238454,1.7748999999999997,0.0387671981249999,-1.9061695495833328,False,0.2246455791617352,0.3183021916401072,0,0.2349608356129919,Fe,,POSSIBLE
3934,mp-754774,Li2Mn3(CoO4)3,"Co,Li,Mn,O",4.257108093605696,1.0678,0.0359893967916686,-1.6822504850229882,False,0.2802023552037969,0.2307394720767327,0,0.2348701105889447,"Co, Mn",,POSSIBLE
3935,mp-755630,Li2V6O15,"Li,O,V",3.3522130755206088,0.0696000000000001,0.0445026667391275,-2.3658246687681164,False,0.1099346596053593,0.4980486208960222,0,0.2347810800965554,V,,POSSIBLE
3936,mp-850768,Li9V6(P8O29)2,"Li,O,P,V",2.5539157400219703,0.5900000000000001,0.0472900475093691,-2.589837701396469,False,0.0541862922408196,0.5856480863238145,0,0.2347792909457858,V,,POSSIBLE
3937,mp-753337,Li2VNiO4,"Li,Ni,O,V",4.258518094565287,1.6752999999999996,0.0417562731249994,-2.145063296458333,False,0.1648632727904063,0.4117207051736973,0,0.2347770468455175,"Ni, V",,POSSIBLE
3938,mp-504260,LiCu4(PO4)3,"Cu,Li,O,P",4.080577708309317,0.0,0.0394095690000186,-1.956447428113096,False,0.2117979883671272,0.3379631695322178,0,0.2347760029381962,,,REVIEW
3939,mp-765840,Li4V3Co(PO4)4,"Co,Li,O,P,V",3.4253100593695223,0.6162999999999998,0.0470027683452345,-2.566085392210884,False,0.0599319530236359,0.5763598339265317,0,0.2346885160372858,"Co, V",,POSSIBLE
3940,mp-754945,Li2MnNiO4,"Li,Mn,Ni,O",4.461700276972678,0.2955999999999998,0.0387350318750003,-1.9008708405747128,False,0.2252889128393088,0.3162301511379699,0,0.2345894549599093,"Mn, Ni",,POSSIBLE
3941,mp-540530,Li2Co(PO3)4,"Co,Li,O,P",2.8036630198449863,2.8595,0.0463025310087701,-2.508613935538847,False,0.0739368886579593,0.5538858339866292,0,0.2345253306571978,Co,,POSSIBLE
3942,mp-1100477,Li9Mn7O16,"Li,Mn,O",3.917295611076385,1.1732,0.0415428926562384,-2.125918108609913,False,0.1691309397298876,0.4042340504850897,0,0.2345039345212196,Mn,,POSSIBLE
3943,mp-1174183,Li4Mn3CoO8,"Co,Li,Mn,O",4.11933210538195,1.0659999999999998,0.0401841585937523,-2.0162719904454027,False,0.1963059875291961,0.361357342711669,0,0.234443363090142,"Co, Mn",,POSSIBLE
3944,mp-758609,Li2Fe(PO3)4,"Fe,Li,O,P",2.449629016468039,4.0099,0.0467819225877317,-2.546345641854637,False,0.0643489277518855,0.5686406777747818,0,0.2344161474847106,Fe,,POSSIBLE
3945,mp-758066,Li2V3(P2O7)2,"Li,O,P,V",3.2066953536205056,2.5200000000000005,0.0475918520652127,-2.6074980556625245,False,0.0481501197052666,0.5925541023480629,0,0.2338765016597186,V,,POSSIBLE
3946,mp-1175321,Li7Mn5O12,"Li,Mn,O",3.882330906915474,0.0,0.0416331649999888,-2.1283581819995216,False,0.1673254685018505,0.4051882321325875,0,0.2338448889224234,Mn,,POSSIBLE
3947,mp-1174216,Li4Mn3CoO8,"Co,Li,Mn,O",4.180447409147424,0.8137000000000003,0.0402578410937524,-2.0161983079454027,False,0.1948323176516547,0.3613285294433709,0,0.2336227600135899,"Co, Mn",,POSSIBLE
3948,mp-774600,Li4(NiO2)7,"Li,Ni,O",4.650014463428434,0.0068000000000001,0.030503403183328,-1.2309454353333331,False,0.3899237073428446,0.0542583065221117,0,0.2334484463213037,Ni,,POSSIBLE
3949,mp-1175323,Li7Mn5O12,"Li,Mn,O",3.877416404127304,1.0337,0.0416764316666551,-2.128314915332855,False,0.1664601234963517,0.4051713128630862,0,0.2333630274250736,Mn,,POSSIBLE
3950,mp-757406,LiFePO4,"Fe,Li,O,P",2.908141385283252,3.4944,0.0454865528571426,-2.4344094618537406,False,0.0902566718192764,0.5248684498152796,0,0.2333451269359499,Fe,,POSSIBLE
3951,mp-778867,Li3Mn4(BO3)4,"B,Li,Mn,O",3.163581176640368,0.3483,0.0458608905434729,-2.4635507834082966,False,0.0827698171065187,0.5362640555087824,0,0.2332158188366591,Mn,,POSSIBLE
3952,mp-1304518,Li5Mn2Fe3O10,"Fe,Li,Mn,O",4.148873926412126,1.0134,0.0399879883749996,-1.9909220458764367,False,0.2002294448256528,0.3514443409241805,0,0.2331317139775722,"Fe, Mn",,POSSIBLE
3953,mp-780135,Li2Mn3(BO3)3,"B,Li,Mn,O",3.128469888245323,0.0,0.0458545652941193,-2.46159901193881,False,0.0828963237999714,0.5355008225157811,0,0.2330182659705076,Mn,,POSSIBLE
3954,mp-759719,LiMn2P2(O4F)2,"F,Li,Mn,O,P",3.162360942212343,0.0,0.0458542115476152,-2.461185286398741,False,0.0829033988254845,0.5353390366780616,0,0.232965532191338,Mn,,POSSIBLE
3955,mp-765833,Li6Fe5NiO12,"Fe,Li,Ni,O",4.186482242241223,0.0,0.0380424804513905,-1.8324033591666664,False,0.2391401281430894,0.289456196515059,0,0.2328367392589698,"Fe, Ni",,POSSIBLE
3956,mp-1175272,Li7Mn4CoO12,"Co,Li,Mn,O",3.955873906482665,0.7963,0.0408992113541639,-2.0601495922940614,False,0.1820047394191294,0.3785155161496082,0,0.232583037332884,"Co, Mn",,POSSIBLE
3957,mp-1177229,Li4V3P8O29,"Li,O,P,V",2.5207090325963626,0.6816,0.0473242381060599,-2.574213084101732,False,0.0535024710833081,0.5795381376905868,0,0.2322647072875248,V,,POSSIBLE
3958,mp-757335,Li2CrP2O7,"Cr,Li,O,P",2.777454631822892,3.361,0.0477923816666745,-2.6117414734126974,False,0.0441394735785846,0.5942134751182118,0,0.2322514267595956,Cr,,POSSIBLE
3959,mp-1174375,Li5Mn2CoO8,"Co,Li,Mn,O",3.932617625020457,1.5785999999999998,0.0405724350000014,-2.0309270551580463,False,0.188540354657774,0.3670881514042468,0,0.2321780480532621,"Co, Mn",,POSSIBLE
3960,mp-754882,Li2Ni3SnO8,"Li,Ni,O,Sn",5.1412386746345655,0.0,0.0334007561309537,-1.4544133169047626,False,0.331975866763113,0.1416445926513447,0,0.2321623341476828,Ni,,POSSIBLE
3961,mp-760113,Li4V3P8O29,"Li,O,P,V",2.528216425319934,0.5426,0.0473572048106047,-2.5741801173971863,False,0.0528431280988897,0.5795252461830649,0,0.231897556618462,V,,POSSIBLE
3962,mp-1174215,Li4Mn3CoO8,"Co,Li,Mn,O",4.130623352918487,1.0518999999999998,0.0404203198437516,-2.0160358291954035,False,0.1915826988193121,0.3612649927309024,0,0.2318132318064375,"Co, Mn",,POSSIBLE
3963,mp-1176700,LiMn(PO3)4,"Li,Mn,O,P",2.7138642728028857,0.0353525256180553,0.046798145416667,-2.52818846832421,False,0.0640244667967005,0.5615403824201635,0,0.2317525905852425,Mn,,POSSIBLE
3964,mp-754183,Li2VNiO4,"Li,Ni,O,V",4.259627133175642,1.7009,0.0420387174999987,-2.1447808520833336,False,0.159214309094591,0.4116102563485877,0,0.2316314597240308,"Ni, V",,POSSIBLE
3965,mp-759652,Li4CoOF4,"Co,F,Li,O",3.3071022246518345,0.0174000000000003,0.0494028779999986,-2.736479714583333,False,0.011929112443886,0.6429919016085985,0,0.2316081774071468,Co,,POSSIBLE
3966,mp-757630,LiCoPO4,"Co,Li,O,P",3.093211321418449,3.0892,0.0447117052380905,-2.3593782430442167,False,0.1057538332331836,0.4955277700298565,0,0.2315993277887008,Co,,POSSIBLE
3967,mp-758384,Li5VO4F,"F,Li,O,V",2.4502011086139626,1.1479,0.0459080188636367,-2.4551945010606064,False,0.0818272379893006,0.5329963622945408,0,0.2315537076972046,V,,POSSIBLE
3968,mp-26791,LiFePO4,"Fe,Li,O,P",2.9918786675716973,3.7806,0.0456479021428561,-2.434248112568027,False,0.0870296425773466,0.5248053547756302,0,0.2315481775890112,Fe,,POSSIBLE
3969,mp-774781,Li2Ni2SnO6,"Li,Ni,O,Sn",4.835120224326555,0.6304000000000003,0.0356272967424242,-1.6286312656060602,False,0.287444453873454,0.2097718752254774,0,0.2315146059593168,Ni,,POSSIBLE
3970,mp-760111,Li4V3P8O29,"Li,O,P,V",2.5337041002747123,0.9538,0.0473944740151504,-2.5741428481926407,False,0.0520977339537554,0.5795106721988783,0,0.2314824889441729,V,,POSSIBLE
3971,mp-26861,LiCo(PO3)4,"Co,Li,O,P",2.52654606951456,1.6952,0.0450538409722236,-2.383649768161374,False,0.0989110262515831,0.5050190598911373,0,0.2311577354002687,Co,,POSSIBLE
3972,mp-759213,Li4MnV3O8,"Li,Mn,O,V",3.960464371067376,0.6019000000000001,0.0451869173437504,-2.393183766329023,False,0.0962494629206524,0.5087472945080096,0,0.2309987576841622,"Mn, V",,POSSIBLE
3973,mp-26947,Li2V(PO4)2,"Li,O,P,V",2.978637495730623,1.7178000000000002,0.048245450064102,-2.638572752380953,False,0.0350779834044732,0.6047057472274983,0,0.2309399024020846,V,,POSSIBLE
3974,mp-1175415,Li9Co7O16,"Co,Li,O",4.417885210089578,0.0464000000000002,0.0368240856250015,-1.7206068915625004,False,0.2635083533607374,0.2457386025700318,0,0.2309381052479167,Co,,POSSIBLE
3975,mp-753924,LiCo2(PO4)2,"Co,Li,O,P",3.0069612265742736,0.3360999999999999,0.0431788684615392,-2.230112094047619,False,0.1364109822819849,0.4449787219805062,0,0.2307685929482688,Co,,POSSIBLE
3976,mp-1194301,Li3CuB3O7,"B,Cu,Li,O",2.630986714008937,0.4354695065746601,0.045933832321432,-2.4511693355357136,False,0.081310961869624,0.531422336247476,0,0.2307188467149098,,,REVIEW
3977,mp-1177815,Li2V3SnO8,"Li,O,Sn,V",4.2785886722472375,0.0304000000000002,0.0451009889285707,-2.384131312261905,False,0.0979680544054016,0.5052073659253508,0,0.2307050079968436,V,,POSSIBLE
3978,mp-768858,Li5Mn2P2(CO7)2,"C,Li,Mn,O,P",2.7159293372345514,0.0,0.0449273607222231,-2.370152281072578,False,0.101440665372533,0.499740917634304,0,0.2307016871268996,Mn,,POSSIBLE
3979,mp-759781,Li2Co(CO3)2,"C,Co,Li,O",2.297496345716065,2.1152,0.0396318004545435,-1.943552805151516,False,0.2073532993246121,0.3329207750559941,0,0.2305665858981346,Co,,POSSIBLE
3980,mp-765025,Li4V3P8O29,"Li,O,P,V",2.500944846380205,0.8325,0.0474784543560593,-2.574058867851732,False,0.0504181044799599,0.5794778319980931,0,0.2305471986633105,V,,POSSIBLE
3981,mp-1236154,LiV4O10,"Li,O,V",2.209765917341561,1.2247,0.0445358843333352,-2.337486830222223,False,0.1092702987599997,0.4869672142525181,0,0.2305371893063811,V,,POSSIBLE
3982,mp-1174187,Li4Mn3CoO8,"Co,Li,Mn,O",4.118188519725272,1.1311,0.0405408229687518,-2.0159153260704032,False,0.1891726038108344,0.3612178704308802,0,0.230471186746767,"Co, Mn",,POSSIBLE
3983,mp-777271,Li3Mn4(BO3)4,"B,Li,Mn,O",3.157978533128947,0.3672999999999999,0.0461083111231825,-2.463303362828586,False,0.0778213387649671,0.536167302608899,0,0.2304602922338465,Mn,,POSSIBLE
3984,mp-760770,Li4V3P8O29,"Li,O,P,V",2.495766609649298,0.6878000000000002,0.0474943258333313,-2.57404299637446,False,0.050100670652826,0.5794716255157814,0,0.2303704377895778,V,,POSSIBLE
3985,mp-775173,Li4V3P8O29,"Li,O,P,V",2.5193973614471097,0.9314,0.0475001001515131,-2.574037222056278,False,0.0499851827314357,0.5794693674900763,0,0.2303061291238163,V,,POSSIBLE
3986,mp-759547,Li4FeCo9O20,"Co,Fe,Li,O",4.490486429037186,0.0242,0.0332404619852901,-1.4275366365686282,False,0.3351817929193967,0.1311345665055665,0,0.2302470843826164,"Co, Fe",,POSSIBLE
3987,mp-760278,Li4V3P8O29,"Li,O,P,V",2.527351042267746,0.9968,0.0475265086742409,-2.5740108135335507,False,0.0494570051525766,0.5794590405352268,0,0.2300120170212465,V,,POSSIBLE
3988,mp-705404,Li4Fe3P4O15,"Fe,Li,O,P",3.069223541719427,3.7823,0.0463309578525592,-2.4774027270924908,False,0.073368344113386,0.5416808067023812,0,0.2299408716081957,Fe,,POSSIBLE
3989,mp-760969,Li3V3P8O29,"Li,O,P,V",2.4954464184638665,0.9384,0.0469243213372001,-2.5249319186544854,False,0.0615009143471983,0.5602669207520639,0,0.2299189251541814,V,,POSSIBLE
3990,mp-769569,Li6MgNi7O16,"Li,Mg,Ni,O",4.483703609235162,0.4353000000000002,0.0335970580648155,-1.4536359738333335,False,0.3280497751289412,0.1413406155268344,0,0.2298965917553097,Ni,,POSSIBLE
3991,mp-1177197,Li4V3P8O29,"Li,O,P,V",2.50595309828084,0.9103,0.0475417085606046,-2.5739956136471864,False,0.0491530033247857,0.5794530966760484,0,0.2298427356652491,V,,POSSIBLE
3992,mp-705372,LiCo(PO3)5,"Co,Li,O,P",2.464103086743463,0.0149,0.0445846723484866,-2.3362865868885283,False,0.1082945252952888,0.4864978635492071,0,0.2298362411546314,Co,,POSSIBLE
3993,mp-697744,LiMnP2O7,"Li,Mn,O,P",2.76204171356856,1.3152,0.0468605509090913,-2.518464318913644,False,0.0627763401129056,0.5577377898651187,0,0.2297352135148896,Mn,,POSSIBLE
3994,mp-759056,Li4Ti2Mn3O10,"Li,Mn,O,Ti",3.991863966555106,0.8577999999999997,0.0477652181578909,-2.590988335725954,False,0.0446827510822344,0.586098037610055,0,0.2297098262587481,"Mn, Ti",,POSSIBLE
3995,mp-850022,Li4V3P8O29,"Li,O,P,V",2.537303130611186,1.1273,0.0475560149242406,-2.5739813072835505,False,0.0488668721925969,0.5794475022256184,0,0.2296834054848947,V,,POSSIBLE
3996,mp-1568135,Li2Fe(CO3)2,"C,Fe,Li,O",2.452829321391228,4.1415,0.0404049290909087,-1.9989787669696968,False,0.1918905180281776,0.3545948918211066,0,0.229647997052885,Fe,,POSSIBLE
3997,mp-1176736,LiFe2OF3,"F,Fe,Li,O",3.754418482052582,3.2135,0.0453128778571407,-2.3921305447619043,False,0.0937302186721174,0.5083354361211376,0,0.2294690229120627,Fe,,POSSIBLE
3998,mp-1175186,Li7Mn4CoO12,"Co,Li,Mn,O",3.96806985482848,0.7385000000000002,0.0411788884374964,-2.059869915210728,False,0.1764111223031902,0.3784061494636393,0,0.2294682695790283,"Co, Mn",,POSSIBLE
3999,mp-504263,Li14Co9(P2O7)8,"Co,Li,O,P",3.082274404779912,2.1437,0.0460548760614019,-2.4510713959047608,False,0.078890054415909,0.5313840373181012,0,0.2293739429900853,Co,,POSSIBLE
4000,mp-25969,LiMn4(PO4)3,"Li,Mn,O,P",3.631322010151076,2.5146,0.0470724098749979,-2.532737863949302,False,0.0585391036409725,0.5633194067032673,0,0.2293582993486784,Mn,,POSSIBLE
4001,mp-1177183,Li4V3P8O29,"Li,O,P,V",2.4668193756000507,0.9139,0.0476272968560591,-2.573910025351732,False,0.0474412143262957,0.5794196276906027,0,0.2288895375711736,V,,POSSIBLE
4002,mp-778223,Li4Ti3Mn2Cr3O16,"Cr,Li,Mn,O,Ti",3.967596340681792,0.4196,0.0484853898214296,-2.642338308185552,False,0.0302791235286844,0.6061782538564703,0,0.228815906790541,"Cr, Mn, Ti",,POSSIBLE
4003,mp-863385,Li3V3P8O29,"Li,O,P,V",2.4798002837870468,0.6214,0.0470253406395269,-2.524830899352159,False,0.0594805010483952,0.5602274175286226,0,0.2287938717116353,V,,POSSIBLE
4004,mp-757809,LiMnPO4,"Li,Mn,O,P",3.201824207587961,3.4096,0.0477864745238036,-2.58564225882008,False,0.0442576180295895,0.5840074740674088,0,0.2287443058398673,Mn,,POSSIBLE
4005,mp-25823,LiNi2(PO3)5,"Li,Ni,O,P",2.904895637280076,4.0097,0.0455776698913119,-2.4062275722412005,False,0.0884343065549866,0.513848026423667,0,0.2284856778535261,Ni,,POSSIBLE
4006,mp-853240,LiCoO2,"Co,Li,O",4.690605367002613,1.8839,0.03689967625,-1.708760094583334,False,0.2619965204684676,0.2411059565572962,0,0.2284851710527109,Co,,POSSIBLE
4007,mp-1177108,Li5Fe4(Si3O10)2,"Fe,Li,O,Si",2.8570671330382487,1.4691999999999998,0.0483655875238193,-2.627666443904762,False,0.0326752018002999,0.6004408757550872,0,0.2281256675044455,Fe,,POSSIBLE
4008,mp-757961,Li4Fe3Ni3(SbO8)2,"Fe,Li,Ni,O,Sb",5.034288030877734,0.0,0.0370159525428546,-1.71378470154762,False,0.2596709632431865,0.2430708104717845,0,0.2278938134488772,"Fe, Ni",,POSSIBLE
4009,mp-757731,Li4Nb2Fe3Co3O16,"Co,Fe,Li,Nb,O",4.696694031313623,0.835,0.0413750425000047,-2.063779784047619,False,0.1724879881359799,0.3799350891685566,0,0.2278456746837838,"Co, Fe",,POSSIBLE
4010,mp-1982622,Li2FeP2O7,"Fe,Li,O,P",2.959257715310619,4.0783,0.0471579988888866,-2.5277196346626982,False,0.0568273002736047,0.5613570467559785,0,0.2277299815150751,Fe,,POSSIBLE
4011,mp-1174410,Li4Mn3O7,"Li,Mn,O",3.867102729647016,0.8977000000000004,0.0421795696428439,-2.126365865509032,False,0.1563972282396002,0.4044091441595256,0,0.2275616759876141,Mn,,POSSIBLE
4012,mp-756355,Li3V4CuO12,"Cu,Li,O,V",3.12115889196665,1.1290000000000002,0.0437312170000003,-2.249886024000001,False,0.1253638625041128,0.4527112439365347,0,0.2273990597550492,V,,POSSIBLE
4013,mp-1177198,Li4V3P8O29,"Li,O,P,V",2.4960255126779267,0.8648999999999999,0.0477621824242406,-2.57377513978355,False,0.0447434665741989,0.5793668811895263,0,0.2273873150321436,V,,POSSIBLE
4014,mp-690435,Li7Mn11O24,"Li,Mn,O",3.973624724338939,0.9826,0.0409682734523801,-2.026578636918446,False,0.180623478823725,0.3653877185822092,0,0.227228614856822,Mn,,POSSIBLE
4015,mp-1177383,Li4V3P8O29,"Li,O,P,V",2.5192221192812,0.8007000000000001,0.0477813989015132,-2.573755923306278,False,0.0443591318446627,0.579359366657373,0,0.227173300844645,V,,POSSIBLE
4016,mp-774621,Li5MnO4,"Li,Mn,O",2.52662783584871,1.2669,0.0413952140000013,-2.05951151995977,False,0.1720845526943245,0.3782660003302276,0,0.2270396040974582,Mn,,POSSIBLE
4017,mp-752659,Li2FeP2O7,"Fe,Li,O,P",2.954984706765909,3.8886,0.047222333680553,-2.527655299871032,False,0.0555405870844954,0.5613318888743489,0,0.2270134840024946,Fe,,POSSIBLE
4018,mp-764990,Li4V3P8O29,"Li,O,P,V",2.516966374207362,0.9821,0.0478006208333319,-2.573736701374459,False,0.0439746880227331,0.5793518499922394,0,0.2269592259097869,V,,POSSIBLE
4019,mp-867962,Li3Cr4(PO4)6,"Cr,Li,O,P",2.9171660522284824,0.0702,0.0469724295405349,-2.5066185437258683,False,0.0605387373022143,0.553105543420116,0,0.2268832457132585,Cr,,POSSIBLE
4020,mp-757622,Li3V3P8O29,"Li,O,P,V",2.4963362375012186,1.1088,0.047213717267434,-2.524642522724252,False,0.0557129176713499,0.560153753547067,0,0.2266959184607159,V,,POSSIBLE
4021,mp-765697,Li2TiFeO4,"Fe,Li,O,Ti",3.9094213450044375,0.9124,0.0476607262499957,-2.559184923125,False,0.0467726174292202,0.5736614310879464,0,0.2265064404668523,"Fe, Ti",,POSSIBLE
4022,mp-1100493,Li9Mn7O16,"Li,Mn,O",3.894558349388769,1.0526,0.0422659235937379,-2.125195077672414,False,0.1546701259257671,0.4039513119190807,0,0.2264515284308502,Mn,,POSSIBLE
4023,mp-757199,Li4MnNb2WO12,"Li,Mn,Nb,O,W",5.05660370567767,1.2585,0.0469730731249988,-2.503374487063219,False,0.0605258654393147,0.5518369670960902,0,0.2264321644752546,Mn,,POSSIBLE
4024,mp-1235348,LiV6O15,"Li,O,V",3.3460128391901325,0.4986999999999999,0.044545075909097,-2.307886444015152,False,0.1090864647651258,0.4753920930295601,0,0.2263847881811652,V,,POSSIBLE
4025,mp-1177203,Li4V3P8O29,"Li,O,P,V",2.504009849485808,1.0894,0.04786572651515,-2.573671595692641,False,0.0426725568226244,0.5793263906568755,0,0.2262341429823498,V,,POSSIBLE
4026,mp-754554,Li5Fe2P2(CO7)2,"C,Fe,Li,O,P",2.749759458690128,1.4239,0.0444615335499971,-2.3000308062380945,False,0.1107573344845857,0.4723201750175118,0,0.2262285952226513,Fe,,POSSIBLE
4027,mp-34461,Li7Mn11O24,"Li,Mn,O",3.9565813051527217,0.9097999999999996,0.0410716305952378,-2.0264752797755885,False,0.178556308083618,0.3653473011549004,0,0.226077524850205,Mn,,POSSIBLE
4028,mp-863396,Li3V3P8O29,"Li,O,P,V",2.4789128650507104,1.0019,0.0472788885465034,-2.5245773514451826,False,0.0544094745085189,0.5601282685601413,0,0.2259701049757348,V,,POSSIBLE
4029,mp-753146,Li4Mn3O6F,"F,Li,Mn,O",3.886270837888826,0.0,0.0439810682142836,-2.2593925372947448,False,0.1203667708153679,0.4564287306958133,0,0.225951779691987,Mn,,POSSIBLE
4030,mp-761023,Li3V3P8O29,"Li,O,P,V",2.527755779046759,0.5666,0.0472963508720845,-2.524559889119601,False,0.0540602232860352,0.5601214399824995,0,0.2257756268011942,V,,POSSIBLE
4031,mp-1176782,LiCo2(PO4)2,"Co,Li,O,P",2.892403060182111,0.6652,0.0436422803846161,-2.2296486821245427,False,0.1271426188044827,0.4447975064670244,0,0.225607567605924,Co,,POSSIBLE
4032,mp-1666320,Li7Mn4CoO12,"Co,Li,Mn,O",3.9661517201069896,0.7932999999999999,0.0415476857291636,-2.0595011179190608,False,0.1690350769783427,0.3782619326507949,0,0.2253609687658667,"Co, Mn",,POSSIBLE
4033,mp-757970,LiNiPO4,"Li,Ni,O,P",3.4979072194680647,3.670900000000001,0.0448134453571427,-2.320234701853741,False,0.1037190034054159,0.4802208334511923,0,0.225122743580896,Ni,,POSSIBLE
4034,mp-849644,Li3Mn2(P2O7)2,"Li,Mn,O,P",2.9646298255714942,0.0,0.0479618761956386,-2.572625405192761,False,0.0407495372742772,0.5789172817427654,0,0.2250332941108203,Mn,,POSSIBLE
4035,mp-755485,LiMnPO4,"Li,Mn,O,P",2.1615213054744724,3.4347,0.0481220317857085,-2.585306701558175,False,0.0375463822672462,0.5838762556448984,0,0.2250071997226999,Mn,,POSSIBLE
4036,mp-705640,Li20Co21O40,"Co,Li,O",4.930094578729266,1.4030999999999998,0.0369586227160496,-1.6871497929218104,False,0.2608175752453184,0.2326553282564712,0,0.22487903127469,Co,,POSSIBLE
4037,mp-757279,Li4Co3Ni3(TeO8)2,"Co,Li,Ni,O,Te",5.167576693390964,0.0,0.0355251112946408,-1.5717333013095234,False,0.2894881903959834,0.1875221373516311,0,0.2248512527908618,"Co, Ni",,POSSIBLE
4038,mp-1248621,Li2CoSiO4,"Co,Li,O,Si",3.0450449618733613,3.083,0.0466427904687494,-2.464500772864584,False,0.0671316076656025,0.5366355453616558,0,0.2247448250926609,Co,,POSSIBLE
4039,mp-758308,Li4V5(P3O11)2,"Li,O,P,V",3.0185665584532133,0.9134000000000002,0.0484077945599512,-2.605321216113255,False,0.0318310496913487,0.5917028573173576,0,0.2246030773913169,V,,POSSIBLE
4040,mp-761198,Li5Fe8(BO3)8,"B,Fe,Li,O",3.26643782543266,1.4214000000000002,0.0445282075902824,-2.2911569608888884,False,0.1094238356920326,0.4688500907114393,0,0.2242806413796217,Fe,,POSSIBLE
4041,mp-540477,Li2Mn(PO3)4,"Li,Mn,O,P",2.7393302979854,3.8816000000000006,0.0484289250877321,-2.603497492798375,False,0.0314084334352877,0.5909896970802176,0,0.2241210323674844,Mn,,POSSIBLE
4042,mp-1175318,Li7Mn5O12,"Li,Mn,O",3.882229675940828,1.0611000000000002,0.0425093647916554,-2.1274819822078546,False,0.1498012362935867,0.4048455974543395,0,0.2240866390704915,Mn,,POSSIBLE
4043,mp-754877,Li4Mn3Cr3O12,"Cr,Li,Mn,O",4.035475358421567,0.5694999999999997,0.0434765945454431,-2.2047301935057475,False,0.1304563802854869,0.4350532239283543,0,0.2240196375319418,"Cr, Mn",,POSSIBLE
4044,mp-760261,Li3Cr(BO3)2,"B,Cr,Li,O",2.69461199794434,3.0780000000000003,0.0482988418749981,-2.5920114684027773,False,0.0340101327828892,0.5864981298479923,0,0.2239799184773863,Cr,,POSSIBLE
4045,mp-25975,LiCu(PO3)2,"Cu,Li,O,P",2.990519451429972,2.2293000000000003,0.0448573979583226,-2.312853813761905,False,0.1028399395245985,0.4773345645424549,0,0.2236290643283884,,,REVIEW
4046,mp-754813,LiFe2OF3,"F,Fe,Li,O",3.749333613479972,2.3115,0.0458438660714266,-2.3915995565476185,False,0.0831103111401854,0.5081277951496542,0,0.2235553994294809,Fe,,POSSIBLE
4047,mp-776460,Li4Fe(WO4)3,"Fe,Li,O,W",6.428085150344253,1.4726000000000004,0.0435874924999986,-2.209880723166666,False,0.1282383912771177,0.4370673194462476,0,0.2235046770086014,Fe,,POSSIBLE
4048,mp-764988,Li4V3P8O29,"Li,O,P,V",2.5396412958725074,0.8348,0.0481127848106046,-2.573424537397187,False,0.0377313242639072,0.5792297794269067,0,0.2234826511445663,V,,POSSIBLE
4049,mp-1177200,Li4V3P8O29,"Li,O,P,V",2.509617833887288,0.7556999999999999,0.048132732992423,-2.5734045892153685,False,0.0373323552460609,0.5792219787644048,0,0.2232604879528752,V,,POSSIBLE
4050,mp-770612,Li4CrH8SO7,"Cr,H,Li,O,S",2.146719330154172,2.5109,0.0361067117410707,-1.6061238621825398,False,0.2778560245673644,0.2009704386084433,0,0.2231604670250055,Cr,,POSSIBLE
4051,mp-1177215,Li4V3P8O29,"Li,O,P,V",2.500476507035404,0.8526,0.0481489577651501,-2.5733883644426414,False,0.0370078554145155,0.579215634127216,0,0.2230797924225091,V,,POSSIBLE
4052,mp-752999,LiFeCo3O8,"Co,Fe,Li,O",4.356963954995187,0.3771,0.0329853050961457,-1.353966626410256,False,0.3402849995366906,0.1023652869427891,0,0.2229846001751561,"Co, Fe",,POSSIBLE
4053,mp-757672,LiCoPO4,"Co,Li,O,P",3.0418300470644914,2.778,0.0454905953571369,-2.3585993529251703,False,0.0901758207288336,0.4952231879381144,0,0.2229248171791985,Co,,POSSIBLE
4054,mp-1100512,Li9Mn7O16,"Li,Mn,O",3.89798662047898,0.5915999999999997,0.042595684218738,-2.124865317047414,False,0.1480748244652952,0.4038223602499291,0,0.2227789795433876,Mn,,POSSIBLE
4055,mp-761029,Li3V3P8O29,"Li,O,P,V",2.494592459995491,1.2239,0.0475815449418517,-2.524274695049834,False,0.0483562649530689,0.560009915899451,0,0.2225994162889957,V,,POSSIBLE
4056,mp-867526,Li3Mn(NiO3)2,"Li,Mn,Ni,O",4.326864507638579,0.0,0.0380113969444488,-1.754389617744253,False,0.2397618066674102,0.2589492123256022,0,0.2225012179810364,"Mn, Ni",,POSSIBLE
4057,mp-1002572,LiMnO2,"Li,Mn,O",4.093248678541114,0.8561000000000001,0.0425560318749997,-2.117313932191093,False,0.1488678820371878,0.4008694192139015,0,0.2221816318453188,Mn,,POSSIBLE
4058,mp-1100511,Li9Mn7O16,"Li,Mn,O",3.9089473285703096,0.7082999999999999,0.042654128593738,-2.124806872672414,False,0.1469059211985885,0.4037995057938861,0,0.2221280836870838,Mn,,POSSIBLE
4059,mp-764068,Li3V3P8O29,"Li,O,P,V",2.4695983735158458,0.825,0.0476266923837123,-2.5242295476079737,False,0.0474533039363018,0.5599922611597871,0,0.2220966085708915,V,,POSSIBLE
4060,mp-774820,Li2Mn3CrO8,"Cr,Li,Mn,O",4.254368018010428,0.0,0.0424203869285797,-2.1051595018185543,False,0.1515808175589142,0.3961164743038609,0,0.2220102156637541,"Cr, Mn",,POSSIBLE
4061,mp-772420,Li2Co3SnO8,"Co,Li,O,Sn",5.249854412612448,0.0,0.036968742410715,-1.6666336751190474,False,0.2606151786219913,0.2246325764947141,0,0.2219597500152452,Co,,POSSIBLE
4062,mp-776112,Li2Fe3NiO8,"Fe,Li,Ni,O",4.184041471903214,0.0,0.0357726376662554,-1.5686779911904754,False,0.284537596187792,0.1863273696633209,0,0.2217102572854479,"Fe, Ni",,POSSIBLE
4063,mp-780652,Li4V3P8O29,"Li,O,P,V",2.5308998348581264,0.8285999999999999,0.0482740898106044,-2.573263232397187,False,0.0345051807481985,0.5791667017050214,0,0.2216861950082667,V,,POSSIBLE
4064,mp-754094,Li3Fe3NiO8,"Fe,Li,Ni,O",4.195717785925162,0.0,0.037310396028733,-1.6898984113333333,False,0.2537820140927546,0.2337301652902336,0,0.2213856656025968,"Fe, Ni",,POSSIBLE
4065,mp-763740,LiFeSiO4,"Fe,Li,O,Si",2.3228507214729635,2.9769,0.0474061003571453,-2.501070164761904,False,0.0518652039773858,0.5509358704080978,0,0.2213534168303964,Fe,,POSSIBLE
4066,mp-773087,Li2MgCu2(SiO3)4,"Cu,Li,Mg,O,Si",3.4922473798277576,0.4535,0.0493823472619059,-2.6595734491269845,False,0.0123397327443762,0.6129179917874636,0,0.2213081501350192,,,REVIEW
4067,mp-757313,Li4V(PO4)2,"Li,O,P,V",2.5585262205974555,2.6181,0.0492983035000147,-2.65220097384127,False,0.014020630654927,0.6100350126753525,0,0.2212236012965832,V,,POSSIBLE
4068,mp-754170,LiCoP2O7,"Co,Li,O,P",3.1673808604628326,1.1067999999999998,0.0454120467424274,-2.339841529783549,False,0.0917468142133087,0.487888010781162,0,0.2212215515907265,Co,,POSSIBLE
4069,mp-849411,Li4V3P8O29,"Li,O,P,V",2.520722638244317,0.8601999999999999,0.048316294128786,-2.5732210280790047,False,0.0336610829989866,0.579150197862954,0,0.2212161649014765,V,,POSSIBLE
4070,mp-759745,Li4V3P8O29,"Li,O,P,V",2.53986935310633,0.7093,0.0483166603787861,-2.573220661829005,False,0.0336537579001803,0.5791500546422502,0,0.2212120859698867,V,,POSSIBLE
4071,mp-1100521,Li9Mn7O16,"Li,Mn,O",3.897654830335594,0.5720000000000001,0.0427382629687382,-2.1247227382974136,False,0.1452232110014128,0.4037666053586407,0,0.2211910779263013,Mn,,POSSIBLE
4072,mp-756143,Li5Mn6O12,"Li,Mn,O",4.014931482721579,0.0,0.0423710371739147,-2.0947462367066483,False,0.152567825965439,0.3920444056100978,0,0.2211278462445257,Mn,,POSSIBLE
4073,mp-762840,Li3CrP2HO8,"Cr,H,Li,O,P",2.910437906919398,2.822,0.0472319055888865,-2.4845481767023814,False,0.0553491463355843,0.5444750082661183,0,0.2210082833777127,Cr,,POSSIBLE
4074,mp-770508,Li4Ti3Mn3(FeO8)2,"Fe,Li,Mn,O,Ti",3.9882116741557714,0.4335,0.0471551614370735,-2.4782656152545166,False,0.0568840500753342,0.5420182359172377,0,0.220992610112467,"Fe, Mn, Ti",,POSSIBLE
4075,mp-771191,Li5Co7O16,"Co,Li,O",4.358906204479548,0.5879000000000001,0.0347047781513794,-1.4771705302380949,False,0.3058950745648371,0.1505437165069351,0,0.2209325917880877,Co,,POSSIBLE
4076,mp-779719,Li6Mn5O12,"Li,Mn,O",3.8727551633126014,0.7221000000000002,0.0424800358695662,-2.10174843541979,False,0.1503878226475181,0.3947825894420538,0,0.2208872087608538,Mn,,POSSIBLE
4077,mp-766229,Li3VSiO5,"Li,O,Si,V",2.731606507912381,1.6548999999999996,0.0496464437500039,-2.6776029247500004,False,0.0070577317363489,0.6199683513490872,0,0.2208706754271724,V,,POSSIBLE
4078,mp-766498,LiMnCO3F2,"C,F,Li,Mn,O",2.872613255141985,1.5588,0.0450462782291714,-2.307263552345546,False,0.09906228315285,0.4751485135527917,0,0.2207862354775446,Mn,,POSSIBLE
4079,mp-758818,Li2Mn3(PO4)4,"Li,Mn,O,P",3.250685302875697,0.0,0.0465698379666745,-2.429619398361248,False,0.0685906773877063,0.5229953132553917,0,0.2207732322026255,Mn,,POSSIBLE
4080,mp-780335,Li3Mn4(BO3)4,"B,Li,Mn,O",3.1486154199671024,0.0,0.046983059456517,-2.462428614495252,False,0.0603261361149094,0.535825235518048,0,0.2207182072945169,Mn,,POSSIBLE
4081,mp-756969,Li2VFeO4,"Fe,Li,O,V",4.029431374913251,1.1618,0.0437451734375002,-2.2014525570833325,False,0.1250847299890466,0.433771516363837,0,0.2206166322213186,"Fe, V",,POSSIBLE
4082,mp-753812,Li3Co2(CO3)4,"C,Co,Li,O",2.4888942700785552,0.6341,0.0393773264087293,-1.8499901595238109,False,0.2124428488910896,0.2963334495560777,0,0.2205602742347265,Co,,POSSIBLE
4083,mp-768935,Li5Mn2P2(CO7)2,"C,Li,Mn,O,P",2.721989198819481,0.5976052400168999,0.0458490043222221,-2.3692306374725787,False,0.0830075447381147,0.4993805123233825,0,0.2204373289191469,Mn,,POSSIBLE
4084,mp-777301,Li3Mn4(BO3)4,"B,Li,Mn,O",3.1542929202308483,0.2843000000000002,0.0470330943115886,-2.46237857964018,False,0.0593254255154309,0.5358056695735774,0,0.2201609683842391,Mn,,POSSIBLE
4085,mp-758093,Li4Mn3Co3(SbO8)2,"Co,Li,Mn,O,Sb",4.856533406653571,0.2503000000000002,0.0399284433928563,-1.890523922754516,False,0.2014203605321396,0.3121840273065129,0,0.2200456078499563,"Co, Mn",,POSSIBLE
4086,mp-1280547,Li2CrO3,"Cr,Li,O",3.5682203666431485,0.7436000000000003,0.0439653616666682,-2.212348485694444,False,0.1206809060048763,0.4380323288285131,0,0.2196858133926615,Cr,,POSSIBLE
4087,mp-767955,Li3Fe2(NiO4)2,"Fe,Li,Ni,O",4.31203565968276,0.0,0.0360238489310358,-1.573516122,False,0.2795133031222003,0.1882193027692274,0,0.2196090726864398,"Fe, Ni",,POSSIBLE
4088,mp-1287495,LiNiO2,"Li,Ni,O",4.764028051461688,0.0,0.0346690627083337,-1.4633222364583336,False,0.3066093930608088,0.1451283925949255,0,0.2194301035916687,Ni,,POSSIBLE
4089,mp-1100508,Li9Mn7O16,"Li,Mn,O",3.928347402547608,0.6238000000000001,0.0429012435937385,-2.1245597576724133,False,0.1419635545336559,0.4037028723898147,0,0.2193759603299459,Mn,,POSSIBLE
4090,mp-1301792,Li2CrO3,"Cr,Li,O",3.565470218765649,0.7612000000000001,0.0440029312500014,-2.212310916111111,False,0.1199295042029581,0.4380176373823158,0,0.2192674003954375,Cr,,POSSIBLE
4091,mp-757589,Li3V3P8O29,"Li,O,P,V",2.4717714444021985,0.9857,0.0478836820348744,-2.523972557956811,False,0.0423134415842244,0.559891766310009,0,0.2192345110798266,V,,POSSIBLE
4092,mp-851256,Li4V3P8O29,"Li,O,P,V",2.5306655760838024,0.8644,0.0485031789015133,-2.5730341433062778,False,0.0299233371279992,0.5790771172658326,0,0.2191348264634409,V,,POSSIBLE
4093,mp-851247,Li4V3P8O29,"Li,O,P,V",2.503037915254245,0.7346,0.0485119153787865,-2.573025406829004,False,0.0297486052256707,0.5790737008988028,0,0.2190375281886999,V,,POSSIBLE
4094,mp-759579,LiMnPH2O5,"H,Li,Mn,O,P",2.838665997459347,3.3891,0.0436839313750008,-2.1837170799657217,False,0.1263095877604816,0.4268361238271578,0,0.2188629166077701,Mn,,POSSIBLE
4095,mp-25923,Li6Mn9(PO4)8,"Li,Mn,O,P",3.269989962951098,2.9786,0.0484423340909101,-2.565488777609494,False,0.0311402497543423,0.5761265299998137,0,0.2187714228648231,Mn,,POSSIBLE
4096,mp-757633,Li3V3P8O29,"Li,O,P,V",2.46770466547524,1.1095,0.0479261666860386,-2.523930073305648,False,0.0414637370997341,0.5598751528447694,0,0.2187613589005231,V,,POSSIBLE
4097,mp-768855,Li5Mn2P2(CO7)2,"C,Li,Mn,O,P",2.6991180839831466,0.0,0.0460084789222223,-2.3690711628725785,False,0.0798180097161904,0.4993181503726271,0,0.2186612579743242,Mn,,POSSIBLE
4098,mp-757137,Li4CrNi3O8,"Cr,Li,Ni,O",4.535847478201529,0.0,0.0380795298958336,-1.7310195420833328,False,0.2383991292592924,0.2498104309302354,0,0.2185531719181932,"Cr, Ni",,POSSIBLE
4099,mp-1174775,Li6Mn3CoO10,"Co,Li,Mn,O",3.9409450235716585,0.9657,0.042018960874997,-2.047265610689656,False,0.1596094469244264,0.3734772829366332,0,0.2185022448362562,"Co, Mn",,POSSIBLE
4100,mp-762012,LiNiPO4,"Li,Ni,O,P",3.275328972766125,3.2464000000000004,0.0454177735714287,-2.3196303736394555,False,0.0916322760883397,0.4799845131447654,0,0.2183923314492547,Ni,,POSSIBLE
4101,mp-863375,Li3V3P8O29,"Li,O,P,V",2.4731794943379564,0.8987999999999999,0.0479632065697597,-2.5238930334219263,False,0.0407229294329564,0.5598606685356404,0,0.2183488451756002,V,,POSSIBLE
4102,mp-1173987,Li3Mn2O5,"Li,Mn,O",3.860283747589223,0.5742000000000003,0.0430498834999868,-2.1289657400862083,False,0.138990716309676,0.4054258154686356,0,0.2183439293843443,Mn,,POSSIBLE
4103,mp-769563,Li4V3Cr3(TeO8)2,"Cr,Li,O,Te,V",4.50000651039244,0.8393999999999995,0.0442634567358224,-2.226278001666667,False,0.1147189242038302,0.4434794143775892,0,0.2183132033442628,"Cr, V",,POSSIBLE
4104,mp-1174359,Li4Mn3O7,"Li,Mn,O",3.8932491996372014,1.1624,0.0430282296428448,-2.125517205509031,False,0.1394237992941392,0.4040772788146491,0,0.2181101371969037,Mn,,POSSIBLE
4105,mp-1100501,Li9Mn7O16,"Li,Mn,O",3.935054116530445,0.5887000000000002,0.0430184601562384,-2.124442541109913,False,0.1396191916618096,0.4036570352878665,0,0.2180705177647486,Mn,,POSSIBLE
4106,mp-849997,Li4V3P8O29,"Li,O,P,V",2.5240429400056663,0.8993,0.0486019186742412,-2.572935403533549,False,0.0279485150361295,0.5790385054439844,0,0.2180351601752657,V,,POSSIBLE
4107,mp-758805,Li2VO2F,"F,Li,O,V",3.454735493481927,0.9741,0.0497824116666683,-2.667536767777777,False,0.0043383367226058,0.6160320180057414,0,0.2179972914994427,V,,POSSIBLE
4108,mp-783908,Li4Cr3Cu3(SbO8)2,"Cr,Cu,Li,O,Sb",4.924305590733724,0.0,0.0399062148363045,-1.8710716411904769,False,0.201864937659837,0.3045772847595837,0,0.2176277653787646,Cr,,POSSIBLE
4109,mp-776423,Li6Ni2C4SO16,"C,Li,Ni,O,S",2.8758641654018,3.6761,0.0417234181896581,-2.016693692844828,False,0.1655203803606026,0.3615222478706494,0,0.2175689959530587,Ni,,POSSIBLE
4110,mp-1174387,Li4Mn3O7,"Li,Mn,O",3.881920583749604,0.8574999999999999,0.0431123278571305,-2.1254331072947457,False,0.1377418123210086,0.4040443925199171,0,0.2171735341585257,Mn,,POSSIBLE
4111,mp-768602,Li4Fe5Sb3O16,"Fe,Li,O,Sb",4.803637796173516,0.9514000000000004,0.0403150151785478,-1.900214839761904,False,0.1936888205317298,0.3159736244535712,0,0.2171196198512013,Fe,,POSSIBLE
4112,mp-1177218,Li4V3P8O29,"Li,O,P,V",2.532116817633248,0.2899999999999999,0.0486850810606043,-2.572852241147187,False,0.0262852448739119,0.5790059851012903,0,0.2171089794661032,V,,POSSIBLE
4113,mp-1316353,Li5Mn3O8,"Li,Mn,O",3.8235532803274914,0.4465000000000003,0.0431998009374892,-2.131852237528736,False,0.1359923271159707,0.406554569586007,0,0.2170898792688863,Mn,,POSSIBLE
4114,mp-756337,Li2CoCu(PO4)2,"Co,Cu,Li,O,P",3.7275477869194953,0.0,0.0450234064285739,-2.274752868639456,False,0.0995197253349912,0.4624353312886582,0,0.2165882148852755,Co,,POSSIBLE
4115,mp-861850,Li3CuNi3O8,"Cu,Li,Ni,O",4.616780878512015,0.0,0.0331584054722231,-1.320777778666666,False,0.3368229453173575,0.0893869111474565,0,0.2165380388261564,Ni,,POSSIBLE
4116,mp-755913,Li4FeSb(TeO6)2,"Fe,Li,O,Sb,Te",5.142605800401995,1.6130999999999998,0.0401685131875,-1.8818121688333336,False,0.1966188998749483,0.3087773282520871,0,0.216212459819452,Fe,,POSSIBLE
4117,mp-771344,Li3FePCO7,"C,Fe,Li,O,P",2.7170050585440104,4.0108,0.0458292594230753,-2.336672334395604,False,0.0834024480476888,0.4866487086809098,0,0.2161983944645473,Fe,,POSSIBLE
4118,mp-774669,Li4V2Cr3Sn3O16,"Cr,Li,O,Sn,V",4.782907720116785,1.2387000000000006,0.0453270405133983,-2.29530597279762,False,0.0934469617262649,0.4704725464274932,0,0.2160612201990683,"Cr, V",,POSSIBLE
4119,mp-775383,Li4V3P8O29,"Li,O,P,V",2.548598054596168,1.1562,0.0487800486742413,-2.5727572735335498,False,0.0243858669814862,0.578968848368262,0,0.2160513237687091,V,,POSSIBLE
4120,mp-1174259,Li4Mn3CoO8,"Co,Li,Mn,O",4.179711223671242,0.6049000000000002,0.0418543404687516,-2.0146018085704034,False,0.1629018994594538,0.3607042242850288,0,0.2158425232024596,"Co, Mn",,POSSIBLE
4121,mp-753892,Li2Cr2O7,"Cr,Li,O",2.4722107058855536,2.4081,0.0398803333030297,-1.855893267424242,False,0.2023825753074685,0.2986418380028261,0,0.2158350597200968,Cr,,POSSIBLE
4122,mp-1177236,Li4V3Ni(PO4)4,"Li,Ni,O,P,V",3.411830035574893,1.896,0.0487253232559483,-2.566097194710885,False,0.0254803901107794,0.5763644492503753,0,0.21574177179856,"Ni, V",,POSSIBLE
4123,mp-777461,Li4V3Cr2Sn3O16,"Cr,Li,O,Sn,V",4.7493678423962935,1.3282000000000005,0.04553608375,-2.30887766279762,False,0.0892660406000373,0.4757797054574951,0,0.2156192192401438,"Cr, V",,POSSIBLE
4124,mp-1175322,Li7Mn5O12,"Li,Mn,O",3.853629949992043,0.3810000000000002,0.0432793431249889,-2.126712003874521,False,0.1344014619076526,0.4045445002833419,0,0.2155113791483786,Mn,,POSSIBLE
4125,mp-1100506,Li9Mn7O16,"Li,Mn,O",3.936255625589184,0.5594000000000001,0.0432953554687385,-2.1241656457974134,False,0.1340812107129647,0.4035487564030631,0,0.2149867306332026,Mn,,POSSIBLE
4126,mp-757012,Li3TiV3O8,"Li,O,Ti,V",3.961808022850597,1.509,0.0498816327500009,-2.652757637555556,False,0.0023538882887976,0.6102526939558671,0,0.2148830814433922,"Ti, V",,POSSIBLE
4127,mp-780136,Li3Mn4(BO3)4,"B,Li,Mn,O",3.157175933787258,0.2033,0.0475112283695597,-2.461900445582209,False,0.0497626153684123,0.5356186970238571,0,0.2148359824109768,Mn,,POSSIBLE
4128,mp-1100533,Li9Mn7O16,"Li,Mn,O",3.937390898371325,0.0,0.0433116329687379,-2.124149368297414,False,0.1337556563217488,0.4035423911470701,0,0.2148054478784364,Mn,,POSSIBLE
4129,mp-772738,Li3Fe2(PO4)3,"Fe,Li,O,P",2.9827720668283524,2.2874,0.0475596063749987,-2.4646824428214287,False,0.0487950422085589,0.536706586724371,0,0.2146845785682372,Fe,,POSSIBLE
4130,mp-1177638,Li3Mn4(BO3)4,"B,Li,Mn,O",3.1341047541617177,0.0,0.0475279192391244,-2.461883754712644,False,0.0494287934743745,0.5356121701212291,0,0.2146500959533361,Mn,,POSSIBLE
4131,mp-779788,LiMnO2,"Li,Mn,O",4.1333263240693805,0.0,0.0432518277083335,-2.116618136357759,False,0.1349517776636734,0.4005973308343472,0,0.2144325435070419,Mn,,POSSIBLE
4132,mp-771345,Li3NiPCO7,"C,Li,Ni,O,P",2.869737611743714,3.796300000000001,0.0453496594230786,-2.2851815701648337,False,0.0929945774306908,0.4665134363346477,0,0.2144267203040067,Ni,,POSSIBLE
4133,mp-773027,Li5V18O44,"Li,O,V",3.4229317934058106,0.0,0.046381271417907,-2.367651672039801,False,0.0723620592331951,0.4987630637481036,0,0.2143662048900936,V,,POSSIBLE
4134,mp-1275559,Li3V4O8,"Li,O,V",3.818118340844979,0.8917999999999999,0.0475680982500072,-2.462192281999999,False,0.0486252024175115,0.53573281857246,0,0.2142503478299923,V,,POSSIBLE
4135,mp-1174382,Li5Mn2CoO8,"Co,Li,Mn,O",3.9230981880014895,0.972,0.0422053540625011,-2.0292941360955465,False,0.1558815328905194,0.3664496044622073,0,0.2139922046515582,"Co, Mn",,POSSIBLE
4136,mp-753118,Li2FeSiO4,"Fe,Li,O,Si",3.1123701093517844,3.2064000000000004,0.0482533517708336,-2.5150130818749994,False,0.0349199471381751,0.5563881964236003,0,0.2139418396742564,Fe,,POSSIBLE
4137,mp-760955,Li3V3P8O29,"Li,O,P,V",2.491969679666737,1.2143000000000002,0.0483763812209225,-2.5234798587707634,False,0.0324593249463894,0.5596990981209841,0,0.2137473130628586,V,,POSSIBLE
4138,mp-777882,Li3MnV(PO4)3,"Li,Mn,O,P,V",2.877750054682607,0.3848000000000002,0.0495936609375018,-2.6200897828429794,False,0.0081134022257616,0.5974780505526767,0,0.2135796889176057,"Mn, V",,POSSIBLE
4139,mp-766014,Li6CrFe3(PO4)6,"Cr,Fe,Li,O,P",2.9701107231038915,2.3823,0.0481397643749996,-2.5029299206964275,False,0.0371917256976527,0.5516631210674856,0,0.2135375415073289,"Cr, Fe",,POSSIBLE
4140,mp-761322,LiNiBO3,"B,Li,Ni,O",3.5524584848960985,3.1186,0.0443654158333277,-2.1990993766666675,False,0.112679714747926,0.4328513138910774,0,0.2134718029732364,Ni,,POSSIBLE
4141,mp-776472,Li3Mn4(BO3)4,"B,Li,Mn,O",3.149608235143137,0.0498999999999998,0.0476380057608629,-2.4617736681909053,False,0.0472270333412477,0.5355691211952716,0,0.2134240607560313,Mn,,POSSIBLE
4142,mp-849953,Li2Mn3VO8,"Li,Mn,O,V",3.922558895480268,0.5,0.0441887165437808,-2.184148837175698,False,0.1162137482075383,0.4270049608825058,0,0.213369297823023,"Mn, V",,POSSIBLE
4143,mp-759285,Li4Fe7(OF7)2,"F,Fe,Li,O",3.4796783606417705,3.0404,0.0487074279629622,-2.547315259382716,False,0.0258383007981659,0.5690198431123183,0,0.2133680105283027,Fe,,POSSIBLE
4144,mp-1639020,Li6Mn5SbO12,"Li,Mn,O,Sb",3.999315745061311,0.7326000000000001,0.0433102972916685,-2.1132921604022994,False,0.1337823702234662,0.3992967202747493,0,0.2133341557190687,Mn,,POSSIBLE
4145,mp-1290806,LiTiNiO4,"Li,Ni,O,Ti",4.048563019834882,0.6869000000000001,0.0461632517634882,-2.342190586666667,False,0.0767225111373589,0.4888066007614244,0,0.2132796913920459,"Ni, Ti",,POSSIBLE
4146,mp-764763,Li7Mn4O12,"Li,Mn,O",3.652824897903325,0.0,0.0428114598840556,-2.0710854115242383,False,0.1437592529485229,0.3827919276928945,0,0.2130447638142006,Mn,,POSSIBLE
4147,mp-863398,Li3V3P8O29,"Li,O,P,V",2.4927920311424945,1.0131,0.0484421973837125,-2.5234140426079734,False,0.0311429839351743,0.5596733609546717,0,0.213014317498481,V,,POSSIBLE
4148,mp-779305,Li2FeBO4,"B,Fe,Li,O",3.103436976749194,2.6808,0.045729320625,-2.3048163226041662,False,0.0854012509699711,0.4741915334404805,0,0.2129377247376522,Fe,,POSSIBLE
4149,mp-761103,Li5VO4F,"F,Li,O,V",2.4429645332864194,1.91,0.0476082970454552,-2.453494222878788,False,0.047821215664007,0.532331474818762,0,0.2126176848017705,V,,POSSIBLE
4150,mp-753750,Li5Mn5(FeO6)2,"Fe,Li,Mn,O",4.372054723255745,0.6700999999999997,0.042277175833334,-2.024731683180077,False,0.1544450780982962,0.3646654741741375,0,0.2125777089150111,"Fe, Mn",,POSSIBLE
4151,mp-859799,Li9Si2Ni5O16,"Li,Ni,O,Si",4.15510076647164,0.5968999999999998,0.0417105664583337,-1.9756195903125,False,0.165777418454139,0.3454603724407158,0,0.212088710504027,Ni,,POSSIBLE
4152,mp-770155,Li3V3(BO5)2,"B,Li,O,V",3.4636516819823715,1.2932,0.0492075316666706,-2.577923281018519,False,0.0158360918095869,0.580988996431835,0,0.212055999246415,V,,POSSIBLE
4153,mp-1176643,LiMnCO4,"C,Li,Mn,O",3.246399755283366,0.5341999999999998,0.0423960577976165,-2.03039082446634,False,0.1520674067415176,0.3668784603814151,0,0.21204453484133,Mn,,POSSIBLE
4154,mp-770199,Li2CoSn3(PO4)6,"Co,Li,O,P,Sn",3.527235382503515,0.0,0.0469162295370377,-2.391588839431217,False,0.0616627525333944,0.5081236042610409,0,0.2117577753847312,Co,,POSSIBLE
4155,mp-31560,Li2Co(PO3)4,"Co,Li,O,P",2.535545225214176,3.154,0.048356500745613,-2.5065599658020044,False,0.0328569398157922,0.5530826367402851,0,0.2116502397577855,Co,,POSSIBLE
4156,mp-765483,Li3V3P8O29,"Li,O,P,V",2.47673682719192,0.8481,0.0485649597092932,-2.523291280282393,False,0.0286877043056155,0.559625355202643,0,0.2116471116890136,V,,POSSIBLE
4157,mp-754968,Li3FePCO7,"C,Fe,Li,O,P",2.739840014497088,4.0809,0.0462451705769213,-2.3362564232417578,False,0.0750841127692236,0.4864860681670302,0,0.2115663858815335,Fe,,POSSIBLE
4158,mp-757035,Li5FeP3O11,"Fe,Li,O,P",2.736081517270332,4.1409,0.0495491802499952,-2.601704117029761,False,0.0090030279755763,0.5902884041384701,0,0.2115526068350314,Fe,,POSSIBLE
4159,mp-767268,LiV9O22,"Li,O,V",3.4002837335648213,0.0,0.0459026931249972,-2.308598890885416,False,0.0819337541988303,0.4756706927353387,0,0.2115483072667252,V,,POSSIBLE
4160,mp-1303907,Li2TiFe3O8,"Fe,Li,O,Ti",3.901321893261213,0.0597,0.043926052136058,-2.1493844478571424,False,0.1214671072217252,0.4134104753987907,0,0.2115005753615256,"Fe, Ti",,POSSIBLE
4161,mp-1302799,Li3Mn3TeO8,"Li,Mn,O,Te",4.29679595845167,0.8445,0.0423238697500059,-2.0202218886973173,False,0.1535111871681064,0.3629019357708413,0,0.211446830462253,Mn,,POSSIBLE
4162,mp-690866,LiMnPO4,"Li,Mn,O,P",3.121954198488588,2.3498,0.0493529674999946,-2.584075765843889,False,0.0129273359084649,0.5833949028000113,0,0.2112982507296596,Mn,,POSSIBLE
4163,mp-771340,Li3MnPCO7,"C,Li,Mn,O,P",2.6554373149383523,3.8051,0.0473382734615386,-2.421179622121069,False,0.0532217601873761,0.5196949700642147,0,0.211165207625532,Mn,,POSSIBLE
4164,mp-758275,Li4Ni7O12,"Li,Ni,O",5.056890478324439,0.0249000000000001,0.0337619489311613,-1.329846255942029,False,0.324751913318943,0.092933105546261,0,0.21114013926661,Ni,,POSSIBLE
4165,mp-697757,LiCr2(PO4)3,"Cr,Li,O,P",2.939385201352234,0.1954,0.0477636205555498,-2.45194865012566,False,0.0447147035600461,0.5317270843269892,0,0.2106975664724716,Cr,,POSSIBLE
4166,mp-1639950,LiMn2O3,"Li,Mn,O",4.44293924929515,0.476,0.0430933562500008,-2.0743432086159004,False,0.1381212495816275,0.3840658771607154,0,0.2103897442761455,Mn,,POSSIBLE
4167,mp-705001,LiCrP2O7,"Cr,Li,O,P",2.9004163642600744,3.0921,0.0499445520454537,-2.624399683192641,False,0.0010954854058227,0.5991634210967368,0,0.2103097143570604,Cr,,POSSIBLE
4168,mp-766464,LiFe2(PO4)2,"Fe,Li,O,P",2.757656039268319,1.7438000000000002,0.0468306065384629,-2.37384538308608,False,0.0633752356036524,0.5011850914770366,0,0.2102711615989716,Fe,,POSSIBLE
4169,mp-768354,Li4Mn5Co3O16,"Co,Li,Mn,O",4.554719545439056,0.0,0.0402413578372957,-1.842892699392448,False,0.195161987227524,0.2935580140999007,0,0.2100843979101034,"Co, Mn",,POSSIBLE
4170,mp-705315,LiCr(PO3)5,"Cr,Li,O,P",2.442086716572492,0.0039,0.0484622887121206,-2.503408444502164,False,0.030741151946917,0.5518502460266236,0,0.2100552196801226,Cr,,POSSIBLE
4171,mp-780669,Li3Mn4(BO3)4,"B,Li,Mn,O",3.132940128672919,0.0,0.0479411990217339,-2.461470474930036,False,0.0411630863305117,0.535450558595311,0,0.2100473929901403,Mn,,POSSIBLE
4172,mp-761011,Li3V3P8O29,"Li,O,P,V",2.5391921741201045,1.2772,0.0487186448255734,-2.523137595166112,False,0.0256139605199367,0.55956525720802,0,0.2099355183087722,V,,POSSIBLE
4173,mp-765430,Li4V3P8O29,"Li,O,P,V",2.531758714685593,1.0967,0.0493316483333314,-2.57220567387446,False,0.0133537249930616,0.5787531473677467,0,0.2099081503248952,V,,POSSIBLE
4174,mp-752655,Li4Nb2Fe3Ni3O16,"Fe,Li,Nb,Ni,O",4.586942731129215,0.0,0.0419782245267867,-1.980855972619047,False,0.160424184878194,0.3475080403172097,0,0.2098611157940301,"Fe, Ni",,POSSIBLE
4175,mp-851105,Li2Cu2(SO4)3,"Cu,Li,O,S",3.147537815642662,0.0,0.039297701842103,-1.7653428908771929,False,0.2140353617041633,0.2632324491528183,0,0.2098508061407762,,,REVIEW
4176,mp-25817,LiCr2P3O11,"Cr,Li,O,P",3.257319158915708,1.0380000000000005,0.0496597341176414,-2.597094434838935,False,0.0067919207982182,0.5884858050174703,0,0.2097055881951346,Cr,,POSSIBLE
4177,mp-774602,Li4V3Fe3(SbO8)2,"Fe,Li,O,Sb,V",4.721538054890224,0.2622999999999997,0.043850817812495,-2.1300700861904764,False,0.1229718139891645,0.4058576659161122,0,0.2096846807646797,"Fe, V",,POSSIBLE
4178,mp-760123,Li3V3P8O29,"Li,O,P,V",2.4810023193339537,0.9065,0.0487465479651074,-2.523109692026578,False,0.0250558902017467,0.5595543457888126,0,0.2096247606370451,V,,POSSIBLE
4179,mp-759051,Li2FeCo9O20,"Co,Fe,Li,O",4.4051284440302485,0.0081999999999999,0.0330864828124912,-1.2620671352083344,False,0.3382614179147779,0.0664283318115656,0,0.2092936959871758,"Co, Fe",,POSSIBLE
4180,mp-754033,LiMn2(PO4)2,"Li,Mn,O,P",2.8605568874912857,0.0,0.0484570940384632,-2.497412933344701,False,0.030845046821447,0.549505723628985,0,0.2092917790219406,Mn,,POSSIBLE
4181,mp-1100485,Li9Mn7O16,"Li,Mn,O",3.915563312018171,1.0529000000000002,0.0438173235937382,-2.1236436776724137,False,0.1236417074001319,0.4033446427040348,0,0.2091735640164847,Mn,,POSSIBLE
4182,mp-849264,Li3Mn4(BO3)4,"B,Li,Mn,O",3.1216460506241304,0.0,0.0480224388043417,-2.4613892351474265,False,0.0395382687620666,0.5354187900796824,0,0.2091426243470255,Mn,,POSSIBLE
4183,mp-758406,Li4V3P8O29,"Li,O,P,V",2.5403979756765365,0.5437000000000001,0.0494011462878773,-2.572136175919914,False,0.0119637471534811,0.5787259704504258,0,0.2091341505920636,V,,POSSIBLE
4184,mp-780426,Li6Co2C4SO16,"C,Co,Li,O,S",2.8256715761124696,0.0,0.0425299750862064,-2.0198474628448286,False,0.1493890248424685,0.3627555179301669,0,0.2091283949389161,Co,,POSSIBLE
4185,mp-754486,Li5Mn2P2(CO7)2,"C,Li,Mn,O,P",2.683889098235805,0.0,0.0468726461222237,-2.368206995672577,False,0.0625344325872973,0.4989802209947148,0,0.2090370152711637,Mn,,POSSIBLE
4186,mp-850786,Li3Mn4(BO3)4,"B,Li,Mn,O",3.123521697461656,0.0,0.0480339177173867,-2.461377756234383,False,0.0393086874044672,0.535414301293318,0,0.2090147835251183,Mn,,POSSIBLE
4187,mp-540011,Li2Ni(PO3)5,"Li,Ni,O,P",2.61546276316117,0.0,0.0477474308152192,-2.43748463434265,False,0.0450385027342109,0.5260709846096441,0,0.2088960211171914,Ni,,POSSIBLE
4188,mp-25421,LiVPCO7,"C,Li,O,P,V",2.400483067444196,1.8586,0.0469784413636373,-2.374524504134199,False,0.0604184992183396,0.5014506592436883,0,0.2087379053053776,V,,POSSIBLE
4189,mp-1311345,Li3(NiO2)5,"Li,Ni,O",4.608003688520672,0.3967999999999998,0.0329565833796294,-1.2460139188888892,False,0.3408594416153566,0.0601507811196237,0,0.2085254662803144,Ni,,POSSIBLE
4190,mp-1639919,LiMn2O3,"Li,Mn,O",4.459042140415527,0.2324000000000001,0.0432618895833343,-2.074174675282567,False,0.1347505374492366,0.3839999728258936,0,0.2085127860861428,Mn,,POSSIBLE
4191,mp-25861,LiCr2(PO3)5,"Cr,Li,O,P",2.735288392469568,2.6467,0.0492149260990473,-2.552454435067287,False,0.0156882011672357,0.5710294986998788,0,0.2084888351869372,Cr,,POSSIBLE
4192,mp-705314,Li3V3P8O29,"Li,O,P,V",2.554100562121706,1.2773,0.0488505963372007,-2.5230056436544848,False,0.0229748946904528,0.5595136580588753,0,0.2084659724003554,V,,POSSIBLE
4193,mp-756388,Li7Ni5O12,"Li,Ni,O",4.369917965161836,0.0,0.0361923100000023,-1.5053252197222229,False,0.2761440362966444,0.1615535033892316,0,0.2084229461493855,Ni,,POSSIBLE
4194,mp-769613,Li4Ti3Ni3(WO8)2,"Li,Ni,O,Ti,W",5.361677112930049,1.084,0.0477212740178591,-2.4317261115476185,False,0.0455616457378071,0.5238191356320205,0,0.2083956026270011,"Ni, Ti",,POSSIBLE
4195,mp-1177335,Li4V3P8O29,"Li,O,P,V",2.494069743753778,0.518,0.0494682198106044,-2.5720691023971867,False,0.0106222586043224,0.5786997415981741,0,0.2083871517917382,V,,POSSIBLE
4196,mp-1175359,Li7Mn5O12,"Li,Mn,O",3.8645222626164393,1.1801,0.043944646666655,-2.126046700332856,False,0.1210952115934853,0.4042843358013325,0,0.2081018839068833,Mn,,POSSIBLE
4197,mp-779299,Li3Mn4(BO3)4,"B,Li,Mn,O",3.1695096749205747,0.0,0.0481211079347776,-2.461290566016991,False,0.0375648595350942,0.5353802058822411,0,0.2080437448030862,Mn,,POSSIBLE
4198,mp-756831,Li3Mn2NiO6,"Li,Mn,Ni,O",4.2803951809603085,0.0,0.0420244800000064,-1.9710027563218395,False,0.1594990629353282,0.3436549766349205,0,0.2080037264366527,"Mn, Ni",,POSSIBLE
4199,mp-765980,Li4CuSi2O7,"Cu,Li,O,Si",2.946524054074021,0.1252999999999997,0.0493116639285684,-2.556426115952381,False,0.0137534184795718,0.5725826097769527,0,0.2079682935856979,,,REVIEW
4200,mp-764733,Li5Ni5O9F,"F,Li,Ni,O",4.7279765620416105,0.0423,0.0374023969166703,-1.5992387178333332,False,0.2519419715146651,0.1982780284512882,0,0.2079653942910166,Ni,,POSSIBLE
4201,mp-755348,Li2TiNi2O5,"Li,Ni,O,Ti",4.78549568318978,2.1225,0.0452681219999933,-2.23113864,False,0.0946253478889814,0.4453801489671888,0,0.2079269934774559,"Ni, Ti",,POSSIBLE
4202,mp-759620,Li4V3P8O29,"Li,O,P,V",2.5307131909395224,1.1693,0.0495115132196959,-2.572025808988096,False,0.0097563787431052,0.578682811871147,0,0.2079049924636093,V,,POSSIBLE
4203,mp-780765,Li3V3P8O29,"Li,O,P,V",2.4998680227460124,1.1435,0.0489192257558057,-2.52293701423588,False,0.0216022878039977,0.5594868207793122,0,0.207701645564958,V,,POSSIBLE
4204,mp-770710,Li3Mn7O16,"Li,Mn,O",3.941391138308389,0.0,0.0410056621554515,-1.8866407590583565,False,0.1798756946758393,0.3106655305478152,0,0.207664567763447,Mn,,POSSIBLE
4205,mp-1284778,LiMnO2,"Li,Mn,O",4.150331496294138,0.0,0.0438812209375001,-2.115988743128593,False,0.1223637432871243,0.4003512089468304,0,0.207422981939309,Mn,,POSSIBLE
4206,mp-770510,Li5MnO4,"Li,Mn,O",2.572804546829905,0.6945000000000001,0.0431568932499999,-2.0577498407097705,False,0.1368504924410868,0.3775771021945052,0,0.2074197566106745,Mn,,POSSIBLE
4207,mp-1175176,Li7Mn4CoO12,"Co,Li,Mn,O",3.926901200020101,0.8634,0.0431631130208298,-2.0578856906273955,False,0.1367260953465633,0.3776302258008541,0,0.2073699314709087,"Co, Mn",,POSSIBLE
4208,mp-773325,Li2V3O8,"Li,O,V",3.355022658193544,1.6302,0.0474509413461508,-2.4023160945512823,False,0.0509683721003936,0.5123184575827414,0,0.207344064809176,V,,POSSIBLE
4209,mp-765417,Li4V3P8O29,"Li,O,P,V",2.5314801060859367,0.4415,0.049574907196968,-2.571962415010823,False,0.0084884820956881,0.5786580218914958,0,0.207198972814652,V,,POSSIBLE
4210,mp-772319,Li4Co3Ni5O16,"Co,Li,Ni,O",4.831925610935653,0.6710000000000003,0.0337491833482124,-1.2978889501190471,False,0.325007228421729,0.080436319650549,0,0.2069066875096431,"Co, Ni",,POSSIBLE
4211,mp-1175245,Li7Mn4CoO12,"Co,Li,Mn,O",3.965024132810647,0.5,0.0432089334374969,-2.057839870210728,False,0.1358096746521161,0.3776123078968881,0,0.2068596288225747,"Co, Mn",,POSSIBLE
4212,mp-768593,Li3Fe2P2(CO7)2,"C,Fe,Li,O,P",2.644314254560004,0.0138,0.0447562085597867,-2.179918772795031,False,0.1048637547934709,0.4253508098979675,0,0.2065478486006976,Fe,,POSSIBLE
4213,mp-772996,Li9Fe23O32,"Fe,Li,O",4.885425588112171,1.0953000000000004,0.0388276932421867,-1.7033639593750003,False,0.2234356604980579,0.2389958179011656,0,0.2065381495393398,Fe,,POSSIBLE
4214,mp-1177208,Li4V3P8O29,"Li,O,P,V",2.51260996936052,0.8543999999999999,0.0496565358333311,-2.57188078637446,False,0.0068558873472346,0.5786261013160494,0,0.2062898735015963,V,,POSSIBLE
4215,mp-1177598,Li3V3P8O29,"Li,O,P,V",2.5303849089207127,0.6187,0.0490479099418523,-2.5228083300498336,False,0.0190285693675636,0.5594364993057158,0,0.2062684879091605,V,,POSSIBLE
4216,mp-764771,Li6V5O12,"Li,O,V",3.7352247537146273,0.6765000000000003,0.0482586636413051,-2.45906167,False,0.0348137082957465,0.5345086043629381,0,0.2062255510896889,V,,POSSIBLE
4217,mp-758901,LiVO2,"Li,O,V",3.926260010488279,1.2487,0.048101107249999,-2.445679934833335,False,0.0379648786263083,0.5292757264658697,0,0.2061271875075239,V,,POSSIBLE
4218,mp-755134,Li3V4CrO8,"Cr,Li,O,V",4.236760515967819,0.5968,0.0468484575520875,-2.344421494375,False,0.0630182105154414,0.4896789889451645,0,0.2060476619143003,"Cr, V",,POSSIBLE
4219,mp-849492,Li5Fe4(P2O7)4,"Fe,Li,O,P",3.023787094023543,1.6310000000000002,0.0486671683703621,-2.4901904120846554,False,0.0266435035111137,0.546681383482354,0,0.2059924111499364,Fe,,POSSIBLE
4220,mp-769763,Li5Cu(HO2)2,"Cu,H,Li,O",2.4556840384155034,2.7186,0.0391362808333335,-1.7239562051388884,False,0.217263825426562,0.2470483392197222,0,0.2059620227115119,,,REVIEW
4221,mp-761017,Li7Fe4(PO4)6,"Fe,Li,O,P",2.89340414924545,0.6465000000000001,0.0485655377439,-2.4816646649070844,False,0.0286761434575413,0.543347421675021,0,0.2059434764879051,Fe,,POSSIBLE
4222,mp-1303877,Li5Mn2Fe3O10,"Fe,Li,Mn,O",4.166374427449735,0.8765999999999998,0.0424366178750004,-1.9884734163764364,False,0.1512561942518312,0.3504868134414531,0,0.2058612915430157,"Fe, Mn",,POSSIBLE
4223,mp-760964,Li3V3P8O29,"Li,O,P,V",2.501745889722611,1.2344,0.0490875416860374,-2.522768698305648,False,0.0182359237922923,0.559421001459167,0,0.2058271085964692,V,,POSSIBLE
4224,mp-758338,Li2Co2Si2O7,"Co,Li,O,Si",3.322351309476656,2.8249,0.0481612607051289,-2.4480929570512826,False,0.0367617932959401,0.5302193298530364,0,0.2057957517613298,Co,,POSSIBLE
4225,mp-26919,LiCoPO4,"Co,Li,O,P",3.145457326881048,2.7419999999999995,0.0470394678571377,-2.357050480425169,False,0.0591979528850392,0.4946175070925672,0,0.2056750015691701,Co,,POSSIBLE
4226,mp-756257,LiV4CuO12,"Cu,Li,O,V",3.129972262653215,0.3871,0.0436489200347205,-2.0843625407407407,False,0.1270098240111973,0.3879838998211899,0,0.205649768143575,V,,POSSIBLE
4227,mp-851091,Li3Mn4(BO3)4,"B,Li,Mn,O",3.134097433220857,0.0355,0.0483432244565165,-2.461068449495252,False,0.0331224691793047,0.5352933480403614,0,0.2055700298627441,Mn,,POSSIBLE
4228,mp-760112,Li2MnO2F,"F,Li,Mn,O",3.683748140559685,0.0,0.0481626754166697,-2.4465491186829493,False,0.0367334986834733,0.5296156175860038,0,0.2055688904310116,Mn,,POSSIBLE
4229,mp-757055,K2Li2CoO4,"Co,K,Li,O",2.7538952451864547,0.3561999999999999,0.0384409150925897,-1.663648937074075,False,0.231171327832249,0.2234654057541825,0,0.2053571223217009,Co,,POSSIBLE
4230,mp-851349,Li4Fe3Sn2Sb3O16,"Fe,Li,O,Sb,Sn",5.217498852291374,0.0,0.0420285545535721,-1.9509609290476173,False,0.1594175707648102,0.3358176944249577,0,0.2052158569693808,Fe,,POSSIBLE
4231,mp-863380,Li4V3P8O29,"Li,O,P,V",2.524136560831608,0.8466999999999999,0.0497574611742415,-2.5717798610335496,False,0.0048373533021078,0.5785866348358712,0,0.2051658665087142,V,,POSSIBLE
4232,mp-757295,Li6Cr3Ni(PO4)6,"Cr,Li,Ni,O,P",3.032309350017019,0.3652999999999999,0.0494378049999895,-2.540821539446429,False,0.011230563021711,0.5664804980198377,0,0.2044449839688842,"Cr, Ni",,POSSIBLE
4233,mp-704962,Li3Mn3(PO4)4,"Li,Mn,O,P",3.1903856136377056,0.3909,0.0488118519230411,-2.490139576052482,False,0.0237497934258366,0.5466615042405498,0,0.2043939128684026,Mn,,POSSIBLE
4234,mp-756157,Li2Fe3CoO8,"Co,Fe,Li,O",4.2001492765137645,0.0,0.0382246422138781,-1.639101451190476,False,0.2354968437510361,0.2138662024588677,0,0.2043764349236735,"Co, Fe",,POSSIBLE
4235,mp-758838,Li4Mn5(NiO6)2,"Li,Mn,Ni,O",4.544563540180482,0.6299999999999999,0.0418652093478346,-1.931463427303848,False,0.162684518945665,0.3281932686944903,0,0.2043441294631873,"Mn, Ni",,POSSIBLE
4236,mp-779055,Li4Mn3P4(HO8)2,"H,Li,Mn,O,P",2.8969025888207662,3.5630999999999995,0.0485057207758572,-2.4639123332137216,False,0.0298724989553925,0.5364054382190165,0,0.2041717778021216,Mn,,POSSIBLE
4237,mp-1175376,Li9Co7O16,"Co,Li,O",4.359195622194576,1.1528,0.039236598437502,-1.7181943787499998,False,0.2152574462802242,0.2447951983839756,0,0.2040699148885147,Co,,POSSIBLE
4238,mp-865132,Li4Ti3Fe3(SbO8)2,"Fe,Li,O,Sb,Ti",4.464723263195799,0.1629000000000005,0.0481379648214295,-2.431969152619047,False,0.0372277172545255,0.5239141759414361,0,0.2038452060694916,"Fe, Ti",,POSSIBLE
4239,mp-769470,Li11Fe(WO4)7,"Fe,Li,O,W",5.358167042900088,2.8156,0.0458943017420168,-2.251534366312056,False,0.0821015841222058,0.4533558220830999,0,0.2038304089962981,Fe,,POSSIBLE
4240,mp-758030,Li3V3P8O29,"Li,O,P,V",2.503591458576923,1.1766,0.0492828142441776,-2.5225734257475083,False,0.0143304199502499,0.5593446408496745,0,0.2036523552700235,V,,POSSIBLE
4241,mp-766508,Li5Mn2Fe(BO3)4,"B,Fe,Li,Mn,O",3.054802774867324,0.0,0.0484417434895814,-2.453822000174809,False,0.0311520619402446,0.5324596509144734,0,0.2034945118872002,"Fe, Mn",,POSSIBLE
4242,mp-26221,Li6Fe3P8O29,"Fe,Li,O,P",2.560159316800948,0.0,0.0483450279166675,-2.445059165698756,False,0.0330863994897602,0.5290329769985501,0,0.2033590616688606,Fe,,POSSIBLE
4243,mp-1222507,Li3Co2NiO6,"Co,Li,Ni,O",4.596346835235902,0.0,0.0383019508333406,-1.6351236833333325,False,0.233950650506018,0.2123107110939535,0,0.2029816066611936,"Co, Ni",,POSSIBLE
4244,mp-1177761,Li3Fe2(CoO4)2,"Co,Fe,Li,O",4.318665741759287,0.0,0.0391972670000004,-1.7061623179999998,False,0.2160440856408108,0.2400901056608957,0,0.2028557840837594,"Co, Fe",,POSSIBLE
4245,mp-1273900,LiCo(CO3)2,"C,Co,Li,O",3.215313302380411,0.0,0.0397075829583322,-1.7464610713333335,False,0.2058376288047747,0.2558487836627384,0,0.2027577701245845,Co,,POSSIBLE
4246,mp-1177164,Li4VAs2O9,"As,Li,O,V",3.1617158070369733,2.9741,0.0451541354687501,-2.182523701927084,False,0.096905109264319,0.4263694577720119,0,0.2025271203155796,V,,POSSIBLE
4247,mp-772364,Li9Cr12Co7O48,"Co,Cr,Li,O",3.4116627742626733,0.651,0.0395985445970454,-1.7349754196052622,False,0.2080184254461022,0.2513573621607669,0,0.2023852107516246,"Co, Cr",,POSSIBLE
4248,mp-780674,Li3Mn4(BO3)4,"B,Li,Mn,O",3.142028804574979,0.0433000000000001,0.0486338929347773,-2.460777781016992,False,0.0273090211996194,0.5351796832101792,0,0.2023328507833534,Mn,,POSSIBLE
4249,mp-1178027,Li2CoNi3O8,"Co,Li,Ni,O",4.570444437995325,0.0,0.0336955138392882,-1.259527619047619,False,0.3260806330787904,0.0654352634373117,0,0.2022466903963938,"Co, Ni",,POSSIBLE
4250,mp-758207,Li2Mn3P9O28,"Li,Mn,O,P",3.07683839053292,1.0598999999999998,0.0492186527380678,-2.5070153310058445,False,0.0156136673814795,0.553260705614059,0,0.2022287640247344,Mn,,POSSIBLE
4251,mp-1174330,Li4Mn3O7,"Li,Mn,O",3.8890717156097847,0.6903000000000001,0.0444602971428444,-2.124085138009032,False,0.1107820629611889,0.403517274131062,0,0.2021611805745256,Mn,,POSSIBLE
4252,mp-556002,Li6Cu(B2O5)2,"B,Cu,Li,O",2.4892143451609825,0.7482,0.0487397017857142,-2.4678097722222225,False,0.0251928156365242,0.5379295172856506,0,0.202131379650066,,,REVIEW
4253,mp-754564,Li2CoOF3,"Co,F,Li,O",3.245249847219883,1.0344,0.0490259217857156,-2.490693154880952,False,0.0194683384221056,0.5468779791879096,0,0.2021148788479264,Co,,POSSIBLE
4254,mp-1100507,Li9Mn7O16,"Li,Mn,O",3.936688663278462,0.4605999999999999,0.0444613704687384,-2.122999630797413,False,0.1107605961537546,0.4030927905626726,0,0.2020008045815005,Mn,,POSSIBLE
4255,mp-768623,Li3Fe2P2(CO7)2,"C,Fe,Li,O,P",2.638727559377905,0.0,0.0451964209510915,-2.179478560403726,False,0.0960593882100151,0.4251786664753258,0,0.2016451967818723,Fe,,POSSIBLE
4256,mp-754097,Li2FeBO4,"B,Fe,Li,O",3.06726045942203,2.5776,0.0467537340625003,-2.303791909166666,False,0.0649127058610128,0.4737909403658313,0,0.201528817351598,Fe,,POSSIBLE
4257,mp-758803,Li3(NiO2)5,"Li,Ni,O",4.691671534464606,0.4962999999999997,0.033605319490741,-1.245365182777778,False,0.3278845443817226,0.0598970952698753,0,0.2013004827544038,Ni,,POSSIBLE
4258,mp-1176663,LiMnP2O7,"Li,Mn,O,P",2.952892894567259,0.6491,0.0494377812499999,-2.515887088572736,False,0.0112310380279101,0.5567299735006022,0,0.2010325616405613,Mn,,POSSIBLE
4259,mp-863361,Li3V3P8O29,"Li,O,P,V",2.486707758417517,1.0123,0.0495425920348751,-2.5223136479568105,False,0.0091347940553,0.5592430557082738,0,0.2007592062283108,V,,POSSIBLE
4260,mp-1173988,Li3Mn2CoO6,"Co,Li,Mn,O",4.151122124083136,0.387,0.0427933060416725,-1.97919157132184,False,0.144122334693599,0.346857182364072,0,0.2006672979089047,"Co, Mn",,POSSIBLE
4261,mp-758956,Li3Mn2(PO4)3,"Li,Mn,O,P",2.996547492550454,0.7760999999999998,0.049500385624988,-2.518021009614533,False,0.0099789336391863,0.5575644354081674,0,0.200635965894411,Mn,,POSSIBLE
4262,mp-758248,LiCoPO4,"Co,Li,O,P",3.071085279055741,2.950600000000001,0.0474975385714229,-2.356592409710884,False,0.0500364150242844,0.4944383802389699,0,0.2005734613469959,Co,,POSSIBLE
4263,mp-760081,Li3V3P8O29,"Li,O,P,V",2.490154461665885,0.8964,0.0495752313371999,-2.5222810086544856,False,0.0084819992036058,0.5592302922301758,0,0.2003957018425447,V,,POSSIBLE
4264,mp-760815,Li6V5O12,"Li,O,V",3.6353428203117417,0.6962000000000002,0.0487832199456521,-2.4585371136956526,False,0.0243224406977473,0.5343034785659767,0,0.2003835598818528,V,,POSSIBLE
4265,mp-766032,Li2Ni(CO3)2,"C,Li,Ni,O",2.6903049233309124,3.8297,0.0423084706818182,-1.9356557040151523,False,0.1538191726861112,0.3298326429510984,0,0.2000419700102456,Ni,,POSSIBLE
4266,mp-674388,Li(CoO2)8,"Co,Li,O",4.487766884967087,0.1127,0.0326823897499908,-1.1612830753333332,False,0.3463433881781308,0.0270170990582472,0,0.1999448481683585,Co,,POSSIBLE
4267,mp-1302313,Li5Mn2Fe3O10,"Fe,Li,Mn,O",4.148163280463589,1.1454999999999995,0.0429705903749999,-1.9879394438764364,False,0.1405766002005478,0.3502780054761114,0,0.1999144320269403,"Fe, Mn",,POSSIBLE
4268,mp-780568,Li4Fe2(PO4)3,"Fe,Li,O,P",2.923116881358849,0.0060000000000002,0.0493399447619031,-2.498021832607709,False,0.0131877941834763,0.5497438314270585,0,0.1996636278003824,Fe,,POSSIBLE
4269,mp-762292,Li4V5O10,"Li,O,V",3.865612496967359,1.2627000000000002,0.0488384115131639,-2.45755789754386,False,0.0232185944583238,0.5339205597222433,0,0.1996424228548632,V,,POSSIBLE
4270,mp-505131,LiVCuO4,"Cu,Li,O,V",4.110999670843087,0.2597,0.0426825378571447,-1.9609422269047616,False,0.146337728266406,0.3397208439261387,0,0.1993880459206718,V,,POSSIBLE
4271,mp-759418,Li3V3P8O29,"Li,O,P,V",2.447899220071923,0.6655,0.0496657393604564,-2.52219050063123,False,0.0066718143218666,0.5591948994034234,0,0.1993877126682248,V,,POSSIBLE
4272,mp-1174299,Li4Mn3O7,"Li,Mn,O",3.889697432256866,1.1980999999999995,0.0447236664285588,-2.1238217687233174,False,0.105514606197013,0.4034142845488578,0,0.1992280330004574,Mn,,POSSIBLE
4273,mp-767480,Li3Cu2SbO6,"Cu,Li,O,Sb",5.053083464873925,0.0298000000000007,0.040085652499993,-1.7499910241666672,False,0.1982761359786537,0.2572291586237719,0,0.1990820803065797,,,REVIEW
4274,mp-777338,Li5Ni2(PO4)3,"Li,Ni,O,P",3.1334813469429963,4.1002,0.0489006863636305,-2.457303110027056,False,0.0219730806489267,0.5338209260089372,0,0.1989225184600377,Ni,,POSSIBLE
4275,mp-773157,Li9Cr12Co7O48,"Co,Cr,Li,O",3.431931928436515,0.2583000000000001,0.0399140559128339,-1.7346599082894734,False,0.2017081140139393,0.2512339826311241,0,0.19887135662856,"Co, Cr",,POSSIBLE
4276,mp-765407,Li3V3P8O29,"Li,O,P,V",2.4857553862565624,1.0606,0.0497199721511547,-2.5221362678405312,False,0.0055871438773651,0.5591736918717984,0,0.1987837212876802,V,,POSSIBLE
4277,mp-1177788,Li2VFeO4,"Fe,Li,O,V",4.033699507442681,1.1006999999999998,0.0457079996874991,-2.199489730833334,False,0.0858276754717996,0.4330039604399245,0,0.1987566076634633,"Fe, V",,POSSIBLE
4278,mp-757753,Li6VFe3(PO4)6,"Fe,Li,O,P,V",2.942139006885641,1.7495,0.049705794135419,-2.5171020671964284,False,0.0058707080169231,0.5572050863844057,0,0.1982506696438497,"Fe, V",,POSSIBLE
4279,mp-756498,Li3FeNi3O8,"Fe,Li,Ni,O",4.467173989603614,0.0,0.0364684789027789,-1.452349225333333,False,0.2706205837382352,0.1408374372991325,0,0.1981344241107257,"Fe, Ni",,POSSIBLE
4280,mp-755734,Li3Ti(FeO2)4,"Fe,Li,O,Ti",4.471900011781217,0.7958000000000003,0.0447189282812479,-2.1153179302083336,False,0.1056093704214547,0.400088890042759,0,0.1981162652467657,"Fe, Ti",,POSSIBLE
4281,mp-1100495,Li9Mn7O16,"Li,Mn,O",3.92482023587041,0.0010999999999996,0.0448126714062384,-2.122648329859913,False,0.1037344826322928,0.4029554156342221,0,0.1980883609197388,Mn,,POSSIBLE
4282,mp-1177609,Li3Mn5(PO4)6,"Li,Mn,O,P",2.711969440634688,0.2808999999999999,0.0490143205263127,-2.459863457697691,False,0.0197003667398685,0.5348221404678702,0,0.1980229508706823,Mn,,POSSIBLE
4283,mp-766080,Li4Mn2Cr3Sb3O16,"Cr,Li,Mn,O,Sb",4.668146892674883,0.1230000000000002,0.0453962953571425,-2.1675171056855507,False,0.0920618461683031,0.4205011839790762,0,0.1978094297852434,"Cr, Mn",,POSSIBLE
4284,mp-1173996,Li5Co3O8,"Co,Li,O",4.0628654493728105,0.0,0.0399496106250012,-1.729252572916666,False,0.2009970101788966,0.2491194641922234,0,0.1977401680656713,Co,,POSSIBLE
4285,mp-1177532,Li3V3P8O29,"Li,O,P,V",2.457426582434218,0.2996999999999999,0.0498295664534795,-2.5220266735382064,False,0.0033952282652997,0.559130835426417,0,0.1975631679451607,V,,POSSIBLE
4286,mp-780655,Li3Mn4(BO3)4,"B,Li,Mn,O",3.133147542227334,0.0,0.0490652557608655,-2.460346418190904,False,0.0186816483078683,0.535011000377188,0,0.1975287567013433,Mn,,POSSIBLE
4287,mp-765293,Li2CrCo3O8,"Co,Cr,Li,O",4.705823625092744,0.0,0.0392286818253992,-1.6685377336904768,False,0.2154157806579673,0.2253771515359223,0,0.1973606823994548,"Co, Cr",,POSSIBLE
4288,mp-768854,Li5Mn2P2(CO7)2,"C,Li,Mn,O,P",2.732122162570463,0.0,0.0479275593222228,-2.367152082472578,False,0.0414358840003547,0.4985677011010801,0,0.1972884315855731,Mn,,POSSIBLE
4289,mp-849573,Li3V3P8O29,"Li,O,P,V",2.4816820143232383,0.9523,0.0498572421511553,-2.521998997840531,False,0.0028417068456314,0.5591200129475046,0,0.1972549432967238,V,,POSSIBLE
4290,mp-849420,Li2Mn3CuO8,"Cu,Li,Mn,O",4.275128678609972,0.0,0.0412902481904735,-1.8323071593185565,False,0.1741838972018081,0.2894185779213112,0,0.1970976457334534,Mn,,POSSIBLE
4291,mp-780186,Li9Mn10O20,"Li,Mn,O",4.0362362982931455,0.4721999999999999,0.0446457362820513,-2.101805974597701,False,0.1070732301506023,0.3948050899241329,0,0.1970720580562778,Mn,,POSSIBLE
4292,mp-1176726,LiFe3O4,"Fe,Li,O",4.993785041607602,0.0104999999999999,0.0393243021875004,-1.6739037654166662,False,0.2135033476201638,0.2274755183370299,0,0.1970432726090506,Fe,,POSSIBLE
4293,mp-768653,Li3Fe2P2(CO7)2,"C,Fe,Li,O,P",2.645219965858181,0.0,0.0456100157336996,-2.179064965621117,False,0.0877873809812019,0.425016931769826,0,0.1970389856591002,Fe,,POSSIBLE
4294,mp-770624,Li2CoPO4F,"Co,F,Li,O,P",3.279808976883866,2.9606000000000003,0.0499102448611106,-2.5231364825066134,False,0.0017816383478323,0.5595648221066505,0,0.1968275888286354,Co,,POSSIBLE
4295,mp-1177769,Li2VNiO4,"Li,Ni,O,V",4.28581133481566,1.513,0.0451789099999979,-2.141640659583334,False,0.0964096119558666,0.4103822957200795,0,0.1966590900777545,"Ni, V",,POSSIBLE
4296,mp-775328,Li2TiNi3O8,"Li,Ni,O,Ti",4.426362121548595,0.6650999999999998,0.0405066724018645,-1.7658573673214286,False,0.1898556243614768,0.2634336332578745,0,0.1966223650390683,"Ni, Ti",,POSSIBLE
4297,mp-1003313,Li2Mn3O6,"Li,Mn,O",4.2644887673419305,0.0164999999999997,0.0441862390909024,-2.0608957682236166,False,0.1162632979334559,0.3788073054789039,0,0.1965273707810171,Mn,,POSSIBLE
4298,mp-1101736,LiFe3O4,"Fe,Li,O",5.018470127427123,1.0169,0.0393725334375005,-1.673855534166666,False,0.2125387096086791,0.2274566576856323,0,0.1965061204747448,Fe,,POSSIBLE
4299,mp-775818,Li4V3Cr5O16,"Cr,Li,O,V",4.047060444928383,0.7725999999999997,0.0483873341741052,-2.3973373869047614,False,0.0322402629279257,0.5103715524262006,0,0.1963621879595293,"Cr, V",,POSSIBLE
4300,mp-764994,Li3V3P8O29,"Li,O,P,V",2.48213260385435,0.9545,0.0499513533139444,-2.521904886677741,False,0.0009594582012109,0.5590832111264031,0,0.1962068259049071,V,,POSSIBLE
4301,mp-758963,Li2Cr2CoO6,"Co,Cr,Li,O",4.109742413118823,0.6529000000000003,0.0441405457575792,-2.0541285887878784,False,0.1171771769267416,0.3761610250635671,0,0.1961038060819563,"Co, Cr",,POSSIBLE
4302,mp-1177017,Li6Fe3P8O29,"Fe,Li,O,P",2.5435064191305576,0.0239999999999999,0.049016993894928,-2.444387199720495,False,0.0196468986463602,0.5287702071954246,0,0.1958753667738967,Fe,,POSSIBLE
4303,mp-1638898,Li2FePHO5,"Fe,H,Li,O,P",3.030254682284861,3.7896,0.0468059651249959,-2.2626005007559526,False,0.0638680705205773,0.4576831929073039,0,0.1953165563038739,Fe,,POSSIBLE
4304,mp-1222562,Li3Mn8O16,"Li,Mn,O",4.02268498813869,0.0,0.0432317637438277,-1.974109910498084,False,0.1353530623665028,0.3448700177494805,0,0.1951486905138947,Mn,,POSSIBLE
4305,mp-768859,Li5Mn2P2(CO7)2,"C,Li,Mn,O,P",2.733808409029649,2.241704906661062,0.0481397121222224,-2.3669399296725784,False,0.0371927707672931,0.4984847395356259,0,0.1949256827594803,Mn,,POSSIBLE
4306,mp-1175365,Li7Mn5O12,"Li,Mn,O",3.868725709439383,1.0486999999999995,0.0451297593749879,-2.124861587624522,False,0.0973926377155717,0.4038209018729417,0,0.194903266399094,Mn,,POSSIBLE
4307,mp-763832,Li3MnPCO7,"C,Li,Mn,O,P",2.6134668824563114,3.7331,0.0488042738461542,-2.419713621736453,False,0.0239013570079342,0.5191216960519731,0,0.1948383399725544,Mn,,POSSIBLE
4308,mp-769553,Li5Co2Ni3O10,"Co,Li,Ni,O",4.8144915333854605,0.0,0.0382479456666677,-1.571197166833333,False,0.2350307684086048,0.1873124839535201,0,0.1948262920084646,"Co, Ni",,POSSIBLE
4309,mp-1176688,LiFeSiO4,"Fe,Li,O,Si",3.627631267184417,1.6478000000000002,0.0498193997619065,-2.498656865357144,False,0.0035985648394574,0.5499921586280563,0,0.1944764661815212,Fe,,POSSIBLE
4310,mp-1287629,Li2Mn3NbO8,"Li,Mn,Nb,O",4.12773399400289,0.9418,0.0477267464285802,-2.3274140850328413,False,0.0454521960470772,0.4830283046112915,0,0.1940586144398445,Mn,,POSSIBLE
4311,mp-780659,Li3Mn4(BO3)4,"B,Li,Mn,O",3.1300862425395795,0.0213,0.0493852088043418,-2.460026465147427,False,0.0122825011236917,0.5348858839264095,0,0.1939654349922737,Mn,,POSSIBLE
4312,mp-758751,Li5(NiO2)8,"Li,Ni,O",4.6265913449329865,0.0,0.0344557668247125,-1.2596196179885055,False,0.3108753682746752,0.0654712392818732,0,0.193896386299727,Ni,,POSSIBLE
4313,mp-762391,Li2(NiO2)3,"Li,Ni,O",4.589472078977703,0.0,0.0347772247348432,-1.2840152406060616,False,0.3044461233514384,0.0750110570103423,0,0.1936992377969109,Ni,,POSSIBLE
4314,mp-759771,LiNi(PO3)3,"Li,Ni,O,P",2.968391519893252,3.8064,0.0492848275000126,-2.44840376944728,False,0.0142901542904282,0.5303408718875254,0,0.1934788900203694,Ni,,POSSIBLE
4315,mp-1174373,Li4Mn3O7,"Li,Mn,O",3.872230379593375,1.065,0.0452527546428447,-2.1232926805090315,False,0.0949326991776494,0.4032073865653263,0,0.1933355698455714,Mn,,POSSIBLE
4316,mp-1299593,Li3Mn3TeO8,"Li,Mn,O,Te",4.301586525602987,0.8439000000000005,0.0439648350833383,-2.0185809233639844,False,0.1206914378135322,0.3622602423644403,0,0.1931713756249968,Mn,,POSSIBLE
4317,mp-1290626,Li2MnV3O8,"Li,Mn,O,V",3.867089723693036,0.6610999999999998,0.048701450624998,-2.397705779256978,False,0.0259578491699736,0.5105156108889748,0,0.1929572808546266,"Mn, V",,POSSIBLE
4318,mp-763519,Li4Mn3Nb2Co3O16,"Co,Li,Mn,Nb,O",4.54351780922888,0.5063,0.0457276877922048,-2.158112120611658,False,0.0854339080663691,0.4168233994539401,0,0.192876839245382,"Co, Mn",,POSSIBLE
4319,mp-1290409,Li4Mn3SbO8,"Li,Mn,O,Sb",4.406950578774868,0.7800000000000002,0.0451348237499997,-2.1098338807579022,False,0.0972913488491048,0.3979443728483761,0,0.1927907723639393,Mn,,POSSIBLE
4320,mp-1175362,Li7Mn5O12,"Li,Mn,O",3.8549446053411023,0.9306,0.0453227131249889,-2.124668633874521,False,0.0935335106618649,0.4037454480247702,0,0.1927543376726953,Mn,,POSSIBLE
4321,mp-768413,Li2FeNi3O8,"Fe,Li,Ni,O",4.491388806646026,0.0,0.035216509876216,-1.3120567183333338,False,0.2956603020167695,0.0859765728550819,0,0.1927049666085019,"Fe, Ni",,POSSIBLE
4322,mp-775523,Li3Fe2(PO4)3,"Fe,Li,O,P",2.985270159081648,2.2652,0.0495668292499997,-2.462675219946428,False,0.0086500432142649,0.5359216696649417,0,0.1923301081505753,Fe,,POSSIBLE
4323,mp-753609,Li2Mn(PO4)2,"Li,Mn,O,P",2.9549472011111786,0.7448999999999999,0.049450893952998,-2.452357432991032,False,0.0109687804304966,0.5318869373501034,0,0.1921932573093093,Mn,,POSSIBLE
4324,mp-755045,Li(NiO2)2,"Li,Ni,O",4.597169638539894,0.4230999999999998,0.0336565319642865,-1.1827365997619046,False,0.3268602810950766,0.035406420203695,0,0.1921654016735854,Ni,,POSSIBLE
4325,mp-766811,LiCoPO4,"Co,Li,O,P",2.4721260743575435,2.9397,0.0482735196428505,-2.3558164286394563,False,0.0345165842570923,0.4941349357195079,0,0.1919313488432285,Co,,POSSIBLE
4326,mp-759179,LiNiOF,"F,Li,Ni,O",4.548914577805463,2.1882,0.0456581787500018,-2.1455821983333334,False,0.0868241076620829,0.4119236198270377,0,0.1919265261536088,Ni,,POSSIBLE
4327,mp-1175265,Li7Mn4CoO12,"Co,Li,Mn,O",3.9672437606897946,1.0080999999999998,0.0445637817708295,-2.056485021877395,False,0.1087123424841419,0.3770824994819794,0,0.1917706631849708,"Co, Mn",,POSSIBLE
4328,mp-765596,LiV2O5F,"F,Li,O,V",3.491044727975112,2.1494,0.0492863711111102,-2.4342629209259266,False,0.0142592816520518,0.5248111455290548,0,0.1915265058437976,V,,POSSIBLE
4329,mp-1177448,Li4Cr(TeO4)3,"Cr,Li,O,Te",4.803402652598774,0.0,0.0425513722499992,-1.889486811166666,False,0.1489610757942382,0.3117784686672736,0,0.1910510557203767,Cr,,POSSIBLE
4330,mp-705401,Li2Ni4P4O15,"Li,Ni,O,P",3.2873299984946853,9.999999999976694e-05,0.0471555681999937,-2.2593116890095235,False,0.0568759147071967,0.4563971152737861,0,0.1910207434347833,Ni,,POSSIBLE
4331,mp-767719,Li4Ti2Mn3Ni3O16,"Li,Mn,Ni,O,Ti",4.286246384718722,0.0146999999999999,0.0455359657031717,-2.123967623349754,False,0.0892684015684491,0.4034713204594747,0,0.1903125830234632,"Mn, Ni, Ti",,POSSIBLE
4332,mp-1575674,LiMnBO3,"B,Li,Mn,O",2.7987790456463904,2.702,0.0497844825000015,-2.465175132155172,False,0.0042969194972872,0.5368992510606888,0,0.190278043594749,Mn,,POSSIBLE
4333,mp-1175239,Li7Mn4CoO12,"Co,Li,Mn,O",3.967958265556873,0.8733,0.0447007713541633,-2.056348032294062,False,0.1059725138613929,0.3770289302135831,0,0.1902450081985202,"Co, Mn",,POSSIBLE
4334,mp-32384,Li4Ni7(PO4)6,"Li,Ni,O,P",3.7245863145887657,3.512,0.0469582497561065,-2.2376323449070834,False,0.0608223368161035,0.4479194881825552,0,0.1902241061127512,Ni,,POSSIBLE
4335,mp-768787,Li5Mn2P2(CO7)2,"C,Li,Mn,O,P",2.724396622895865,0.0,0.0485898189222231,-2.366489822872578,False,0.0281905133406762,0.4983087269411674,0,0.1899128367667805,Mn,,POSSIBLE
4336,mp-1100486,Li9Mn7O16,"Li,Mn,O",3.922826545459674,0.0,0.0455689845312381,-2.121892016734914,False,0.0886080160995371,0.4026596621922522,0,0.1896652906220337,Mn,,POSSIBLE
4337,mp-759720,LiCuO2,"Cu,Li,O",3.709020811027019,0.4525000000000001,0.0367625875000001,-1.4138188233333326,False,0.264738332451291,0.1257702665264496,0,0.1896256761324674,,,REVIEW
4338,mp-1174811,Li6Mn3CoO10,"Co,Li,Mn,O",3.95074396472554,0.9897,0.044613968374997,-2.044670603189656,False,0.1077085968618076,0.3724625148799985,0,0.1896016084819937,"Co, Mn",,POSSIBLE
4339,mp-1177725,Li3Al(FeO3)2,"Al,Fe,Li,O",3.391857137748969,2.1557000000000004,0.0475639118750015,-2.281375065,False,0.0487089310469958,0.4650249166102585,0,0.1895486328894381,Fe,,POSSIBLE
4340,mp-763241,Li3Cr2P2(CO7)2,"C,Cr,Li,O,P",2.6873901650855747,0.1111999999999999,0.0481025420289853,-2.324397854751551,False,0.0379361826595179,0.481848818948569,0,0.189511987094734,Cr,,POSSIBLE
4341,mp-1273482,LiNiO2,"Li,Ni,O",4.740626474845314,0.0,0.0373593580208337,-1.4606319411458335,False,0.2528027610421235,0.144076362592685,0,0.1894682454806077,Ni,,POSSIBLE
4342,mp-1100488,Li9Mn7O16,"Li,Mn,O",3.904206561418516,0.0,0.0455899542187383,-2.1218710470474136,False,0.0881886166924804,0.4026514620737428,0,0.1894317509066742,Mn,,POSSIBLE
4343,mp-770958,Li4NbFe3O8,"Fe,Li,Nb,O",4.339955260488309,0.7286999999999999,0.0461780721875006,-2.168984353958333,False,0.0764260986589626,0.4210749459733562,0,0.1894105853531041,Fe,,POSSIBLE
4344,mp-759153,Li9Ni15O28,"Li,Ni,O",4.946546166350556,0.0,0.0352434588782069,-1.2895868271153847,False,0.2951213147068419,0.0771898052468841,0,0.1893331549251725,Ni,,POSSIBLE
4345,mp-771917,Li4Fe3Ni3(WO8)2,"Fe,Li,Ni,O,W",5.564392351170413,0.0,0.0423582360714265,-1.8613111333333328,False,0.1528238514685933,0.3007604743688771,0,0.1893192843368333,"Fe, Ni",,POSSIBLE
4346,mp-755720,Li4Fe(TeO4)3,"Fe,Li,O,Te",4.796334839528305,0.0,0.0416475758749994,-1.8041344326666668,False,0.1670372471139754,0.2784017376714708,0,0.1893110940977013,Fe,,POSSIBLE
4347,mp-768084,Li8V11O22,"Li,O,V",3.85034937200238,0.8115000000000001,0.0498337772256087,-2.461485562845529,False,0.0033110116867636,0.5354564586686956,0,0.1892308169617635,V,,POSSIBLE
4348,mp-756046,LiFeBO3,"B,Fe,Li,O",3.2104734142751608,2.6311,0.0476362297222223,-2.284504388194444,False,0.0472625545931868,0.4662486268371489,0,0.1891814244192548,Fe,,POSSIBLE
4349,mp-705336,Li2Co3(P2O7)2,"Co,Li,O,P",3.484495610717852,2.7885,0.0484424916847725,-2.3487976910973094,False,0.0311370978345798,0.4913902844398206,0,0.1891120033629561,Co,,POSSIBLE
4350,mp-777689,Li32Mn5Cr11O48,"Cr,Li,Mn,O",3.6283953639135818,0.4636,0.0466160663541641,-2.20159985798252,False,0.0676660971667496,0.4338291178340482,0,0.1890565446836291,"Cr, Mn",,POSSIBLE
4351,mp-1290754,Li2TiFe3O8,"Fe,Li,O,Ti",3.908697992031817,0.3517999999999999,0.0459568471360585,-2.1473536528571424,False,0.0808506593683214,0.4126163405473217,0,0.1888835818441394,"Fe, Ti",,POSSIBLE
4352,mp-757764,LiMnPO5,"Li,Mn,O,P",3.3466038193843337,0.0,0.048196989097228,-2.326246262300903,False,0.0360472158154073,0.4825716318640325,0,0.1887260398508854,Mn,,POSSIBLE
4353,mp-1638622,Li5Fe3(SbO5)2,"Fe,Li,O,Sb",4.753792751232115,0.9806,0.0433028432499975,-1.930044100083333,False,0.1339314530677844,0.3276382460499351,0,0.1883356853047587,Fe,,POSSIBLE
4354,mp-849632,Li5Fe8(BO3)8,"B,Fe,Li,O",3.2524412218111163,1.5931000000000002,0.0477727418125049,-2.287912426666667,False,0.0445322759602765,0.4675813276395142,0,0.1881462164519821,Fe,,POSSIBLE
4355,mp-777373,Li5Fe8(BO3)8,"B,Fe,Li,O",3.266469136850548,1.3798,0.0477732771458381,-2.287911891333333,False,0.044521569149194,0.4675811182993999,0,0.1881402544368467,Fe,,POSSIBLE
4356,mp-759316,LiMn2O3F,"F,Li,Mn,O",3.866494660129269,0.0,0.0478610952678648,-2.2947660655993443,False,0.0427651830177133,0.4702614177204056,0,0.1881123468618843,Mn,,POSSIBLE
4357,mp-752921,LiMn4O8,"Li,Mn,O",4.017975020497252,0.5066000000000002,0.0431384560961554,-1.9142605257736507,False,0.1372192404918206,0.3214661378656677,0,0.187983730523485,Mn,,POSSIBLE
4358,mp-768852,Li5Mn2P2(CO7)2,"C,Li,Mn,O,P",2.739871352593453,0.0,0.0487648323222229,-2.3663148094725783,False,0.0246901981268132,0.4982402886003138,0,0.1879637099798571,Mn,,POSSIBLE
4359,mp-1277330,Li2CoO2,"Co,Li,O",3.915172522122152,2.3336,0.0407859426250007,-1.7237998413333329,False,0.1842701445592234,0.2469871937335949,0,0.187794097314331,Co,,POSSIBLE
4360,mp-26467,LiCuPO4,"Cu,Li,O,P",3.264646103461564,0.0,0.0466397510714253,-2.188822850782312,False,0.0671923964320313,0.4288327165650106,0,0.1870472688353709,,,REVIEW
4361,mp-684120,LiCuP2O7,"Cu,Li,O,P",3.002957027763065,0.7101000000000001,0.0469181349242422,-2.2110500511471853,False,0.0616246442752828,0.4375245808153805,0,0.1870271576367887,,,REVIEW
4362,mp-1174770,Li6Mn3CoO10,"Co,Li,Mn,O",3.966388137413977,0.5697000000000001,0.0448702628749977,-2.044414308689656,False,0.1025826377204911,0.3723622918665038,0,0.1867472528995464,"Co, Mn",,POSSIBLE
4363,mp-772131,Li3Fe3SbO8,"Fe,Li,O,Sb",4.5155888213527104,0.7864,0.0431719258333336,-1.905005969999999,False,0.1365498367190295,0.3178471781603699,0,0.1863489225515956,Fe,,POSSIBLE
4364,mp-754133,LiCrBO3,"B,Cr,Li,O",3.1622485323346314,1.4489999999999998,0.0498942693055513,-2.444927581250001,False,0.0021011537687897,0.5289815213879799,0,0.1862991670586273,Cr,,POSSIBLE
4365,mp-1174885,Li7Mn4CoO12,"Co,Li,Mn,O",3.9534547031927536,0.7947000000000002,0.0450646567708297,-2.0559841468773947,False,0.098694707361652,0.3768866341712368,0,0.1861924110088415,"Co, Mn",,POSSIBLE
4366,mp-770685,Li4Mn3Ni3(SbO8)2,"Li,Mn,Ni,O,Sb",4.962164999434003,0.0,0.0428080348214248,-1.8736068220402304,False,0.143827755125128,0.3055686578265678,0,0.1860542955581191,"Mn, Ni",,POSSIBLE
4367,mp-757792,Li5Fe8(BO3)8,"B,Fe,Li,O",3.236282671792051,1.3013,0.0479654618125051,-2.287719706666666,False,0.0406778239696451,0.4675059651984132,0,0.1859998910027495,Fe,,POSSIBLE
4368,mp-1174383,Li5Mn2CoO8,"Co,Li,Mn,O",3.9440220869651608,1.4664,0.0447244000000015,-2.026775090158046,False,0.1054999345702613,0.3654645408928069,0,0.1859375533261261,"Co, Mn",,POSSIBLE
4369,mp-1177402,Li4FeCu3(PO4)4,"Cu,Fe,Li,O,P",3.704047323919646,0.0,0.0474994478571382,-2.2490715072108847,False,0.0499982287949049,0.4523927301676196,0,0.1858364813958646,Fe,,POSSIBLE
4370,mp-765629,Li5Mn5(CoO6)2,"Co,Li,Mn,O",4.547171200175193,0.5187999999999997,0.0440014479166634,-1.9678620465134105,False,0.1199591712698812,0.34242681371487,0,0.1858269289986391,"Co, Mn",,POSSIBLE
4371,mp-1176519,LiVO2,"Li,O,V",3.883249553775321,1.6624999999999996,0.049930661874999,-2.4438503802083344,False,0.0013732925621079,0.5285602859165385,0,0.1857514109799478,V,,POSSIBLE
4372,mp-672984,LiCu(PO3)4,"Cu,Li,O,P",2.911095141509149,0.0,0.0481663579629545,-2.2971919006613755,False,0.0366598467643262,0.4712100315227217,0,0.185086426753332,,,REVIEW
4373,mp-25461,Li3MnPCO7,"C,Li,Mn,O,P",2.7027806945932467,3.6835,0.0497498880769242,-2.418768007505684,False,0.00498881729147,0.5187519171148086,0,0.1843070205004915,Mn,,POSSIBLE
4374,mp-850231,Li2TiFe3O8,"Fe,Li,O,Ti",3.9116485756448895,0.0,0.0463741164217728,-2.146936383571428,False,0.072505161086103,0.4124531689410132,0,0.1842364477267113,"Fe, Ti",,POSSIBLE
4375,mp-770537,LiMn2O3,"Li,Mn,O",4.4387569963320805,0.0,0.0454577229166668,-2.071978841949234,False,0.0908332784063282,0.3831413003463883,0,0.1840577582447164,Mn,,POSSIBLE
4376,mp-26513,LiCuPO4,"Cu,Li,O,P",3.240235472707496,0.0939000000000001,0.0469137576190439,-2.1885488442346936,False,0.0617121915601269,0.428725567320998,0,0.1839956539204191,,,REVIEW
4377,mp-1308768,Li4Mn3CoO8,"Co,Li,Mn,O",4.134671465019362,0.0,0.044722182656252,-2.011733966382903,False,0.1055442820434305,0.3595827652359337,0,0.1839033229564635,"Co, Mn",,POSSIBLE
4378,mp-770191,Li2V2(SO4)3,"Li,O,S,V",2.727470901361305,3.4618,0.0464551358864229,-2.1500046382456146,False,0.0708847499362475,0.4136529985495921,0,0.1837651619572934,V,,POSSIBLE
4379,mp-1173969,Li3Mn2O5,"Li,Mn,O",3.803582455594715,0.9598,0.0461764269999882,-2.125839196586208,False,0.0764590028530374,0.4042031922309458,0,0.1835235688500016,Mn,,POSSIBLE
4380,mp-764759,Li6Mn5O12,"Li,Mn,O",3.9698468484741016,0.3382999999999998,0.0458402065217402,-2.0983882647676166,False,0.0831835031211606,0.3934686071731521,0,0.1834649392272415,Mn,,POSSIBLE
4381,mp-753100,Li4Ni3Sn(PO4)4,"Li,Ni,O,P,Sn",3.775617098775447,1.9587,0.0488820620238099,-2.342508054889456,False,0.0223455724696802,0.4889307455322905,0,0.1834158257946258,Ni,,POSSIBLE
4382,mp-1174791,Li6Mn3CoO10,"Co,Li,Mn,O",3.978741867984684,0.9630999999999998,0.0451707333749968,-2.044113838189656,False,0.0965731466617201,0.3722447939920812,0,0.1834009085611745,"Co, Mn",,POSSIBLE
4383,mp-1175325,Li7Mn5O12,"Li,Mn,O",3.8854501846471066,0.0,0.0461640706249886,-2.123827276374522,False,0.0767061336864443,0.4034164382954305,0,0.183384126930945,Mn,,POSSIBLE
4384,mp-566593,Li2MnSn3O8,"Li,Mn,O,Sn",5.426437881191327,1.1909999999999998,0.0459153549404751,-2.103372739852217,False,0.0816805144734581,0.3954177676649595,0,0.1833205016431378,Mn,,POSSIBLE
4385,mp-752540,LiMn(CO3)2,"C,Li,Mn,O",2.4292576374723684,1.6734,0.0439050964999863,-1.940791399876438,False,0.1218862255964212,0.3318409377666715,0,0.1831817522963667,Mn,,POSSIBLE
4386,mp-1306566,Li5Fe3(SbO5)2,"Fe,Li,O,Sb",4.741016946226966,1.0031000000000008,0.0437656387499982,-1.9295813045833328,False,0.1246754182181006,0.3274572715864106,0,0.183181525075199,Fe,,POSSIBLE
4387,mp-1174003,Li5Co3O8,"Co,Li,O",4.061100428692936,0.0,0.0412675562500011,-1.727934627291666,False,0.174637742132926,0.2486040864445169,0,0.1830621884286902,Co,,POSSIBLE
4388,mp-761250,Li5FeO3F,"F,Fe,Li,O",2.484167793983936,1.9363,0.0465876907500053,-2.153801687916668,False,0.0682336169048936,0.4151378207382141,0,0.1828267265560664,Fe,,POSSIBLE
4389,mp-1174262,Li4Mn3CoO8,"Co,Li,Mn,O",4.101372365686587,0.0156,0.0448279185937519,-2.011628230445403,False,0.1034295347687452,0.3595414175898043,0,0.1827257402792414,"Co, Mn",,POSSIBLE
4390,mp-770410,Li2Cr2(SO4)3,"Cr,Li,O,S",2.690329683712977,2.507,0.0457676736654173,-2.086830598377193,False,0.0846341798150153,0.3889490246046078,0,0.1826809575098711,Cr,,POSSIBLE
4391,mp-22584,LiMn2O4,"Li,Mn,O",4.578418358252507,0.0,0.044978433571428,-2.023127909170772,False,0.1004191946103659,0.3640383242970356,0,0.1826439705396637,Mn,,POSSIBLE
4392,mp-754522,LiVCoO4,"Co,Li,O,V",3.785345137487656,2.1929,0.0457522924175819,-2.084637247619048,False,0.0849418089211667,0.3880913229269204,0,0.1825499579310638,"Co, V",,POSSIBLE
4393,mp-881807,Li2VFeO4,"Fe,Li,O,V",4.057168886381107,0.7824999999999998,0.0471789115624998,-2.1980188189583334,False,0.0564090411596688,0.4324287658075871,0,0.1823750406704733,"Fe, V",,POSSIBLE
4394,mp-1315650,Li2MnV3O8,"Li,Mn,O,V",3.86260814415984,0.6141999999999999,0.049668114196427,-2.3967391156855493,False,0.0066243169617884,0.5101376006852286,0,0.1821915345688136,"Mn, V",,POSSIBLE
4395,mp-775742,Li2Fe3TeO8,"Fe,Li,O,Te",4.66403470673376,0.0678,0.0421605946428558,-1.7929600605952376,False,0.1567767333583025,0.27403204092453,0,0.1821384176706518,Fe,,POSSIBLE
4396,mp-753845,LiCuO2,"Cu,Li,O",3.714547740110428,0.2729999999999999,0.0374587193749995,-1.4131226914583332,False,0.2508155071538099,0.1254980467390484,0,0.1818728452932624,,,REVIEW
4397,mp-761449,Li4Mn3Cr3(FeO8)2,"Cr,Fe,Li,Mn,O",4.195870099084848,0.6196999999999999,0.0456933712698424,-2.073521355968801,False,0.0861202477712837,0.3837444947317486,0,0.181676709430318,"Cr, Fe, Mn",,POSSIBLE
4398,mp-767053,Li2Co(CO3)2,"C,Co,Li,O",2.6047387624803737,2.3683,0.0440304520454528,-1.9391541535606067,False,0.1193790808695661,0.3312006986682689,0,0.1815787390121555,Co,,POSSIBLE
4399,mp-753554,LiCoPO4,"Co,Li,O,P",2.453401693807752,2.9865,0.0492406374999943,-2.3548493107823125,False,0.0151739662120573,0.4937567478690179,0,0.1811605431707877,Co,,POSSIBLE
4400,mp-764654,Li5Fe8(BO3)8,"B,Fe,Li,O",3.245797684832038,1.3898,0.0484091278125049,-2.2872760406666663,False,0.0318043842805994,0.4673324712549026,0,0.1810587762935456,Fe,,POSSIBLE
4401,mp-753562,LiCo2(PO4)2,"Co,Li,O,P",3.0083918395712104,0.0054,0.0476453230769244,-2.2256456394322344,False,0.0470806850460043,0.4432321314715766,0,0.1810256227903542,Co,,POSSIBLE
4402,mp-770851,Li2TiNi2O5,"Li,Ni,O,Ti",4.775396092311944,2.1103,0.0476876934999932,-2.2287190685,False,0.0462332651542377,0.4444339845075701,0,0.1809801904124802,"Ni, Ti",,POSSIBLE
4403,mp-1176694,LiMnH8(SO6)2,"H,Li,Mn,O,S",2.0778738218957904,1.1083,0.0400125668292306,-1.6116551229693483,False,0.1997378691104328,0.2031334176207849,0,0.1809525241780127,Mn,,POSSIBLE
4404,mp-762165,Li3(NiO2)5,"Li,Ni,O",4.585142190938815,0.0,0.0354346822685185,-1.2435358200000006,False,0.2912967953137273,0.059181729741689,0,0.1809268428321412,Ni,,POSSIBLE
4405,mp-772658,Li9Mn7V12O48,"Li,Mn,O,V",3.4470512774355004,0.1233999999999999,0.0474249164418862,-2.206807267967332,False,0.0514888772064987,0.4358654561916011,0,0.1808717921306346,"Mn, V",,POSSIBLE
4406,mp-761227,Li5Fe8(BO3)8,"B,Fe,Li,O",3.258091056754835,1.3468999999999998,0.048432786923616,-2.287252381555555,False,0.031331195675791,0.4673232194472666,0,0.1807952844282284,Fe,,POSSIBLE
4407,mp-1175357,Li7Mn5O12,"Li,Mn,O",3.8711784530534414,1.0881999999999996,0.046396769583322,-2.123594577416188,False,0.0720520917439106,0.4033254422309762,0,0.1807925552399925,Mn,,POSSIBLE
4408,mp-850954,Li21(CoO4)4,"Co,Li,O",2.6345055906627706,0.0,0.0435569307926888,-1.8926166597560987,False,0.1288496336680331,0.3130023843479255,0,0.1804181330391921,Co,,POSSIBLE
4409,mp-1175194,Li7Mn4CoO12,"Co,Li,Mn,O",3.960153391973784,0.8353999999999999,0.0456091976041639,-2.055439606044061,False,0.0878037437926251,0.3766736934983484,0,0.1801278518103658,"Co, Mn",,POSSIBLE
4410,mp-1667122,Li7Mn4CoO12,"Co,Li,Mn,O",3.983443142981439,0.4569000000000001,0.0456225746874974,-2.055426228960728,False,0.0875361985171809,0.3766684624395336,0,0.1799788710382863,"Co, Mn",,POSSIBLE
4411,mp-1177673,Li3Fe2P2(CO7)2,"C,Fe,Li,O,P",2.677369998196924,0.0,0.0471563416032658,-2.177518639751552,False,0.0568604464331114,0.424412246774664,0,0.1798175319093437,Fe,,POSSIBLE
4412,mp-759106,Li2Fe3(SiO4)2,"Fe,Li,O,Si",3.2041987053165224,2.2296,0.0498155085000018,-2.391226659111112,False,0.0036763911273082,0.50798197499038,0,0.1798157063666525,Fe,,POSSIBLE
4413,mp-1275540,LiMnO2,"Li,Mn,O",4.160434128205321,0.0,0.046363431875001,-2.113506532191092,False,0.0727188549039398,0.3993805495675396,0,0.1797785625458058,Mn,,POSSIBLE
4414,mp-1175274,Li7Mn4CoO12,"Co,Li,Mn,O",3.965104259981069,0.8874,0.0456441096874966,-2.055404693960728,False,0.0871054927076381,0.3766600412576682,0,0.1797390354293848,"Co, Mn",,POSSIBLE
4415,mp-769653,Li2TiFe2O5,"Fe,Li,O,Ti",4.40069334713658,1.4740000000000002,0.0491173134999991,-2.3326630835000004,False,0.0176404794814306,0.4850809059905929,0,0.1794805808114943,"Fe, Ti",,POSSIBLE
4416,mp-1293023,Li2MnV3O8,"Li,Mn,O,V",3.874019424136004,0.5661,0.0499209534821414,-2.396486276399835,False,0.0015674630383208,0.5100387288204632,0,0.1793756597582385,"Mn, V",,POSSIBLE
4417,mp-1174009,Li5Mn2CoO8,"Co,Li,Mn,O",3.965313557649894,0.9091,0.0453327162500016,-2.026166773908046,False,0.0933334454630393,0.3652266610798075,0,0.1791627263826042,"Co, Mn",,POSSIBLE
4418,mp-1275686,Li5Fe3(SbO5)2,"Fe,Li,O,Sb",4.766827159558989,1.0323000000000002,0.044144982749998,-1.9292019605833333,False,0.1170884358813853,0.327308930522396,0,0.1789567654176005,Fe,,POSSIBLE
4419,mp-758645,Li9Co13O28,"Co,Li,O",4.599326688438559,0.0484,0.0389544718715937,-1.511822746800001,False,0.2209000537084833,0.1640943372502698,0,0.1789280475772602,Co,,POSSIBLE
4420,mp-756197,Li3Fe2P2(CO7)2,"C,Fe,Li,O,P",2.651039680712334,0.0,0.0472382931250043,-2.1774366882298133,False,0.0552213938900443,0.4243801999360893,0,0.1789048366171556,Fe,,POSSIBLE
4421,mp-1176738,LiMn7O14,"Li,Mn,O",4.042426290824612,0.0,0.0432866943977341,-1.8589377638113893,False,0.1342544344695746,0.2998323770213902,0,0.1787812709157526,Mn,,POSSIBLE
4422,mp-759767,LiCu(PO3)3,"Cu,Li,O,P",2.612271363627094,0.6400999999999999,0.0494517808928698,-2.353447345340136,False,0.0109510413937884,0.493208514483478,0,0.1786460528358009,,,REVIEW
4423,mp-1666401,Li3MnV4O12,"Li,Mn,O,V",2.9288293513162738,1.3841,0.0497817140000078,-2.379801367146552,False,0.0043522902440275,0.5035141569500236,0,0.1786237145667233,"Mn, V",,POSSIBLE
4424,mp-1174205,Li4Mn3CoO8,"Co,Li,Mn,O",4.1031910967207095,0.0268000000000001,0.0451982979687519,-2.011257851070403,False,0.0960218473504387,0.3593965821091414,0,0.1786008197809408,"Co, Mn",,POSSIBLE
4425,mp-768618,Li3Fe2P2(CO7)2,"C,Fe,Li,O,P",2.6499463130862666,0.0,0.0472692992119609,-2.177405682142856,False,0.0546012637863112,0.4243680751208023,0,0.178559521374752,Fe,,POSSIBLE
4426,mp-1174011,Li5Mn(CoO4)2,"Co,Li,Mn,O",3.948452126801939,0.6816,0.0435358640625009,-1.876814972787356,False,0.1292709739550233,0.3068231932755219,0,0.1784871533216955,"Co, Mn",,POSSIBLE
4427,mp-540469,Li2Co3(P2O7)2,"Co,Li,O,P",3.559046714407632,2.9026,0.0494000325543382,-2.347840150227744,False,0.0119860221247182,0.4910158416347971,0,0.1784478567407739,Co,,POSSIBLE
4428,mp-770660,Li12CrGa11O24,"Cr,Ga,Li,O",3.9574053694939706,1.3461,0.0492450973437463,-2.332108602760417,False,0.0150847681338725,0.4848640783542379,0,0.1779990498976131,Cr,,POSSIBLE
4429,mp-1303262,LiMnO2,"Li,Mn,O",4.168904363049618,0.0,0.0465314278124999,-2.113338536253593,False,0.0693588908332157,0.3993148553793653,0,0.1779075893410465,Mn,,POSSIBLE
4430,mp-1174283,Li4Mn3O7,"Li,Mn,O",3.9149809778041336,0.0,0.0466665149999867,-2.121878920151889,False,0.0666571106406217,0.4026545408220425,0,0.1775905001400568,Mn,,POSSIBLE
4431,mp-25587,LiNiO2,"Li,Ni,O",4.304349465220318,0.0,0.0384516983333336,-1.4595396008333337,False,0.2309556601083452,0.1436492069655436,0,0.1773028354975301,Ni,,POSSIBLE
4432,mp-777653,Li2Cr3FeO8,"Cr,Fe,Li,O",3.965296101466992,0.1177999999999999,0.0466462879960332,-2.117409557083332,False,0.0670616561763885,0.4009068129732888,0,0.1772012954376647,"Cr, Fe",,POSSIBLE
4433,mp-1174149,Li4Mn3CoO8,"Co,Li,Mn,O",4.142002288674435,0.4838,0.0453390423437518,-2.0111171066954032,False,0.0932069218814268,0.3593415445433922,0,0.177033347624972,"Co, Mn",,POSSIBLE
4434,mp-760268,Li5Fe8(BO3)8,"B,Fe,Li,O",3.2756537297959163,1.4195,0.048815029145838,-2.2868701393333337,False,0.0236862481127701,0.4671737450442033,0,0.1765382472274947,Fe,,POSSIBLE
4435,mp-759938,Li2Cu3(P2O7)2,"Cu,Li,O,P",3.580642355677635,0.1156999999999999,0.0477584086956452,-2.201181475879917,False,0.0448189421641565,0.4336655110648233,0,0.1764333470629742,,,REVIEW
4436,mp-1176656,LiMn2O4,"Li,Mn,O",4.014800262896855,1.2177000000000002,0.0455457207142853,-2.0225606220279144,False,0.0890732987145397,0.3638164887641859,0,0.1763260853604619,Mn,,POSSIBLE
4437,mp-1653728,Li7Co5O12,"Co,Li,O",4.280481939043472,0.4127,0.0418030812500029,-1.7195516313888888,False,0.1639270976627742,0.2453259469936531,0,0.1760239851623044,Co,,POSSIBLE
4438,mp-771310,Li3MnNi3O8,"Li,Mn,Ni,O",4.4338428415468565,0.0,0.039865960250002,-1.562240633195402,False,0.2026700402454823,0.1838100646988758,0,0.1758020447796218,"Mn, Ni",,POSSIBLE
4439,mp-758797,LiCu(PO3)3,"Cu,Li,O,P",3.125570670199567,0.1738999999999999,0.0497476285714411,-2.353151497661565,False,0.0050340080106853,0.4930928243462265,0,0.1753511929270562,,,REVIEW
4440,mp-766472,Li3SiNiO5,"Li,Ni,O,Si",2.9855940150992057,0.9584,0.0488436145833359,-2.2800898567500014,False,0.0231145316512366,0.4645223406916062,0,0.1752958116502423,Ni,,POSSIBLE
4441,mp-776115,Li2NbFe3O8,"Fe,Li,Nb,O",4.21589753405289,1.2802,0.0473818352678598,-2.161215765833333,False,0.0523505123091586,0.4180370684048324,0,0.1751057557117285,Fe,,POSSIBLE
4442,mp-755247,Li4Mn(WO4)3,"Li,Mn,O,W",5.929820922471366,1.9286000000000003,0.0486554410000028,-2.2629745895632185,False,0.0268780540820261,0.4578294789476942,0,0.1750232473768073,Mn,,POSSIBLE
4443,mp-753415,LiFe2(PO4)2,"Fe,Li,O,P",2.7922817951421965,1.4168000000000005,0.0499993255769242,-2.3706766640476187,False,0.0,0.4999459756514829,0,0.174981091478019,Fe,,POSSIBLE
4444,mp-26449,LiNiP2O7,"Li,Ni,O,P",3.111095598791728,0.0299,0.0491036740530494,-2.297861584329004,False,0.0179132720999773,0.4714719088367408,0,0.1748674677478468,Ni,,POSSIBLE
4445,mp-1662213,Li2Fe2P4H3O16,"Fe,H,Li,O,P",2.8487479356158287,0.0,0.0482257073611176,-2.225593939962522,False,0.0354728427902068,0.443211914585726,0,0.1746342336396178,Fe,,POSSIBLE
4446,mp-1307826,Li(CoO2)3,"Co,Li,O",4.443613627939806,0.7074,0.0372391808749981,-1.339025491833334,False,0.2552063363793689,0.096522611690968,0,0.1741463991004917,Co,,POSSIBLE
4447,mp-1311690,Li3Mn3TeO8,"Li,Mn,O,Te",4.331963799374467,0.8273999999999999,0.0457474297500057,-2.016798328697318,False,0.0850390635845064,0.3615631653326165,0,0.1733185928378943,Mn,,POSSIBLE
4448,mp-758732,Li9Co13O28,"Co,Li,O",4.603400769794216,0.0105999999999997,0.0394592032715941,-1.5113180153999997,False,0.2108052895456374,0.1638969639086121,0,0.1733068466181148,Co,,POSSIBLE
4449,mp-752750,Li3Ni4O4F3,"F,Li,Ni,O",4.899204957932788,2.2384,0.0456356235714272,-2.006582599642857,False,0.0872752173183501,0.3575683423813527,0,0.173150289358566,Ni,,POSSIBLE
4450,mp-1100509,Li9Mn7O16,"Li,Mn,O",3.915090050833869,0.4559999999999999,0.0470639917187387,-2.120397009547413,False,0.0587074690371468,0.4020750451773438,0,0.173015373782501,Mn,,POSSIBLE
4451,mp-1174153,Li5Co3O8,"Co,Li,O",4.08019912475169,0.2711000000000001,0.0421792737500013,-1.7270229097916658,False,0.1564031461762761,0.248247562698179,0,0.1729083773413145,Co,,POSSIBLE
4452,mp-867666,Li6CoNi5O12,"Co,Li,Ni,O",4.547626177113503,0.0594999999999998,0.0394213730555579,-1.505009015,False,0.2115619040719273,0.161429852705575,0,0.1728594956865113,"Co, Ni",,POSSIBLE
4453,mp-753843,LiNi2(PO4)2,"Li,Ni,O,P",3.713628366585712,0.0,0.0477163017307677,-2.170040676355311,False,0.0456610928210233,0.4214880169282422,0,0.1726344069764475,Ni,,POSSIBLE
4454,mp-1222520,Li5Mn2CrO8,"Cr,Li,Mn,O",3.8195548537640702,0.8614999999999999,0.0479582893750007,-2.1892817214080464,False,0.0408212746546622,0.4290121562210128,0,0.1726059557374187,"Cr, Mn",,POSSIBLE
4455,mp-849589,Li5Fe8(BO3)8,"B,Fe,Li,O",3.253726362930684,1.5365000000000002,0.0491740024791722,-2.2865111659999995,False,0.0165066846048199,0.4670333698538228,0,0.1725403559814889,Fe,,POSSIBLE
4456,mp-761763,Li2FeCo3O8,"Co,Fe,Li,O",4.561761977456477,0.4296999999999999,0.0397170738331995,-1.5237105522619052,False,0.2056478087470481,0.1687430194780582,0,0.1721663516281968,"Co, Fe",,POSSIBLE
4457,mp-27064,LiCuPO4,"Cu,Li,O,P",3.215406804155114,0.0,0.0479877421428538,-2.187474859710884,False,0.0402322113520425,0.4283055896569326,0,0.1720346726235498,,,REVIEW
4458,mp-752889,Li8VO5F,"F,Li,O,V",2.563470279718993,2.1185,0.0491168745000001,-2.27476954561111,False,0.0176492595998408,0.46244185275656,0,0.1715617412447084,V,,POSSIBLE
4459,mp-26851,Li2CuPO4,"Cu,Li,O,P",3.3123272008225,1.3886000000000005,0.0495176062500002,-2.3066080742261903,False,0.0096345164932849,0.4748921912657289,0,0.1715112510143118,,,REVIEW
4460,mp-770493,Li5V2Fe5O12,"Fe,Li,O,V",4.390345970892584,1.0949000000000004,0.0460892519791631,-2.0303982027777785,False,0.0782025267869949,0.3668813456427332,0,0.1714198607078038,"Fe, V",,POSSIBLE
4461,mp-1315046,Li4Mn3SbO8,"Li,Mn,O,Sb",4.436021407460996,0.9177999999999996,0.0470966937499994,-2.1078720107579025,False,0.058053419589812,0.3971771908624784,0,0.170941397576264,Mn,,POSSIBLE
4462,mp-1177943,Li2FeO2,"Fe,Li,O",3.630131286764071,3.1331,0.0437430455000003,-1.8362572503333328,False,0.1251272893131045,0.2909632463596855,0,0.1706571453480974,Fe,,POSSIBLE
4463,mp-762692,Li5Fe11O16,"Fe,Li,O",4.807903247916924,0.3640999999999996,0.0424335614843753,-1.7287216761458335,False,0.1513173228888645,0.2489118589793632,0,0.1703436782316525,Fe,,POSSIBLE
4464,mp-771776,Li2Cr3NiO8,"Cr,Li,Ni,O",4.37489361002189,0.4205000000000001,0.0460528083333331,-2.019459474047618,False,0.0789314095351019,0.3626037963502711,0,0.1703236039669009,"Cr, Ni",,POSSIBLE
4465,mp-755090,Li5Cr2Fe5O12,"Cr,Fe,Li,O",4.604569866793681,0.9676,0.0455836901736015,-1.976943864861112,False,0.0883138992850858,0.3459782250905234,0,0.1696650233884804,"Cr, Fe",,POSSIBLE
4466,mp-768079,Li7(NiO2)11,"Li,Ni,O",4.637970068567625,0.0,0.0367245093750003,-1.2641480725833332,False,0.2654999052237322,0.0672420746527735,0,0.1695596740015234,Ni,,POSSIBLE
4467,mp-768553,Li3Cu2(SO4)3,"Cu,Li,O,S",3.011968134754268,0.0239000000000002,0.0440188695624952,-1.848495716875,False,0.1196107336533578,0.2957490533019298,0,0.1692980721650222,,,REVIEW
4468,mp-1303576,LiCo(CO3)2,"C,Co,Li,O",2.5887413424061783,0.9369,0.0427183169583322,-1.7434503373333334,False,0.1456221365904253,0.2546714473004258,0,0.1692271816798829,Co,,POSSIBLE
4469,mp-762624,Li2Mn(NiO3)2,"Li,Mn,Ni,O",4.412343817063373,0.5479000000000003,0.0408820767613642,-1.5944354840543369,False,0.1823474358975717,0.1963997416997185,0,0.1690309993385659,"Mn, Ni",,POSSIBLE
4470,mp-770834,Li5FeO4,"Fe,Li,O",2.521236702175351,2.7818,0.045903765000002,-1.996121979666666,False,0.0819123164095716,0.353477755743575,0,0.1687689885355156,Fe,,POSSIBLE
4471,mp-1643372,LiCo3(OF3)2,"Co,F,Li,O",4.236536924089963,0.8745999999999999,0.0469537775000006,-2.077750684861112,False,0.0609117831447148,0.3853983581062933,0,0.1683909060667958,Co,,POSSIBLE
4472,mp-756371,LiMn2O4,"Li,Mn,O",4.100956138848546,0.2907000000000002,0.0462666957142863,-2.0218396470279134,False,0.0746536042150254,0.363534554164909,0,0.1682965762759821,Mn,,POSSIBLE
4473,mp-25825,LiFe4(PO4)3,"Fe,Li,O,P",3.6678769545940257,2.9784,0.0498749212500051,-2.310427394113096,False,0.0024881200992941,0.476385722139648,0,0.1681034688034886,Fe,,POSSIBLE
4474,mp-755008,Li2FeNiO4,"Fe,Li,Ni,O",4.573781684803486,0.0,0.0420255263541662,-1.6794384970833338,False,0.1594781355698543,0.2296398546240651,0,0.1680869236818427,"Fe, Ni",,POSSIBLE
4475,mp-760165,LiCu2(PO3)5,"Cu,Li,O,P",2.875599447940896,0.1032999999999999,0.0495876315217449,-2.286647822458592,False,0.0082339921674725,0.4670868088550252,0,0.1680090787913687,,,REVIEW
4476,mp-764904,LiFe2(BO3)2,"B,Fe,Li,O",3.2135311159707114,0.0,0.0495011821875017,-2.27945724310606,False,0.0099630021740214,0.4642749594728379,0,0.167975887011205,Fe,,POSSIBLE
4477,mp-774644,Li11V12(CuO4)12,"Cu,Li,O,V",4.1167643167083146,0.0,0.0452574982003035,-1.9364229957429728,False,0.0948378267487903,0.3301326895349762,0,0.1677072460490763,V,,POSSIBLE
4478,mp-1175246,Li7Mn4CoO12,"Co,Li,Mn,O",3.961946325982916,0.8252000000000002,0.0467247434374966,-2.054324060210728,False,0.0654925261819709,0.3762374634383668,0,0.1677040016035124,"Co, Mn",,POSSIBLE
4479,mp-760066,Li8NiO5F,"F,Li,Ni,O",2.6895386397350785,1.1136,0.0462263852222211,-2.012116103444445,False,0.0754598249310066,0.3597321985163033,0,0.1674091731927598,Ni,,POSSIBLE
4480,mp-1309364,LiFe2O3,"Fe,Li,O",4.625861500368351,1.63,0.0429386979166661,-1.7475255963888887,False,0.1412144579709438,0.256265062236833,0,0.1673607236669106,Fe,,POSSIBLE
4481,mp-772522,Li5V5(FeO6)2,"Fe,Li,O,V",4.265094326114212,1.355,0.0495096535416648,-2.2755611127777784,False,0.0097935728054179,0.4627513921607489,0,0.1673494522992419,"Fe, V",,POSSIBLE
4482,mp-770886,Li3FeO3,"Fe,Li,O",2.8264002246567497,1.9602,0.0457084241071443,-1.968577607142857,False,0.0858191869643987,0.3427066310446263,0,0.1671478736960385,Fe,,POSSIBLE
4483,mp-753697,LiFeBO3,"B,Fe,Li,O",2.904179631565884,2.7734,0.0496191520833324,-2.2825214658333337,False,0.00760357243233,0.4654732124035332,0,0.1670975891790181,Fe,,POSSIBLE
4484,mp-1222666,LiMn2Cu(RuO4)2,"Cu,Li,Mn,O,Ru",5.491300606833202,0.0,0.0416353742857147,-1.64010487494253,False,0.1672812821913272,0.2142585875948847,0,0.1669952108634396,Mn,,POSSIBLE
4485,mp-775771,Li4Mn3V3(SnO8)2,"Li,Mn,O,Sn,V",4.534308296545505,0.7739000000000003,0.0495343348214314,-2.2730134859688027,False,0.0092999405517462,0.4617551521475795,0,0.1667292705551132,"Mn, V",,POSSIBLE
4486,mp-1100502,Li9Mn7O16,"Li,Mn,O",3.924775567503054,0.5059999999999998,0.0476465635937382,-2.1198144376724137,False,0.0470558743750706,0.4018472326066891,0,0.16652726231863,Mn,,POSSIBLE
4487,mp-775631,Li4Fe3Cu3(SnO8)2,"Cu,Fe,Li,O,Sn",4.831525827311475,0.0,0.0413864396934515,-1.616184848333333,False,0.1722600411923903,0.2049047499212501,0,0.1664596851282522,Fe,,POSSIBLE
4488,mp-759135,LiNi4(PO4)3,"Li,Ni,O,P",3.73683611418755,2.8931,0.0480608483749973,-2.152049316113096,False,0.0387700669870945,0.4144525622448909,0,0.1663819336286138,Ni,,POSSIBLE
4489,mp-1276403,Li3Co2NiO6,"Co,Li,Ni,O",4.685579136269289,0.0,0.0416055495833393,-1.6318200845833335,False,0.1678777842847307,0.2110188510575424,0,0.1661893792267417,"Co, Ni",,POSSIBLE
4490,mp-1174326,Li4Mn3O7,"Li,Mn,O",3.931362030204304,0.5547999999999997,0.0476925224999869,-2.120852912651889,False,0.0461366838516306,0.402253324395166,0,0.1661638396567049,Mn,,POSSIBLE
4491,mp-768557,Li3Fe2P2(CO7)2,"C,Fe,Li,O,P",2.8110934892032304,0.0,0.0483882813858738,-2.176286699968944,False,0.0322213184370216,0.4239305012925843,0,0.1660974005927664,Fe,,POSSIBLE
4492,mp-770786,Li3Ni(BO3)2,"B,Li,Ni,O",3.040666654489271,0.0184999999999999,0.0497829411111165,-2.286983851111112,False,0.0043277476908121,0.467218211613087,0,0.1659066352945271,Ni,,POSSIBLE
4493,mp-764798,Li5Fe8(BO3)8,"B,Fe,Li,O",3.2420078381469057,1.4374,0.0498321998125046,-2.285852968666666,False,0.0033425603743889,0.4667759842282211,0,0.1652100026857913,Fe,,POSSIBLE
4494,mp-1174185,Li4Mn3CoO8,"Co,Li,Mn,O",4.139529605210389,0.0,0.0464056785937518,-2.010050470445403,False,0.0718739091319054,0.3589244403945415,0,0.1651542041606375,"Co, Mn",,POSSIBLE
4495,mp-1195443,LiMn4O8,"Li,Mn,O",4.051484063915524,0.0,0.0452073312884619,-1.9121916505813443,False,0.0958411785192941,0.3206571118962567,0,0.1649426373493016,Mn,,POSSIBLE
4496,mp-1173968,Li3Mn2CoO6,"Co,Li,Mn,O",4.249518963667384,0.0,0.0460031602083388,-1.9759817171551728,False,0.079924385428705,0.3456019807992253,0,0.1649191052655166,"Co, Mn",,POSSIBLE
4497,mp-758041,Li3V(CO3)3,"C,Li,O,V",2.348600402461656,2.9532,0.0479591693750043,-2.133111935,False,0.04080367441719,0.4070471696092679,0,0.1649085302926983,V,,POSSIBLE
4498,mp-1314136,LiMnCo3O8,"Co,Li,Mn,O",4.247446002971543,1.3092,0.0393977081410223,-1.443260284328029,False,0.2120352087467912,0.1372832406346453,0,0.164668499032861,"Co, Mn",,POSSIBLE
4499,mp-1174316,Li4Mn3O7,"Li,Mn,O",3.907914989092328,0.4890000000000003,0.0478336232142728,-2.1207118119376034,False,0.043314631500768,0.4021981474842609,0,0.1645923989449138,Mn,,POSSIBLE
4500,mp-771953,Li2NbNi3O8,"Li,Nb,Ni,O",4.735193280480619,0.0,0.043561998071425,-1.7757593465476194,False,0.1287482867262947,0.2673057655026554,0,0.1643685756253914,Ni,,POSSIBLE
4501,mp-764554,Li5Fe8(BO3)8,"B,Fe,Li,O",3.2396151128741564,1.3078,0.0499184913680608,-2.2857666771111105,False,0.0016167059841444,0.4667422402355215,0,0.1642489723737119,Fe,,POSSIBLE
4502,mp-1272755,Li2FeO2,"Fe,Li,O",3.66097389996028,3.0405999999999995,0.0443318800000005,-1.835668415833333,False,0.113350440461528,0.2907329848127558,0,0.1640992869383049,Fe,,POSSIBLE
4503,mp-754424,Li4NbNi3O8,"Li,Nb,Ni,O",4.734028179969656,0.0,0.046286955052083,-1.9912805870833337,False,0.0742484119936717,0.3515845471331206,0,0.1638912180931117,Ni,,POSSIBLE
4504,mp-1273466,LiNiO2,"Li,Ni,O",4.740949924891202,0.0,0.0396606677083335,-1.4583306314583335,False,0.2067759464612102,0.1431764439761496,0,0.163838525945318,Ni,,POSSIBLE
4505,mp-755002,Li2NiBiO4,"Bi,Li,Ni,O",6.548384689579484,0.0,0.0422874840624993,-1.666356426458334,False,0.1542389107341097,0.2245241594344025,0,0.1634148567058012,Ni,,POSSIBLE
4506,mp-1174015,Li3Mn2O5,"Li,Mn,O",3.840252366889199,0.0059,0.047992715999988,-2.124022907586208,False,0.0401327328675468,0.4034929391550619,0,0.1632955317814224,Mn,,POSSIBLE
4507,mp-774694,Li2Ni3SnO8,"Li,Ni,O,Sn",4.974133449321668,0.0,0.0396352122023824,-1.4481788608333337,False,0.2072850634474372,0.1392066317314713,0,0.1627291060021054,Ni,,POSSIBLE
4508,mp-1173973,Li5Mn2CoO8,"Co,Li,Mn,O",3.937406362947784,1.0715999999999997,0.0468119037500009,-2.0246875864080467,False,0.0637492964183974,0.3646482302950131,0,0.1626889936333732,"Co, Mn",,POSSIBLE
4509,mp-781106,Li32Mn5Cr11O48,"Cr,Li,Mn,O",3.622415411145398,0.0,0.0490016541666635,-2.19921427017002,False,0.0199536973498927,0.4328962425693633,0,0.1624882184417182,"Cr, Mn",,POSSIBLE
4510,mp-1175344,Li7Mn5O12,"Li,Mn,O",3.847434275657047,0.6739000000000002,0.0480515968749886,-2.1219397501245214,False,0.0389550994830722,0.4026783281571902,0,0.1623627195707063,Mn,,POSSIBLE
4511,mp-756855,Li5Cr2Ni3O10,"Cr,Li,Ni,O",4.440971571957902,0.0,0.0449190831249985,-1.8694645988333327,False,0.1016062195500961,0.3039488568071832,0,0.162265520635067,"Cr, Ni",,POSSIBLE
4512,mp-754499,LiMnCSO7,"C,Li,Mn,O,S",2.4085773700991324,1.2825,0.0463360870075799,-1.98096600897858,False,0.0732657596292652,0.3475510696274227,0,0.1619390421656938,Mn,,POSSIBLE
4513,mp-1173979,Li5Mn2CoO8,"Co,Li,Mn,O",3.9444045052521424,1.1485,0.0469107075000012,-2.0245887826580464,False,0.0617731947638202,0.3646095934550903,0,0.1615886148293827,"Co, Mn",,POSSIBLE
4514,mp-766880,LiCo2(PO4)2,"Co,Li,O,P",2.878765120588129,0.3906,0.0494007926923094,-2.22389016981685,False,0.0119708191602294,0.4425456615904357,0,0.1614749320947787,Co,,POSSIBLE
4515,mp-1175401,Li9Co7O16,"Co,Li,O",4.411036243672474,0.6325000000000003,0.043093231250002,-1.7143377459374998,False,0.1381237496153251,0.243287076428916,0,0.1611185390385494,Co,,POSSIBLE
4516,mp-1222577,LiAlNi3O5,"Al,Li,Ni,O",5.363607814974711,3.0743,0.0457017507499966,-1.9239268033333328,False,0.0859526559076434,0.3252460998481012,0,0.1611100956960393,Ni,,POSSIBLE
4517,mp-753366,Li2CoCuO4,"Co,Cu,Li,O",4.871972979805647,0.0,0.0411446287499996,-1.5569759620833343,False,0.1770963252954603,0.181751334589921,0,0.1610159460189755,Co,,POSSIBLE
4518,mp-753039,Li4Cr3(CoO4)3,"Co,Cr,Li,O",4.25810374329491,0.7501000000000002,0.0458099812121171,-1.931920592878788,False,0.083788017467591,0.3283720415967042,0,0.1610136241660215,"Co, Cr",,POSSIBLE
4519,mp-770477,Li2CuAsCO7,"As,C,Cu,Li,O",3.142689531725138,0.1206999999999999,0.0435602580555505,-1.748669122013889,False,0.1287830875131938,0.2567122336905545,0,0.1606799799239507,,,REVIEW
4520,mp-764236,Li2MnCO5,"C,Li,Mn,O",3.288948849624918,1.082,0.047427328518518,-2.0585830235664115,False,0.0514406350231499,0.3779029152598837,0,0.1605583696036917,Mn,,POSSIBLE
4521,mp-1299546,LiNiO2,"Li,Ni,O",4.742532810008834,0.0,0.0399870439583338,-1.4580042552083334,False,0.2002483334137468,0.1430488157542873,0,0.1602036688915613,Ni,,POSSIBLE
4522,mp-1318211,Li5Fe3(SbO5)2,"Fe,Li,O,Sb",4.73803681022025,0.8139000000000003,0.0458620044999973,-1.9274849388333333,False,0.0827475376755155,0.3266374955363906,0,0.1598342691592702,Fe,,POSSIBLE
4523,mp-771959,Li2Mn3WO8,"Li,Mn,O,W",5.541197918962657,0.0,0.0486718432142865,-2.152717911818555,False,0.0265500053714797,0.4147140141153393,0,0.1597524078946826,Mn,,POSSIBLE
4524,mp-754100,Li2FeCuO4,"Cu,Fe,Li,O",4.446169190649148,0.0,0.0424835859374992,-1.655275493333333,False,0.1503168203311462,0.2201910016408485,0,0.1597411017564274,Fe,,POSSIBLE
4525,mp-1663191,Li2Fe2P4H3O16,"Fe,H,Li,O,P",2.841184730497311,0.0,0.0496442992129697,-2.224175348110669,False,0.0071006230555708,0.4426571795043582,0,0.1588353555070893,Fe,,POSSIBLE
4526,mp-1177718,Li3Fe2P2(CO7)2,"C,Fe,Li,O,P",2.657171833776087,0.0,0.0490803629076133,-2.175594618447204,False,0.0183795012974139,0.4236598653808003,0,0.1583896785968578,Fe,,POSSIBLE
4527,mp-755826,Li2FeCuO4,"Cu,Fe,Li,O",4.731953718454504,0.0,0.0426132909374992,-1.655145788333333,False,0.1477226853402562,0.2201402809817422,0,0.1582965752807507,Fe,,POSSIBLE
4528,mp-772755,Li3CuPCO7,"C,Cu,Li,O,P",2.935567069281328,0.1573999999999999,0.0493864619230768,-2.198118876510989,False,0.0122574384109342,0.4324678929423873,0,0.1581053536558494,,,REVIEW
4529,mp-757999,LiV(CO3)2,"C,Li,O,V",2.947002578571719,1.9825,0.0480939412499985,-2.092968886083334,False,0.0381082005595106,0.391349379241974,0,0.1579317930424217,V,,POSSIBLE
4530,mp-757489,Li4CoCu3(PO4)4,"Co,Cu,Li,O,P",3.776034229049945,0.0,0.049788863035717,-2.22783057542517,False,0.0042093076012275,0.4440865425865436,0,0.1577454090859654,Co,,POSSIBLE
4531,mp-758624,LiCuPO4,"Cu,Li,O,P",3.2305505895545448,0.0,0.0492810564285681,-2.18618154542517,False,0.0143655767366509,0.4277998439030834,0,0.1576310125712372,,,REVIEW
4532,mp-756871,Li4Ni3TeO8,"Li,Ni,O,Te",4.979890023319547,0.6478999999999999,0.0436243190624994,-1.7283107531250002,False,0.1275018500922941,0.2487511690563948,0,0.1571889267204999,Ni,,POSSIBLE
4533,mp-1275688,Li3Mn2CoO6,"Co,Li,Mn,O",4.169416895156743,0.8526000000000002,0.0466990172916723,-1.97528586007184,False,0.0660070560386731,0.3453298684680857,0,0.1571693347851002,"Co, Mn",,POSSIBLE
4534,mp-754267,Li2MnCu3O8,"Cu,Li,Mn,O",4.51186407716156,0.0,0.0389541058363027,-1.3523702967569784,False,0.2209073745130496,0.1017410481534967,0,0.1571084228359011,Mn,,POSSIBLE
4535,mp-764262,Li10FeCo9O20,"Co,Fe,Li,O",4.645629801509785,0.1145999999999998,0.0436066819374998,-1.7219807865833332,False,0.1278545973503039,0.2462758591214332,0,0.1565165792351688,"Co, Fe",,POSSIBLE
4536,mp-1176651,LiMn6O12,"Li,Mn,O",3.997636999467973,0.3752999999999997,0.0454527312763106,-1.869355390223836,False,0.0909331125600612,0.3039061511855515,0,0.1563803648229767,Mn,,POSSIBLE
4537,mp-1175374,Li9Co7O16,"Co,Li,O",4.447840754174611,0.6973000000000003,0.0435194031250016,-1.7139115740625002,False,0.1296001971457237,0.2431204234980919,0,0.1563722566544802,Co,,POSSIBLE
4538,mp-756169,Li3Cu(NiO2)4,"Cu,Li,Ni,O",5.24822239495505,0.0,0.039327502291667,-1.3768348249999995,False,0.2134393446735305,0.1113078111711968,0,0.1563493734803607,Ni,,POSSIBLE
4539,mp-780192,Li5FeO4,"Fe,Li,O",2.505205946053054,2.5873,0.047047924500001,-1.9949778201666668,False,0.0590288177464005,0.3530303364153864,0,0.1560264675059055,Fe,,POSSIBLE
4540,mp-752638,LiCuCO3,"C,Cu,Li,O",3.435362896471033,2.4586,0.043185224166665,-1.6839977563888897,False,0.136283866464872,0.2314227360628249,0,0.1559540841776683,,,REVIEW
4541,mp-760364,Li2NbFe3O8,"Fe,Li,Nb,O",4.193234853516932,1.6136,0.0491053836607164,-2.159492217440476,False,0.0178790794854315,0.4173630811993483,0,0.1559105721367592,Fe,,POSSIBLE
4542,mp-1097885,LiCoO2,"Co,Li,O",4.677642762952529,2.0128000000000004,0.0434365799999998,-1.702223190833334,False,0.1312566819891917,0.2385497245946544,0,0.1556835787021845,Co,,POSSIBLE
4543,mp-752954,Li2CrCo3O8,"Co,Cr,Li,O",4.373982258573085,0.4008,0.0429927518253983,-1.6647736636904773,False,0.1401333652140217,0.2239052259253272,0,0.1554401799415765,"Co, Cr",,POSSIBLE
4544,mp-755926,Li3CoO3,"Co,Li,O",3.00738345544566,1.2294,0.0451267621428597,-1.83593507,False,0.0974525831667077,0.290837258935471,0,0.1553919613691041,Co,,POSSIBLE
4545,mp-777779,Li4Mn(TeO4)3,"Li,Mn,O,Te",4.774717607256654,0.4299999999999997,0.0451048712500004,-1.8336554125632183,False,0.0978904069294626,0.2899458073512596,0,0.1553207563841453,Mn,,POSSIBLE
4546,mp-1177407,Li4Fe5Sn3O16,"Fe,Li,O,Sn",4.8491988820709295,0.0,0.0458930908065466,-1.896227684940476,False,0.0821258031582874,0.3144144623510946,0,0.1552142535599412,Fe,,POSSIBLE
4547,mp-754679,Li5V2Fe3O10,"Fe,Li,O,V",4.102879092706334,1.0231999999999997,0.0490375843750001,-2.146443483833333,False,0.0192350834901653,0.4122604223268541,0,0.1548704437339898,"Fe, V",,POSSIBLE
4548,mp-1304514,Li3Mn2CoO6,"Co,Li,Mn,O",4.17005653968388,0.1533999999999999,0.0469314652083392,-1.9750534121551724,False,0.0613580349971937,0.3452389705725438,0,0.1545805589488469,"Co, Mn",,POSSIBLE
4549,mp-770530,Li14Mn2O9,"Li,Mn,O",2.36422088594,2.5939,0.0473939591999998,-2.0095594511011505,False,0.0521080303956506,0.3587324291014191,0,0.1542157669031045,Mn,,POSSIBLE
4550,mp-773508,Li4Cu3Ni3(WO8)2,"Cu,Li,Ni,O,W",5.732488854877131,0.0,0.0426206024776778,-1.6230989029761898,False,0.147576452564229,0.2076084653414937,0,0.1538300117798487,Ni,,POSSIBLE
4551,mp-1173959,Li3Mn2CoO6,"Co,Li,Mn,O",4.163054950100986,1.0324999999999998,0.0470095485416726,-1.97497532882184,False,0.0597963472657608,0.345208436374696,0,0.1537109437273121,"Co, Mn",,POSSIBLE
4552,mp-752864,Li3Co2(CO3)4,"C,Co,Li,O",2.6529305424451395,0.673,0.0454028383134925,-1.843964647619048,False,0.091930985276191,0.293977195477496,0,0.1534540603190287,Co,,POSSIBLE
4553,mp-752794,Li3Mn2CoO6,"Co,Li,Mn,O",4.254736439418659,0.0,0.0470645252083388,-1.9749203521551728,False,0.0586967991012237,0.3451869379531331,0,0.1530986677892696,"Co, Mn",,POSSIBLE
4554,mp-1177116,Li5FeO4F,"F,Fe,Li,O",2.560022141503864,0.9018,0.048850045454543,-2.11687428969697,False,0.02298591249222,0.4006974986474388,0,0.1528863763973246,Fe,,POSSIBLE
4555,mp-752523,Li2FeNi3O8,"Fe,Li,Ni,O",4.427390073631588,0.0,0.0388046541619306,-1.3084685740476192,False,0.2238964483184986,0.0845734423424574,0,0.1527437513950344,"Fe, Ni",,POSSIBLE
4556,mp-1661403,Li4Mn3Co3(SnO8)2,"Co,Li,Mn,O,Sn",4.823516609966247,0.5623999999999998,0.0459912558116855,-1.8839201091830875,False,0.0801624765732543,0.3096016305064049,0,0.1524499327925316,"Co, Mn",,POSSIBLE
4557,mp-758487,Li4Mn2Ni5O12,"Li,Mn,Ni,O",4.891547033200446,0.0118999999999998,0.0427932336684797,-1.6258016075737134,False,0.1441237821769793,0.2086653479486101,0,0.1523009519793522,"Mn, Ni",,POSSIBLE
4558,mp-768443,Na8Li9(FeO4)4,"Fe,Li,Na,O",2.731291512018888,0.0225,0.0446441347128372,-1.7729469232712023,False,0.1071052619669441,0.2662059778131617,0,0.1520799863164259,Fe,,POSSIBLE
4559,mp-771015,Li3NiAsCO7,"As,C,Li,Ni,O",3.269655686397324,3.3239,0.0473312323076937,-1.9852352494230767,False,0.0533625851637864,0.349220540266397,0,0.1515766109333214,Ni,,POSSIBLE
4560,mp-850772,Li8CoNi9O20,"Co,Li,Ni,O",4.6013938728168045,0.0,0.0399085646271935,-1.3836659921491228,False,0.2018179412081472,0.113979113744489,0,0.1508925574750521,"Co, Ni",,POSSIBLE
4561,mp-1177405,Li4FeP6(HO2)12,"Fe,H,Li,O,P",2.1450960067508977,4.1488,0.0486418017819207,-2.0852686899189474,False,0.0271508421231591,0.3883382460959463,0,0.1508513493013187,Fe,,POSSIBLE
4562,mp-763920,Li6Fe5CoO12,"Co,Fe,Li,O",4.228383796138783,1.5568999999999995,0.0459210403124989,-1.865802877916668,False,0.081566805499223,0.3025169544259599,0,0.1507426770736586,"Co, Fe",,POSSIBLE
4563,mp-758326,Li6TiNi7O16,"Li,Ni,O,Ti",4.5393768254565705,0.3759999999999999,0.0426499488055531,-1.6020610931111112,False,0.1469895180898799,0.1993817078339969,0,0.1506278326913329,"Ni, Ti",,POSSIBLE
4564,mp-1173950,Li3Mn2CoO6,"Co,Li,Mn,O",4.167875815132233,1.1193,0.0473176968750053,-1.9746671804885068,False,0.0536332974690469,0.3450879361120295,0,0.1502790912471861,"Co, Mn",,POSSIBLE
4565,mp-778458,Li3Cu2(SO4)3,"Cu,Li,O,S",2.948270237758319,0.0,0.0457438485624948,-1.846770737875,False,0.0851106883008318,0.2950745066628293,0,0.1500869558974477,,,REVIEW
4566,mp-753972,Li4Ti2Ni3Sn3O16,"Li,Ni,O,Sn,Ti",4.97277035033663,0.2176,0.0498115467307727,-2.168366610178571,False,0.0037556275806681,0.4208333795598152,0,0.1493572780153028,"Ni, Ti",,POSSIBLE
4567,mp-1174391,Li7Co5O12,"Co,Li,O",4.697340026033282,0.0,0.0442351141666703,-1.7171195984722207,False,0.1152857832329284,0.2443749095432724,0,0.148938399118256,Co,,POSSIBLE
4568,mp-757769,K8Li9Mn4O16,"K,Li,Mn,O",2.7458910215555425,0.4357999999999999,0.0461788492538213,-1.872994142154708,False,0.0764105571229172,0.3053290716300843,0,0.1488909814881339,Mn,,POSSIBLE
4569,mp-771398,Li3Fe3CuO8,"Cu,Fe,Li,O",4.247022503668178,0.0,0.0436169364333327,-1.6664933893333322,False,0.1276495046672612,0.2245777182586036,0,0.1488094289575049,Fe,,POSSIBLE
4570,mp-770383,Li2Cr2(SO4)3,"Cr,Li,O,S",2.806285024961645,2.2954,0.0488440328759445,-2.083754239166666,False,0.0231061656862206,0.3877460257471568,0,0.1484195001389262,Cr,,POSSIBLE
4571,mp-758747,Li6(NiO2)11,"Li,Ni,O",4.610193045672339,0.3245,0.0380008037713688,-1.2072741912820508,False,0.2399736729867609,0.045001754344885,0,0.1477361341634282,Ni,,POSSIBLE
4572,mp-1174049,Li5Mn2CoO8,"Co,Li,Mn,O",3.935320299823325,0.7913000000000001,0.0481657725000008,-2.023333717658047,False,0.0366715561813422,0.364118804942533,0,0.1476109376296248,"Co, Mn",,POSSIBLE
4573,mp-759272,Li5Cr3NiO8,"Cr,Li,Ni,O",4.104991736284879,3.0171,0.0498704364705888,-2.157448774215687,False,0.0025778168974919,0.4165640003064945,0,0.1472151994008936,"Cr, Ni",,POSSIBLE
4574,mp-1305888,Li2VNiO4,"Li,Ni,O,V",4.2589495798289,1.6231000000000004,0.0497030318749978,-2.1371165377083345,False,0.0059259539705301,0.4086131546431958,0,0.14627387880891,"Ni, V",,POSSIBLE
4575,mp-770939,Li3FeAsCO7,"As,C,Fe,Li,O",3.131619710946492,2.5381,0.0484851746153855,-2.0360516713461534,False,0.0302834277076232,0.3690921135547238,0,0.1458381249833461,Fe,,POSSIBLE
4576,mp-756352,Li3Cr(NiO2)4,"Cr,Li,Ni,O",5.036176376492636,0.0,0.0437493184375004,-1.6553732537499997,False,0.1250018288708341,0.2202292304891415,0,0.1458312365501583,"Cr, Ni",,POSSIBLE
4577,mp-769472,Li11(NiO4)2,"Li,Ni,O",2.651986385680848,0.0,0.0459064913492026,-1.8280032469841272,False,0.0818577886900645,0.287735548968395,0,0.1457292259184737,Ni,,POSSIBLE
4578,mp-781050,Li4CrSb(TeO6)2,"Cr,Li,O,Sb,Te",5.161609982702425,1.2358000000000002,0.0475869230625001,-1.960649933833333,False,0.0482487010892298,0.3396065438048244,0,0.1453990759307649,Cr,,POSSIBLE
4579,mp-756528,Li4Fe3WO8,"Fe,Li,O,W",5.193527328991384,2.1772,0.0479592425000001,-1.9892737145833328,False,0.0408022118975468,0.3507997670865352,0,0.1452211350239381,Fe,,POSSIBLE
4580,mp-1176820,LiCaFe3SnO8,"Ca,Fe,Li,O,Sn",4.892768383611973,2.0104,0.0490784092857241,-2.078634375595238,False,0.0184185742622321,0.3857439220898022,0,0.1451405885756584,Fe,,POSSIBLE
4581,mp-1174134,Li5Mn2CoO8,"Co,Li,Mn,O",3.927937250740471,0.9724,0.0484631437500011,-2.0230363464080465,False,0.0307240509586409,0.364002519018326,0,0.1442991096836665,"Co, Mn",,POSSIBLE
4582,mp-1100500,Li9Mn7O16,"Li,Mn,O",3.920489076963351,0.0,0.0496982092187385,-2.1177627920474134,False,0.0060224083967379,0.4010449441956596,0,0.1436780550866867,Mn,,POSSIBLE
4583,mp-1567493,Li2V(CO3)2,"C,Li,O,V",2.355981919708544,3.1228,0.0498691317329562,-2.1308927592424256,False,0.0026039120021268,0.4061793691613522,0,0.143594930807643,V,,POSSIBLE
4584,mp-754458,Li3Cu(NiO3)2,"Cu,Li,Ni,O",4.779157352911752,0.0,0.041316919722222,-1.4408710833333334,False,0.1736504593715825,0.1363489524484659,0,0.1432298860113334,Ni,,POSSIBLE
4585,mp-775479,Li2Fe3CuO8,"Cu,Fe,Li,O",4.161826806368632,0.0622999999999998,0.0425737705714279,-1.5404078835119035,False,0.1485131033232047,0.1752724489242336,0,0.1430275639512443,Fe,,POSSIBLE
4586,mp-1284451,LiMn3O4,"Li,Mn,O",4.64044364299131,0.0,0.0489267556250005,-2.0472931096408047,False,0.0214516883887473,0.3734880362994719,0,0.1425192413186262,Mn,,POSSIBLE
4587,mp-771971,Li2Mn3NiO8,"Li,Mn,Ni,O",4.350525385356441,1.0297,0.0471563021428567,-1.903497037532841,False,0.0568612356519387,0.3172571157165076,0,0.1423136701093439,"Mn, Ni",,POSSIBLE
4588,mp-1100491,Li9Mn7O16,"Li,Mn,O",3.937059011499736,0.0,0.0498353489062379,-2.117625652359914,False,0.0032795776501829,0.4009913162295858,0,0.1421507283879556,Mn,,POSSIBLE
4589,mp-765613,Li(CuO)3,"Cu,Li,O",5.634377602639788,0.0,0.0373699571428591,-1.115489977261905,False,0.2525907757422598,0.0091098779279715,0,0.1421133839330329,,,REVIEW
4590,mp-1275616,Li2CrCoO4,"Co,Cr,Li,O",4.280355616844371,1.5583999999999998,0.0487554687500004,-2.028385343333333,False,0.024877472097301,0.3660942244237314,0,0.1418155882018215,"Co, Cr",,POSSIBLE
4591,mp-754330,Li2MnSnO4,"Li,Mn,O,Sn",4.836723597480047,0.8182,0.0499851896875016,-2.126672345574712,False,0.0002827216019315,0.4045289920523149,0,0.1417406440993725,Mn,,POSSIBLE
4592,mp-756475,LiMnO2,"Li,Mn,O",4.097981922598679,0.8066,0.04981186925,-2.1100580948160923,False,0.0037491771091151,0.3980320509241041,0,0.1413732652334497,Mn,,POSSIBLE
4593,mp-755786,Li5Fe3(NiO5)2,"Fe,Li,Ni,O",4.569952116695066,0.2271999999999998,0.0449887829583302,-1.7211697853333334,False,0.1002122040803382,0.2459587200910487,0,0.141202264276053,"Fe, Ni",,POSSIBLE
4594,mp-1313661,Li3Mn3TeO8,"Li,Mn,O,Te",4.303806921413157,0.7950000000000004,0.0486368714166713,-2.0139088870306514,False,0.0272494507582258,0.3604332598873173,0,0.1411388388775852,Mn,,POSSIBLE
4595,mp-769870,Li4Fe3Sb5O16,"Fe,Li,O,Sb",4.985639510751717,1.1154000000000002,0.0473536352232155,-1.9071713858333328,False,0.0529145208096515,0.3186939559893349,0,0.1406458710415755,Fe,,POSSIBLE
4596,mp-1311873,LiMnO2,"Li,Mn,O",4.14300150941904,0.8029999999999999,0.0499653990625006,-2.1099045650035926,False,0.000678539440925,0.3979720136604485,0,0.1396634014736657,Mn,,POSSIBLE
4597,mp-760025,Li2MnCu3O8,"Cu,Li,Mn,O",4.488903195311375,0.0,0.0405416795863029,-1.3507827230069782,False,0.1891554712287202,0.1011202333277007,0,0.1394275908404914,Mn,,POSSIBLE
4598,mp-758820,Li7(NiO2)12,"Li,Ni,O",4.662275278540076,0.0226999999999999,0.0390540197771329,-1.2297294686821705,False,0.2189090687423752,0.053782807273831,0,0.1392239703541472,Ni,,POSSIBLE
4599,mp-759505,Li4Ti2Co3Ni3O16,"Co,Li,Ni,O,Ti",4.462857660388495,0.0,0.0469933301604177,-1.8677468632142864,False,0.0601207192661381,0.3032771426653352,0,0.1392133955292433,"Co, Ni, Ti",,POSSIBLE
4600,mp-1174204,Li4Mn3CoO8,"Co,Li,Mn,O",4.156613452921319,0.7460999999999998,0.0487400592187521,-2.007716089820403,False,0.0251856668793404,0.3580115895105741,0,0.1391561731123381,"Co, Mn",,POSSIBLE
4601,mp-756918,Li2Mn3SnO8,"Li,Mn,O,Sn",4.444469032620691,0.0,0.0493659635714349,-2.056230328961412,False,0.0126674109736714,0.3769829027619736,0,0.13891109200221,Mn,,POSSIBLE
4602,mp-850218,Li35(FeO4)8,"Fe,Li,O",2.483034704509108,0.0653999999999999,0.0478650607333381,-1.9352236890222207,False,0.0426858726384723,0.3296637050906823,0,0.1388595267328986,Fe,,POSSIBLE
4603,mp-767036,Li2Co(CO3)2,"C,Co,Li,O",2.6215689208591124,2.4529,0.0478958502272712,-1.9352887553787883,False,0.0420700744536402,0.3296891490480527,0,0.1385297431163206,Co,,POSSIBLE
4604,mp-758187,Li4Ni3(SnO5)2,"Li,Ni,O,Sn",5.113153046922794,0.0092000000000003,0.0455995092982446,-1.748670782017543,False,0.0879975125246532,0.2567128828288256,0,0.1382481408786482,Ni,,POSSIBLE
4605,mp-774605,Li4Co3Sn2Sb3O16,"Co,Li,O,Sb,Sn",5.312458663444284,0.0,0.047535375044645,-1.903955392619048,False,0.0492796753525885,0.3174363537726901,0,0.1382065452643652,Co,,POSSIBLE
4606,mp-754956,Li3Ni4SbO8,"Li,Ni,O,Sb",5.482550340281829,1.6713000000000005,0.0449458412500005,-1.6953526324999997,False,0.10107104983144,0.235863018244899,0,0.1381411337930066,Ni,,POSSIBLE
4607,mp-755275,LiFeNiO4,"Fe,Li,Ni,O",4.338640533284492,0.0,0.0417317385024347,-1.4364215861904768,False,0.1653539718604759,0.1346089930962643,0,0.1380578321069542,"Fe, Ni",,POSSIBLE
4608,mp-769527,Li2MgCo13O28,"Co,Li,Mg,O",4.351485779564103,1.0534,0.0393526478977204,-1.2438242402651527,False,0.2129364257688603,0.059294515416475,0,0.1378681145686394,Co,,POSSIBLE
4609,mp-774670,Li4Mn3Cu3(SnO8)2,"Cu,Li,Mn,O,Sn",4.929250771467515,0.0,0.045834448080356,-1.7616003931116586,False,0.0832986735023158,0.2617689592844882,0,0.1374334061758446,Mn,,POSSIBLE
4610,mp-756553,Li5Cu3(SbO5)2,"Cu,Li,O,Sb",5.11186712777606,0.0216000000000002,0.0461331924375016,-1.7837684923333337,False,0.0773237057662814,0.2704377122520475,0,0.1371812374596714,,,REVIEW
4611,mp-878729,Li2Fe3CoO8,"Co,Fe,Li,O",4.1662685558870045,0.0,0.0442843031067354,-1.633041790297619,False,0.1143019911617849,0.2114965945451682,0,0.1368899032297906,"Co, Fe",,POSSIBLE
4612,mp-758282,Li4Cr3(CO3)6,"C,Cr,Li,O",2.892892268091164,0.6537999999999999,0.0496094251209688,-2.0601490004301075,False,0.0077981143036726,0.3785152847034045,0,0.1367693125132115,Cr,,POSSIBLE
4613,mp-1272200,Li2NiBiO4,"Bi,Li,Ni,O",6.519218910100971,0.0,0.0446854343749993,-1.663958476145834,False,0.1062792575821738,0.2235864498599515,0,0.1367088491211786,Ni,,POSSIBLE
4614,mp-758831,Li2(NiO2)3,"Li,Ni,O",4.6103108600550735,0.3176000000000001,0.039923530643934,-1.2788689346969706,False,0.2015186168359119,0.072998613174933,0,0.1363847538709781,Ni,,POSSIBLE
4615,mp-1174505,Li7Mn2(CoO4)3,"Co,Li,Mn,O",4.084636346273311,1.5918,0.0478832900000005,-1.915002960383142,False,0.0423212823874627,0.3217564641656309,0,0.1358914677710753,"Co, Mn",,POSSIBLE
4616,mp-861128,Li6Mn5CoO12,"Co,Li,Mn,O",3.864236088393592,0.7322000000000002,0.0494705794791681,-2.041456841235633,False,0.0105750645964738,0.371205785189402,0,0.1357383103443513,"Co, Mn",,POSSIBLE
4617,mp-1203841,LiVPH4O7,"H,Li,O,P,V",2.504794874602264,2.56,0.0494007940624934,-2.035024844141156,False,0.0119707917561799,0.3686905765852489,0,0.1356256372707361,V,,POSSIBLE
4618,mp-770175,Li2Mn3FeO8,"Fe,Li,Mn,O",4.220982632341418,0.0,0.0485328067261754,-1.962827313604269,False,0.0293307726419739,0.3404580000872084,0,0.1352922249836086,"Fe, Mn",,POSSIBLE
4619,mp-1174377,Li7Co5O12,"Co,Li,O",4.345584889463703,0.2096,0.0455560179166694,-1.7157986947222217,False,0.088867351888952,0.2438583750317582,0,0.134227474800039,Co,,POSSIBLE
4620,mp-758665,Li2CrO4,"Cr,Li,O",2.322955578131373,2.8805,0.0495852002380958,-2.0386889716666667,False,0.0082826184963487,0.370123420061934,0,0.1340986371946687,Cr,,POSSIBLE
4621,mp-759353,LiCo5O8,"Co,Li,O",5.341967240767686,0.0,0.0411372049107141,-1.3572711034523823,False,0.1772448040839208,0.1036574904320786,0,0.133764763897384,Co,,POSSIBLE
4622,mp-760830,Li4Fe2O5,"Fe,Li,O",3.063795377752164,2.1432,0.0484046623863667,-1.9406634475757567,False,0.0318936940080143,0.3317909024941322,0,0.1336683475773541,Fe,,POSSIBLE
4623,mp-761797,Li6Mn15O32,"Li,Mn,O",3.944879808790379,0.0,0.0483539851116363,-1.936551737338972,False,0.032907253173976,0.3301830334585218,0,0.1336630509561694,Mn,,POSSIBLE
4624,mp-774871,Li5V6(CuO4)6,"Cu,Li,O,V",4.110645655161556,0.0072999999999998,0.0480424420884171,-1.9111585549186991,False,0.0391381976842153,0.3202531236696715,0,0.1336146020107034,V,,POSSIBLE
4625,mp-1175428,Li9Co7O16,"Co,Li,O",4.3848039219685,0.7323999999999997,0.0455901065625017,-1.711840870625,False,0.0881855697761141,0.2423106826001797,0,0.1333108022869256,Co,,POSSIBLE
4626,mp-764701,Li8Mn5O10,"Li,Mn,O",3.5052023846317018,0.4652000000000003,0.0496976504347816,-2.038509285927037,False,0.0060335842266205,0.3700531546200002,0,0.1328370754416414,Mn,,POSSIBLE
4627,mp-757975,LiMn2O4,"Li,Mn,O",4.0087757767469725,0.617,0.0495128035714271,-2.018593539170772,False,0.0097305713603793,0.362265175728886,0,0.1321446257533187,Mn,,POSSIBLE
4628,mp-36240,LiMn8O16,"Li,Mn,O",4.060191222167384,0.0,0.0473691380366716,-1.8452917360712648,False,0.052604460358291,0.29449614849387,0,0.1320061051699146,Mn,,POSSIBLE
4629,mp-1175571,Li9Co7O16,"Co,Li,O",4.415250427040467,0.3191999999999999,0.0457310578125014,-1.7116999193750004,False,0.0853665067512971,0.2422555641367293,0,0.1317410261610686,Co,,POSSIBLE
4630,mp-1404711,LiCoO2,"Co,Li,O",4.677328323803739,1.996,0.0455903412499996,-1.7000694295833343,False,0.0881808759628439,0.2377075042472691,0,0.1316971082661083,Co,,POSSIBLE
4631,mp-1177857,Li2Ti2Sb2O,"Li,O,Sb,Ti",4.935369361339647,0.0,0.0399646471428596,-1.2458521911904756,False,0.2006962757652841,0.0600875381030917,0,0.1314135900069883,Ti,,POSSIBLE
4632,mp-1291590,LiMn3O4,"Li,Mn,O",4.648101190347448,0.0859999999999998,0.049930566875,-2.046289298390805,False,0.0013751925877163,0.3730954996338206,0,0.1313397807950811,Mn,,POSSIBLE
4633,mp-755081,Li8(NiO2)5,"Li,Ni,O",4.10385591846633,0.0166999999999997,0.0444073387681154,-1.601106722898551,False,0.1118412447425015,0.1990085049026336,0,0.1311656613242976,Ni,,POSSIBLE
4634,mp-756773,Li(CoO2)2,"Co,Li,O",4.675201486227901,0.5920000000000001,0.0427213205357137,-1.463757071904762,False,0.1455620642325115,0.1452984333832191,0,0.130913587012008,Co,,POSSIBLE
4635,mp-767704,Li9Mn15O32,"Li,Mn,O",4.2013286307481525,0.0,0.0497315641964144,-2.017955204267241,False,0.0053552998449519,0.3620155572327783,0,0.1296508599461959,Mn,,POSSIBLE
4636,mp-774905,Li3CrH12(CO3)6,"C,Cr,H,Li,O",1.7729002763211064,0.0192000000000001,0.0444790355624959,-1.5909603677500008,False,0.1104072895130417,0.1950408103599322,0,0.1289882928581492,Cr,,POSSIBLE
4637,mp-756295,LiVAsCO7,"As,C,Li,O,V",2.701231479051991,1.9692,0.0498575354545431,-2.022574075075758,False,0.0028358406987501,0.3638217495286408,0,0.1288973247193368,V,,POSSIBLE
4638,mp-1173984,Li3MnCoO5,"Co,Li,Mn,O",4.004442561644974,1.7259000000000002,0.0490684324999994,-1.957263113793104,False,0.0186181126681922,0.3382821403915801,0,0.1286387111045588,"Co, Mn",,POSSIBLE
4639,mp-1222686,LiCuRu2(RhO4)2,"Cu,Li,O,Rh,Ru",6.359120195879245,0.0,0.0410195914285722,-1.3028428059523804,False,0.1795971054556853,0.0823735065977312,0,0.1276091353098328,,,REVIEW
4640,mp-1310833,Li3Mn2CoO6,"Co,Li,Mn,O",4.164423902813312,0.4725000000000001,0.0493961627083381,-1.9725887146551733,False,0.0120634200886996,0.3442751597580215,0,0.1271311869640923,"Co, Mn",,POSSIBLE
4641,mp-35530,LiMn4O8,"Li,Mn,O",4.512366112523169,0.0,0.0486684084038469,-1.90873057346596,False,0.0266187025068904,0.3193036705292311,0,0.1263965710640206,Mn,,POSSIBLE
4642,mp-755243,Li5CuSO2,"Cu,Li,O,S",2.3300404314862373,2.3831999999999995,0.0454532218402761,-1.6485596715740745,False,0.0909233011484104,0.2175648044543866,0,0.126155497190661,,,REVIEW
4643,mp-1299471,Li2FeCo3O8,"Co,Fe,Li,O",4.308647270652888,0.0,0.0438572663331999,-1.5195703597619052,False,0.1228428418354306,0.167124012559073,0,0.1260569674051624,"Co, Fe",,POSSIBLE
4644,mp-764048,Li4Fe2Ni3Sb3O16,"Fe,Li,Ni,O,Sb",5.026034791989424,0.6627000000000005,0.0473569376428564,-1.7991075869047626,False,0.0528484715259303,0.2764360082834787,0,0.1258192622384792,"Fe, Ni",,POSSIBLE
4645,mp-774891,Li4Fe2Co3Ni3O16,"Co,Fe,Li,Ni,O",4.611799895106539,0.0,0.0426913972138791,-1.4221120011904762,False,0.1461605387417039,0.1290132829637506,0,0.1255429453452499,"Co, Fe, Ni",,POSSIBLE
4646,mp-755409,Li5Mn2Cu3O10,"Cu,Li,Mn,O",4.458887842765127,0.0,0.0467273532499961,-1.7400155553764372,False,0.0654403292279244,0.2533282885575846,0,0.124657082070513,Mn,,POSSIBLE
4647,mp-772318,Li2Cr2O7,"Cr,Li,O",2.632811825645521,2.4929,0.0481396342121209,-1.8476339665151509,False,0.0371943289903412,0.2954120690203937,0,0.1238511051018254,Cr,,POSSIBLE
4648,mp-1641494,Li4TiCo5O12,"Co,Li,O,Ti",4.455732739308579,1.1244,0.0483218498295423,-1.8615614389393933,False,0.0335499674850832,0.3008583554476126,0,0.1237529065234601,"Co, Ti",,POSSIBLE
4649,mp-1567455,Li2Co(CO3)2,"C,Co,Li,O",2.655289035009726,3.0151000000000003,0.0492379859090892,-1.9339466196969708,False,0.0152269987454866,0.3291643118683613,0,0.1235823584639441,Co,,POSSIBLE
4650,mp-1175684,Li9Mn2Co5O16,"Co,Li,Mn,O",4.6977267715522055,1.2674000000000003,0.0483562934375001,-1.8602233370581909,False,0.0328610860339763,0.3003350956706883,0,0.1231908808034279,"Co, Mn",,POSSIBLE
4651,mp-754273,Li3Co(CuO2)4,"Co,Cu,Li,O",5.25714006553198,0.0,0.0422792981249999,-1.3551250856249997,False,0.1544026316924415,0.1028182981213834,0,0.120907851773327,Co,,POSSIBLE
4652,mp-755265,Li2MnCo3O8,"Co,Li,Mn,O",4.533878652860919,0.0,0.045722006250001,-1.627823000328407,False,0.085547540443171,0.2094558060869299,0,0.1203606793741695,"Co, Mn",,POSSIBLE
4653,mp-1175642,Li9Mn2Co5O16,"Co,Li,Mn,O",4.228601156961859,1.5093,0.0486385878125004,-1.8599410426831904,False,0.0272151223786069,0.3002247055025219,0,0.1200469642341164,"Co, Mn",,POSSIBLE
4654,mp-758726,Li2(NiO2)3,"Li,Ni,O",4.620161057542309,0.0,0.0413929000378745,-1.27739956530303,False,0.1721308325611047,0.0724240217240922,0,0.1200203655120399,Ni,,POSSIBLE
4655,mp-1304822,Li5Fe3(SbO5)2,"Fe,Li,O,Sb",4.725829340097637,0.6353999999999997,0.0495400202499975,-1.9238069230833328,False,0.0091862304466498,0.3251992211210373,0,0.1188721541380204,Fe,,POSSIBLE
4656,mp-757835,Li2VCo3O8,"Co,Li,O,V",4.763068936906741,0.3818000000000001,0.0477960382015227,-1.7755305508333328,False,0.0440663418951868,0.2672162957873066,0,0.11776219156791,"Co, V",,POSSIBLE
4657,mp-1297690,KLi2FeO3,"Fe,K,Li,O",2.937645246986339,3.133,0.0487268485714276,-1.8480471955595248,False,0.0254498833897046,0.2955736607053134,0,0.1174482171111972,Fe,,POSSIBLE
4658,mp-1178263,Li2CrCo3O8,"Co,Cr,Li,O",4.3391114070491,0.1316999999999999,0.04655481950397,-1.6612115960119058,False,0.06889105069337,0.2225122925731943,0,0.1157693802819715,"Co, Cr",,POSSIBLE
4659,mp-771658,Li2NiH12(SO7)2,"H,Li,Ni,O,S",2.1177680798375533,4.8361,0.0453213330645168,-1.560249456344086,False,0.0935611122436099,0.1830314223774853,0,0.1155196095661053,Ni,,POSSIBLE
4660,mp-758753,LiMn6O12,"Li,Mn,O",3.916422305783047,0.0,0.0491392675921007,-1.865668853908046,False,0.0172013917167801,0.3024645448345535,0,0.1153233561363227,Mn,,POSSIBLE
4661,mp-753425,LiCuCO3,"C,Cu,Li,O",2.970980512674419,1.7011,0.0468842841666647,-1.6802986963888895,False,0.0623016685588487,0.2299762323715735,0,0.1147575990374175,,,REVIEW
4662,mp-1177872,Li2Ni5O9,"Li,Ni,O",4.835584971124876,0.0,0.0406555632812501,-1.175949089479167,False,0.1868777666070451,0.0327521894860569,0,0.1142460379539947,Ni,,POSSIBLE
4663,mp-1639439,Li2Ni2SbO6,"Li,Ni,O,Sb",4.878148884667793,0.0068000000000001,0.0472817583333338,-1.707517661060607,False,0.0543520779977204,0.2406201075370697,0,0.1141106805367206,Ni,,POSSIBLE
4664,mp-1175488,Li9Co7O16,"Co,Li,O",4.333416508196903,0.2827000000000002,0.0474377637500014,-1.7099932134375004,False,0.0512319275783394,0.2415881631109351,0,0.112733417256914,Co,,POSSIBLE
4665,mp-1978851,Li4TiCo5O12,"Co,Li,O,Ti",4.507565912809746,1.1273,0.0493272591477245,-1.860556029621212,False,0.0134415098892829,0.3004651938633268,0,0.1125556482912699,"Co, Ti",,POSSIBLE
4666,mp-1173949,Li2MnCoO4,"Co,Li,Mn,O",4.258968808196438,0.6658,0.0499009065625006,-1.9031414274497127,False,0.0019684068392518,0.3171180557126441,0,0.1120739432610139,"Co, Mn",,POSSIBLE
4667,mp-760214,Li6Mn(FeO3)2,"Fe,Li,Mn,O",3.583281816794233,2.629900000000001,0.0498369197499979,-1.8958562615287369,False,0.0032481603512119,0.3142692186037379,0,0.1117807147044748,"Fe, Mn",,POSSIBLE
4668,mp-1175405,Li9Co7O16,"Co,Li,O",4.394476130525133,0.0053,0.0475596578125019,-1.709871319375,False,0.0487940134446186,0.2415404968899631,0,0.1113758813060273,Co,,POSSIBLE
4669,mp-1174313,Li7Co5O12,"Co,Li,O",4.230159062175851,1.0682,0.0476299695833359,-1.713724743055555,False,0.0473877590597303,0.2430473639258799,0,0.1111298448569096,Co,,POSSIBLE
4670,mp-1222510,Li3MnCoNiO6,"Co,Li,Mn,Ni,O",4.444532880388622,1.1081000000000003,0.0490611670833374,-1.8258960048275863,False,0.0187634229614444,0.2869115197399431,0,0.1107389145377745,"Co, Mn, Ni",,POSSIBLE
4671,mp-770588,Li2FeH4(SO5)2,"Fe,H,Li,O,S",2.541077049059139,4.236700000000001,0.0488620171052573,-1.8017507508771933,False,0.0227464762483075,0.27746960775002,0,0.1096249246490761,Fe,,POSSIBLE
4672,mp-756561,KLi4FeO5,"Fe,K,Li,O",2.933239162611516,0.0,0.0485737025000005,-1.776893787325758,False,0.0285128461329017,0.2677493843607122,0,0.1093943498993452,Fe,,POSSIBLE
4673,mp-753848,Li(CuO)3,"Cu,Li,O",5.666416661874371,0.0,0.0403933982142881,-1.1124665361904766,False,0.1921211386713074,0.007927572512514,0,0.108441276648599,,,REVIEW
4674,mp-772071,Li4Mn3Fe5O16,"Fe,Li,Mn,O",4.272067302591539,0.0,0.0496216186547577,-1.849154527040231,False,0.0075542403384101,0.2960066785731718,0,0.1077571696867357,"Fe, Mn",,POSSIBLE
4675,mp-694894,LiMn12O24,"Li,Mn,O",4.090193077109797,0.0,0.0494481437184699,-1.820466908743399,False,0.0110237858629973,0.2847884918555791,0,0.1057390543741012,Mn,,POSSIBLE
4676,mp-766948,LiMn10O20,"Li,Mn,O",4.0971889924016525,0.0,0.0495634023951616,-1.8295233523433443,False,0.0087185812354995,0.2883299805302508,0,0.1057107128651125,Mn,,POSSIBLE
4677,mp-756712,Li4Co5SnO12,"Co,Li,O,Sn",5.007493675102827,0.0,0.0478626701704607,-1.6710333303787883,False,0.0427336845409294,0.2263530453634129,0,0.1027270923747057,Co,,POSSIBLE
4678,mp-1302608,Li3Co4SnO8,"Co,Li,O,Sn",5.280392383879964,0.6652999999999998,0.0482260659375013,-1.6993831034375004,False,0.0354656711657987,0.2374391189538835,0,0.1026098107750485,Co,,POSSIBLE
4679,mp-1239022,Li2CuO2,"Cu,Li,O",3.779132878835106,0.0,0.0473753112499961,-1.629481453333333,False,0.0524809944264357,0.2101043379824364,0,0.1024010652283924,,,REVIEW
4680,mp-769555,Li10Co3Ni7O20,"Co,Li,Ni,O",4.9537962801045365,0.0,0.0462191835833341,-1.5353624755833335,False,0.0756038596515533,0.1732994608698237,0,0.1022369341127926,"Co, Ni",,POSSIBLE
4681,mp-775263,Li6CoNi9O20,"Co,Li,Ni,O",4.542787152372934,0.0,0.0432997823611165,-1.2666301124999992,False,0.1339926716711492,0.0682126671550013,0,0.0975704029233826,"Co, Ni",,POSSIBLE
4682,mp-996986,LiCuO2,"Cu,Li,O",3.8452492971821446,0.1558000000000001,0.0451019562499999,-1.405479454583333,False,0.0979487077158605,0.1225091873118435,0,0.0967500048028685,,,REVIEW
4683,mp-758641,Li4Fe2Ni5O12,"Fe,Li,Ni,O",4.829995879047856,0.0,0.0460466549275304,-1.4802642003623183,False,0.0790544793111778,0.1517534847329718,0,0.0965936832776879,"Fe, Ni",,POSSIBLE
4684,mp-753081,Li3(CuO)4,"Cu,Li,O",4.109560348347538,0.0,0.0438695134090911,-1.2999585954545447,False,0.1225978970136778,0.0812456467815981,0,0.0958648197310821,,,REVIEW
4685,mp-774237,Li5Cr2Ni5O12,"Cr,Li,Ni,O",4.831121463569106,0.0,0.0496072492708323,-1.748726702361111,False,0.007841631893388,0.2567347502717401,0,0.0941700601364724,"Cr, Ni",,POSSIBLE
4686,mp-1291653,LiCo5O7F,"Co,F,Li,O",5.063348755378604,0.6257999999999999,0.0464921115306129,-1.4935634120238106,False,0.0701452270774218,0.1569540921194651,0,0.0935138071343948,Co,,POSSIBLE
4687,mp-1377260,Li(CoO2)2,"Co,Li,O",4.783402179367886,0.0,0.0461029344642849,-1.46037545797619,False,0.0779288733933957,0.1439760658006262,0,0.0932525033965868,Co,,POSSIBLE
4688,mp-1638660,Li8(CoO2)5,"Co,Li,O",3.328170460152655,0.6687999999999998,0.0492950904076092,-1.7087077324637685,False,0.0140848933698421,0.2410854805446786,0,0.0921266095440506,Co,,POSSIBLE
4689,mp-758105,Li5Fe11O16,"Fe,Li,O",4.927178669930404,0.5926,0.0496973317968754,-1.7214579058333337,False,0.0060399570707044,0.2460713885437841,0,0.0894469623792118,Fe,,POSSIBLE
4690,mp-757148,Li5Fe5(CuO6)2,"Cu,Fe,Li,O",4.570342296724345,0.2864,0.0499208323958288,-1.727992281111111,False,0.0015698847972387,0.2486266317567427,0,0.0878827577533412,Fe,,POSSIBLE
4691,mp-758588,K4Li3(FeO4)2,"Fe,K,Li,O",2.664803651012265,0.1408999999999999,0.0492418152205837,-1.659533854941176,False,0.0151504114825522,0.2218562181511047,0,0.0859824026682903,Fe,,POSSIBLE
4692,mp-1178332,Li(CoO2)2,"Co,Li,O",4.493330178368797,0.0915999999999999,0.0468095532142847,-1.4596688392261907,False,0.0637963077668322,0.1436997451596575,0,0.0853828800776378,Co,,POSSIBLE
4693,mp-761280,LiV(TeO4)3,"Li,O,Te,V",5.359462904359417,1.3811000000000004,0.0488035211029425,-1.613125585490196,False,0.0239164120752379,0.2037084365348477,0,0.0844519794285775,V,,POSSIBLE
4694,mp-752531,Li(NiO2)2,"Li,Ni,O",4.698197777772826,0.0,0.0433775141071439,-1.1730156176190474,False,0.1324380157806851,0.0316050661969388,0,0.0839026818483054,Ni,,POSSIBLE
4695,mp-25385,Li(CuO2)2,"Cu,Li,O",4.599649327451558,0.0,0.0425802874285734,-1.0921938147619048,False,0.1483827644222235,0.0,0,0.0816105204322229,,,REVIEW
4696,mp-758983,Li2Fe(NiO3)2,"Fe,Li,Ni,O",4.376428133514343,0.0,0.0470718034323356,-1.4383718087878783,False,0.0585512326578204,0.1353716204085824,0,0.079583245104805,"Fe, Ni",,POSSIBLE
4697,mp-1177650,Li4Co2Ni5O12,"Co,Li,Ni,O",5.007572727793444,0.0045999999999999,0.0470473459510891,-1.4126311723188414,False,0.0590403888807153,0.1253058400028517,0,0.0763292578853915,"Co, Ni",,POSSIBLE
4698,mp-1303340,LiMnCo3O8,"Co,Li,Mn,O",4.250338219381107,0.7829000000000002,0.0473348723717927,-1.4353231200972592,False,0.0532897828998158,0.134179442005297,0,0.0762721852967526,"Co, Mn",,POSSIBLE
4699,mp-705847,Li2(CoO2)3,"Co,Li,O",4.672400314986446,0.0,0.0488707421590906,-1.5445826969696967,False,0.0225719728178587,0.1769049942403366,0,0.0743313330339401,Co,,POSSIBLE
4700,mp-779210,Li4Mn3Fe2Cu3O16,"Cu,Fe,Li,Mn,O",4.486952118385175,0.0,0.0499006032752911,-1.619800402754516,False,0.0019744726652606,0.2063185990656711,0,0.0732974696388782,"Fe, Mn",,POSSIBLE
4701,mp-755201,Li3Fe(CuO3)2,"Cu,Fe,Li,O",4.548672629233368,0.0767999999999999,0.049326528958332,-1.5660399941666672,False,0.0134561138741181,0.1852957907128717,0,0.0722543893802701,Fe,,POSSIBLE
4702,mp-756288,Li3Cu4SnO8,"Cu,Li,O,Sn",5.402396292644504,0.0,0.0486032951562505,-1.501847707812499,False,0.0279209850246059,0.1601936352568449,0,0.0714243141034289,,,REVIEW
4703,mp-772177,Li2Fe3CuO8,"Cu,Fe,Li,O",4.170477354092683,0.0,0.0491163164642847,-1.5338653376190468,False,0.0176604204646917,0.1727140106225572,0,0.0701631349734755,Fe,,POSSIBLE
4704,mp-1177736,Li3Cu2Ni5O12,"Cu,Li,Ni,O",4.913961580803706,0.0910999999999999,0.0451487519981057,-1.2030989837878798,False,0.0970127801295212,0.0433690549423182,0,0.0685361983010481,Ni,,POSSIBLE
4705,mp-705910,Li15(NiO2)14,"Li,Ni,O",4.568760022134096,0.0,0.0487339138304063,-1.469099628245614,False,0.0253085763041154,0.147387620221973,0,0.065505384044954,Ni,,POSSIBLE
4706,mp-758593,Li7Ni13O24,"Li,Ni,O",4.899233076839325,0.0,0.0460186855681845,-1.2473277798484843,False,0.0796138740434701,0.0606645615740758,0,0.0650202272748351,Ni,,POSSIBLE
4707,mp-756343,Li3Cu4NiO8,"Cu,Li,Ni,O",5.060814929120383,0.0,0.047054639062499,-1.3109914493750008,False,0.0588945246850336,0.0855600033805656,0,0.0623379897599665,Ni,,POSSIBLE
4708,mp-753296,Li2(NiO2)3,"Li,Ni,O",4.629294142769537,0.3107999999999999,0.0468730588257537,-1.2719194065151511,False,0.0625261784053612,0.070281025958868,0,0.0589877572085524,Ni,,POSSIBLE
4709,mp-1273834,Li(CoO2)2,"Co,Li,O",4.503039353699786,0.9787,0.0493340326785709,-1.457144359761904,False,0.0133060374450399,0.1427125568297632,0,0.0572677154851891,Co,,POSSIBLE
4710,mp-762932,Li4(NiO2)5,"Li,Ni,O",4.393579161495082,0.3227000000000002,0.0482098130921055,-1.3460347928070178,False,0.0357907324582913,0.099263572835563,0,0.0544271533445073,Ni,,POSSIBLE
4711,mp-756188,LiCu3O4,"Cu,Li,O",5.529200912415185,0.0,0.0461156906249993,-1.1505724860416668,False,0.0776737467378416,0.0228287628469197,0,0.0507106277022348,,,REVIEW
4712,mp-1306886,Li(CoO2)4,"Co,Li,O",4.680036292469293,1.1016,0.0476875045192217,-1.2584620883333335,False,0.0462370448206497,0.0650185916041012,0,0.0481868817127927,Co,,POSSIBLE
4713,mp-757913,Li4(NiO2)5,"Li,Ni,O",4.781718199373491,0.1065,0.0494421741447368,-1.344802431754386,False,0.0111431789480884,0.0987816626174032,0,0.0407023303375398,Ni,,POSSIBLE
4714,mp-758623,Li6FeNi9O20,"Fe,Li,Ni,O",4.592317925393896,0.0,0.0493408919386553,-1.280562478333334,False,0.0131688503929097,0.0736608671316936,0,0.0330241712121931,"Fe, Ni",,POSSIBLE
4715,mp-759373,Li4Co13O28,"Co,Li,O",4.401892020015062,0.5632000000000001,0.0490000827777699,-1.24584180362963,False,0.0199851255516829,0.0600834760859559,0,0.0320210356835102,Co,,POSSIBLE
4716,mp-887677,Li2CoNi3O8,"Co,Li,Ni,O",4.621913846883618,0.0,0.0491128508035734,-1.2441102820833336,False,0.0177297346138589,0.059406371008396,0,0.030543583890561,"Co, Ni",,POSSIBLE
4717,mp-768104,Li6(NiO2)13,"Li,Ni,O",4.62510767358184,0.0,0.048902046023155,-1.1412805608888883,False,0.0219458870916374,0.0191951899845369,0,0.0187885543949885,Ni,,POSSIBLE
